sampleD_part1	MF460363	27794	98.252	515	8	1	11	524	5414	5928	0.0	915
sampleD_part1	JX454992	27794	98.252	515	8	1	11	524	5414	5928	0.0	915
sampleD_part1	JX454989	27794	98.252	515	8	1	11	524	5410	5924	0.0	915
sampleD_part1	JX454973	27794	98.252	515	8	1	11	524	5397	5911	0.0	915
sampleD_part1	JX454969	27794	98.252	515	8	1	11	524	5414	5928	0.0	915
sampleD_part1	GQ152876	27794	98.204	501	8	1	25	524	1	501	0.0	889
sampleD_part1	KU883273	27794	98.140	484	8	1	42	524	1	484	0.0	857
sampleD_part1	MH273769	27794	98.105	475	8	1	51	524	1	475	0.0	841
sampleD_part1	PQ216294	27794	98.073	467	8	1	59	524	1	467	0.0	826
sampleD_part1	PQ069768	27794	98.073	467	8	1	59	524	1	467	0.0	826
sampleD_part1	PQ216296	27794	97.867	422	8	1	104	524	1	422	0.0	743
sampleD_part1	PQ069769	27794	97.867	422	8	1	104	524	1	422	0.0	743
sampleD_part1	PQ216299	27794	97.783	406	8	1	120	524	1	406	0.0	713
sampleD_part1	PQ069775	27794	97.783	406	8	1	120	524	1	406	0.0	713
sampleD_part1	PQ276116	27787	89.744	507	49	3	13	517	5405	5910	0.0	658
sampleD_part1	PQ276114	27787	89.744	507	49	3	13	517	5404	5909	0.0	658
sampleD_part1	PQ276113	27787	89.744	507	49	3	13	517	5405	5910	0.0	658
sampleD_part1	PQ276112	27787	89.744	507	49	3	13	517	5405	5910	0.0	658
sampleD_part1	PQ276111	27787	89.744	507	49	3	13	517	5405	5910	0.0	658
sampleD_part1	PQ276110	27787	89.744	507	49	3	13	517	5405	5910	0.0	658
sampleD_part1	PQ276109	27787	89.744	507	49	3	13	517	5405	5910	0.0	658
sampleD_part1	PQ276106	27787	89.744	507	49	3	13	517	5405	5910	0.0	658
sampleD_part1	OZ223910	27787	89.744	507	49	3	13	517	5405	5910	0.0	658
sampleD_part1	PQ459491	27787	89.744	507	49	3	13	517	13	518	0.0	658
sampleD_part1	KP221806	27787	89.744	507	49	3	13	517	5433	5938	0.0	658
sampleD_part1	JX454970	27787	89.744	507	49	3	13	517	5405	5910	0.0	658
sampleD_part1	GQ152886	27787	89.899	495	47	3	25	517	1	494	1.99e-180	647
sampleD_part1	NC_012398	27787	89.349	507	51	3	13	517	5408	5913	1.99e-180	647
sampleD_part1	MF571906	27787	89.130	506	54	1	13	517	5415	5920	2.58e-179	643
sampleD_part1	JX454986	27787	89.130	506	54	1	13	517	5404	5909	2.58e-179	643
sampleD_part1	PQ276118	27787	89.152	507	52	3	13	517	5405	5910	9.27e-179	641
sampleD_part1	PQ276117	27787	89.152	507	52	3	13	517	5404	5909	9.27e-179	641
sampleD_part1	PQ276115	27787	89.152	507	52	3	13	517	5405	5910	9.27e-179	641
sampleD_part1	PQ276108	27787	89.152	507	52	3	13	517	5404	5909	9.27e-179	641
sampleD_part1	PQ276107	27787	89.152	507	52	3	13	517	5404	5909	9.27e-179	641
sampleD_part1	JX454980	27787	89.152	507	52	3	13	517	5405	5910	9.27e-179	641
sampleD_part1	PP762146	27794	94.554	404	21	1	115	517	1	404	1.20e-177	638
sampleD_part1	KU254594	202019	89.495	495	49	3	25	517	2	495	4.31e-177	636
sampleD_part1	GQ152887	27787	89.271	494	52	1	25	517	1	494	5.58e-176	632
sampleD_part1	GQ152885	27787	89.293	495	50	3	25	517	1	494	2.01e-175	630
sampleD_part1	OZ223967	27790	88.063	511	60	1	11	520	5407	5917	4.34e-172	619
sampleD_part1	MF579505	8467	88.142	506	59	1	13	517	5409	5914	5.62e-171	616
sampleD_part1	MF579504	8467	88.142	506	59	1	13	517	5409	5914	5.62e-171	616
sampleD_part1	OR166594	8467	88.142	506	59	1	13	517	5407	5912	5.62e-171	616
sampleD_part1	JX454988	8467	88.142	506	59	1	13	517	5408	5913	5.62e-171	616
sampleD_part1	JX454984	8467	88.142	506	59	1	13	517	5409	5914	5.62e-171	616
sampleD_part1	JX454977	8467	88.142	506	59	1	13	517	5408	5913	5.62e-171	616
sampleD_part1	NC_018550	27790	87.867	511	61	1	11	520	5424	5934	2.02e-170	614
sampleD_part1	MN136061	8472	87.945	506	60	1	13	517	5395	5900	2.61e-169	610
sampleD_part1	MN136060	8472	87.945	506	60	1	13	517	5395	5900	2.61e-169	610
sampleD_part1	MN136059	8472	87.945	506	60	1	13	517	5395	5900	2.61e-169	610
sampleD_part1	MN136058	8472	87.945	506	60	1	13	517	5395	5900	2.61e-169	610
sampleD_part1	MN136057	8472	87.945	506	60	1	13	517	5395	5900	2.61e-169	610
sampleD_part1	MN136056	8472	87.945	506	60	1	13	517	5395	5900	2.61e-169	610
sampleD_part1	MN136055	8472	87.945	506	60	1	13	517	5395	5900	2.61e-169	610
sampleD_part1	MN136054	8472	87.945	506	60	1	13	517	5395	5900	2.61e-169	610
sampleD_part1	MN136053	8472	87.945	506	60	1	13	517	5395	5900	2.61e-169	610
sampleD_part1	MN136052	8472	87.945	506	60	1	13	517	5395	5900	2.61e-169	610
sampleD_part1	MF554690	8467	87.945	506	60	1	13	517	5410	5915	2.61e-169	610
sampleD_part1	OR166644	8467	87.945	506	60	1	13	517	5409	5914	2.61e-169	610
sampleD_part1	OR166640	8467	87.945	506	60	1	13	517	5409	5914	2.61e-169	610
sampleD_part1	OR166639	8467	87.945	506	60	1	13	517	5409	5914	2.61e-169	610
sampleD_part1	OR166634	8467	87.945	506	60	1	13	517	5409	5914	2.61e-169	610
sampleD_part1	OR166633	8467	87.945	506	60	1	13	517	5409	5914	2.61e-169	610
sampleD_part1	OR166622	8467	87.945	506	60	1	13	517	5409	5914	2.61e-169	610
sampleD_part1	OR166619	8467	87.945	506	60	1	13	517	5409	5914	2.61e-169	610
sampleD_part1	OR166616	8467	87.945	506	60	1	13	517	5409	5914	2.61e-169	610
sampleD_part1	OR166600	8467	87.945	506	60	1	13	517	5409	5914	2.61e-169	610
sampleD_part1	OR166599	8467	87.945	506	60	1	13	517	5409	5914	2.61e-169	610
sampleD_part1	OR166598	8467	87.945	506	60	1	13	517	5409	5914	2.61e-169	610
sampleD_part1	OR166592	8467	87.945	506	60	1	13	517	5409	5914	2.61e-169	610
sampleD_part1	OR166590	8467	87.945	506	60	1	13	517	5409	5914	2.61e-169	610
sampleD_part1	OR166584	8467	87.945	506	60	1	13	517	5409	5914	2.61e-169	610
sampleD_part1	OR166583	8467	87.945	506	60	1	13	517	5409	5914	2.61e-169	610
sampleD_part1	OR166582	8467	87.945	506	60	1	13	517	5409	5914	2.61e-169	610
sampleD_part1	OR775090	8467	87.945	506	60	1	13	517	5464	5969	2.61e-169	610
sampleD_part1	KP256531	8467	87.945	506	60	1	13	517	5420	5925	2.61e-169	610
sampleD_part1	JX454983	8467	87.945	506	60	1	13	517	5409	5914	2.61e-169	610
sampleD_part1	JX454982	8472	87.945	506	60	1	13	517	5409	5914	2.61e-169	610
sampleD_part1	JX454981	8472	87.945	506	60	1	13	517	5397	5902	2.61e-169	610
sampleD_part1	FR694649	8467	87.945	506	60	1	13	517	5410	5915	2.61e-169	610
sampleD_part1	GQ152891	8472	88.259	494	57	1	25	517	1	494	1.22e-167	604
sampleD_part1	GQ152889	8467	88.259	494	57	1	25	517	1	494	1.22e-167	604
sampleD_part1	GQ152888	8467	88.259	494	57	1	25	517	1	494	1.22e-167	604
sampleD_part1	GQ152883	27790	88.129	497	58	1	25	520	1	497	1.22e-167	604
sampleD_part1	OR562508	27787	89.978	459	43	3	61	517	1	458	4.37e-167	603
sampleD_part1	OZ223140	27788	87.549	506	62	1	13	517	5408	5913	5.66e-166	599
sampleD_part1	PQ459488	27788	87.549	506	62	1	13	517	13	518	5.66e-166	599
sampleD_part1	NC_028634	27788	87.549	506	62	1	13	517	5407	5912	5.66e-166	599
sampleD_part1	JX454987	27788	87.549	506	62	1	13	517	5408	5913	5.66e-166	599
sampleD_part1	JX454979	27788	87.549	506	62	1	13	517	5405	5910	5.66e-166	599
sampleD_part1	GQ152884	27790	87.928	497	59	1	25	520	1	497	5.66e-166	599
sampleD_part1	GQ152890	27788	87.854	494	59	1	25	517	1	494	2.63e-164	593
sampleD_part1	JX454990	8469	87.230	509	62	3	11	517	5411	5918	3.41e-163	590
sampleD_part1	JX454976	8469	87.230	509	62	3	11	517	5410	5917	3.41e-163	590
sampleD_part1	JX454972	8469	87.230	509	62	3	11	517	5411	5918	3.41e-163	590
sampleD_part1	JQ026233	8469	87.230	509	62	3	11	517	5340	5847	3.41e-163	590
sampleD_part1	NC_000886	8469	87.230	509	62	3	11	517	5411	5918	3.41e-163	590
sampleD_part1	JQ034420	8469	87.033	509	63	3	11	517	5340	5847	1.58e-161	584
sampleD_part1	MN124279	8467	88.323	471	54	1	48	517	1	471	7.37e-160	579
sampleD_part1	JX454978	8469	86.837	509	64	3	11	517	5409	5916	7.37e-160	579
sampleD_part1	JX454974	8469	86.837	509	64	3	11	517	5409	5916	7.37e-160	579
sampleD_part1	JX454971	8469	86.837	509	64	3	11	517	5409	5916	7.37e-160	579
sampleD_part1	GQ152881	8469	87.273	495	60	3	25	517	1	494	9.54e-159	575
sampleD_part1	GQ152878	8469	87.273	495	60	3	25	517	1	494	9.54e-159	575
sampleD_part1	LR697072	180179	86.214	515	70	1	11	524	5345	5859	1.23e-157	571
sampleD_part1	PP000824	27788	87.949	473	56	1	46	517	3	475	1.23e-157	571
sampleD_part1	NC_041096	180179	86.214	515	70	1	11	524	5399	5913	1.23e-157	571
sampleD_part1	PV437215	27788	88.060	469	55	1	50	517	1	469	4.44e-157	569
sampleD_part1	PV336104	27788	88.060	469	55	1	50	517	1	469	4.44e-157	569
sampleD_part1	PV336103	27788	88.060	469	55	1	50	517	1	469	4.44e-157	569
sampleD_part1	JX571754	27787	89.367	442	46	1	77	517	1	442	4.44e-157	569
sampleD_part1	JX571758	27787	89.367	442	46	1	77	517	1	442	4.44e-157	569
sampleD_part1	JX571752	27787	89.367	442	46	1	77	517	1	442	4.44e-157	569
sampleD_part1	GQ152882	8469	87.071	495	61	3	25	517	1	494	4.44e-157	569
sampleD_part1	NC_044641	74936	86.160	513	70	1	13	524	5407	5919	1.60e-156	568
sampleD_part1	KU958179	8469	87.423	485	58	3	35	517	1	484	1.60e-156	568
sampleD_part1	GQ152880	8469	86.842	494	64	1	25	517	1	494	5.74e-156	566
sampleD_part1	GQ152879	8469	87.117	489	60	3	31	517	7	494	5.74e-156	566
sampleD_part1	JX571760	27787	89.140	442	47	1	77	517	1	442	2.06e-155	564
sampleD_part1	GQ152877	8469	86.869	495	62	3	25	517	1	494	2.06e-155	564
sampleD_part1	MW996709	8469	87.190	484	59	3	36	517	1	483	2.67e-154	560
sampleD_part1	PV336102	27788	87.633	469	57	1	50	517	1	469	9.60e-154	558
sampleD_part1	OR562511	27788	87.768	466	56	1	53	517	1	466	9.60e-154	558
sampleD_part1	NC_009260	571338	85.880	517	66	6	11	523	5402	5915	3.45e-153	556
sampleD_part1	PP766912	8467	88.565	446	50	1	73	517	3	448	1.24e-152	555
sampleD_part1	PP766911	8467	88.565	446	50	1	73	517	3	448	1.24e-152	555
sampleD_part1	LT599485	101697	85.742	512	72	1	13	523	5477	5988	1.24e-152	555
sampleD_part1	ON640781	8467	88.132	455	52	2	65	517	5	459	1.24e-152	555
sampleD_part1	KP136711	8467	88.132	455	53	1	64	517	3	457	1.24e-152	555
sampleD_part1	MT017703	101697	85.742	512	72	1	13	523	4627	5138	1.24e-152	555
sampleD_part1	MW996711	8469	87.083	480	59	3	40	517	1	479	4.47e-152	553
sampleD_part1	MW996710	8469	87.083	480	59	3	40	517	1	479	4.47e-152	553
sampleD_part1	OR707906	27788	87.527	465	57	1	54	517	1	465	1.61e-151	551
sampleD_part1	NC_031300	391341	85.603	514	71	3	13	524	175	687	1.61e-151	551
sampleD_part1	KF894766	27788	87.527	465	57	1	54	517	1	465	1.61e-151	551
sampleD_part1	OX453476	365629	85.547	512	73	1	13	523	5422	5933	5.78e-151	549
sampleD_part1	OR770111	8469	87.288	472	57	3	48	517	1	471	5.78e-151	549
sampleD_part1	KU923748	8467	88.341	446	51	1	73	517	2	447	5.78e-151	549
sampleD_part1	OP115974	1087313	85.547	512	73	1	13	523	5422	5933	5.78e-151	549
sampleD_part1	KP136712	8467	88.341	446	51	1	73	517	10	455	5.78e-151	549
sampleD_part1	NC_063096	580248	85.547	512	73	1	13	523	5422	5933	5.78e-151	549
sampleD_part1	NC_063095	270252	85.547	512	73	1	13	523	5423	5934	5.78e-151	549
sampleD_part1	MW996712	8469	87.029	478	59	3	42	517	1	477	5.78e-151	549
sampleD_part1	MW774616	270252	85.547	512	73	1	13	523	13	524	5.78e-151	549
sampleD_part1	MW774614	270252	85.547	512	73	1	13	523	13	524	5.78e-151	549
sampleD_part1	MW774613	270252;580248	85.547	512	73	1	13	523	13	524	5.78e-151	549
sampleD_part1	MW774612	270252	85.547	512	73	1	13	523	13	524	5.78e-151	549
sampleD_part1	NC_010973	260627	85.547	512	73	1	13	523	5403	5914	5.78e-151	549
sampleD_part1	JX571759	27787	88.488	443	48	3	77	517	1	442	2.08e-150	547
sampleD_part1	DQ080046	86976	85.380	513	74	1	13	524	4886	5398	7.48e-150	545
sampleD_part1	OR562510	27788	87.555	458	56	1	61	517	1	458	2.69e-149	544
sampleD_part1	ON640775	8467	88.262	443	51	1	76	517	1	443	2.69e-149	544
sampleD_part1	MW996708	8469	86.947	475	59	3	45	517	1	474	2.69e-149	544
sampleD_part1	EF011474	260627	85.545	505	72	1	20	523	1	505	9.67e-149	542
sampleD_part1	AF348274	260627	85.545	505	72	1	20	523	1	505	9.67e-149	542
sampleD_part1	KF894767	27788	87.097	465	59	1	54	517	1	465	3.48e-148	540
sampleD_part1	MN124278	8469	86.864	472	59	3	48	517	1	471	1.25e-147	538
sampleD_part1	LR697073	286019	85.049	515	76	1	11	524	5346	5860	1.25e-147	538
sampleD_part1	OZ038166	1104443	85.156	512	75	1	13	523	5413	5924	1.25e-147	538
sampleD_part1	OZ038165	1104443	85.156	512	75	1	13	523	5412	5923	1.25e-147	538
sampleD_part1	OZ038164	1104443	85.156	512	75	1	13	523	5412	5923	1.25e-147	538
sampleD_part1	OZ038163	1087317	85.156	512	75	1	13	523	5412	5923	1.25e-147	538
sampleD_part1	OZ038162	1087317	85.156	512	75	1	13	523	5412	5923	1.25e-147	538
sampleD_part1	OZ038161	904225	85.156	512	75	1	13	523	5412	5923	1.25e-147	538
sampleD_part1	OZ038160	365636	85.156	512	75	1	13	523	5410	5921	1.25e-147	538
sampleD_part1	OZ038159	365636	85.156	512	75	1	13	523	5410	5921	1.25e-147	538
sampleD_part1	OZ038158	365636	85.156	512	75	1	13	523	5410	5921	1.25e-147	538
sampleD_part1	OX453504	1104443	85.156	512	75	1	13	523	5410	5921	1.25e-147	538
sampleD_part1	OX453503	1104443	85.156	512	75	1	13	523	5410	5921	1.25e-147	538
sampleD_part1	OX453502	1104443	85.156	512	75	1	13	523	5410	5921	1.25e-147	538
sampleD_part1	OX453501	1104443	85.156	512	75	1	13	523	5410	5921	1.25e-147	538
sampleD_part1	OX453500	1104443	85.156	512	75	1	13	523	5411	5922	1.25e-147	538
sampleD_part1	OX453499	1104443	85.156	512	75	1	13	523	5411	5922	1.25e-147	538
sampleD_part1	OX453477	365628	85.156	512	75	1	13	523	5421	5932	1.25e-147	538
sampleD_part1	OR770122	8469	86.864	472	59	3	48	517	1	471	1.25e-147	538
sampleD_part1	OR770112	8469	86.709	474	60	3	46	517	1	473	4.50e-147	536
sampleD_part1	ON640766	8467	88.155	439	51	1	80	517	1	439	4.50e-147	536
sampleD_part1	AY357746	204968	85.941	505	60	6	19	517	1	500	4.50e-147	536
sampleD_part1	OW244304	180178	84.990	513	76	1	13	524	5415	5927	1.62e-146	534
sampleD_part1	AY357742	204968	85.913	504	60	6	20	517	1	499	1.62e-146	534
sampleD_part1	AY357743	204968	85.913	504	60	6	20	517	1	499	1.62e-146	534
sampleD_part1	OZ038154	365643	84.961	512	76	1	13	523	5412	5923	5.82e-146	532
sampleD_part1	ON640792	8467	87.955	440	52	1	79	517	1	440	5.82e-146	532
sampleD_part1	ON640773	8467	88.101	437	51	1	82	517	1	437	5.82e-146	532
sampleD_part1	ON640769	8467	88.101	437	51	1	82	517	1	437	5.82e-146	532
sampleD_part1	ON640768	8467	88.101	437	51	1	82	517	2	438	5.82e-146	532
sampleD_part1	ON640767	8467	88.101	437	51	1	82	517	1	437	5.82e-146	532
sampleD_part1	LR697066	180178	84.795	513	77	1	13	524	5369	5881	7.53e-145	529
sampleD_part1	LR697064	180176	84.795	513	77	1	13	524	5369	5881	7.53e-145	529
sampleD_part1	NC_023890	8478	84.795	513	77	1	13	524	5414	5926	7.53e-145	529
sampleD_part1	KC181200	85613	85.119	504	74	1	21	523	2	505	7.53e-145	529
sampleD_part1	PP766916	27787	88.942	416	45	1	103	517	2	417	2.71e-144	527
sampleD_part1	NC_082188	74930	84.766	512	77	1	13	523	13	524	2.71e-144	527
sampleD_part1	ON640785	8467	88.018	434	51	1	85	517	6	439	2.71e-144	527
sampleD_part1	ON640784	8467	88.018	434	51	1	85	517	37	470	2.71e-144	527
sampleD_part1	DQ656607	74920	84.766	512	77	1	13	523	5412	5923	2.71e-144	527
sampleD_part1	AF348273	260627	85.312	497	72	1	28	523	1	497	2.71e-144	527
sampleD_part1	NC_007696	260613	84.825	514	73	5	13	523	5402	5913	2.71e-144	527
sampleD_part1	NC_007695	74920	84.766	512	77	1	13	523	5402	5913	2.71e-144	527
sampleD_part1	AF348272	260627	85.425	494	71	1	31	523	3	496	2.71e-144	527
sampleD_part1	ON640771	8467	87.991	433	51	1	86	517	4	436	9.74e-144	525
sampleD_part1	OR770121	8469	86.510	467	60	3	53	517	6	471	3.50e-143	523
sampleD_part1	OR253893	8478	84.600	513	78	1	13	524	5415	5927	3.50e-143	523
sampleD_part1	JN993981	8479	84.600	513	78	1	13	524	1434	1946	3.50e-143	523
sampleD_part1	PP757964	27787	89.356	404	42	1	115	517	1	404	1.26e-142	521
sampleD_part1	KF724151	176192	84.766	512	71	5	13	520	5401	5909	1.26e-142	521
sampleD_part1	AY562184	74936	85.685	482	68	1	44	524	1	482	1.26e-142	521
sampleD_part1	PP762142	8469	89.383	405	40	3	115	517	1	404	4.53e-142	520
sampleD_part1	PP762132	8469	89.383	405	40	3	115	517	1	404	4.53e-142	520
sampleD_part1	PP757956	27787	89.383	405	40	3	115	517	1	404	4.53e-142	520
sampleD_part1	PP757951	27787	89.383	405	40	3	115	517	1	404	4.53e-142	520
sampleD_part1	PP757963	27787	89.383	405	40	3	115	517	1	404	4.53e-142	520
sampleD_part1	PP757957	27787	89.383	405	40	3	115	517	1	404	4.53e-142	520
sampleD_part1	PP757952	27787	89.383	405	40	3	115	517	1	404	4.53e-142	520
sampleD_part1	PP757950	27787	89.383	405	40	3	115	517	1	404	4.53e-142	520
sampleD_part1	PP757926	27787	89.383	405	40	3	115	517	1	404	4.53e-142	520
sampleD_part1	ON640783	8467	87.879	429	51	1	90	517	1	429	1.63e-141	518
sampleD_part1	KC181207	335392	84.940	498	74	1	21	517	2	499	1.63e-141	518
sampleD_part1	NC_010970	260631	84.405	513	79	1	13	524	5394	5906	1.63e-141	518
sampleD_part1	OZ038153	365639	84.375	512	79	1	13	523	5418	5929	5.86e-141	516
sampleD_part1	NC_069631	158814	84.646	508	75	3	13	518	5411	5917	5.86e-141	516
sampleD_part1	KC181209	8479	84.585	506	77	1	20	524	1	506	5.86e-141	516
sampleD_part1	EF011500	176192	84.752	505	70	5	20	520	1	502	2.11e-140	514
sampleD_part1	EF011498	176192	84.752	505	70	5	20	520	1	502	2.11e-140	514
sampleD_part1	EF011497	176192	84.554	505	77	1	20	523	1	505	2.11e-140	514
sampleD_part1	EF011492	176192	84.752	505	70	5	20	520	1	502	2.11e-140	514
sampleD_part1	EF011491	176192	84.752	505	70	5	20	520	1	502	2.11e-140	514
sampleD_part1	KC181202	158814	84.800	500	73	3	21	518	2	500	7.58e-140	512
sampleD_part1	NC_002073	8479	84.211	513	80	1	13	524	5413	5925	7.58e-140	512
sampleD_part1	PX394359	286009	84.180	512	80	1	13	523	9108	9619	2.73e-139	510
sampleD_part1	PX394358	286009	84.180	512	80	1	13	523	9441	9952	2.73e-139	510
sampleD_part1	PX394357	286009	84.180	512	80	1	13	523	9105	9616	2.73e-139	510
sampleD_part1	PX394356	286009	84.180	512	80	1	13	523	9119	9630	2.73e-139	510
sampleD_part1	PX394355	286009	84.180	512	80	1	13	523	9105	9616	2.73e-139	510
sampleD_part1	PX394354	286009	84.180	512	80	1	13	523	9105	9616	2.73e-139	510
sampleD_part1	PX394353	286009	84.180	512	80	1	13	523	9105	9616	2.73e-139	510
sampleD_part1	PX394352	286009	84.180	512	80	1	13	523	8043	8554	2.73e-139	510
sampleD_part1	PX394351	286009	84.180	512	80	1	13	523	9105	9616	2.73e-139	510
sampleD_part1	PX394350	286009	84.180	512	80	1	13	523	9105	9616	2.73e-139	510
sampleD_part1	PX394349	286009	84.180	512	80	1	13	523	9105	9616	2.73e-139	510
sampleD_part1	PX394348	286009	84.180	512	80	1	13	523	8636	9147	2.73e-139	510
sampleD_part1	PX394347	286009	84.180	512	80	1	13	523	8696	9207	2.73e-139	510
sampleD_part1	PX394346	286009	84.180	512	80	1	13	523	8043	8554	2.73e-139	510
sampleD_part1	PX394345	286009	84.180	512	80	1	13	523	8676	9187	2.73e-139	510
sampleD_part1	PX394344	286009	84.180	512	80	1	13	523	8566	9077	2.73e-139	510
sampleD_part1	PX394343	286009	84.180	512	80	1	13	523	8625	9136	2.73e-139	510
sampleD_part1	PX394342	286009	84.180	512	80	1	13	523	8676	9187	2.73e-139	510
sampleD_part1	PX394341	286009	84.180	512	80	1	13	523	8043	8554	2.73e-139	510
sampleD_part1	PX394340	286009	84.180	512	80	1	13	523	9137	9648	2.73e-139	510
sampleD_part1	PX394339	286009	84.180	512	80	1	13	523	8674	9185	2.73e-139	510
sampleD_part1	PX394338	286009	84.180	512	80	1	13	523	8043	8554	2.73e-139	510
sampleD_part1	PX394337	286009	84.180	512	80	1	13	523	9109	9620	2.73e-139	510
sampleD_part1	PX394336	286009	84.180	512	80	1	13	523	9109	9620	2.73e-139	510
sampleD_part1	PX394335	286009	84.180	512	80	1	13	523	8626	9137	2.73e-139	510
sampleD_part1	PX394334	286009	84.180	512	80	1	13	523	9109	9620	2.73e-139	510
sampleD_part1	PX394333	286009	84.180	512	80	1	13	523	9109	9620	2.73e-139	510
sampleD_part1	PX394332	286009	84.180	512	80	1	13	523	9109	9620	2.73e-139	510
sampleD_part1	PX394331	286009	84.180	512	80	1	13	523	8626	9137	2.73e-139	510
sampleD_part1	PX394330	286009	84.180	512	80	1	13	523	8625	9136	2.73e-139	510
sampleD_part1	PX394329	286009	84.180	512	80	1	13	523	8626	9137	2.73e-139	510
sampleD_part1	PX394328	286009	84.180	512	80	1	13	523	8043	8554	2.73e-139	510
sampleD_part1	PX394327	286009	84.180	512	80	1	13	523	8626	9137	2.73e-139	510
sampleD_part1	PX394326	286009	84.180	512	80	1	13	523	9109	9620	2.73e-139	510
sampleD_part1	PX394325	286009	84.180	512	80	1	13	523	9108	9619	2.73e-139	510
sampleD_part1	PX394324	286009	84.180	512	80	1	13	523	9108	9619	2.73e-139	510
sampleD_part1	PX394323	286009	84.180	512	80	1	13	523	9108	9619	2.73e-139	510
sampleD_part1	PX394321	286009	84.180	512	80	1	13	523	9108	9619	2.73e-139	510
sampleD_part1	PX394319	286009	84.180	512	80	1	13	523	9109	9620	2.73e-139	510
sampleD_part1	PX394318	286009	84.180	512	80	1	13	523	8566	9077	2.73e-139	510
sampleD_part1	PX394317	286009	84.180	512	80	1	13	523	9108	9619	2.73e-139	510
sampleD_part1	PX394316	286009	84.180	512	80	1	13	523	9541	10052	2.73e-139	510
sampleD_part1	PX394315	286009	84.180	512	80	1	13	523	9109	9620	2.73e-139	510
sampleD_part1	PX394313	286009	84.180	512	80	1	13	523	9108	9619	2.73e-139	510
sampleD_part1	PX394312	286009	84.180	512	80	1	13	523	9108	9619	2.73e-139	510
sampleD_part1	PX394311	286009	84.180	512	80	1	13	523	9109	9620	2.73e-139	510
sampleD_part1	PX394310	286009	84.180	512	80	1	13	523	9108	9619	2.73e-139	510
sampleD_part1	PX394309	286009	84.180	512	80	1	13	523	8566	9077	2.73e-139	510
sampleD_part1	PX394308	286009	84.180	512	80	1	13	523	9109	9620	2.73e-139	510
sampleD_part1	PX394307	286009	84.180	512	80	1	13	523	8043	8554	2.73e-139	510
sampleD_part1	PX394306	286009	84.180	512	80	1	13	523	9108	9619	2.73e-139	510
sampleD_part1	PX394305	286009	84.180	512	80	1	13	523	9108	9619	2.73e-139	510
sampleD_part1	PX394304	286009	84.180	512	80	1	13	523	9108	9619	2.73e-139	510
sampleD_part1	PX394303	286009	84.180	512	80	1	13	523	9108	9619	2.73e-139	510
sampleD_part1	PX394302	286009	84.180	512	80	1	13	523	9108	9619	2.73e-139	510
sampleD_part1	PX394301	286009	84.180	512	80	1	13	523	9108	9619	2.73e-139	510
sampleD_part1	PX394300	286009	84.180	512	80	1	13	523	9098	9609	2.73e-139	510
sampleD_part1	OZ038152	365639	84.180	512	80	1	13	523	5416	5927	2.73e-139	510
sampleD_part1	OZ038151	365639	84.180	512	80	1	13	523	5416	5927	2.73e-139	510
sampleD_part1	OZ038150	365639	84.180	512	80	1	13	523	5416	5927	2.73e-139	510
sampleD_part1	OZ038149	365639	84.180	512	80	1	13	523	5416	5927	2.73e-139	510
sampleD_part1	OX453498	365627	84.180	512	80	1	13	523	5418	5929	2.73e-139	510
sampleD_part1	OX453496	365627	84.180	512	80	1	13	523	5418	5929	2.73e-139	510
sampleD_part1	OX453475	365623	84.180	512	80	1	13	523	5420	5931	2.73e-139	510
sampleD_part1	LT599487	1540822	84.180	512	80	1	13	523	5191	5702	2.73e-139	510
sampleD_part1	KC687262	270252;667123	85.991	464	64	1	61	523	7	470	2.73e-139	510
sampleD_part1	JN993983	8481	84.180	512	80	1	13	523	1434	1945	2.73e-139	510
sampleD_part1	JN993982	8481	84.180	512	80	1	13	523	1434	1945	2.73e-139	510
sampleD_part1	NC_007700	286009	84.180	512	80	1	13	523	7425	7936	2.73e-139	510
sampleD_part1	NC_007692	86975	84.180	512	80	1	13	523	5408	5919	2.73e-139	510
sampleD_part1	PP762137	8469	88.916	406	40	5	115	517	1	404	9.81e-139	508
sampleD_part1	OX453495	365649	83.984	512	81	1	13	523	5419	5930	1.27e-137	505
sampleD_part1	KF894758	8469	86.957	437	56	1	82	517	1	437	1.27e-137	505
sampleD_part1	KC181198	335395	84.356	505	76	3	21	523	2	505	1.27e-137	505
sampleD_part1	HQ329679	74936	85.412	473	68	1	53	524	1	473	1.27e-137	505
sampleD_part1	EF011493	176192	84.708	497	69	5	28	520	2	495	1.27e-137	505
sampleD_part1	AY357744	204968	85.625	480	58	6	44	517	1	475	1.64e-136	501
sampleD_part1	LR697080	66194	83.789	512	82	1	13	523	5349	5860	5.90e-136	499
sampleD_part1	KU985825	85613	85.084	476	70	1	49	523	1	476	5.90e-136	499
sampleD_part1	KC687326	580248	85.560	464	66	1	61	523	7	470	5.90e-136	499
sampleD_part1	KC687322	580248	85.560	464	66	1	61	523	7	470	5.90e-136	499
sampleD_part1	KC687314	667124	85.560	464	66	1	61	523	7	470	5.90e-136	499
sampleD_part1	KC687309	1324784	85.560	464	66	1	61	523	7	470	5.90e-136	499
sampleD_part1	KC687308	1324784	85.560	464	66	1	61	523	7	470	5.90e-136	499
sampleD_part1	KC687295	270252	85.560	464	66	1	61	523	7	470	5.90e-136	499
sampleD_part1	KC687290	1087313	85.560	464	66	1	61	523	7	470	5.90e-136	499
sampleD_part1	KC687287	1087313	85.560	464	66	1	61	523	7	470	5.90e-136	499
sampleD_part1	KC687282	667123	85.560	464	66	1	61	523	7	470	5.90e-136	499
sampleD_part1	KC687269	667123	85.560	464	66	1	61	523	7	470	5.90e-136	499
sampleD_part1	KC687266	667123	85.560	464	66	1	61	523	7	470	5.90e-136	499
sampleD_part1	KC687259	667123	85.560	464	66	1	61	523	7	470	5.90e-136	499
sampleD_part1	KC687258	667123	85.560	464	66	1	61	523	7	470	5.90e-136	499
sampleD_part1	KC687252	270252;301539;365650;580248;667122;667123;1087313;1324784	85.560	464	66	1	61	523	7	470	5.90e-136	499
sampleD_part1	HQ329656	667124	85.560	464	66	1	61	523	9	472	5.90e-136	499
sampleD_part1	HQ329655	667122	85.560	464	66	1	61	523	9	472	5.90e-136	499
sampleD_part1	HQ329654	8485	85.232	474	67	3	53	524	1	473	5.90e-136	499
sampleD_part1	PX218923	8469	86.758	438	55	3	82	517	3	439	2.12e-135	497
sampleD_part1	PV405542	8469	87.037	432	53	3	88	517	1	431	2.12e-135	497
sampleD_part1	KU985739	85613	85.053	475	70	1	50	523	3	477	2.12e-135	497
sampleD_part1	MW996725	8469	87.037	432	53	3	88	517	1	431	2.12e-135	497
sampleD_part1	MW996724	8469	87.037	432	53	3	88	517	1	431	2.12e-135	497
sampleD_part1	MW996723	8469	87.037	432	53	3	88	517	1	431	2.12e-135	497
sampleD_part1	MW996722	8469	87.037	432	53	3	88	517	1	431	2.12e-135	497
sampleD_part1	MW996721	8469	87.037	432	53	3	88	517	1	431	2.12e-135	497
sampleD_part1	MW996720	8469	87.037	432	53	3	88	517	1	431	2.12e-135	497
sampleD_part1	MW996719	8469	87.037	432	53	3	88	517	1	431	2.12e-135	497
sampleD_part1	MW996718	8469	87.037	432	53	3	88	517	1	431	2.12e-135	497
sampleD_part1	MW996717	8469	87.037	432	53	3	88	517	1	431	2.12e-135	497
sampleD_part1	MW996716	8469	87.037	432	53	3	88	517	1	431	2.12e-135	497
sampleD_part1	MW996715	8469	87.037	432	53	3	88	517	1	431	2.12e-135	497
sampleD_part1	MW996714	8469	87.037	432	53	3	88	517	1	431	2.12e-135	497
sampleD_part1	MW996713	8469	87.037	432	53	3	88	517	1	431	2.12e-135	497
sampleD_part1	KF894757	8469	86.758	438	55	3	82	517	1	437	2.12e-135	497
sampleD_part1	KC687286	1087313	85.529	463	66	1	62	523	1	463	2.12e-135	497
sampleD_part1	KC687260	667123	85.529	463	66	1	62	523	1	463	2.12e-135	497
sampleD_part1	HQ329765	286013	85.169	472	69	1	53	523	1	472	2.12e-135	497
sampleD_part1	GQ867672	204968	85.565	478	58	6	46	517	1	473	2.12e-135	497
sampleD_part1	EU600158	8469	86.758	438	55	3	82	517	1	437	2.12e-135	497
sampleD_part1	EU600157	8469	86.758	438	55	3	82	517	1	437	2.12e-135	497
sampleD_part1	OR770117	8469	86.728	437	55	3	83	517	1	436	7.64e-135	496
sampleD_part1	KT075338	580249	84.906	477	71	1	48	523	1	477	7.64e-135	496
sampleD_part1	LC574978	204960	83.626	513	83	1	13	524	5433	5945	7.64e-135	496
sampleD_part1	PV403408	101697	84.874	476	71	1	49	523	1	476	2.75e-134	494
sampleD_part1	MH274578	580249	85.345	464	67	1	61	523	11	474	2.75e-134	494
sampleD_part1	MH274577	580249	85.345	464	67	1	61	523	11	474	2.75e-134	494
sampleD_part1	KC687329	580249	85.345	464	67	1	61	523	7	470	2.75e-134	494
sampleD_part1	KC687327	580249	85.345	464	67	1	61	523	7	470	2.75e-134	494
sampleD_part1	KC687315	667124	85.345	464	67	1	61	523	7	470	2.75e-134	494
sampleD_part1	KC687270	667123	85.590	458	65	1	67	523	1	458	2.75e-134	494
sampleD_part1	HQ329657	580249	85.345	464	67	1	61	523	9	472	2.75e-134	494
sampleD_part1	MW996705	8469	86.806	432	54	3	88	517	1	431	9.88e-134	492
sampleD_part1	MW996704	8469	86.806	432	54	3	88	517	1	431	9.88e-134	492
sampleD_part1	MW996703	8469	86.806	432	54	3	88	517	1	431	9.88e-134	492
sampleD_part1	MW996702	8469	86.806	432	54	3	88	517	1	431	9.88e-134	492
sampleD_part1	MW996701	8469	86.806	432	54	3	88	517	1	431	9.88e-134	492
sampleD_part1	KC687279	667123	85.313	463	67	1	62	523	1	463	9.88e-134	492
sampleD_part1	HQ329642	85613	84.958	472	70	1	53	523	1	472	9.88e-134	492
sampleD_part1	OZ077578	74920	84.583	480	73	1	45	523	1	480	3.55e-133	490
sampleD_part1	KU985568	158814	84.926	471	70	1	49	518	1	471	3.55e-133	490
sampleD_part1	MW996707	8469	86.775	431	54	3	89	517	1	430	3.55e-133	490
sampleD_part1	MW996706	8469	86.775	431	54	3	89	517	1	430	3.55e-133	490
sampleD_part1	KF894759	260627	85.281	462	67	1	63	523	1	462	3.55e-133	490
sampleD_part1	KC181199	82168	83.730	504	81	1	21	523	2	505	3.55e-133	490
sampleD_part1	PP336441	204954	83.398	512	84	1	13	523	5427	5938	1.28e-132	488
sampleD_part1	OZ077603	260613	84.728	478	68	5	49	523	3	478	1.28e-132	488
sampleD_part1	OZ077583	74920	84.551	479	73	1	46	523	1	479	1.28e-132	488
sampleD_part1	KF894760	260627	85.371	458	66	1	67	523	1	458	1.28e-132	488
sampleD_part1	JN860213	260627	85.371	458	66	1	67	523	1	458	1.28e-132	488
sampleD_part1	HQ329693	74930	84.894	470	70	1	55	523	3	472	1.28e-132	488
sampleD_part1	EF011499	176192	84.760	479	66	5	46	520	1	476	1.28e-132	488
sampleD_part1	MH274699	2587831	84.861	469	70	1	51	518	1	469	4.60e-132	486
sampleD_part1	MH274576	580249	85.161	465	66	3	61	523	11	474	4.60e-132	486
sampleD_part1	KC181204	158816	83.832	501	77	4	20	518	2	500	4.60e-132	486
sampleD_part1	HQ329640	335395	84.746	472	71	1	53	523	1	472	4.60e-132	486
sampleD_part1	KC687249	8479	84.946	465	69	1	61	524	7	471	1.65e-131	484
sampleD_part1	EF011496	176192	84.810	474	65	5	51	520	1	471	1.65e-131	484
sampleD_part1	OZ077579	74920	84.342	479	74	1	46	523	1	479	5.95e-131	483
sampleD_part1	MN135480	158814	84.746	472	69	3	49	518	2	472	5.95e-131	483
sampleD_part1	KU986250	85613	84.914	464	69	1	61	523	1	464	5.95e-131	483
sampleD_part1	KF059172	2587831	84.797	467	70	1	53	518	1	467	5.95e-131	483
sampleD_part1	KC354716	260627	85.779	443	62	1	82	523	3	445	5.95e-131	483
sampleD_part1	FJ392292	204803	83.499	503	82	1	22	523	4	506	5.95e-131	483
sampleD_part1	EF011494	176192	84.778	473	65	5	52	520	1	470	5.95e-131	483
sampleD_part1	OY639661	204968	85.777	457	54	6	67	517	2	453	2.14e-130	481
sampleD_part1	OY639622	204968	85.777	457	54	6	67	517	2	453	2.14e-130	481
sampleD_part1	OY639583	204968	85.777	457	54	6	67	517	2	453	2.14e-130	481
sampleD_part1	OY639557	204968	85.777	457	54	6	67	517	2	453	2.14e-130	481
sampleD_part1	PP762139	8469	87.654	405	47	3	115	517	1	404	2.14e-130	481
sampleD_part1	MH274718	34903	84.534	472	72	1	53	523	3	474	2.14e-130	481
sampleD_part1	KR610440	38772	84.534	472	72	1	53	523	1	472	2.14e-130	481
sampleD_part1	KR610439	38772	84.534	472	72	1	53	523	1	472	2.14e-130	481
sampleD_part1	HQ329761	260633	84.534	472	72	1	53	523	1	472	2.14e-130	481
sampleD_part1	HQ329756	38772	84.534	472	72	1	53	523	1	472	2.14e-130	481
sampleD_part1	HQ329669	904225	84.534	472	72	1	53	523	1	472	2.14e-130	481
sampleD_part1	HQ329644	335392	84.764	466	70	1	53	517	1	466	2.14e-130	481
sampleD_part1	NC_011198	8475	83.172	517	80	4	11	523	5405	5918	2.14e-130	481
sampleD_part1	EF011495	176192	85.097	463	62	5	62	520	1	460	2.14e-130	481
sampleD_part1	EF011465	74909	83.465	508	77	5	20	523	1	505	2.14e-130	481
sampleD_part1	DQ256378	8475	83.172	517	80	4	11	523	5335	5848	2.14e-130	481
sampleD_part1	MK032880	74938	83.466	502	80	3	25	524	3	503	7.69e-130	479
sampleD_part1	MH274698	391345	84.681	470	69	3	51	518	1	469	7.69e-130	479
sampleD_part1	ON640791	8467	87.255	408	51	1	111	517	1	408	7.69e-130	479
sampleD_part1	ON640786	8467	87.255	408	51	1	111	517	3	410	7.69e-130	479
sampleD_part1	ON640776	8467	87.255	408	51	1	111	517	1	408	7.69e-130	479
sampleD_part1	ON640772	8467	87.255	408	51	1	111	517	4	411	7.69e-130	479
sampleD_part1	KC181206	335393	83.333	504	83	1	21	523	2	505	7.69e-130	479
sampleD_part1	LR697061	180175	83.104	509	85	1	13	520	5371	5879	2.77e-129	477
sampleD_part1	LR697059	180175	83.104	509	85	1	13	520	5371	5879	2.77e-129	477
sampleD_part1	OZ077590	74920	84.211	475	74	1	50	523	1	475	2.77e-129	477
sampleD_part1	PP766915	8467	87.531	401	49	1	118	517	1	401	2.77e-129	477
sampleD_part1	KF059176	3148702	84.582	467	71	1	53	518	1	467	2.77e-129	477
sampleD_part1	OY639641	204968	85.558	457	55	6	67	517	2	453	9.95e-129	475
sampleD_part1	OY639635	204968	85.558	457	55	6	67	517	2	453	9.95e-129	475
sampleD_part1	OY639564	204968	85.558	457	55	6	67	517	2	453	9.95e-129	475
sampleD_part1	OR770114	8469	86.385	426	55	3	94	517	1	425	9.95e-129	475
sampleD_part1	KF059170	391346	84.615	468	69	3	53	518	1	467	9.95e-129	475
sampleD_part1	HQ329755	38772	84.322	472	73	1	53	523	1	472	9.95e-129	475
sampleD_part1	HQ329658	158814;391345	84.615	468	69	3	53	518	1	467	9.95e-129	475
sampleD_part1	KC354718	260627	85.360	444	64	1	81	523	1	444	3.58e-128	473
sampleD_part1	MN135623	158814	84.322	472	71	3	49	518	2	472	1.29e-127	472
sampleD_part1	OM945838	260627	85.327	443	64	1	82	523	2	444	1.29e-127	472
sampleD_part1	OL678066	260627	85.327	443	64	1	82	523	2	444	1.29e-127	472
sampleD_part1	JQ909571	66194	83.817	482	77	1	43	523	2	483	1.29e-127	472
sampleD_part1	MT410948	82168	82.812	512	87	1	13	523	5352	5863	1.29e-127	472
sampleD_part1	OY639629	204968	85.339	457	56	6	67	517	2	453	4.63e-127	470
sampleD_part1	KU985617	8479	83.891	478	76	1	48	524	1	478	4.63e-127	470
sampleD_part1	KC687291	270252;1087313	85.235	447	63	3	79	523	1	446	4.63e-127	470
sampleD_part1	KC354717	260627	85.169	445	65	1	80	523	1	445	4.63e-127	470
sampleD_part1	MH273648	8479	84.301	465	72	1	61	524	11	475	1.67e-126	468
sampleD_part1	MH273647	8479	84.301	465	72	1	61	524	11	475	1.67e-126	468
sampleD_part1	OM945840	74936	85.135	444	65	1	82	524	2	445	1.67e-126	468
sampleD_part1	OL678068	74936	85.135	444	65	1	82	524	2	445	1.67e-126	468
sampleD_part1	LR697063	180174	82.711	509	87	1	13	520	5371	5879	5.99e-126	466
sampleD_part1	LR697062	180174	82.711	509	87	1	13	520	5371	5879	5.99e-126	466
sampleD_part1	PP762108	8469	86.881	404	52	1	115	517	1	404	5.99e-126	466
sampleD_part1	MG679397	260627	84.978	446	66	1	79	523	1	446	5.99e-126	466
sampleD_part1	KC687334	158814	84.335	466	70	3	55	518	1	465	5.99e-126	466
sampleD_part1	JN999703	82168	82.617	512	88	1	13	523	5361	5872	5.99e-126	466
sampleD_part1	OZ077601	74920	84.464	457	70	1	68	523	1	457	2.15e-125	464
sampleD_part1	OZ077587	74920	84.464	457	70	1	68	523	1	457	2.15e-125	464
sampleD_part1	PP762123	8469	86.914	405	50	3	115	517	1	404	2.15e-125	464
sampleD_part1	PP762113	8469	86.914	405	50	3	115	517	1	404	2.15e-125	464
sampleD_part1	PP757966	8469	86.914	405	50	3	115	517	1	404	2.15e-125	464
sampleD_part1	MN135593	8479	83.682	478	77	1	48	524	1	478	2.15e-125	464
sampleD_part1	OR520620	74909	84.200	481	65	7	49	523	1	476	2.15e-125	464
sampleD_part1	OR520619	74909	84.200	481	65	7	49	523	1	476	2.15e-125	464
sampleD_part1	OZ077600	74920	84.430	456	70	1	69	523	1	456	7.75e-125	462
sampleD_part1	OZ077599	74920	84.430	456	70	1	69	523	1	456	7.75e-125	462
sampleD_part1	OZ077596	74920	84.430	456	70	1	69	523	1	456	7.75e-125	462
sampleD_part1	OZ077595	74920	84.430	456	70	1	69	523	1	456	7.75e-125	462
sampleD_part1	MH273649	8479	84.086	465	73	1	61	524	11	475	7.75e-125	462
sampleD_part1	LR697060	180175	82.515	509	88	1	13	520	5370	5878	2.79e-124	460
sampleD_part1	MG728230	335395	84.701	451	66	3	75	523	1	450	2.79e-124	460
sampleD_part1	KX559019	85613	84.876	443	66	1	82	523	1	443	2.79e-124	460
sampleD_part1	MW478028	82168	82.996	494	83	1	31	523	1	494	2.79e-124	460
sampleD_part1	KC181201	85608	82.966	499	82	3	21	517	2	499	2.79e-124	460
sampleD_part1	OZ077593	74920	84.245	457	71	1	68	523	1	457	1.00e-123	459
sampleD_part1	PP762114	8469	86.667	405	51	3	115	517	1	404	1.00e-123	459
sampleD_part1	PP762111	8469	86.667	405	51	3	115	517	1	404	1.00e-123	459
sampleD_part1	PP762106	8469	86.667	405	51	3	115	517	1	404	1.00e-123	459
sampleD_part1	PP762103	8469	86.667	405	51	3	115	517	1	404	1.00e-123	459
sampleD_part1	KP697891	334583	83.721	473	74	3	52	523	3	473	1.00e-123	459
sampleD_part1	KF059167	699598	83.974	468	72	3	53	518	1	467	1.00e-123	459
sampleD_part1	HQ329668	365627	83.686	472	76	1	53	523	1	472	1.00e-123	459
sampleD_part1	HQ329661	365623	83.686	472	76	1	53	523	1	472	1.00e-123	459
sampleD_part1	OZ077584	74920	84.211	456	71	1	69	523	1	456	3.60e-123	457
sampleD_part1	OZ077582	74920	84.211	456	71	1	69	523	1	456	3.60e-123	457
sampleD_part1	NC_042475	1041116	82.540	504	87	1	13	515	5403	5906	3.60e-123	457
sampleD_part1	JN999705	8463	82.540	504	87	1	13	515	5386	5889	3.60e-123	457
sampleD_part1	MN993114	82168	83.403	476	78	1	49	523	2	477	1.30e-122	455
sampleD_part1	MG679398	260627	84.897	437	65	1	88	523	1	437	1.30e-122	455
sampleD_part1	KX559020	335395	84.650	443	67	1	82	523	1	443	1.30e-122	455
sampleD_part1	KP697950	334583	83.510	473	77	1	52	523	1	473	1.30e-122	455
sampleD_part1	NC_069559	904175	82.227	512	90	1	13	523	5394	5905	1.30e-122	455
sampleD_part1	PP762180	8469	86.420	405	52	3	115	517	1	404	4.66e-122	453
sampleD_part1	PP762135	8469	86.420	405	52	3	115	517	1	404	4.66e-122	453
sampleD_part1	PP762125	8469	86.420	405	52	3	115	517	1	404	4.66e-122	453
sampleD_part1	PP762117	8469	86.567	402	51	3	118	517	1	401	4.66e-122	453
sampleD_part1	PP762107	8469	86.420	405	52	3	115	517	1	404	4.66e-122	453
sampleD_part1	PP757969	8469	86.420	405	52	3	115	517	1	404	4.66e-122	453
sampleD_part1	PP757968	8469	86.420	405	52	3	115	517	1	404	4.66e-122	453
sampleD_part1	PV564670	365639	83.475	472	77	1	53	523	3	474	4.66e-122	453
sampleD_part1	MG679451	2060767	84.932	438	63	3	88	523	1	437	4.66e-122	453
sampleD_part1	MG190936	904225	83.475	472	77	1	53	523	1	472	4.66e-122	453
sampleD_part1	MG190905	3036191	83.475	472	77	1	53	523	1	472	4.66e-122	453
sampleD_part1	OR520623	74909	83.438	477	76	3	49	523	1	476	4.66e-122	453
sampleD_part1	OR520622	74909	83.438	477	76	3	49	523	1	476	4.66e-122	453
sampleD_part1	KF894781	254399	83.475	472	77	1	53	523	1	472	4.66e-122	453
sampleD_part1	HQ329694	254399	83.475	472	77	1	53	523	1	472	4.66e-122	453
sampleD_part1	MG679428	204968	85.321	436	53	6	88	517	1	431	2.17e-120	448
sampleD_part2	MF460363	27794	96.190	525	20	0	1	525	5929	6453	0.0	891
sampleD_part2	JX454992	27794	96.190	525	20	0	1	525	5929	6453	0.0	891
sampleD_part2	JX454973	27794	96.190	525	20	0	1	525	5912	6436	0.0	891
sampleD_part2	JX454969	27794	96.190	525	20	0	1	525	5929	6453	0.0	891
sampleD_part2	JX454989	27794	95.429	525	24	0	1	525	5925	6449	0.0	876
sampleD_part2	PQ276118	27787	86.667	525	70	0	1	525	5918	6442	2.03e-170	614
sampleD_part2	PQ276117	27787	86.667	525	70	0	1	525	5917	6441	2.03e-170	614
sampleD_part2	PQ276115	27787	86.667	525	70	0	1	525	5918	6442	2.03e-170	614
sampleD_part2	JX454980	27787	86.667	525	70	0	1	525	5918	6442	2.03e-170	614
sampleD_part2	PQ276108	27787	86.476	525	71	0	1	525	5917	6441	9.42e-169	608
sampleD_part2	PQ276107	27787	86.476	525	71	0	1	525	5917	6441	9.42e-169	608
sampleD_part2	OZ223967	27790	86.286	525	72	0	1	525	5922	6446	4.38e-167	603
sampleD_part2	MF571906	27787	86.286	525	72	0	1	525	5928	6452	4.38e-167	603
sampleD_part2	JX454986	27787	86.286	525	72	0	1	525	5917	6441	4.38e-167	603
sampleD_part2	NC_018550	27790	86.286	525	72	0	1	525	5939	6463	4.38e-167	603
sampleD_part2	PQ276116	27787	86.095	525	73	0	1	525	5918	6442	2.04e-165	597
sampleD_part2	PQ276114	27787	86.095	525	73	0	1	525	5917	6441	2.04e-165	597
sampleD_part2	PQ276113	27787	86.095	525	73	0	1	525	5918	6442	2.04e-165	597
sampleD_part2	PQ276112	27787	86.095	525	73	0	1	525	5918	6442	2.04e-165	597
sampleD_part2	PQ276111	27787	86.095	525	73	0	1	525	5918	6442	2.04e-165	597
sampleD_part2	PQ276110	27787	86.095	525	73	0	1	525	5918	6442	2.04e-165	597
sampleD_part2	PQ276109	27787	86.095	525	73	0	1	525	5918	6442	2.04e-165	597
sampleD_part2	PQ276106	27787	86.095	525	73	0	1	525	5918	6442	2.04e-165	597
sampleD_part2	OZ223910	27787	86.095	525	73	0	1	525	5918	6442	2.04e-165	597
sampleD_part2	KP221806	27787	86.095	525	73	0	1	525	5946	6470	2.04e-165	597
sampleD_part2	LR697082	569598	85.932	526	72	2	1	525	5887	6411	9.49e-164	592
sampleD_part2	JX454976	8469	85.905	525	74	0	1	525	5925	6449	9.49e-164	592
sampleD_part2	JX454970	27787	85.905	525	74	0	1	525	5918	6442	9.49e-164	592
sampleD_part2	NC_012398	27787	85.905	525	74	0	1	525	5921	6445	9.49e-164	592
sampleD_part2	NC_007694	569598	85.932	526	72	2	1	525	5932	6456	9.49e-164	592
sampleD_part2	JX454978	8469	85.714	525	75	0	1	525	5924	6448	4.41e-162	586
sampleD_part2	JX454974	8469	85.714	525	75	0	1	525	5924	6448	4.41e-162	586
sampleD_part2	JX454971	8469	85.714	525	75	0	1	525	5924	6448	4.41e-162	586
sampleD_part2	LC574978	204960	85.524	525	76	0	1	525	5946	6470	2.05e-160	580
sampleD_part2	LR697065	180177	85.361	526	75	2	1	525	5883	6407	9.56e-159	575
sampleD_part2	OW244303	180177	85.361	526	75	2	1	525	5930	6454	9.56e-159	575
sampleD_part2	JX454990	8469	85.333	525	77	0	1	525	5926	6450	9.56e-159	575
sampleD_part2	JX454972	8469	85.333	525	77	0	1	525	5926	6450	9.56e-159	575
sampleD_part2	JQ034420	8469	85.333	525	77	0	1	525	5855	6379	9.56e-159	575
sampleD_part2	JQ026233	8469	85.333	525	77	0	1	525	5855	6379	9.56e-159	575
sampleD_part2	NC_000886	8469	85.333	525	77	0	1	525	5926	6450	9.56e-159	575
sampleD_part2	OW244302	2926749	85.143	525	78	0	1	525	5929	6453	4.45e-157	569
sampleD_part2	MG912837	1137937	85.115	524	78	0	1	524	10268	9745	1.60e-156	568
sampleD_part2	MG912818	1137937	85.115	524	78	0	1	524	10485	9962	1.60e-156	568
sampleD_part2	MG912814	1137937	85.115	524	78	0	1	524	10485	9962	1.60e-156	568
sampleD_part2	MG912797	1137937	85.115	524	78	0	1	524	10485	9962	1.60e-156	568
sampleD_part2	MG912795	1137937	85.115	524	78	0	1	524	10478	9955	1.60e-156	568
sampleD_part2	MG912793	1137937	85.115	524	78	0	1	524	10485	9962	1.60e-156	568
sampleD_part2	OM719687	66189	85.221	521	77	0	1	521	5863	6383	1.60e-156	568
sampleD_part2	OM719686	1129807	85.221	521	77	0	1	521	5926	6446	1.60e-156	568
sampleD_part2	MT017691	66189	85.221	521	77	0	1	521	5363	5883	1.60e-156	568
sampleD_part2	AP019397	176196	84.952	525	79	0	1	525	5920	6444	2.07e-155	564
sampleD_part2	KU883273	27794	99.045	314	3	0	1	314	485	798	2.07e-155	564
sampleD_part2	NC_016951	176196	84.952	525	79	0	1	525	5920	6444	2.07e-155	564
sampleD_part2	GQ152876	27794	99.045	314	3	0	1	314	502	815	2.07e-155	564
sampleD_part2	DQ080050	86975	84.952	525	79	0	1	525	5921	6445	2.07e-155	564
sampleD_part2	NC_007692	86975	84.952	525	79	0	1	525	5921	6445	2.07e-155	564
sampleD_part2	MG912838	1137937	84.924	524	79	0	1	524	10424	9901	7.44e-155	562
sampleD_part2	MG912836	1137937	84.924	524	79	0	1	524	10444	9921	7.44e-155	562
sampleD_part2	MG912835	1137937	84.924	524	79	0	1	524	10393	9870	7.44e-155	562
sampleD_part2	MG912834	1137937	84.924	524	79	0	1	524	10238	9715	7.44e-155	562
sampleD_part2	MG912833	1137937	84.924	524	79	0	1	524	10279	9756	7.44e-155	562
sampleD_part2	MG912832	1137937	84.924	524	79	0	1	524	10450	9927	7.44e-155	562
sampleD_part2	MG912831	1137937	84.924	524	79	0	1	524	10420	9897	7.44e-155	562
sampleD_part2	MG912830	1137937	84.924	524	79	0	1	524	10381	9858	7.44e-155	562
sampleD_part2	MG912829	1137937	84.924	524	79	0	1	524	10401	9878	7.44e-155	562
sampleD_part2	MG912828	1137937	84.924	524	79	0	1	524	10463	9940	7.44e-155	562
sampleD_part2	MG912827	1137937	84.924	524	79	0	1	524	10465	9942	7.44e-155	562
sampleD_part2	MG912826	1137937	84.924	524	79	0	1	524	10451	9928	7.44e-155	562
sampleD_part2	MG912825	1137937	84.924	524	79	0	1	524	10403	9880	7.44e-155	562
sampleD_part2	MG912824	1137937	84.924	524	79	0	1	524	10276	9753	7.44e-155	562
sampleD_part2	MG912823	1137937	84.924	524	79	0	1	524	10401	9878	7.44e-155	562
sampleD_part2	MG912822	1137937	84.924	524	79	0	1	524	10378	9855	7.44e-155	562
sampleD_part2	MG912821	1137937	84.924	524	79	0	1	524	10432	9909	7.44e-155	562
sampleD_part2	MG912820	1137937	84.924	524	79	0	1	524	10473	9950	7.44e-155	562
sampleD_part2	MG912819	1137937	84.924	524	79	0	1	524	10384	9861	7.44e-155	562
sampleD_part2	MG912817	1137937	84.924	524	79	0	1	524	10485	9962	7.44e-155	562
sampleD_part2	MG912816	1137937	84.924	524	79	0	1	524	10481	9958	7.44e-155	562
sampleD_part2	MG912813	1137937	84.924	524	79	0	1	524	10453	9930	7.44e-155	562
sampleD_part2	MG912812	1137937	84.924	524	79	0	1	524	10468	9945	7.44e-155	562
sampleD_part2	MG912811	1137937	84.924	524	79	0	1	524	10485	9962	7.44e-155	562
sampleD_part2	MG912810	1137937	84.924	524	79	0	1	524	10485	9962	7.44e-155	562
sampleD_part2	MG912809	1137937	84.924	524	79	0	1	524	10485	9962	7.44e-155	562
sampleD_part2	MG912808	1137937	84.924	524	79	0	1	524	10236	9713	7.44e-155	562
sampleD_part2	MG912807	1137937	84.924	524	79	0	1	524	10477	9954	7.44e-155	562
sampleD_part2	MG912806	1137937	84.924	524	79	0	1	524	10485	9962	7.44e-155	562
sampleD_part2	MG912804	1137937	84.924	524	79	0	1	524	10485	9962	7.44e-155	562
sampleD_part2	MG912803	1137937	84.924	524	79	0	1	524	10485	9962	7.44e-155	562
sampleD_part2	MG912802	1137937	84.924	524	79	0	1	524	10485	9962	7.44e-155	562
sampleD_part2	MG912801	1137937	84.924	524	79	0	1	524	10485	9962	7.44e-155	562
sampleD_part2	MG912800	1137937	84.924	524	79	0	1	524	10484	9961	7.44e-155	562
sampleD_part2	MG912799	1137937	84.924	524	79	0	1	524	10239	9716	7.44e-155	562
sampleD_part2	MG912798	1137937	84.924	524	79	0	1	524	10485	9962	7.44e-155	562
sampleD_part2	MG912794	1137937	84.924	524	79	0	1	524	10485	9962	7.44e-155	562
sampleD_part2	MG912792	1137937	84.924	524	79	0	1	524	10485	9962	7.44e-155	562
sampleD_part2	MG912791	1137937	84.924	524	79	0	1	524	10485	9962	7.44e-155	562
sampleD_part2	OM719701	1137937	85.029	521	78	0	1	521	5925	6445	7.44e-155	562
sampleD_part2	OM719700	1137937	85.029	521	78	0	1	521	5926	6446	7.44e-155	562
sampleD_part2	OM719699	1137937	85.029	521	78	0	1	521	5925	6445	7.44e-155	562
sampleD_part2	OM719682	106732	85.029	521	78	0	1	521	5891	6411	7.44e-155	562
sampleD_part2	OM719680	106732	85.029	521	78	0	1	521	5911	6431	7.44e-155	562
sampleD_part2	JN999704	66189	85.029	521	78	0	1	521	5748	6268	7.44e-155	562
sampleD_part2	NC_051478	106732	85.029	521	78	0	1	521	5417	5937	7.44e-155	562
sampleD_part2	NC_051477	1137937	85.029	521	78	0	1	521	5417	5937	7.44e-155	562
sampleD_part2	PQ459491	27787	89.414	444	47	0	1	444	526	969	2.68e-154	560
sampleD_part2	MN136060	8472	84.762	525	80	0	1	525	5908	6432	9.62e-154	558
sampleD_part2	MN136059	8472	84.762	525	80	0	1	525	5908	6432	9.62e-154	558
sampleD_part2	MN136058	8472	84.762	525	80	0	1	525	5908	6432	9.62e-154	558
sampleD_part2	MN136057	8472	84.762	525	80	0	1	525	5908	6432	9.62e-154	558
sampleD_part2	MN136056	8472	84.762	525	80	0	1	525	5908	6432	9.62e-154	558
sampleD_part2	MN136055	8472	84.762	525	80	0	1	525	5908	6432	9.62e-154	558
sampleD_part2	MN136054	8472	84.762	525	80	0	1	525	5908	6432	9.62e-154	558
sampleD_part2	MN136053	8472	84.762	525	80	0	1	525	5908	6432	9.62e-154	558
sampleD_part2	MN136052	8472	84.762	525	80	0	1	525	5908	6432	9.62e-154	558
sampleD_part2	LR697070	286001	84.866	522	79	0	1	522	5884	6405	9.62e-154	558
sampleD_part2	JX454982	8472	84.762	525	80	0	1	525	5922	6446	9.62e-154	558
sampleD_part2	MG912815	1137937	84.733	524	80	0	1	524	10220	9697	3.46e-153	556
sampleD_part2	MG912805	1137937	84.733	524	80	0	1	524	10460	9937	3.46e-153	556
sampleD_part2	LT599486	106731	84.837	521	79	0	1	521	5775	6295	3.46e-153	556
sampleD_part2	OQ581203	106731	84.837	521	79	0	1	521	5924	6444	3.46e-153	556
sampleD_part2	OM719710	2039269	84.837	521	79	0	1	521	5909	6429	3.46e-153	556
sampleD_part2	OM719709	2039269	84.837	521	79	0	1	521	5915	6435	3.46e-153	556
sampleD_part2	OM719708	2039269	84.837	521	79	0	1	521	5910	6430	3.46e-153	556
sampleD_part2	OM719691	106731	84.837	521	79	0	1	521	5925	6445	3.46e-153	556
sampleD_part2	OM719690	106731	84.837	521	79	0	1	521	5887	6407	3.46e-153	556
sampleD_part2	OM719689	106731	84.837	521	79	0	1	521	5890	6410	3.46e-153	556
sampleD_part2	OM719688	1129807	84.837	521	79	0	1	521	5925	6445	3.46e-153	556
sampleD_part2	OM719681	106732	84.837	521	79	0	1	521	5918	6438	3.46e-153	556
sampleD_part2	OM719676	2203395	84.837	521	79	0	1	521	5919	6439	3.46e-153	556
sampleD_part2	OM719675	2203395	84.837	521	79	0	1	521	5925	6445	3.46e-153	556
sampleD_part2	OM719674	2203395	84.837	521	79	0	1	521	5912	6432	3.46e-153	556
sampleD_part2	OU230561	50047	84.837	521	79	0	1	521	5879	6399	3.46e-153	556
sampleD_part2	OU230560	50047	84.837	521	79	0	1	521	5924	6444	3.46e-153	556
sampleD_part2	OU230559	50047	84.837	521	79	0	1	521	5924	6444	3.46e-153	556
sampleD_part2	OU230558	50047	84.837	521	79	0	1	521	5924	6444	3.46e-153	556
sampleD_part2	NC_051482	2039269	84.837	521	79	0	1	521	5417	5937	3.46e-153	556
sampleD_part2	NC_051480	2203395	84.837	521	79	0	1	521	5417	5937	3.46e-153	556
sampleD_part2	NC_051479	106731	84.837	521	79	0	1	521	5417	5937	3.46e-153	556
sampleD_part2	NC_011815	74924	84.837	521	79	0	1	521	5912	6432	3.46e-153	556
sampleD_part2	NC_007699	101700	84.762	525	78	2	1	524	5923	6446	3.46e-153	556
sampleD_part2	OZ223140	27788	84.571	525	81	0	1	525	5921	6445	4.48e-152	553
sampleD_part2	PQ459488	27788	84.571	525	81	0	1	525	526	1050	4.48e-152	553
sampleD_part2	MF554690	8467	84.571	525	81	0	1	525	5923	6447	4.48e-152	553
sampleD_part2	OR166644	8467	84.571	525	81	0	1	525	5922	6446	4.48e-152	553
sampleD_part2	OR166640	8467	84.571	525	81	0	1	525	5922	6446	4.48e-152	553
sampleD_part2	OR166639	8467	84.571	525	81	0	1	525	5922	6446	4.48e-152	553
sampleD_part2	OR166634	8467	84.571	525	81	0	1	525	5922	6446	4.48e-152	553
sampleD_part2	OR166633	8467	84.571	525	81	0	1	525	5922	6446	4.48e-152	553
sampleD_part2	OR166622	8467	84.571	525	81	0	1	525	5922	6446	4.48e-152	553
sampleD_part2	OR166619	8467	84.571	525	81	0	1	525	5922	6446	4.48e-152	553
sampleD_part2	OR166616	8467	84.571	525	81	0	1	525	5922	6446	4.48e-152	553
sampleD_part2	OR166600	8467	84.571	525	81	0	1	525	5922	6446	4.48e-152	553
sampleD_part2	OR166599	8467	84.571	525	81	0	1	525	5922	6446	4.48e-152	553
sampleD_part2	OR166598	8467	84.571	525	81	0	1	525	5922	6446	4.48e-152	553
sampleD_part2	OR166592	8467	84.571	525	81	0	1	525	5922	6446	4.48e-152	553
sampleD_part2	OR166590	8467	84.571	525	81	0	1	525	5922	6446	4.48e-152	553
sampleD_part2	OR166584	8467	84.571	525	81	0	1	525	5922	6446	4.48e-152	553
sampleD_part2	OR166583	8467	84.571	525	81	0	1	525	5922	6446	4.48e-152	553
sampleD_part2	OR166582	8467	84.571	525	81	0	1	525	5922	6446	4.48e-152	553
sampleD_part2	OR775090	8467	84.571	525	81	0	1	525	5977	6501	4.48e-152	553
sampleD_part2	KP256531	8467	84.571	525	81	0	1	525	5933	6457	4.48e-152	553
sampleD_part2	NC_028634	27788	84.571	525	81	0	1	525	5920	6444	4.48e-152	553
sampleD_part2	JX454988	8467	84.571	525	81	0	1	525	5921	6445	4.48e-152	553
sampleD_part2	JX454987	27788	84.571	525	81	0	1	525	5921	6445	4.48e-152	553
sampleD_part2	JX454983	8467	84.571	525	81	0	1	525	5922	6446	4.48e-152	553
sampleD_part2	JX454979	27788	84.571	525	81	0	1	525	5918	6442	4.48e-152	553
sampleD_part2	JX454977	8467	84.571	525	81	0	1	525	5921	6445	4.48e-152	553
sampleD_part2	FR694649	8467	84.571	525	81	0	1	525	5923	6447	4.48e-152	553
sampleD_part2	MT372822	204942	84.645	521	80	0	1	521	5919	6439	1.61e-151	551
sampleD_part2	LT599483	50047	84.645	521	80	0	1	521	5929	6449	1.61e-151	551
sampleD_part2	NC_080265	50047	84.645	521	80	0	1	521	6080	6600	1.61e-151	551
sampleD_part2	OM719707	2039268	84.645	521	80	0	1	521	5923	6443	1.61e-151	551
sampleD_part2	OM719706	2039268	84.645	521	80	0	1	521	5880	6400	1.61e-151	551
sampleD_part2	OM719705	2039268	84.645	521	80	0	1	521	5924	6444	1.61e-151	551
sampleD_part2	OU230562	50047	84.645	521	80	0	1	521	5881	6401	1.61e-151	551
sampleD_part2	MT017704	50047	84.645	521	80	0	1	521	5333	5853	1.61e-151	551
sampleD_part2	NC_051481	2039268	84.645	521	80	0	1	521	5417	5937	1.61e-151	551
sampleD_part2	NC_016691	204942	84.615	520	80	0	1	520	5916	6435	5.79e-151	549
sampleD_part2	LR697080	66194	84.381	525	82	0	1	525	5862	6386	2.08e-150	547
sampleD_part2	MF579505	8467	84.381	525	82	0	1	525	5922	6446	2.08e-150	547
sampleD_part2	MF579504	8467	84.381	525	82	0	1	525	5922	6446	2.08e-150	547
sampleD_part2	OR166594	8467	84.381	525	82	0	1	525	5920	6444	2.08e-150	547
sampleD_part2	JX454984	8467	84.381	525	82	0	1	525	5922	6446	2.08e-150	547
sampleD_part2	JN999703	82168	84.381	525	82	0	1	525	5874	6398	2.08e-150	547
sampleD_part2	NC_007697	101699	84.381	525	82	0	1	525	5922	6446	2.08e-150	547
sampleD_part2	NC_007693	260614	84.381	525	82	0	1	525	5925	6449	2.08e-150	547
sampleD_part2	DQ080046	86976	84.381	525	82	0	1	525	5399	5923	2.08e-150	547
sampleD_part2	LR697060	180175	84.351	524	82	0	1	524	5883	6406	7.49e-150	545
sampleD_part2	OM719704	106735	84.453	521	81	0	1	521	5926	6446	7.49e-150	545
sampleD_part2	OM719703	106735	84.453	521	81	0	1	521	5926	6446	7.49e-150	545
sampleD_part2	OM719702	106735	84.453	521	81	0	1	521	5926	6446	7.49e-150	545
sampleD_part2	OM719698	106734	84.453	521	81	0	1	521	5926	6446	7.49e-150	545
sampleD_part2	OM719685	106733	84.453	521	81	0	1	521	5924	6444	7.49e-150	545
sampleD_part2	OM719684	106733	84.453	521	81	0	1	521	5926	6446	7.49e-150	545
sampleD_part2	OM719683	106733	84.453	521	81	0	1	521	5925	6445	7.49e-150	545
sampleD_part2	OM719679	1743023	84.453	521	81	0	1	521	5924	6444	7.49e-150	545
sampleD_part2	OM719678	1743023	84.453	521	81	0	1	521	5912	6432	7.49e-150	545
sampleD_part2	OM719677	1743023	84.453	521	81	0	1	521	5915	6435	7.49e-150	545
sampleD_part2	OM719673	106734	84.453	521	81	0	1	521	5924	6444	7.49e-150	545
sampleD_part2	NC_051476	106733	84.453	521	81	0	1	521	5417	5937	7.49e-150	545
sampleD_part2	NC_051475	1743023	84.453	521	81	0	1	521	5417	5937	7.49e-150	545
sampleD_part2	MT017692	106735	84.453	521	81	0	1	521	5389	5909	7.49e-150	545
sampleD_part2	NC_051472	106734	84.453	521	81	0	1	521	5924	6444	7.49e-150	545
sampleD_part2	LR697071	285997	84.291	522	82	0	1	522	5885	6406	9.69e-149	542
sampleD_part2	PV230503	101699	84.190	525	83	0	1	525	5921	6445	9.69e-149	542
sampleD_part2	NC_029369	421224	84.190	525	83	0	1	525	5917	6441	9.69e-149	542
sampleD_part2	MT410948	82168	84.190	525	83	0	1	525	5865	6389	9.69e-149	542
sampleD_part2	LR697061	180175	84.160	524	83	0	1	524	5884	6407	3.49e-148	540
sampleD_part2	LR697059	180175	84.160	524	83	0	1	524	5884	6407	3.49e-148	540
sampleD_part2	OZ077579	74920	84.160	524	83	0	1	524	481	1004	3.49e-148	540
sampleD_part2	MH795989	260643	84.000	525	84	0	1	525	6104	6628	4.51e-147	536
sampleD_part2	MT372821	74934	83.969	524	84	0	1	524	5912	6435	1.62e-146	534
sampleD_part2	MW774614	270252	83.969	524	84	0	1	524	526	1049	1.62e-146	534
sampleD_part2	MW774612	270252	83.969	524	84	0	1	524	526	1049	1.62e-146	534
sampleD_part2	OR253893	8478	88.262	443	52	0	1	443	5928	6370	2.10e-145	531
sampleD_part2	NC_023890	8478	88.262	443	52	0	1	443	5927	6369	2.10e-145	531
sampleD_part2	NC_020668	260624	83.810	525	85	0	1	525	5907	6431	2.10e-145	531
sampleD_part2	NC_002073	8479	88.262	443	52	0	1	443	5926	6368	2.10e-145	531
sampleD_part2	OP115974	1087313	83.779	524	85	0	1	524	5935	6458	7.55e-145	529
sampleD_part2	NC_063096	580248	83.779	524	85	0	1	524	5935	6458	7.55e-145	529
sampleD_part2	NC_063095	270252	83.779	524	85	0	1	524	5936	6459	7.55e-145	529
sampleD_part2	MW774616	270252	83.779	524	85	0	1	524	526	1049	7.55e-145	529
sampleD_part2	MW774613	270252;580248	83.779	524	85	0	1	524	526	1049	7.55e-145	529
sampleD_part2	MN136061	8472	88.063	444	53	0	1	444	5908	6351	2.71e-144	527
sampleD_part2	LR968547	1873747	88.063	444	53	0	1	444	5876	6319	2.71e-144	527
sampleD_part2	LR968543	1873747	88.063	444	53	0	1	444	5866	6309	2.71e-144	527
sampleD_part2	JX454981	8472	88.063	444	53	0	1	444	5910	6353	2.71e-144	527
sampleD_part2	NC_062409	241437	83.588	524	86	0	1	524	5913	6436	3.51e-143	523
sampleD_part2	GU320209	74934	83.588	524	86	0	1	524	5918	6441	3.51e-143	523
sampleD_part2	NC_007698	101701	83.588	524	86	0	1	524	5917	6440	3.51e-143	523
sampleD_part2	OZ077580	74920	87.838	444	54	0	1	444	458	901	1.26e-142	521
sampleD_part2	NC_082232	573969	87.810	443	54	0	1	443	5932	6374	4.54e-142	520
sampleD_part2	PP228865	904174	83.591	518	85	0	1	518	5904	6421	1.63e-141	518
sampleD_part2	NC_082187	904174	83.591	518	85	0	1	518	526	1043	1.63e-141	518
sampleD_part2	NC_011819	74934	83.685	521	79	2	1	521	6203	6717	1.63e-141	518
sampleD_part2	OZ077600	74920	87.613	444	55	0	1	444	458	901	5.87e-141	516
sampleD_part2	OZ077595	74920	87.613	444	55	0	1	444	458	901	5.87e-141	516
sampleD_part2	OX453476	365629	87.640	445	53	2	1	444	5935	6378	5.87e-141	516
sampleD_part2	OX453475	365623	87.640	445	53	2	1	444	5933	6376	5.87e-141	516
sampleD_part2	NC_032300	686919	87.613	444	55	0	1	444	526	969	5.87e-141	516
sampleD_part2	AP019398	260615	87.585	443	55	0	1	443	5920	6362	2.11e-140	514
sampleD_part2	MT334601	176194	83.238	525	88	0	1	525	5669	6193	2.11e-140	514
sampleD_part2	KJ700438	260615	87.585	443	55	0	1	443	5923	6365	2.11e-140	514
sampleD_part2	JN999706	260647	87.585	443	55	0	1	443	5726	6168	2.11e-140	514
sampleD_part2	NC_015101	260622	87.585	443	55	0	1	443	5922	6364	2.11e-140	514
sampleD_part2	NC_009260	571338	83.270	526	86	2	1	525	5917	6441	2.11e-140	514
sampleD_part2	AY676201	260615	87.585	443	55	0	1	443	5923	6365	2.11e-140	514
sampleD_part2	MT372820	74934	83.206	524	88	0	1	524	5919	6442	7.60e-140	512
sampleD_part2	OR253895	573971	83.270	526	84	4	1	524	5908	6431	7.60e-140	512
sampleD_part2	OZ077584	74920	87.387	444	56	0	1	444	458	901	2.73e-139	510
sampleD_part2	OX453477	365628	87.416	445	54	2	1	444	5934	6377	2.73e-139	510
sampleD_part2	OM719697	106727	87.387	444	56	0	1	444	5921	6364	2.73e-139	510
sampleD_part2	OM719696	106727	87.387	444	56	0	1	444	5915	6358	2.73e-139	510
sampleD_part2	OM719695	106727	87.387	444	56	0	1	444	5869	6312	2.73e-139	510
sampleD_part2	OM719692	106727	87.387	444	56	0	1	444	5867	6310	2.73e-139	510
sampleD_part2	OM719672	106726	87.387	444	56	0	1	444	5926	6369	2.73e-139	510
sampleD_part2	OM719671	106726	87.387	444	56	0	1	444	5925	6368	2.73e-139	510
sampleD_part2	OM719670	106726	87.387	444	56	0	1	444	5925	6368	2.73e-139	510
sampleD_part2	NC_051474	106726	87.387	444	56	0	1	444	5417	5860	2.73e-139	510
sampleD_part2	NC_051473	106727	87.387	444	56	0	1	444	5417	5860	2.73e-139	510
sampleD_part2	FJ469674	260615	87.359	443	56	0	1	443	5923	6365	9.83e-139	508
sampleD_part2	PQ069769	27794	98.940	283	3	0	1	283	423	705	3.54e-138	507
sampleD_part2	LR697062	180174	87.162	444	57	0	1	444	5884	6327	1.27e-137	505
sampleD_part2	OZ077583	74920	87.162	444	57	0	1	444	481	924	1.27e-137	505
sampleD_part2	OX453498	365627	87.191	445	55	2	1	444	5931	6374	1.27e-137	505
sampleD_part2	OX453496	365627	87.191	445	55	2	1	444	5931	6374	1.27e-137	505
sampleD_part2	OX453495	365649	87.191	445	55	2	1	444	5932	6375	1.27e-137	505
sampleD_part2	OM719694	106727	87.162	444	57	0	1	444	5918	6361	1.27e-137	505
sampleD_part2	OM719693	106727	87.162	444	57	0	1	444	5916	6359	1.27e-137	505
sampleD_part2	MK580979	429326	82.857	525	90	0	1	525	5898	6422	4.57e-137	503
sampleD_part2	KF724151	176192	82.857	525	90	0	1	525	5914	6438	4.57e-137	503
sampleD_part2	NC_018793	74916	82.824	524	90	0	1	524	5911	6434	4.57e-137	503
sampleD_part2	NC_014577	641010	82.890	526	86	4	1	524	5899	6422	1.64e-136	501
sampleD_part2	LR697063	180174	86.937	444	58	0	1	444	5884	6327	5.92e-136	499
sampleD_part2	OZ077596	74920	86.937	444	58	0	1	444	458	901	5.92e-136	499
sampleD_part2	OZ077578	74920	86.937	444	58	0	1	444	482	925	5.92e-136	499
sampleD_part2	DQ656607	74920	86.937	444	58	0	1	444	5925	6368	5.92e-136	499
sampleD_part2	NC_007695	74920	86.937	444	58	0	1	444	5915	6358	5.92e-136	499
sampleD_part2	OZ077590	74920	86.712	444	59	0	1	444	477	920	2.13e-135	497
sampleD_part2	NC_011198	8475	82.667	525	91	0	1	525	5920	6444	2.13e-135	497
sampleD_part2	NC_010973	260627	82.759	522	90	0	1	522	5916	6437	2.13e-135	497
sampleD_part2	DQ256378	8475	82.667	525	91	0	1	525	5850	6374	2.13e-135	497
sampleD_part2	OP344485	260639	86.712	444	59	0	1	444	5909	6352	2.75e-134	494
sampleD_part2	NC_065016	260639	86.712	444	59	0	1	444	5909	6352	2.75e-134	494
sampleD_part2	KY883378	1041118	82.476	525	92	0	1	525	5907	6431	9.90e-134	492
sampleD_part2	OZ248752	3147883	82.286	525	93	0	1	525	5868	6392	4.61e-132	486
sampleD_part2	OZ248751	3147883	82.286	525	93	0	1	525	5868	6392	4.61e-132	486
sampleD_part2	OZ248750	3147883	82.286	525	93	0	1	525	5870	6394	4.61e-132	486
sampleD_part2	OZ248747	3147883	82.286	525	93	0	1	525	5871	6395	4.61e-132	486
sampleD_part2	OZ248746	3147883	82.286	525	93	0	1	525	5868	6392	4.61e-132	486
sampleD_part2	OZ248745	3147883	82.286	525	93	0	1	525	5871	6395	4.61e-132	486
sampleD_part2	OZ248740	3147883	82.286	525	93	0	1	525	5868	6392	4.61e-132	486
sampleD_part2	OZ248739	3147883	82.286	525	93	0	1	525	5868	6392	4.61e-132	486
sampleD_part2	OZ248737	3147883	82.286	525	93	0	1	525	5868	6392	4.61e-132	486
sampleD_part2	OZ248736	3147883	82.286	525	93	0	1	525	5868	6392	4.61e-132	486
sampleD_part2	OZ248735	3147883	82.286	525	93	0	1	525	5868	6392	4.61e-132	486
sampleD_part2	OZ248733	3146100	82.286	525	93	0	1	525	5868	6392	4.61e-132	486
sampleD_part2	KY776451	44492	82.286	525	93	0	1	525	5915	6439	4.61e-132	486
sampleD_part2	JN980701	241441	82.095	525	94	0	1	525	5916	6440	2.14e-130	481
sampleD_part2	NC_017885	241441	82.095	525	94	0	1	525	5916	6440	2.14e-130	481
sampleD_part2	NC_017878	241440	82.095	525	94	0	1	525	5898	6422	2.14e-130	481
sampleD_part2	NC_017607	573971	86.099	446	58	4	1	444	5908	6351	2.77e-129	477
sampleD_part2	OZ248749	3147883	81.905	525	95	0	1	525	5871	6395	9.97e-129	475
sampleD_part2	JN865214	241441	81.905	525	95	0	1	525	5915	6439	9.97e-129	475
sampleD_part2	NC_023221	260618	81.679	524	96	0	1	524	5919	6442	1.67e-126	468
sampleD_part2	DQ016387	55544	85.811	444	60	3	1	444	9802	10242	1.67e-126	468
sampleD_part2	MH822616	1419816	85.586	444	64	0	1	444	9646	10089	6.00e-126	466
sampleD_part2	NC_031432	176197	81.489	524	97	0	1	524	5911	6434	7.76e-125	462
sampleD_part2	NC_035611	56317;246392	85.360	444	65	0	1	444	6240	6683	2.79e-124	460
sampleD_part2	NC_028566	81630	85.360	444	65	0	1	444	5865	6308	2.79e-124	460
sampleD_part2	EF156844	108146	85.235	447	60	4	1	444	526	969	1.30e-122	455
sampleD_part2	NC_007970	55544	85.169	445	64	2	1	444	9828	10271	1.30e-122	455
sampleD_part2	KP190330	164385	84.719	445	66	2	1	444	526	969	2.81e-119	444
sampleD_part2	KP886942	795746	84.719	445	66	2	1	444	202	645	2.81e-119	444
sampleD_part2	NC_033382	687455	84.807	441	65	2	5	444	5126	5565	1.01e-118	442
sampleD_part2	OQ002172	34949	84.685	444	66	2	2	444	539	981	1.01e-118	442
sampleD_part2	NC_065080	485437	84.494	445	67	2	1	444	5832	6275	1.31e-117	438
sampleD_part2	KY410899	64678	84.529	446	65	4	1	444	5882	6325	1.31e-117	438
sampleD_part2	MT408177	89457	84.842	442	59	7	7	444	5836	6273	1.31e-117	438
sampleD_part2	NC_020141	650642	84.615	442	66	2	4	444	5880	6320	1.31e-117	438
sampleD_part2	MN067840	44495	84.234	444	70	0	1	444	76	519	6.09e-116	433
sampleD_part2	MN067826	44495	84.234	444	70	0	1	444	82	525	6.09e-116	433
sampleD_part2	PP410137	148073	84.354	441	69	0	4	444	5875	6315	6.09e-116	433
sampleD_part2	PP410134	148073	84.354	441	69	0	4	444	5875	6315	6.09e-116	433
sampleD_part2	KR608170	409018	84.389	442	67	2	4	444	529	969	6.09e-116	433
sampleD_part2	KR608168	409018	84.459	444	63	6	4	444	529	969	6.09e-116	433
sampleD_part2	KR608162	409018	84.389	442	67	2	4	444	529	969	6.09e-116	433
sampleD_part2	KR608156	409018	84.389	442	67	2	4	444	529	969	6.09e-116	433
sampleD_part2	KR608155	409018	84.389	442	67	2	4	444	529	969	6.09e-116	433
sampleD_part2	NC_054232	161655	84.234	444	70	0	1	444	5924	6367	6.09e-116	433
sampleD_part2	MT259127	226872	84.270	445	68	2	1	444	5878	6321	6.09e-116	433
sampleD_part2	OR468042	34949	84.234	444	68	2	2	444	539	981	2.19e-115	431
sampleD_part2	OR468041	34949	84.234	444	68	2	2	444	539	981	2.19e-115	431
sampleD_part2	OR468039	34949	84.234	444	68	2	2	444	539	981	2.19e-115	431
sampleD_part2	OR468038	34949	84.234	444	68	2	2	444	539	981	2.19e-115	431
sampleD_part2	OR468037	34949	84.234	444	68	2	2	444	539	981	2.19e-115	431
sampleD_part2	OR468036	34949	84.234	444	68	2	2	444	539	981	2.19e-115	431
sampleD_part2	KJ868160	175810	84.199	443	70	0	2	444	5854	6296	2.19e-115	431
sampleD_part2	PQ216296	27794	98.755	241	3	0	1	241	423	663	7.87e-115	429
sampleD_part2	PP410133	148073	84.163	442	68	2	4	444	5876	6316	2.83e-114	427
sampleD_part2	PP818779	230082	84.116	447	65	5	1	444	6050	6493	2.83e-114	427
sampleD_part2	PP818766	42520	84.045	445	69	2	1	444	6236	6679	2.83e-114	427
sampleD_part2	KY776450	665104	84.152	448	63	6	1	444	5903	6346	2.83e-114	427
sampleD_part2	PP391769	148073	84.163	442	68	2	4	444	5876	6316	2.83e-114	427
sampleD_part2	PP391767	148073	84.163	442	68	2	4	444	5876	6316	2.83e-114	427
sampleD_part2	KR608171	409018	84.163	442	68	2	4	444	529	969	2.83e-114	427
sampleD_part2	KR608169	409018	84.163	442	68	2	4	444	529	969	2.83e-114	427
sampleD_part2	KR608166	409018	84.163	442	68	2	4	444	529	969	2.83e-114	427
sampleD_part2	KR608165	409018	84.163	442	68	2	4	444	529	969	2.83e-114	427
sampleD_part2	KR608154	409018	84.163	442	68	2	4	444	529	969	2.83e-114	427
sampleD_part2	KY100866	161655	84.009	444	71	0	1	444	5926	6369	2.83e-114	427
sampleD_part2	OP524493	564181	84.045	445	69	2	1	444	5841	6284	2.83e-114	427
sampleD_part2	NC_016714	689647	84.009	444	71	0	1	444	5997	6440	2.83e-114	427
sampleD_part2	MT408187	2776657	84.045	445	69	2	1	444	5832	6275	2.83e-114	427
sampleD_part2	MT259126	226872	84.045	445	69	2	1	444	5878	6321	2.83e-114	427
sampleD_part2	PP818762	404336	84.127	441	68	2	5	444	6068	6507	1.02e-113	425
sampleD_part2	OR468043	34949	84.009	444	69	2	2	444	539	981	1.02e-113	425
sampleD_part2	NC_028036	414892	83.973	443	71	0	2	444	5929	6371	1.02e-113	425
sampleD_part2	PX394359	286009	83.784	444	72	0	1	444	9621	10064	1.32e-112	422
sampleD_part2	PX394358	286009	83.784	444	72	0	1	444	9954	10397	1.32e-112	422
sampleD_part2	PX394357	286009	83.784	444	72	0	1	444	9618	10061	1.32e-112	422
sampleD_part2	PX394356	286009	83.784	444	72	0	1	444	9632	10075	1.32e-112	422
sampleD_part2	PX394355	286009	83.784	444	72	0	1	444	9618	10061	1.32e-112	422
sampleD_part2	PX394354	286009	83.784	444	72	0	1	444	9618	10061	1.32e-112	422
sampleD_part2	PX394353	286009	83.784	444	72	0	1	444	9618	10061	1.32e-112	422
sampleD_part2	PX394352	286009	83.784	444	72	0	1	444	8556	8999	1.32e-112	422
sampleD_part2	PX394351	286009	83.784	444	72	0	1	444	9618	10061	1.32e-112	422
sampleD_part2	PX394350	286009	83.784	444	72	0	1	444	9618	10061	1.32e-112	422
sampleD_part2	PX394349	286009	83.784	444	72	0	1	444	9618	10061	1.32e-112	422
sampleD_part2	PX394348	286009	83.784	444	72	0	1	444	9149	9592	1.32e-112	422
sampleD_part2	PX394347	286009	83.784	444	72	0	1	444	9209	9652	1.32e-112	422
sampleD_part2	PX394346	286009	83.784	444	72	0	1	444	8556	8999	1.32e-112	422
sampleD_part2	PX394345	286009	83.784	444	72	0	1	444	9189	9632	1.32e-112	422
sampleD_part2	PX394344	286009	83.784	444	72	0	1	444	9079	9522	1.32e-112	422
sampleD_part2	PX394343	286009	83.784	444	72	0	1	444	9138	9581	1.32e-112	422
sampleD_part2	PX394342	286009	83.784	444	72	0	1	444	9189	9632	1.32e-112	422
sampleD_part2	PX394341	286009	83.784	444	72	0	1	444	8556	8999	1.32e-112	422
sampleD_part2	PX394340	286009	83.784	444	72	0	1	444	9650	10093	1.32e-112	422
sampleD_part2	PX394339	286009	83.784	444	72	0	1	444	9187	9630	1.32e-112	422
sampleD_part2	PX394338	286009	83.784	444	72	0	1	444	8556	8999	1.32e-112	422
sampleD_part2	PX394337	286009	83.784	444	72	0	1	444	9622	10065	1.32e-112	422
sampleD_part2	PX394336	286009	83.784	444	72	0	1	444	9622	10065	1.32e-112	422
sampleD_part2	PX394335	286009	83.784	444	72	0	1	444	9139	9582	1.32e-112	422
sampleD_part2	PX394334	286009	83.784	444	72	0	1	444	9622	10065	1.32e-112	422
sampleD_part2	PX394333	286009	83.784	444	72	0	1	444	9622	10065	1.32e-112	422
sampleD_part2	PX394332	286009	83.784	444	72	0	1	444	9622	10065	1.32e-112	422
sampleD_part2	PX394331	286009	83.784	444	72	0	1	444	9139	9582	1.32e-112	422
sampleD_part2	PX394330	286009	83.784	444	72	0	1	444	9138	9581	1.32e-112	422
sampleD_part2	PX394329	286009	83.784	444	72	0	1	444	9139	9582	1.32e-112	422
sampleD_part2	PX394328	286009	83.784	444	72	0	1	444	8556	8999	1.32e-112	422
sampleD_part2	PX394327	286009	83.784	444	72	0	1	444	9139	9582	1.32e-112	422
sampleD_part2	PX394326	286009	83.784	444	72	0	1	444	9622	10065	1.32e-112	422
sampleD_part2	PX394325	286009	83.784	444	72	0	1	444	9621	10064	1.32e-112	422
sampleD_part2	PX394324	286009	83.784	444	72	0	1	444	9621	10064	1.32e-112	422
sampleD_part2	PX394323	286009	83.784	444	72	0	1	444	9621	10064	1.32e-112	422
sampleD_part2	PX394322	286009	83.784	444	72	0	1	444	9620	10063	1.32e-112	422
sampleD_part2	PX394321	286009	83.784	444	72	0	1	444	9621	10064	1.32e-112	422
sampleD_part2	PX394320	286009	83.784	444	72	0	1	444	9620	10063	1.32e-112	422
sampleD_part2	PX394319	286009	83.784	444	72	0	1	444	9622	10065	1.32e-112	422
sampleD_part2	PX394318	286009	83.784	444	72	0	1	444	9079	9522	1.32e-112	422
sampleD_part2	PX394317	286009	83.784	444	72	0	1	444	9621	10064	1.32e-112	422
sampleD_part2	PX394316	286009	83.784	444	72	0	1	444	10054	10497	1.32e-112	422
sampleD_part2	PX394315	286009	83.784	444	72	0	1	444	9622	10065	1.32e-112	422
sampleD_part2	PX394314	286009	83.784	444	72	0	1	444	9620	10063	1.32e-112	422
sampleD_part2	PX394313	286009	83.784	444	72	0	1	444	9621	10064	1.32e-112	422
sampleD_part2	PX394312	286009	83.784	444	72	0	1	444	9621	10064	1.32e-112	422
sampleD_part2	PX394311	286009	83.784	444	72	0	1	444	9622	10065	1.32e-112	422
sampleD_part2	PX394310	286009	83.784	444	72	0	1	444	9621	10064	1.32e-112	422
sampleD_part2	PX394309	286009	83.784	444	72	0	1	444	9079	9522	1.32e-112	422
sampleD_part2	PX394308	286009	83.784	444	72	0	1	444	9622	10065	1.32e-112	422
sampleD_part2	PX394307	286009	83.784	444	72	0	1	444	8556	8999	1.32e-112	422
sampleD_part2	PX394306	286009	83.784	444	72	0	1	444	9621	10064	1.32e-112	422
sampleD_part2	PX394305	286009	83.784	444	72	0	1	444	9621	10064	1.32e-112	422
sampleD_part2	PX394304	286009	83.784	444	72	0	1	444	9621	10064	1.32e-112	422
sampleD_part2	PX394303	286009	83.784	444	72	0	1	444	9621	10064	1.32e-112	422
sampleD_part2	PX394302	286009	83.784	444	72	0	1	444	9621	10064	1.32e-112	422
sampleD_part2	PX394301	286009	83.784	444	72	0	1	444	9621	10064	1.32e-112	422
sampleD_part2	PX394300	286009	83.784	444	72	0	1	444	9611	10054	1.32e-112	422
sampleD_part2	MN845748	397097	83.820	445	70	2	1	444	5839	6282	1.32e-112	422
sampleD_part2	PP461480	148073	83.973	443	67	3	4	444	5864	6304	1.32e-112	422
sampleD_part2	PP461479	148073	83.973	443	67	3	4	444	5864	6304	1.32e-112	422
sampleD_part2	PP461478	148073	83.973	443	67	3	4	444	5864	6304	1.32e-112	422
sampleD_part2	PP440253	148073	83.900	441	71	0	4	444	5875	6315	1.32e-112	422
sampleD_part2	PP440247	148073	83.900	441	71	0	4	444	5877	6317	1.32e-112	422
sampleD_part2	LR215688	44491	83.929	448	64	7	1	444	5866	6309	1.32e-112	422
sampleD_part2	LR215671	200900	83.893	447	66	4	1	444	5864	6307	1.32e-112	422
sampleD_part2	PP393695	148073	83.900	441	71	0	4	444	5876	6316	1.32e-112	422
sampleD_part2	NC_041284	200900	83.893	447	66	4	1	444	5910	6353	1.32e-112	422
sampleD_part2	PP391758	148073	83.973	443	67	3	4	444	5876	6316	1.32e-112	422
sampleD_part2	NC_035599	56321	83.784	444	72	0	1	444	6257	6700	1.32e-112	422
sampleD_part2	KR608174	409018	83.937	442	69	2	4	444	529	969	1.32e-112	422
sampleD_part2	KR608173	409018	83.937	442	69	2	4	444	529	969	1.32e-112	422
sampleD_part2	KR608158	409018	83.900	441	71	0	4	444	529	969	1.32e-112	422
sampleD_part2	AP011316	303010	83.937	442	69	2	4	444	6014	6454	1.32e-112	422
sampleD_part2	ON528108	56321	83.784	444	72	0	1	444	6163	6606	1.32e-112	422
sampleD_part2	NC_051519	2776656	83.929	448	64	7	1	444	5830	6273	1.32e-112	422
sampleD_part2	NC_015833	337630	83.929	448	64	6	1	444	5995	6438	1.32e-112	422
sampleD_part2	NC_007700	286009	83.784	444	72	0	1	444	7938	8381	1.32e-112	422
sampleD_part2	KR017990	678587	83.747	443	72	0	2	444	478	920	4.74e-112	420
sampleD_part2	NC_020347	1285437	83.900	441	69	2	5	444	5986	6425	4.74e-112	420
sampleD_part2	NC_012414	55542	83.710	442	72	0	2	443	5906	6347	1.70e-111	418
sampleD_part2	PX066903	1833835	83.710	442	70	2	4	444	5887	6327	6.13e-111	416
sampleD_part2	LC880093	9654	83.669	447	67	3	1	444	5886	6329	6.13e-111	416
sampleD_part2	NC_044872	288534	83.632	446	69	3	1	444	5922	6365	6.13e-111	416
sampleD_part2	MH558118	798169	83.559	444	73	0	1	444	526	969	6.13e-111	416
sampleD_part2	MH558117	798169	83.559	444	73	0	1	444	526	969	6.13e-111	416
sampleD_part2	MH558116	798169	83.559	444	73	0	1	444	526	969	6.13e-111	416
sampleD_part2	PP461484	148073	83.673	441	72	0	4	444	5876	6316	6.13e-111	416
sampleD_part2	PP461483	148073	83.673	441	72	0	4	444	5876	6316	6.13e-111	416
sampleD_part2	PP461477	148073	83.673	441	72	0	4	444	5876	6316	6.13e-111	416
sampleD_part2	PP440256	148073	83.673	441	72	0	4	444	5876	6316	6.13e-111	416
sampleD_part2	PP440246	148073	83.747	443	68	3	4	444	5876	6316	6.13e-111	416
sampleD_part2	LR215679	904179	83.669	447	67	5	1	444	5866	6309	6.13e-111	416
sampleD_part2	LR215678	904179	83.669	447	67	5	1	444	5866	6309	6.13e-111	416
sampleD_part2	LR215677	44492	83.669	447	67	4	1	444	5869	6312	6.13e-111	416
sampleD_part2	LR215676	200900	83.669	447	67	5	1	444	5866	6309	6.13e-111	416
sampleD_part2	PQ827083	39089	83.596	445	71	2	1	444	5784	6227	6.13e-111	416
sampleD_part2	PQ827057	39089	83.596	445	71	2	1	444	5784	6227	6.13e-111	416
sampleD_part2	PP393698	148073	83.710	442	70	2	4	444	5876	6316	6.13e-111	416
sampleD_part2	PP393696	148073	83.673	441	72	0	4	444	5876	6316	6.13e-111	416
sampleD_part2	PP410144	148073	83.747	443	68	3	4	444	5877	6317	6.13e-111	416
sampleD_part2	NC_037387	44492	83.559	444	73	0	1	444	5909	6352	6.13e-111	416
sampleD_part2	PP391766	148073	83.673	441	72	0	4	444	5875	6315	6.13e-111	416
sampleD_part2	PP391765	148073	83.673	441	72	0	4	444	5875	6315	6.13e-111	416
sampleD_part2	PP391759	148073	83.747	443	68	3	4	444	5876	6316	6.13e-111	416
sampleD_part2	NC_035815	64678	83.632	446	69	4	1	444	6047	6490	6.13e-111	416
sampleD_part2	OY859728	44492	83.559	444	73	0	1	444	5914	6357	6.13e-111	416
sampleD_part2	KR608167	409018	83.784	444	66	6	4	444	529	969	6.13e-111	416
sampleD_part2	KR608160	409018	83.710	442	70	2	4	444	529	969	6.13e-111	416
sampleD_part2	KR608159	409018	83.710	442	70	2	4	444	529	969	6.13e-111	416
sampleD_part2	KR608147	303307	83.747	443	68	4	4	444	529	969	6.13e-111	416
sampleD_part2	KR608145	1833835	83.710	442	70	2	4	444	529	969	6.13e-111	416
sampleD_part2	NC_086900	148073;3370920	83.747	443	68	3	4	444	5876	6316	6.13e-111	416
sampleD_part2	KT075096	1365548	83.559	444	73	0	1	444	6006	6449	6.13e-111	416
sampleD_part2	KP942535	39089	83.596	445	71	2	1	444	5784	6227	6.13e-111	416
sampleD_part2	KP942531	39089	83.596	445	71	2	1	444	5784	6227	6.13e-111	416
sampleD_part2	KC129171	27787	89.189	333	36	0	1	333	143	475	6.13e-111	416
sampleD_part2	JX101654	439458	83.559	444	73	0	1	444	5858	6301	6.13e-111	416
sampleD_part2	MT408184	2776656	83.705	448	65	7	1	444	5830	6273	6.13e-111	416
sampleD_part2	MT408174	485440	83.705	448	65	7	1	444	5833	6276	6.13e-111	416
sampleD_part2	AP012199	7897	83.559	444	73	0	1	444	6000	6443	6.13e-111	416
sampleD_part2	AP012198	7897	83.559	444	73	0	1	444	6000	6443	6.13e-111	416
sampleD_part2	AP012194	7897	83.559	444	73	0	1	444	6000	6443	6.13e-111	416
sampleD_part2	AP012178	7897	83.559	444	73	0	1	444	6000	6443	6.13e-111	416
sampleD_part2	AP012192	7897	83.559	444	73	0	1	444	6000	6443	6.13e-111	416
sampleD_part2	AP012191	7897	83.559	444	73	0	1	444	6000	6443	6.13e-111	416
sampleD_part2	AP012190	7897	83.559	444	73	0	1	444	6000	6443	6.13e-111	416
sampleD_part2	AP012182	7897	83.559	444	73	0	1	444	6000	6443	6.13e-111	416
sampleD_part2	AP012183	7897	83.559	444	73	0	1	444	6000	6443	6.13e-111	416
sampleD_part2	AB462066	9654	83.669	447	67	3	1	444	526	969	6.13e-111	416
sampleD_part2	AB462046	9654	83.669	447	67	3	1	444	5886	6329	6.13e-111	416
sampleD_part2	AB462045	9654	83.669	447	67	3	1	444	5886	6329	6.13e-111	416
sampleD_part2	HQ172157	44492	83.559	444	73	0	1	444	5915	6358	6.13e-111	416
sampleD_part2	NC_009126	9654	83.669	447	67	3	1	444	8323	8766	6.13e-111	416
sampleD_part2	AB257297	7897	83.559	444	73	0	1	444	6000	6443	6.13e-111	416
sampleD_part2	AB257296	7897	83.559	444	73	0	1	444	6000	6443	6.13e-111	416
sampleD_part2	AY248598	118844	83.559	444	73	0	1	444	145	588	6.13e-111	416
sampleD_part2	MG912796	1137937	84.496	387	60	0	58	444	10096	9710	2.20e-110	414
sampleD_part2	LR968550	1873747	82.836	402	69	0	43	444	5914	6315	3.69e-108	407
sampleD_part2	EF380324	43308	82.313	441	78	0	4	444	484	924	2.22e-105	398
sampleD_part3	PX403006	9606	100.000	108	0	0	385	492	7336	7443	6.26e-46	200
sampleD_part3	PX403006	9606	100.000	74	0	0	1	74	6952	7025	4.98e-27	137
sampleD_part3	PX403005	9606	100.000	108	0	0	385	492	7336	7443	6.26e-46	200
sampleD_part3	PX403005	9606	100.000	74	0	0	1	74	6952	7025	4.98e-27	137
sampleD_part3	PX403004	9606	100.000	108	0	0	385	492	7336	7443	6.26e-46	200
sampleD_part3	PX403004	9606	100.000	75	0	0	1	75	6952	7026	1.39e-27	139
sampleD_part3	PX403003	9606	100.000	108	0	0	385	492	7336	7443	6.26e-46	200
sampleD_part3	PX403003	9606	100.000	74	0	0	1	74	6952	7025	4.98e-27	137
sampleD_part3	PX403002	9606	100.000	108	0	0	385	492	7339	7446	6.26e-46	200
sampleD_part3	PX403002	9606	100.000	74	0	0	1	74	6955	7028	4.98e-27	137
sampleD_part3	PX403001	9606	100.000	108	0	0	385	492	7339	7446	6.26e-46	200
sampleD_part3	PX403001	9606	100.000	74	0	0	1	74	6955	7028	4.98e-27	137
sampleD_part3	PX403000	9606	100.000	108	0	0	385	492	7339	7446	6.26e-46	200
sampleD_part3	PX403000	9606	98.649	74	1	0	1	74	6955	7028	2.32e-25	132
sampleD_part3	PX402999	9606	100.000	108	0	0	385	492	7343	7450	6.26e-46	200
sampleD_part3	PX402999	9606	100.000	74	0	0	1	74	6959	7032	4.98e-27	137
sampleD_part3	PX402998	9606	100.000	108	0	0	385	492	7343	7450	6.26e-46	200
sampleD_part3	PX402998	9606	100.000	74	0	0	1	74	6959	7032	4.98e-27	137
sampleD_part3	PX402997	9606	100.000	108	0	0	385	492	7343	7450	6.26e-46	200
sampleD_part3	PX402997	9606	100.000	74	0	0	1	74	6959	7032	4.98e-27	137
sampleD_part3	PX402996	9606	100.000	108	0	0	385	492	7339	7446	6.26e-46	200
sampleD_part3	PX402996	9606	100.000	74	0	0	1	74	6955	7028	4.98e-27	137
sampleD_part3	PX402995	9606	100.000	108	0	0	385	492	7339	7446	6.26e-46	200
sampleD_part3	PX402995	9606	100.000	74	0	0	1	74	6955	7028	4.98e-27	137
sampleD_part3	PX402993	9606	100.000	108	0	0	385	492	7347	7454	6.26e-46	200
sampleD_part3	PX402993	9606	100.000	74	0	0	1	74	6963	7036	4.98e-27	137
sampleD_part3	PX402992	9606	100.000	108	0	0	385	492	7340	7447	6.26e-46	200
sampleD_part3	PX402992	9606	100.000	74	0	0	1	74	6956	7029	4.98e-27	137
sampleD_part3	PX402991	9606	100.000	108	0	0	385	492	7339	7446	6.26e-46	200
sampleD_part3	PX402991	9606	100.000	74	0	0	1	74	6955	7028	4.98e-27	137
sampleD_part3	PX402990	9606	100.000	108	0	0	385	492	7339	7446	6.26e-46	200
sampleD_part3	PX402990	9606	100.000	74	0	0	1	74	6955	7028	4.98e-27	137
sampleD_part3	PX402989	9606	100.000	108	0	0	385	492	7339	7446	6.26e-46	200
sampleD_part3	PX402989	9606	100.000	74	0	0	1	74	6955	7028	4.98e-27	137
sampleD_part3	PX402985	9606	100.000	108	0	0	385	492	7339	7446	6.26e-46	200
sampleD_part3	PX402985	9606	100.000	74	0	0	1	74	6955	7028	4.98e-27	137
sampleD_part3	PX402984	9606	100.000	108	0	0	385	492	7339	7446	6.26e-46	200
sampleD_part3	PX402984	9606	100.000	74	0	0	1	74	6955	7028	4.98e-27	137
sampleD_part3	PX402981	9606	100.000	108	0	0	385	492	7338	7445	6.26e-46	200
sampleD_part3	PX402981	9606	100.000	75	0	0	1	75	6954	7028	1.39e-27	139
sampleD_part3	PX402980	9606	100.000	108	0	0	385	492	7338	7445	6.26e-46	200
sampleD_part3	PX402980	9606	100.000	74	0	0	1	74	6954	7027	4.98e-27	137
sampleD_part3	PX402979	9606	100.000	108	0	0	385	492	7338	7445	6.26e-46	200
sampleD_part3	PX402979	9606	100.000	74	0	0	1	74	6954	7027	4.98e-27	137
sampleD_part3	PX402978	9606	100.000	108	0	0	385	492	7338	7445	6.26e-46	200
sampleD_part3	PX402978	9606	100.000	74	0	0	1	74	6954	7027	4.98e-27	137
sampleD_part3	PX402977	9606	100.000	108	0	0	385	492	7338	7445	6.26e-46	200
sampleD_part3	PX402977	9606	100.000	74	0	0	1	74	6954	7027	4.98e-27	137
sampleD_part3	PX402976	9606	100.000	108	0	0	385	492	7337	7444	6.26e-46	200
sampleD_part3	PX402976	9606	100.000	74	0	0	1	74	6953	7026	4.98e-27	137
sampleD_part3	PX402974	9606	100.000	108	0	0	385	492	7336	7443	6.26e-46	200
sampleD_part3	PX402974	9606	100.000	74	0	0	1	74	6952	7025	4.98e-27	137
sampleD_part3	PX402973	9606	100.000	108	0	0	385	492	7336	7443	6.26e-46	200
sampleD_part3	PX402973	9606	100.000	74	0	0	1	74	6952	7025	4.98e-27	137
sampleD_part3	PX402972	9606	100.000	108	0	0	385	492	7339	7446	6.26e-46	200
sampleD_part3	PX402972	9606	100.000	74	0	0	1	74	6955	7028	4.98e-27	137
sampleD_part3	PX402971	9606	100.000	108	0	0	385	492	7339	7446	6.26e-46	200
sampleD_part3	PX402971	9606	100.000	74	0	0	1	74	6955	7028	4.98e-27	137
sampleD_part3	PX402970	9606	100.000	108	0	0	385	492	7339	7446	6.26e-46	200
sampleD_part3	PX402970	9606	100.000	74	0	0	1	74	6955	7028	4.98e-27	137
sampleD_part3	PX402969	9606	100.000	108	0	0	385	492	7339	7446	6.26e-46	200
sampleD_part3	PX402969	9606	100.000	74	0	0	1	74	6955	7028	4.98e-27	137
sampleD_part3	PX402968	9606	100.000	108	0	0	385	492	7339	7446	6.26e-46	200
sampleD_part3	PX402968	9606	100.000	74	0	0	1	74	6955	7028	4.98e-27	137
sampleD_part3	PX402967	9606	100.000	108	0	0	385	492	7339	7446	6.26e-46	200
sampleD_part3	PX402967	9606	100.000	74	0	0	1	74	6955	7028	4.98e-27	137
sampleD_part3	PX402966	9606	100.000	108	0	0	385	492	7339	7446	6.26e-46	200
sampleD_part3	PX402966	9606	100.000	75	0	0	1	75	6955	7029	1.39e-27	139
sampleD_part3	PX402965	9606	100.000	108	0	0	385	492	7339	7446	6.26e-46	200
sampleD_part3	PX402965	9606	100.000	74	0	0	1	74	6955	7028	4.98e-27	137
sampleD_part3	PX402964	9606	100.000	108	0	0	385	492	7339	7446	6.26e-46	200
sampleD_part3	PX402964	9606	100.000	74	0	0	1	74	6955	7028	4.98e-27	137
sampleD_part3	PX402963	9606	100.000	108	0	0	385	492	7339	7446	6.26e-46	200
sampleD_part3	PX402963	9606	100.000	74	0	0	1	74	6955	7028	4.98e-27	137
sampleD_part3	PX402962	9606	100.000	108	0	0	385	492	7339	7446	6.26e-46	200
sampleD_part3	PX402962	9606	100.000	74	0	0	1	74	6955	7028	4.98e-27	137
sampleD_part3	PX402961	9606	100.000	108	0	0	385	492	7339	7446	6.26e-46	200
sampleD_part3	PX402961	9606	100.000	74	0	0	1	74	6955	7028	4.98e-27	137
sampleD_part3	PX402960	9606	100.000	108	0	0	385	492	7339	7446	6.26e-46	200
sampleD_part3	PX402960	9606	100.000	74	0	0	1	74	6955	7028	4.98e-27	137
sampleD_part3	PX402959	9606	100.000	108	0	0	385	492	7339	7446	6.26e-46	200
sampleD_part3	PX402959	9606	100.000	75	0	0	1	75	6955	7029	1.39e-27	139
sampleD_part3	PX402958	9606	100.000	108	0	0	385	492	7339	7446	6.26e-46	200
sampleD_part3	PX402958	9606	100.000	74	0	0	1	74	6955	7028	4.98e-27	137
sampleD_part3	PX402957	9606	100.000	108	0	0	385	492	7339	7446	6.26e-46	200
sampleD_part3	PX402957	9606	100.000	74	0	0	1	74	6955	7028	4.98e-27	137
sampleD_part3	PX402956	9606	100.000	108	0	0	385	492	7339	7446	6.26e-46	200
sampleD_part3	PX402956	9606	100.000	74	0	0	1	74	6955	7028	4.98e-27	137
sampleD_part3	PX402955	9606	100.000	108	0	0	385	492	7339	7446	6.26e-46	200
sampleD_part3	PX402955	9606	100.000	74	0	0	1	74	6955	7028	4.98e-27	137
sampleD_part3	PX402954	9606	100.000	108	0	0	385	492	7339	7446	6.26e-46	200
sampleD_part3	PX402954	9606	100.000	74	0	0	1	74	6955	7028	4.98e-27	137
sampleD_part3	PX402953	9606	100.000	108	0	0	385	492	7339	7446	6.26e-46	200
sampleD_part3	PX402953	9606	100.000	74	0	0	1	74	6955	7028	4.98e-27	137
sampleD_part3	PX402952	9606	100.000	108	0	0	385	492	7339	7446	6.26e-46	200
sampleD_part3	PX402952	9606	100.000	74	0	0	1	74	6955	7028	4.98e-27	137
sampleD_part3	PX402951	9606	100.000	108	0	0	385	492	7339	7446	6.26e-46	200
sampleD_part3	PX402951	9606	100.000	74	0	0	1	74	6955	7028	4.98e-27	137
sampleD_part3	PX402950	9606	100.000	108	0	0	385	492	7339	7446	6.26e-46	200
sampleD_part3	PX402950	9606	100.000	74	0	0	1	74	6955	7028	4.98e-27	137
sampleD_part3	PX402949	9606	100.000	108	0	0	385	492	7339	7446	6.26e-46	200
sampleD_part3	PX402949	9606	100.000	74	0	0	1	74	6955	7028	4.98e-27	137
sampleD_part3	PX402947	9606	100.000	108	0	0	385	492	7339	7446	6.26e-46	200
sampleD_part3	PX402947	9606	100.000	74	0	0	1	74	6955	7028	4.98e-27	137
sampleD_part3	PX402946	9606	100.000	108	0	0	385	492	7339	7446	6.26e-46	200
sampleD_part3	PX402946	9606	100.000	74	0	0	1	74	6955	7028	4.98e-27	137
sampleD_part3	PX402944	9606	100.000	108	0	0	385	492	7339	7446	6.26e-46	200
sampleD_part3	PX402944	9606	100.000	74	0	0	1	74	6955	7028	4.98e-27	137
sampleD_part3	PX402943	9606	100.000	108	0	0	385	492	7339	7446	6.26e-46	200
sampleD_part3	PX402943	9606	100.000	74	0	0	1	74	6955	7028	4.98e-27	137
sampleD_part3	PX402942	9606	100.000	108	0	0	385	492	7339	7446	6.26e-46	200
sampleD_part3	PX402942	9606	100.000	74	0	0	1	74	6955	7028	4.98e-27	137
sampleD_part3	PX402941	9606	100.000	108	0	0	385	492	7339	7446	6.26e-46	200
sampleD_part3	PX402941	9606	100.000	74	0	0	1	74	6955	7028	4.98e-27	137
sampleD_part3	PX402940	9606	100.000	108	0	0	385	492	7339	7446	6.26e-46	200
sampleD_part3	PX402940	9606	100.000	74	0	0	1	74	6955	7028	4.98e-27	137
sampleD_part3	PX402939	9606	100.000	108	0	0	385	492	7339	7446	6.26e-46	200
sampleD_part3	PX402939	9606	100.000	74	0	0	1	74	6955	7028	4.98e-27	137
sampleD_part3	PX402938	9606	100.000	108	0	0	385	492	7339	7446	6.26e-46	200
sampleD_part3	PX402938	9606	100.000	75	0	0	1	75	6955	7029	1.39e-27	139
sampleD_part3	PX402937	9606	100.000	108	0	0	385	492	7339	7446	6.26e-46	200
sampleD_part3	PX402937	9606	100.000	74	0	0	1	74	6955	7028	4.98e-27	137
sampleD_part3	PX402936	9606	100.000	108	0	0	385	492	7339	7446	6.26e-46	200
sampleD_part3	PX402936	9606	100.000	74	0	0	1	74	6955	7028	4.98e-27	137
sampleD_part3	PX402935	9606	100.000	108	0	0	385	492	7339	7446	6.26e-46	200
sampleD_part3	PX402935	9606	100.000	74	0	0	1	74	6955	7028	4.98e-27	137
sampleD_part3	PX402934	9606	100.000	108	0	0	385	492	7339	7446	6.26e-46	200
sampleD_part3	PX402934	9606	100.000	74	0	0	1	74	6955	7028	4.98e-27	137
sampleD_part3	PX402933	9606	100.000	108	0	0	385	492	7339	7446	6.26e-46	200
sampleD_part3	PX402933	9606	100.000	74	0	0	1	74	6955	7028	4.98e-27	137
sampleD_part3	PX402932	9606	100.000	108	0	0	385	492	7339	7446	6.26e-46	200
sampleD_part3	PX402932	9606	100.000	74	0	0	1	74	6955	7028	4.98e-27	137
sampleD_part3	PX402931	9606	100.000	108	0	0	385	492	7339	7446	6.26e-46	200
sampleD_part3	PX402931	9606	100.000	74	0	0	1	74	6955	7028	4.98e-27	137
sampleD_part3	PX402930	9606	100.000	108	0	0	385	492	7339	7446	6.26e-46	200
sampleD_part3	PX402930	9606	100.000	74	0	0	1	74	6955	7028	4.98e-27	137
sampleD_part3	PX402929	9606	100.000	108	0	0	385	492	7339	7446	6.26e-46	200
sampleD_part3	PX402929	9606	100.000	75	0	0	1	75	6955	7029	1.39e-27	139
sampleD_part3	PX402928	9606	100.000	108	0	0	385	492	7339	7446	6.26e-46	200
sampleD_part3	PX402928	9606	100.000	74	0	0	1	74	6955	7028	4.98e-27	137
sampleD_part3	PX402927	9606	100.000	108	0	0	385	492	7339	7446	6.26e-46	200
sampleD_part3	PX402927	9606	100.000	75	0	0	1	75	6955	7029	1.39e-27	139
sampleD_part3	PX402926	9606	100.000	108	0	0	385	492	7339	7446	6.26e-46	200
sampleD_part3	PX402926	9606	100.000	74	0	0	1	74	6955	7028	4.98e-27	137
sampleD_part3	PX402925	9606	100.000	108	0	0	385	492	7339	7446	6.26e-46	200
sampleD_part3	PX402925	9606	100.000	74	0	0	1	74	6955	7028	4.98e-27	137
sampleD_part3	PX402924	9606	100.000	108	0	0	385	492	7339	7446	6.26e-46	200
sampleD_part3	PX402924	9606	100.000	74	0	0	1	74	6955	7028	4.98e-27	137
sampleD_part3	PX402923	9606	100.000	108	0	0	385	492	7339	7446	6.26e-46	200
sampleD_part3	PX402923	9606	100.000	75	0	0	1	75	6955	7029	1.39e-27	139
sampleD_part3	PX402922	9606	100.000	108	0	0	385	492	7339	7446	6.26e-46	200
sampleD_part3	PX402922	9606	100.000	74	0	0	1	74	6955	7028	4.98e-27	137
sampleD_part3	PX402921	9606	100.000	108	0	0	385	492	7339	7446	6.26e-46	200
sampleD_part3	PX402921	9606	100.000	74	0	0	1	74	6955	7028	4.98e-27	137
sampleD_part3	PX402919	9606	100.000	108	0	0	385	492	7339	7446	6.26e-46	200
sampleD_part3	PX402919	9606	100.000	75	0	0	1	75	6955	7029	1.39e-27	139
sampleD_part3	PX402918	9606	100.000	108	0	0	385	492	7339	7446	6.26e-46	200
sampleD_part3	PX402918	9606	100.000	74	0	0	1	74	6955	7028	4.98e-27	137
sampleD_part3	PX402917	9606	100.000	108	0	0	385	492	7339	7446	6.26e-46	200
sampleD_part3	PX402917	9606	100.000	74	0	0	1	74	6955	7028	4.98e-27	137
sampleD_part3	PX402916	9606	100.000	108	0	0	385	492	7339	7446	6.26e-46	200
sampleD_part3	PX402916	9606	100.000	74	0	0	1	74	6955	7028	4.98e-27	137
sampleD_part3	PX402915	9606	100.000	108	0	0	385	492	7339	7446	6.26e-46	200
sampleD_part3	PX402915	9606	100.000	75	0	0	1	75	6955	7029	1.39e-27	139
sampleD_part3	PX402914	9606	100.000	108	0	0	385	492	7339	7446	6.26e-46	200
sampleD_part3	PX402914	9606	100.000	74	0	0	1	74	6955	7028	4.98e-27	137
sampleD_part3	PX402913	9606	100.000	108	0	0	385	492	7339	7446	6.26e-46	200
sampleD_part3	PX402913	9606	100.000	74	0	0	1	74	6955	7028	4.98e-27	137
sampleD_part3	PX402912	9606	100.000	108	0	0	385	492	7339	7446	6.26e-46	200
sampleD_part3	PX402912	9606	100.000	75	0	0	1	75	6955	7029	1.39e-27	139
sampleD_part3	PX402911	9606	100.000	108	0	0	385	492	7339	7446	6.26e-46	200
sampleD_part3	PX402911	9606	100.000	74	0	0	1	74	6955	7028	4.98e-27	137
sampleD_part3	PX402910	9606	100.000	108	0	0	385	492	7339	7446	6.26e-46	200
sampleD_part3	PX402910	9606	100.000	74	0	0	1	74	6955	7028	4.98e-27	137
sampleD_part3	PX402909	9606	100.000	108	0	0	385	492	7339	7446	6.26e-46	200
sampleD_part3	PX402909	9606	100.000	74	0	0	1	74	6955	7028	4.98e-27	137
sampleD_part3	PX402908	9606	100.000	108	0	0	385	492	7339	7446	6.26e-46	200
sampleD_part3	PX402908	9606	100.000	74	0	0	1	74	6955	7028	4.98e-27	137
sampleD_part3	PX402907	9606	100.000	108	0	0	385	492	7339	7446	6.26e-46	200
sampleD_part3	PX402907	9606	100.000	74	0	0	1	74	6955	7028	4.98e-27	137
sampleD_part3	PX402906	9606	100.000	108	0	0	385	492	7339	7446	6.26e-46	200
sampleD_part3	PX402906	9606	100.000	74	0	0	1	74	6955	7028	4.98e-27	137
sampleD_part3	PX402905	9606	100.000	108	0	0	385	492	7339	7446	6.26e-46	200
sampleD_part3	PX402905	9606	100.000	74	0	0	1	74	6955	7028	4.98e-27	137
sampleD_part3	PX402904	9606	100.000	108	0	0	385	492	7339	7446	6.26e-46	200
sampleD_part3	PX402904	9606	100.000	74	0	0	1	74	6955	7028	4.98e-27	137
sampleD_part3	PX402902	9606	100.000	108	0	0	385	492	7339	7446	6.26e-46	200
sampleD_part3	PX402902	9606	100.000	74	0	0	1	74	6955	7028	4.98e-27	137
sampleD_part3	PX402901	9606	100.000	108	0	0	385	492	7339	7446	6.26e-46	200
sampleD_part3	PX402901	9606	100.000	74	0	0	1	74	6955	7028	4.98e-27	137
sampleD_part3	PX402900	9606	100.000	108	0	0	385	492	7339	7446	6.26e-46	200
sampleD_part3	PX402900	9606	100.000	74	0	0	1	74	6955	7028	4.98e-27	137
sampleD_part3	PX402899	9606	100.000	108	0	0	385	492	7339	7446	6.26e-46	200
sampleD_part3	PX402899	9606	100.000	74	0	0	1	74	6955	7028	4.98e-27	137
sampleD_part3	PX402898	9606	100.000	108	0	0	385	492	7339	7446	6.26e-46	200
sampleD_part3	PX402898	9606	100.000	74	0	0	1	74	6955	7028	4.98e-27	137
sampleD_part3	PX402897	9606	100.000	108	0	0	385	492	7339	7446	6.26e-46	200
sampleD_part3	PX402897	9606	100.000	74	0	0	1	74	6955	7028	4.98e-27	137
sampleD_part3	PX402896	9606	100.000	108	0	0	385	492	7339	7446	6.26e-46	200
sampleD_part3	PX402896	9606	100.000	74	0	0	1	74	6955	7028	4.98e-27	137
sampleD_part3	PX402895	9606	100.000	108	0	0	385	492	7339	7446	6.26e-46	200
sampleD_part3	PX402895	9606	100.000	74	0	0	1	74	6955	7028	4.98e-27	137
sampleD_part3	PX402894	9606	100.000	108	0	0	385	492	7339	7446	6.26e-46	200
sampleD_part3	PX402894	9606	100.000	74	0	0	1	74	6955	7028	4.98e-27	137
sampleD_part3	PX402893	9606	100.000	108	0	0	385	492	7339	7446	6.26e-46	200
sampleD_part3	PX402893	9606	100.000	74	0	0	1	74	6955	7028	4.98e-27	137
sampleD_part3	PX402892	9606	100.000	108	0	0	385	492	7339	7446	6.26e-46	200
sampleD_part3	PX402892	9606	100.000	74	0	0	1	74	6955	7028	4.98e-27	137
sampleD_part3	PX402891	9606	100.000	108	0	0	385	492	7339	7446	6.26e-46	200
sampleD_part3	PX402891	9606	100.000	74	0	0	1	74	6955	7028	4.98e-27	137
sampleD_part3	PX402890	9606	100.000	108	0	0	385	492	7339	7446	6.26e-46	200
sampleD_part3	PX402890	9606	100.000	74	0	0	1	74	6955	7028	4.98e-27	137
sampleD_part3	PX402889	9606	100.000	108	0	0	385	492	7339	7446	6.26e-46	200
sampleD_part3	PX402889	9606	100.000	74	0	0	1	74	6955	7028	4.98e-27	137
sampleD_part3	PX402888	9606	100.000	108	0	0	385	492	7339	7446	6.26e-46	200
sampleD_part3	PX402888	9606	100.000	75	0	0	1	75	6955	7029	1.39e-27	139
sampleD_part3	PX402887	9606	100.000	108	0	0	385	492	7339	7446	6.26e-46	200
sampleD_part3	PX402887	9606	100.000	74	0	0	1	74	6955	7028	4.98e-27	137
sampleD_part3	PX402886	9606	100.000	108	0	0	385	492	7339	7446	6.26e-46	200
sampleD_part3	PX402886	9606	100.000	74	0	0	1	74	6955	7028	4.98e-27	137
sampleD_part3	PX402885	9606	100.000	108	0	0	385	492	7339	7446	6.26e-46	200
sampleD_part3	PX402885	9606	100.000	74	0	0	1	74	6955	7028	4.98e-27	137
sampleD_part3	PX402884	9606	100.000	108	0	0	385	492	7339	7446	6.26e-46	200
sampleD_part3	PX402884	9606	100.000	75	0	0	1	75	6955	7029	1.39e-27	139
sampleD_part3	PX402882	9606	100.000	108	0	0	385	492	7339	7446	6.26e-46	200
sampleD_part3	PX402882	9606	100.000	75	0	0	1	75	6955	7029	1.39e-27	139
sampleD_part3	PX402881	9606	100.000	108	0	0	385	492	7339	7446	6.26e-46	200
sampleD_part3	PX402881	9606	100.000	74	0	0	1	74	6955	7028	4.98e-27	137
sampleD_part3	PX402880	9606	100.000	108	0	0	385	492	7339	7446	6.26e-46	200
sampleD_part3	PX402880	9606	100.000	74	0	0	1	74	6955	7028	4.98e-27	137
sampleD_part3	PX402879	9606	100.000	108	0	0	385	492	7339	7446	6.26e-46	200
sampleD_part3	PX402879	9606	100.000	74	0	0	1	74	6955	7028	4.98e-27	137
sampleD_part3	PX402878	9606	100.000	108	0	0	385	492	7339	7446	6.26e-46	200
sampleD_part3	PX402878	9606	100.000	74	0	0	1	74	6955	7028	4.98e-27	137
sampleD_part3	PX402877	9606	100.000	108	0	0	385	492	7339	7446	6.26e-46	200
sampleD_part3	PX402877	9606	100.000	74	0	0	1	74	6955	7028	4.98e-27	137
sampleD_part3	PX402876	9606	100.000	108	0	0	385	492	7339	7446	6.26e-46	200
sampleD_part3	PX402876	9606	100.000	74	0	0	1	74	6955	7028	4.98e-27	137
sampleD_part3	PX402875	9606	100.000	108	0	0	385	492	7339	7446	6.26e-46	200
sampleD_part3	PX402875	9606	100.000	74	0	0	1	74	6955	7028	4.98e-27	137
sampleD_part3	PX402874	9606	100.000	108	0	0	385	492	7339	7446	6.26e-46	200
sampleD_part3	PX402874	9606	100.000	74	0	0	1	74	6955	7028	4.98e-27	137
sampleD_part3	PX402872	9606	100.000	108	0	0	385	492	7336	7443	6.26e-46	200
sampleD_part3	PX402872	9606	100.000	74	0	0	1	74	6952	7025	4.98e-27	137
sampleD_part3	PX402870	9606	100.000	108	0	0	385	492	7336	7443	6.26e-46	200
sampleD_part3	PX402870	9606	100.000	74	0	0	1	74	6952	7025	4.98e-27	137
sampleD_part3	PX402869	9606	100.000	108	0	0	385	492	7336	7443	6.26e-46	200
sampleD_part3	PX402869	9606	100.000	74	0	0	1	74	6952	7025	4.98e-27	137
sampleD_part3	PX402868	9606	100.000	108	0	0	385	492	7336	7443	6.26e-46	200
sampleD_part3	PX402868	9606	100.000	74	0	0	1	74	6952	7025	4.98e-27	137
sampleD_part3	PX402867	9606	100.000	108	0	0	385	492	7336	7443	6.26e-46	200
sampleD_part3	PX402867	9606	100.000	74	0	0	1	74	6952	7025	4.98e-27	137
sampleD_part3	PX402866	9606	100.000	108	0	0	385	492	7336	7443	6.26e-46	200
sampleD_part3	PX402866	9606	100.000	74	0	0	1	74	6952	7025	4.98e-27	137
sampleD_part3	PX402865	9606	100.000	108	0	0	385	492	7336	7443	6.26e-46	200
sampleD_part3	PX402865	9606	100.000	74	0	0	1	74	6952	7025	4.98e-27	137
sampleD_part3	PX402864	9606	100.000	108	0	0	385	492	7336	7443	6.26e-46	200
sampleD_part3	PX402864	9606	100.000	74	0	0	1	74	6952	7025	4.98e-27	137
sampleD_part3	PX402863	9606	100.000	108	0	0	385	492	7336	7443	6.26e-46	200
sampleD_part3	PX402863	9606	100.000	74	0	0	1	74	6952	7025	4.98e-27	137
sampleD_part3	PX402862	9606	100.000	108	0	0	385	492	7336	7443	6.26e-46	200
sampleD_part3	PX402862	9606	100.000	74	0	0	1	74	6952	7025	4.98e-27	137
sampleD_part3	PX402855	9606	100.000	108	0	0	385	492	7336	7443	6.26e-46	200
sampleD_part3	PX402855	9606	100.000	74	0	0	1	74	6952	7025	4.98e-27	137
sampleD_part3	PX402854	9606	100.000	108	0	0	385	492	7336	7443	6.26e-46	200
sampleD_part3	PX402854	9606	100.000	74	0	0	1	74	6952	7025	4.98e-27	137
sampleD_part3	PX402853	9606	100.000	108	0	0	385	492	7336	7443	6.26e-46	200
sampleD_part3	PX402853	9606	100.000	74	0	0	1	74	6952	7025	4.98e-27	137
sampleD_part3	PX402852	9606	100.000	108	0	0	385	492	7336	7443	6.26e-46	200
sampleD_part3	PX402852	9606	100.000	74	0	0	1	74	6952	7025	4.98e-27	137
sampleD_part3	PX402851	9606	100.000	108	0	0	385	492	7336	7443	6.26e-46	200
sampleD_part3	PX402851	9606	100.000	74	0	0	1	74	6952	7025	4.98e-27	137
sampleD_part3	PX402850	9606	100.000	108	0	0	385	492	7336	7443	6.26e-46	200
sampleD_part3	PX402850	9606	100.000	74	0	0	1	74	6952	7025	4.98e-27	137
sampleD_part3	PX402849	9606	100.000	108	0	0	385	492	7336	7443	6.26e-46	200
sampleD_part3	PX402849	9606	100.000	74	0	0	1	74	6952	7025	4.98e-27	137
sampleD_part3	PX402848	9606	100.000	108	0	0	385	492	7336	7443	6.26e-46	200
sampleD_part3	PX402848	9606	100.000	74	0	0	1	74	6952	7025	4.98e-27	137
sampleD_part3	PX402847	9606	100.000	108	0	0	385	492	7336	7443	6.26e-46	200
sampleD_part3	PX402847	9606	100.000	74	0	0	1	74	6952	7025	4.98e-27	137
sampleD_part3	PX402846	9606	100.000	108	0	0	385	492	7336	7443	6.26e-46	200
sampleD_part3	PX402846	9606	100.000	74	0	0	1	74	6952	7025	4.98e-27	137
sampleD_part3	PX402845	9606	100.000	108	0	0	385	492	7336	7443	6.26e-46	200
sampleD_part3	PX402845	9606	100.000	74	0	0	1	74	6952	7025	4.98e-27	137
sampleD_part3	PX402843	9606	100.000	108	0	0	385	492	7336	7443	6.26e-46	200
sampleD_part3	PX402843	9606	100.000	74	0	0	1	74	6952	7025	4.98e-27	137
sampleD_part3	PX402842	9606	100.000	108	0	0	385	492	7336	7443	6.26e-46	200
sampleD_part3	PX402842	9606	100.000	74	0	0	1	74	6952	7025	4.98e-27	137
sampleD_part3	PX402841	9606	100.000	108	0	0	385	492	7336	7443	6.26e-46	200
sampleD_part3	PX402841	9606	100.000	74	0	0	1	74	6952	7025	4.98e-27	137
sampleD_part3	PX402840	9606	100.000	108	0	0	385	492	7336	7443	6.26e-46	200
sampleD_part3	PX402840	9606	100.000	74	0	0	1	74	6952	7025	4.98e-27	137
sampleD_part3	PX402838	9606	100.000	108	0	0	385	492	7336	7443	6.26e-46	200
sampleD_part3	PX402838	9606	100.000	74	0	0	1	74	6952	7025	4.98e-27	137
sampleD_part3	PX402837	9606	100.000	108	0	0	385	492	7336	7443	6.26e-46	200
sampleD_part3	PX402837	9606	100.000	74	0	0	1	74	6952	7025	4.98e-27	137
sampleD_part3	PX402836	9606	100.000	108	0	0	385	492	7336	7443	6.26e-46	200
sampleD_part3	PX402836	9606	100.000	74	0	0	1	74	6952	7025	4.98e-27	137
sampleD_part3	PX402835	9606	100.000	108	0	0	385	492	7336	7443	6.26e-46	200
sampleD_part3	PX402835	9606	100.000	74	0	0	1	74	6952	7025	4.98e-27	137
sampleD_part3	PX402834	9606	100.000	108	0	0	385	492	7336	7443	6.26e-46	200
sampleD_part3	PX402834	9606	100.000	74	0	0	1	74	6952	7025	4.98e-27	137
sampleD_part3	PX402833	9606	100.000	108	0	0	385	492	7336	7443	6.26e-46	200
sampleD_part3	PX402833	9606	100.000	74	0	0	1	74	6952	7025	4.98e-27	137
sampleD_part3	PX402832	9606	100.000	108	0	0	385	492	7336	7443	6.26e-46	200
sampleD_part3	PX402832	9606	100.000	74	0	0	1	74	6952	7025	4.98e-27	137
sampleD_part3	PX402831	9606	100.000	108	0	0	385	492	7336	7443	6.26e-46	200
sampleD_part3	PX402831	9606	100.000	74	0	0	1	74	6952	7025	4.98e-27	137
sampleD_part3	PX402830	9606	100.000	108	0	0	385	492	7336	7443	6.26e-46	200
sampleD_part3	PX402830	9606	100.000	74	0	0	1	74	6952	7025	4.98e-27	137
sampleD_part3	PX402829	9606	100.000	108	0	0	385	492	7336	7443	6.26e-46	200
sampleD_part3	PX402829	9606	100.000	74	0	0	1	74	6952	7025	4.98e-27	137
sampleD_part3	PX402828	9606	100.000	108	0	0	385	492	7336	7443	6.26e-46	200
sampleD_part3	PX402828	9606	100.000	74	0	0	1	74	6952	7025	4.98e-27	137
sampleD_part3	PX402814	9606	100.000	108	0	0	385	492	7338	7445	6.26e-46	200
sampleD_part3	PX402814	9606	100.000	74	0	0	1	74	6954	7027	4.98e-27	137
sampleD_part3	PX402813	9606	100.000	108	0	0	385	492	7338	7445	6.26e-46	200
sampleD_part3	PX402813	9606	100.000	74	0	0	1	74	6954	7027	4.98e-27	137
sampleD_part3	PX402812	9606	100.000	108	0	0	385	492	7341	7448	6.26e-46	200
sampleD_part3	PX402812	9606	100.000	74	0	0	1	74	6957	7030	4.98e-27	137
sampleD_part3	PX402811	9606	100.000	108	0	0	385	492	7345	7452	6.26e-46	200
sampleD_part3	PX402811	9606	100.000	74	0	0	1	74	6961	7034	4.98e-27	137
sampleD_part3	PX402810	9606	100.000	108	0	0	385	492	7344	7451	6.26e-46	200
sampleD_part3	PX402810	9606	100.000	74	0	0	1	74	6960	7033	4.98e-27	137
sampleD_part3	PX402809	9606	100.000	108	0	0	385	492	7344	7451	6.26e-46	200
sampleD_part3	PX402809	9606	100.000	74	0	0	1	74	6960	7033	4.98e-27	137
sampleD_part3	PX402808	9606	100.000	108	0	0	385	492	7341	7448	6.26e-46	200
sampleD_part3	PX402808	9606	100.000	74	0	0	1	74	6957	7030	4.98e-27	137
sampleD_part3	PX402807	9606	100.000	108	0	0	385	492	7341	7448	6.26e-46	200
sampleD_part3	PX402807	9606	100.000	74	0	0	1	74	6957	7030	4.98e-27	137
sampleD_part3	PX402806	9606	100.000	108	0	0	385	492	7341	7448	6.26e-46	200
sampleD_part3	PX402806	9606	100.000	74	0	0	1	74	6957	7030	4.98e-27	137
sampleD_part3	PX402805	9606	100.000	108	0	0	385	492	7341	7448	6.26e-46	200
sampleD_part3	PX402805	9606	100.000	74	0	0	1	74	6957	7030	4.98e-27	137
sampleD_part3	PX402804	9606	100.000	108	0	0	385	492	7341	7448	6.26e-46	200
sampleD_part3	PX402804	9606	100.000	74	0	0	1	74	6957	7030	4.98e-27	137
sampleD_part3	PX402803	9606	100.000	108	0	0	385	492	7341	7448	6.26e-46	200
sampleD_part3	PX402803	9606	100.000	74	0	0	1	74	6957	7030	4.98e-27	137
sampleD_part3	PX402802	9606	100.000	108	0	0	385	492	7341	7448	6.26e-46	200
sampleD_part3	PX402802	9606	100.000	74	0	0	1	74	6957	7030	4.98e-27	137
sampleD_part3	PX402801	9606	100.000	108	0	0	385	492	7341	7448	6.26e-46	200
sampleD_part3	PX402801	9606	100.000	74	0	0	1	74	6957	7030	4.98e-27	137
sampleD_part3	PX402800	9606	100.000	108	0	0	385	492	7340	7447	6.26e-46	200
sampleD_part3	PX402800	9606	100.000	75	0	0	1	75	6956	7030	1.39e-27	139
sampleD_part3	PX402799	9606	100.000	108	0	0	385	492	7340	7447	6.26e-46	200
sampleD_part3	PX402799	9606	100.000	75	0	0	1	75	6956	7030	1.39e-27	139
sampleD_part3	PX402798	9606	100.000	108	0	0	385	492	7341	7448	6.26e-46	200
sampleD_part3	PX402798	9606	100.000	74	0	0	1	74	6957	7030	4.98e-27	137
sampleD_part3	PX402797	9606	100.000	108	0	0	385	492	7340	7447	6.26e-46	200
sampleD_part3	PX402797	9606	100.000	74	0	0	1	74	6956	7029	4.98e-27	137
sampleD_part3	PX402796	9606	100.000	108	0	0	385	492	7340	7447	6.26e-46	200
sampleD_part3	PX402796	9606	100.000	75	0	0	1	75	6956	7030	1.39e-27	139
sampleD_part3	PX402795	9606	100.000	108	0	0	385	492	7340	7447	6.26e-46	200
sampleD_part3	PX402795	9606	100.000	74	0	0	1	74	6956	7029	4.98e-27	137
sampleD_part3	PX402794	9606	100.000	108	0	0	385	492	7340	7447	6.26e-46	200
sampleD_part3	PX402794	9606	100.000	74	0	0	1	74	6956	7029	4.98e-27	137
sampleD_part3	PX402790	9606	100.000	108	0	0	385	492	7340	7447	6.26e-46	200
sampleD_part3	PX402790	9606	100.000	74	0	0	1	74	6956	7029	4.98e-27	137
sampleD_part3	PX402789	9606	100.000	108	0	0	385	492	7340	7447	6.26e-46	200
sampleD_part3	PX402789	9606	100.000	74	0	0	1	74	6956	7029	4.98e-27	137
sampleD_part3	PX402787	9606	100.000	108	0	0	385	492	7339	7446	6.26e-46	200
sampleD_part3	PX402787	9606	100.000	74	0	0	1	74	6955	7028	4.98e-27	137
sampleD_part3	PX402786	9606	100.000	108	0	0	385	492	7339	7446	6.26e-46	200
sampleD_part3	PX402786	9606	100.000	74	0	0	1	74	6955	7028	4.98e-27	137
sampleD_part3	PX402785	9606	100.000	108	0	0	385	492	7339	7446	6.26e-46	200
sampleD_part3	PX402785	9606	100.000	75	0	0	1	75	6955	7029	1.39e-27	139
sampleD_part3	PX402784	9606	100.000	108	0	0	385	492	7340	7447	6.26e-46	200
sampleD_part3	PX402784	9606	100.000	74	0	0	1	74	6956	7029	4.98e-27	137
sampleD_part3	PX402783	9606	100.000	108	0	0	385	492	7340	7447	6.26e-46	200
sampleD_part3	PX402783	9606	100.000	74	0	0	1	74	6956	7029	4.98e-27	137
sampleD_part3	PX402782	9606	100.000	108	0	0	385	492	7340	7447	6.26e-46	200
sampleD_part3	PX402782	9606	100.000	74	0	0	1	74	6956	7029	4.98e-27	137
sampleD_part3	PX402779	9606	100.000	108	0	0	385	492	7339	7446	6.26e-46	200
sampleD_part3	PX402779	9606	100.000	74	0	0	1	74	6955	7028	4.98e-27	137
sampleD_part3	PX402778	9606	100.000	108	0	0	385	492	7339	7446	6.26e-46	200
sampleD_part3	PX402778	9606	100.000	74	0	0	1	74	6955	7028	4.98e-27	137
sampleD_part3	PX402777	9606	100.000	108	0	0	385	492	7339	7446	6.26e-46	200
sampleD_part3	PX402777	9606	100.000	74	0	0	1	74	6955	7028	4.98e-27	137
sampleD_part3	PX402776	9606	100.000	108	0	0	385	492	7339	7446	6.26e-46	200
sampleD_part3	PX402776	9606	100.000	74	0	0	1	74	6955	7028	4.98e-27	137
sampleD_part3	PX402775	9606	100.000	108	0	0	385	492	7339	7446	6.26e-46	200
sampleD_part3	PX402775	9606	100.000	74	0	0	1	74	6955	7028	4.98e-27	137
sampleD_part3	PX402774	9606	100.000	108	0	0	385	492	7339	7446	6.26e-46	200
sampleD_part3	PX402774	9606	100.000	74	0	0	1	74	6955	7028	4.98e-27	137
sampleD_part3	PX402773	9606	100.000	108	0	0	385	492	7339	7446	6.26e-46	200
sampleD_part3	PX402773	9606	100.000	74	0	0	1	74	6955	7028	4.98e-27	137
sampleD_part3	PX402771	9606	100.000	108	0	0	385	492	7338	7445	6.26e-46	200
sampleD_part3	PX402771	9606	100.000	74	0	0	1	74	6954	7027	4.98e-27	137
sampleD_part3	PX402770	9606	100.000	108	0	0	385	492	7339	7446	6.26e-46	200
sampleD_part3	PX402770	9606	100.000	74	0	0	1	74	6955	7028	4.98e-27	137
sampleD_part3	PX402769	9606	100.000	108	0	0	385	492	7339	7446	6.26e-46	200
sampleD_part3	PX402769	9606	100.000	74	0	0	1	74	6955	7028	4.98e-27	137
sampleD_part3	PX402768	9606	100.000	108	0	0	385	492	7346	7453	6.26e-46	200
sampleD_part3	PX402768	9606	100.000	74	0	0	1	74	6962	7035	4.98e-27	137
sampleD_part3	PX402767	9606	100.000	108	0	0	385	492	7338	7445	6.26e-46	200
sampleD_part3	PX402767	9606	100.000	74	0	0	1	74	6954	7027	4.98e-27	137
sampleD_part3	PX402766	9606	100.000	108	0	0	385	492	7338	7445	6.26e-46	200
sampleD_part3	PX402766	9606	100.000	74	0	0	1	74	6954	7027	4.98e-27	137
sampleD_part3	PX402765	9606	100.000	108	0	0	385	492	7338	7445	6.26e-46	200
sampleD_part3	PX402765	9606	100.000	74	0	0	1	74	6954	7027	4.98e-27	137
sampleD_part3	PX402763	9606	100.000	108	0	0	385	492	7338	7445	6.26e-46	200
sampleD_part3	PX402763	9606	100.000	74	0	0	1	74	6954	7027	4.98e-27	137
sampleD_part3	PX402762	9606	100.000	108	0	0	385	492	7338	7445	6.26e-46	200
sampleD_part3	PX402762	9606	100.000	74	0	0	1	74	6954	7027	4.98e-27	137
sampleD_part3	PX402761	9606	100.000	108	0	0	385	492	7338	7445	6.26e-46	200
sampleD_part3	PX402761	9606	100.000	74	0	0	1	74	6954	7027	4.98e-27	137
sampleD_part3	PX402760	9606	100.000	108	0	0	385	492	7342	7449	6.26e-46	200
sampleD_part3	PX402760	9606	100.000	74	0	0	1	74	6958	7031	4.98e-27	137
sampleD_part3	PX402759	9606	100.000	108	0	0	385	492	7342	7449	6.26e-46	200
sampleD_part3	PX402759	9606	100.000	74	0	0	1	74	6958	7031	4.98e-27	137
sampleD_part3	PX402758	9606	100.000	108	0	0	385	492	7338	7445	6.26e-46	200
sampleD_part3	PX402758	9606	100.000	74	0	0	1	74	6954	7027	4.98e-27	137
sampleD_part3	PX402757	9606	100.000	108	0	0	385	492	7338	7445	6.26e-46	200
sampleD_part3	PX402757	9606	100.000	74	0	0	1	74	6954	7027	4.98e-27	137
sampleD_part3	PX402756	9606	100.000	108	0	0	385	492	7339	7446	6.26e-46	200
sampleD_part3	PX402756	9606	100.000	74	0	0	1	74	6955	7028	4.98e-27	137
sampleD_part3	PX402755	9606	100.000	108	0	0	385	492	7338	7445	6.26e-46	200
sampleD_part3	PX402755	9606	100.000	74	0	0	1	74	6954	7027	4.98e-27	137
sampleD_part3	PX402754	9606	100.000	108	0	0	385	492	7338	7445	6.26e-46	200
sampleD_part3	PX402754	9606	100.000	74	0	0	1	74	6954	7027	4.98e-27	137
sampleD_part3	PX402753	9606	100.000	108	0	0	385	492	7338	7445	6.26e-46	200
sampleD_part3	PX402753	9606	100.000	74	0	0	1	74	6954	7027	4.98e-27	137
sampleD_part3	PX402752	9606	100.000	108	0	0	385	492	7338	7445	6.26e-46	200
sampleD_part3	PX402752	9606	100.000	74	0	0	1	74	6954	7027	4.98e-27	137
sampleD_part3	PX402751	9606	100.000	108	0	0	385	492	7338	7445	6.26e-46	200
sampleD_part3	PX402751	9606	100.000	74	0	0	1	74	6954	7027	4.98e-27	137
sampleD_part3	PX402750	9606	100.000	108	0	0	385	492	7338	7445	6.26e-46	200
sampleD_part3	PX402750	9606	100.000	74	0	0	1	74	6954	7027	4.98e-27	137
sampleD_part3	PX402749	9606	100.000	108	0	0	385	492	7338	7445	6.26e-46	200
sampleD_part3	PX402749	9606	100.000	74	0	0	1	74	6954	7027	4.98e-27	137
sampleD_part3	PX402748	9606	100.000	108	0	0	385	492	7338	7445	6.26e-46	200
sampleD_part3	PX402748	9606	100.000	74	0	0	1	74	6954	7027	4.98e-27	137
sampleD_part3	PX402747	9606	100.000	108	0	0	385	492	7338	7445	6.26e-46	200
sampleD_part3	PX402747	9606	100.000	74	0	0	1	74	6954	7027	4.98e-27	137
sampleD_part3	PX402743	9606	100.000	108	0	0	385	492	7338	7445	6.26e-46	200
sampleD_part3	PX402743	9606	100.000	74	0	0	1	74	6954	7027	4.98e-27	137
sampleD_part3	PX402741	9606	100.000	108	0	0	385	492	7338	7445	6.26e-46	200
sampleD_part3	PX402741	9606	100.000	74	0	0	1	74	6954	7027	4.98e-27	137
sampleD_part3	PX402735	9606	100.000	108	0	0	385	492	7338	7445	6.26e-46	200
sampleD_part3	PX402735	9606	100.000	74	0	0	1	74	6954	7027	4.98e-27	137
sampleD_part3	PX402734	9606	100.000	108	0	0	385	492	7338	7445	6.26e-46	200
sampleD_part3	PX402734	9606	100.000	74	0	0	1	74	6954	7027	4.98e-27	137
sampleD_part3	PX402733	9606	100.000	108	0	0	385	492	7338	7445	6.26e-46	200
sampleD_part3	PX402733	9606	100.000	74	0	0	1	74	6954	7027	4.98e-27	137
sampleD_part3	PX402730	9606	100.000	108	0	0	385	492	7338	7445	6.26e-46	200
sampleD_part3	PX402730	9606	100.000	74	0	0	1	74	6954	7027	4.98e-27	137
sampleD_part3	PX402729	9606	100.000	108	0	0	385	492	7338	7445	6.26e-46	200
sampleD_part3	PX402729	9606	100.000	74	0	0	1	74	6954	7027	4.98e-27	137
sampleD_part3	PX402728	9606	100.000	108	0	0	385	492	7338	7445	6.26e-46	200
sampleD_part3	PX402728	9606	100.000	74	0	0	1	74	6954	7027	4.98e-27	137
sampleD_part3	PX402727	9606	100.000	108	0	0	385	492	7337	7444	6.26e-46	200
sampleD_part3	PX402727	9606	100.000	75	0	0	1	75	6953	7027	1.39e-27	139
sampleD_part3	PX402726	9606	100.000	108	0	0	385	492	7337	7444	6.26e-46	200
sampleD_part3	PX402726	9606	100.000	74	0	0	1	74	6953	7026	4.98e-27	137
sampleD_part3	PX402725	9606	100.000	108	0	0	385	492	7337	7444	6.26e-46	200
sampleD_part3	PX402725	9606	100.000	74	0	0	1	74	6953	7026	4.98e-27	137
sampleD_part3	PX402724	9606	100.000	108	0	0	385	492	7337	7444	6.26e-46	200
sampleD_part3	PX402724	9606	100.000	74	0	0	1	74	6953	7026	4.98e-27	137
sampleD_part3	PX402723	9606	100.000	108	0	0	385	492	7338	7445	6.26e-46	200
sampleD_part3	PX402723	9606	100.000	74	0	0	1	74	6954	7027	4.98e-27	137
sampleD_part3	PX402722	9606	100.000	108	0	0	385	492	7337	7444	6.26e-46	200
sampleD_part3	PX402722	9606	100.000	74	0	0	1	74	6953	7026	4.98e-27	137
sampleD_part3	PX402721	9606	100.000	108	0	0	385	492	7337	7444	6.26e-46	200
sampleD_part3	PX402721	9606	100.000	74	0	0	1	74	6953	7026	4.98e-27	137
sampleD_part3	PX402720	9606	100.000	108	0	0	385	492	7337	7444	6.26e-46	200
sampleD_part3	PX402720	9606	100.000	74	0	0	1	74	6953	7026	4.98e-27	137
sampleD_part3	PX402719	9606	100.000	108	0	0	385	492	7337	7444	6.26e-46	200
sampleD_part3	PX402719	9606	100.000	74	0	0	1	74	6953	7026	4.98e-27	137
sampleD_part3	PX402718	9606	100.000	108	0	0	385	492	7337	7444	6.26e-46	200
sampleD_part3	PX402718	9606	100.000	74	0	0	1	74	6953	7026	4.98e-27	137
sampleD_part3	PX402716	9606	100.000	108	0	0	385	492	7337	7444	6.26e-46	200
sampleD_part3	PX402716	9606	100.000	74	0	0	1	74	6953	7026	4.98e-27	137
sampleD_part3	PX402715	9606	100.000	108	0	0	385	492	7336	7443	6.26e-46	200
sampleD_part3	PX402715	9606	100.000	74	0	0	1	74	6952	7025	4.98e-27	137
sampleD_part3	PX402714	9606	100.000	108	0	0	385	492	7336	7443	6.26e-46	200
sampleD_part3	PX402714	9606	100.000	74	0	0	1	74	6952	7025	4.98e-27	137
sampleD_part3	PX402713	9606	100.000	108	0	0	385	492	7336	7443	6.26e-46	200
sampleD_part3	PX402713	9606	100.000	74	0	0	1	74	6952	7025	4.98e-27	137
sampleD_part3	PX402712	9606	100.000	108	0	0	385	492	7336	7443	6.26e-46	200
sampleD_part3	PX402712	9606	100.000	74	0	0	1	74	6952	7025	4.98e-27	137
sampleD_part3	PX402711	9606	100.000	108	0	0	385	492	7336	7443	6.26e-46	200
sampleD_part3	PX402711	9606	100.000	74	0	0	1	74	6952	7025	4.98e-27	137
sampleD_part3	PX402710	9606	100.000	108	0	0	385	492	7336	7443	6.26e-46	200
sampleD_part3	PX402710	9606	100.000	74	0	0	1	74	6952	7025	4.98e-27	137
sampleD_part3	PX402709	9606	100.000	108	0	0	385	492	7336	7443	6.26e-46	200
sampleD_part3	PX402709	9606	100.000	74	0	0	1	74	6952	7025	4.98e-27	137
sampleD_part3	PX402708	9606	100.000	108	0	0	385	492	7336	7443	6.26e-46	200
sampleD_part3	PX402708	9606	100.000	74	0	0	1	74	6952	7025	4.98e-27	137
sampleD_part3	PX402707	9606	100.000	108	0	0	385	492	7336	7443	6.26e-46	200
sampleD_part3	PX402707	9606	100.000	74	0	0	1	74	6952	7025	4.98e-27	137
sampleD_part3	PX402706	9606	100.000	108	0	0	385	492	7336	7443	6.26e-46	200
sampleD_part3	PX402706	9606	100.000	74	0	0	1	74	6952	7025	4.98e-27	137
sampleD_part3	PX402705	9606	100.000	108	0	0	385	492	7336	7443	6.26e-46	200
sampleD_part3	PX402705	9606	100.000	74	0	0	1	74	6952	7025	4.98e-27	137
sampleD_part3	PX402704	9606	100.000	108	0	0	385	492	7336	7443	6.26e-46	200
sampleD_part3	PX402704	9606	100.000	74	0	0	1	74	6952	7025	4.98e-27	137
sampleD_part3	PX402703	9606	100.000	108	0	0	385	492	7336	7443	6.26e-46	200
sampleD_part3	PX402703	9606	100.000	74	0	0	1	74	6952	7025	4.98e-27	137
sampleD_part3	PX402702	9606	100.000	108	0	0	385	492	7336	7443	6.26e-46	200
sampleD_part3	PX402702	9606	100.000	74	0	0	1	74	6952	7025	4.98e-27	137
sampleD_part3	PX402701	9606	100.000	108	0	0	385	492	7336	7443	6.26e-46	200
sampleD_part3	PX402701	9606	100.000	74	0	0	1	74	6952	7025	4.98e-27	137
sampleD_part3	PX402700	9606	100.000	108	0	0	385	492	7336	7443	6.26e-46	200
sampleD_part3	PX402700	9606	100.000	74	0	0	1	74	6952	7025	4.98e-27	137
sampleD_part3	PX402699	9606	100.000	108	0	0	385	492	7336	7443	6.26e-46	200
sampleD_part3	PX402699	9606	100.000	74	0	0	1	74	6952	7025	4.98e-27	137
sampleD_part3	PX402698	9606	100.000	108	0	0	385	492	7336	7443	6.26e-46	200
sampleD_part3	PX402698	9606	100.000	74	0	0	1	74	6952	7025	4.98e-27	137
sampleD_part3	PX402697	9606	100.000	108	0	0	385	492	7336	7443	6.26e-46	200
sampleD_part3	PX402697	9606	100.000	74	0	0	1	74	6952	7025	4.98e-27	137
sampleD_part3	PX402696	9606	100.000	108	0	0	385	492	7336	7443	6.26e-46	200
sampleD_part3	PX402696	9606	100.000	74	0	0	1	74	6952	7025	4.98e-27	137
sampleD_part3	PX402695	9606	100.000	108	0	0	385	492	7336	7443	6.26e-46	200
sampleD_part3	PX402695	9606	100.000	74	0	0	1	74	6952	7025	4.98e-27	137
sampleD_part3	PX402694	9606	100.000	108	0	0	385	492	7336	7443	6.26e-46	200
sampleD_part3	PX402694	9606	100.000	74	0	0	1	74	6952	7025	4.98e-27	137
sampleD_part3	PX402693	9606	100.000	108	0	0	385	492	7336	7443	6.26e-46	200
sampleD_part3	PX402693	9606	100.000	74	0	0	1	74	6952	7025	4.98e-27	137
sampleD_part3	PX402691	9606	100.000	108	0	0	385	492	7336	7443	6.26e-46	200
sampleD_part3	PX402691	9606	100.000	74	0	0	1	74	6952	7025	4.98e-27	137
sampleD_part3	PX402689	9606	100.000	108	0	0	385	492	7340	7447	6.26e-46	200
sampleD_part3	PX402689	9606	100.000	74	0	0	1	74	6956	7029	4.98e-27	137
sampleD_part3	PX402688	9606	100.000	108	0	0	385	492	7340	7447	6.26e-46	200
sampleD_part3	PX402688	9606	100.000	74	0	0	1	74	6956	7029	4.98e-27	137
sampleD_part3	PX402687	9606	100.000	108	0	0	385	492	7340	7447	6.26e-46	200
sampleD_part3	PX402687	9606	100.000	74	0	0	1	74	6956	7029	4.98e-27	137
sampleD_part3	PX402686	9606	100.000	108	0	0	385	492	7340	7447	6.26e-46	200
sampleD_part3	PX402686	9606	100.000	74	0	0	1	74	6956	7029	4.98e-27	137
sampleD_part3	PX402685	9606	100.000	108	0	0	385	492	7340	7447	6.26e-46	200
sampleD_part3	PX402685	9606	100.000	74	0	0	1	74	6956	7029	4.98e-27	137
sampleD_part3	PX402684	9606	100.000	108	0	0	385	492	7340	7447	6.26e-46	200
sampleD_part3	PX402684	9606	100.000	74	0	0	1	74	6956	7029	4.98e-27	137
sampleD_part3	PX402683	9606	100.000	108	0	0	385	492	7340	7447	6.26e-46	200
sampleD_part3	PX402683	9606	100.000	74	0	0	1	74	6956	7029	4.98e-27	137
sampleD_part3	PX402682	9606	100.000	108	0	0	385	492	7340	7447	6.26e-46	200
sampleD_part3	PX402682	9606	100.000	74	0	0	1	74	6956	7029	4.98e-27	137
sampleD_part3	PX402681	9606	100.000	108	0	0	385	492	7340	7447	6.26e-46	200
sampleD_part3	PX402681	9606	100.000	75	0	0	1	75	6956	7030	1.39e-27	139
sampleD_part3	PX402680	9606	100.000	108	0	0	385	492	7340	7447	6.26e-46	200
sampleD_part3	PX402680	9606	100.000	74	0	0	1	74	6956	7029	4.98e-27	137
sampleD_part3	PX402679	9606	100.000	108	0	0	385	492	7340	7447	6.26e-46	200
sampleD_part3	PX402679	9606	100.000	75	0	0	1	75	6956	7030	1.39e-27	139
sampleD_part3	PX402678	9606	100.000	108	0	0	385	492	7340	7447	6.26e-46	200
sampleD_part3	PX402678	9606	100.000	74	0	0	1	74	6956	7029	4.98e-27	137
sampleD_part3	PX402677	9606	100.000	108	0	0	385	492	7340	7447	6.26e-46	200
sampleD_part3	PX402677	9606	100.000	74	0	0	1	74	6956	7029	4.98e-27	137
sampleD_part3	PX402676	9606	100.000	108	0	0	385	492	7340	7447	6.26e-46	200
sampleD_part3	PX402676	9606	100.000	74	0	0	1	74	6956	7029	4.98e-27	137
sampleD_part3	PX402675	9606	100.000	108	0	0	385	492	7340	7447	6.26e-46	200
sampleD_part3	PX402675	9606	100.000	74	0	0	1	74	6956	7029	4.98e-27	137
sampleD_part3	PX402674	9606	100.000	108	0	0	385	492	7340	7447	6.26e-46	200
sampleD_part3	PX402674	9606	100.000	75	0	0	1	75	6956	7030	1.39e-27	139
sampleD_part3	PX402673	9606	100.000	108	0	0	385	492	7340	7447	6.26e-46	200
sampleD_part3	PX402673	9606	100.000	74	0	0	1	74	6956	7029	4.98e-27	137
sampleD_part3	PX402672	9606	100.000	108	0	0	385	492	7340	7447	6.26e-46	200
sampleD_part3	PX402672	9606	100.000	74	0	0	1	74	6956	7029	4.98e-27	137
sampleD_part3	PX402671	9606	100.000	108	0	0	385	492	7340	7447	6.26e-46	200
sampleD_part3	PX402671	9606	100.000	74	0	0	1	74	6956	7029	4.98e-27	137
sampleD_part3	PX402670	9606	100.000	108	0	0	385	492	7340	7447	6.26e-46	200
sampleD_part3	PX402670	9606	100.000	74	0	0	1	74	6956	7029	4.98e-27	137
sampleD_part3	PX402669	9606	100.000	108	0	0	385	492	7340	7447	6.26e-46	200
sampleD_part3	PX402669	9606	100.000	74	0	0	1	74	6956	7029	4.98e-27	137
sampleD_part3	PX402668	9606	100.000	108	0	0	385	492	7340	7447	6.26e-46	200
sampleD_part3	PX402668	9606	100.000	74	0	0	1	74	6956	7029	4.98e-27	137
sampleD_part3	PX402667	9606	100.000	108	0	0	385	492	7340	7447	6.26e-46	200
sampleD_part3	PX402667	9606	100.000	74	0	0	1	74	6956	7029	4.98e-27	137
sampleD_part3	PX402666	9606	100.000	108	0	0	385	492	7340	7447	6.26e-46	200
sampleD_part3	PX402666	9606	100.000	75	0	0	1	75	6956	7030	1.39e-27	139
sampleD_part3	PX402665	9606	100.000	108	0	0	385	492	7340	7447	6.26e-46	200
sampleD_part3	PX402665	9606	100.000	74	0	0	1	74	6956	7029	4.98e-27	137
sampleD_part3	PX402664	9606	100.000	108	0	0	385	492	7340	7447	6.26e-46	200
sampleD_part3	PX402664	9606	100.000	74	0	0	1	74	6956	7029	4.98e-27	137
sampleD_part3	PX402663	9606	100.000	108	0	0	385	492	7340	7447	6.26e-46	200
sampleD_part3	PX402663	9606	100.000	74	0	0	1	74	6956	7029	4.98e-27	137
sampleD_part3	PX402662	9606	100.000	108	0	0	385	492	7340	7447	6.26e-46	200
sampleD_part3	PX402662	9606	100.000	74	0	0	1	74	6956	7029	4.98e-27	137
sampleD_part3	PX402661	9606	100.000	108	0	0	385	492	7340	7447	6.26e-46	200
sampleD_part3	PX402661	9606	100.000	74	0	0	1	74	6956	7029	4.98e-27	137
sampleD_part3	PX402660	9606	100.000	108	0	0	385	492	7340	7447	6.26e-46	200
sampleD_part3	PX402660	9606	100.000	74	0	0	1	74	6956	7029	4.98e-27	137
sampleD_part3	PX402659	9606	100.000	108	0	0	385	492	7340	7447	6.26e-46	200
sampleD_part3	PX402659	9606	100.000	74	0	0	1	74	6956	7029	4.98e-27	137
sampleD_part3	PX402658	9606	100.000	108	0	0	385	492	7338	7445	6.26e-46	200
sampleD_part3	PX402658	9606	100.000	74	0	0	1	74	6954	7027	4.98e-27	137
sampleD_part3	PX402657	9606	100.000	108	0	0	385	492	7338	7445	6.26e-46	200
sampleD_part3	PX402657	9606	100.000	74	0	0	1	74	6954	7027	4.98e-27	137
sampleD_part3	PX402656	9606	100.000	108	0	0	385	492	7338	7445	6.26e-46	200
sampleD_part3	PX402656	9606	100.000	74	0	0	1	74	6954	7027	4.98e-27	137
sampleD_part3	PX402655	9606	100.000	108	0	0	385	492	7338	7445	6.26e-46	200
sampleD_part3	PX402655	9606	100.000	74	0	0	1	74	6954	7027	4.98e-27	137
sampleD_part3	PX402654	9606	100.000	108	0	0	385	492	7338	7445	6.26e-46	200
sampleD_part3	PX402654	9606	100.000	74	0	0	1	74	6954	7027	4.98e-27	137
sampleD_part3	PX402653	9606	100.000	108	0	0	385	492	7337	7444	6.26e-46	200
sampleD_part3	PX402653	9606	100.000	74	0	0	1	74	6953	7026	4.98e-27	137
sampleD_part3	PX402652	9606	100.000	108	0	0	385	492	7337	7444	6.26e-46	200
sampleD_part3	PX402652	9606	100.000	74	0	0	1	74	6953	7026	4.98e-27	137
sampleD_part3	PX402651	9606	100.000	108	0	0	385	492	7337	7444	6.26e-46	200
sampleD_part3	PX402651	9606	100.000	74	0	0	1	74	6953	7026	4.98e-27	137
sampleD_part3	PX402650	9606	100.000	108	0	0	385	492	7337	7444	6.26e-46	200
sampleD_part3	PX402650	9606	100.000	74	0	0	1	74	6953	7026	4.98e-27	137
sampleD_part3	PX402649	9606	100.000	108	0	0	385	492	7337	7444	6.26e-46	200
sampleD_part3	PX402649	9606	100.000	74	0	0	1	74	6953	7026	4.98e-27	137
sampleD_part3	PX402648	9606	100.000	108	0	0	385	492	7337	7444	6.26e-46	200
sampleD_part3	PX402648	9606	100.000	74	0	0	1	74	6953	7026	4.98e-27	137
sampleD_part3	PX402647	9606	100.000	108	0	0	385	492	7337	7444	6.26e-46	200
sampleD_part3	PX402647	9606	100.000	74	0	0	1	74	6953	7026	4.98e-27	137
sampleD_part3	PX402646	9606	100.000	108	0	0	385	492	7337	7444	6.26e-46	200
sampleD_part3	PX402646	9606	100.000	74	0	0	1	74	6953	7026	4.98e-27	137
sampleD_part3	PX402645	9606	100.000	108	0	0	385	492	7337	7444	6.26e-46	200
sampleD_part3	PX402645	9606	100.000	74	0	0	1	74	6953	7026	4.98e-27	137
sampleD_part3	PX402644	9606	100.000	108	0	0	385	492	7337	7444	6.26e-46	200
sampleD_part3	PX402644	9606	100.000	74	0	0	1	74	6953	7026	4.98e-27	137
sampleD_part3	PX402643	9606	100.000	108	0	0	385	492	7337	7444	6.26e-46	200
sampleD_part3	PX402643	9606	100.000	74	0	0	1	74	6953	7026	4.98e-27	137
sampleD_part3	PX402642	9606	100.000	108	0	0	385	492	7337	7444	6.26e-46	200
sampleD_part3	PX402642	9606	100.000	74	0	0	1	74	6953	7026	4.98e-27	137
sampleD_part3	PX402641	9606	100.000	108	0	0	385	492	7337	7444	6.26e-46	200
sampleD_part3	PX402641	9606	100.000	74	0	0	1	74	6953	7026	4.98e-27	137
sampleD_part3	PX402639	9606	100.000	108	0	0	385	492	7337	7444	6.26e-46	200
sampleD_part3	PX402639	9606	100.000	74	0	0	1	74	6953	7026	4.98e-27	137
sampleD_part3	PX402638	9606	100.000	108	0	0	385	492	7337	7444	6.26e-46	200
sampleD_part3	PX402638	9606	100.000	74	0	0	1	74	6953	7026	4.98e-27	137
sampleD_part3	PX402637	9606	100.000	108	0	0	385	492	7337	7444	6.26e-46	200
sampleD_part3	PX402637	9606	100.000	74	0	0	1	74	6953	7026	4.98e-27	137
sampleD_part3	PX402636	9606	100.000	108	0	0	385	492	7337	7444	6.26e-46	200
sampleD_part3	PX402636	9606	100.000	74	0	0	1	74	6953	7026	4.98e-27	137
sampleD_part3	PX402635	9606	100.000	108	0	0	385	492	7337	7444	6.26e-46	200
sampleD_part3	PX402635	9606	100.000	74	0	0	1	74	6953	7026	4.98e-27	137
sampleD_part3	PX402634	9606	100.000	108	0	0	385	492	7337	7444	6.26e-46	200
sampleD_part3	PX402634	9606	100.000	74	0	0	1	74	6953	7026	4.98e-27	137
sampleD_part3	PX402633	9606	100.000	108	0	0	385	492	7337	7444	6.26e-46	200
sampleD_part3	PX402633	9606	100.000	74	0	0	1	74	6953	7026	4.98e-27	137
sampleD_part3	PX402632	9606	100.000	108	0	0	385	492	7337	7444	6.26e-46	200
sampleD_part3	PX402632	9606	100.000	74	0	0	1	74	6953	7026	4.98e-27	137
sampleD_part3	PX402631	9606	100.000	108	0	0	385	492	7337	7444	6.26e-46	200
sampleD_part3	PX402631	9606	100.000	74	0	0	1	74	6953	7026	4.98e-27	137
sampleD_part3	PX402630	9606	100.000	108	0	0	385	492	7337	7444	6.26e-46	200
sampleD_part3	PX402630	9606	100.000	74	0	0	1	74	6953	7026	4.98e-27	137
sampleD_part3	PX402629	9606	100.000	108	0	0	385	492	7337	7444	6.26e-46	200
sampleD_part3	PX402629	9606	100.000	74	0	0	1	74	6953	7026	4.98e-27	137
sampleD_part3	PX402628	9606	100.000	108	0	0	385	492	7337	7444	6.26e-46	200
sampleD_part3	PX402628	9606	100.000	74	0	0	1	74	6953	7026	4.98e-27	137
sampleD_part3	PX402627	9606	100.000	108	0	0	385	492	7337	7444	6.26e-46	200
sampleD_part3	PX402627	9606	100.000	74	0	0	1	74	6953	7026	4.98e-27	137
sampleD_part3	PX402626	9606	100.000	108	0	0	385	492	7337	7444	6.26e-46	200
sampleD_part3	PX402626	9606	100.000	74	0	0	1	74	6953	7026	4.98e-27	137
sampleD_part3	PX402624	9606	100.000	108	0	0	385	492	7337	7444	6.26e-46	200
sampleD_part3	PX402624	9606	100.000	74	0	0	1	74	6953	7026	4.98e-27	137
sampleD_part3	PX402623	9606	100.000	108	0	0	385	492	7337	7444	6.26e-46	200
sampleD_part3	PX402623	9606	100.000	74	0	0	1	74	6953	7026	4.98e-27	137
sampleD_part3	PX402622	9606	100.000	108	0	0	385	492	7337	7444	6.26e-46	200
sampleD_part3	PX402622	9606	100.000	74	0	0	1	74	6953	7026	4.98e-27	137
sampleD_part3	PX402619	9606	100.000	108	0	0	385	492	7337	7444	6.26e-46	200
sampleD_part3	PX402619	9606	100.000	74	0	0	1	74	6953	7026	4.98e-27	137
sampleD_part3	PX402618	9606	100.000	108	0	0	385	492	7337	7444	6.26e-46	200
sampleD_part3	PX402618	9606	100.000	74	0	0	1	74	6953	7026	4.98e-27	137
sampleD_part3	PX402617	9606	100.000	108	0	0	385	492	7337	7444	6.26e-46	200
sampleD_part3	PX402617	9606	100.000	74	0	0	1	74	6953	7026	4.98e-27	137
sampleD_part3	PX402615	9606	100.000	108	0	0	385	492	7337	7444	6.26e-46	200
sampleD_part3	PX402615	9606	100.000	74	0	0	1	74	6953	7026	4.98e-27	137
sampleD_part3	PX402614	9606	100.000	108	0	0	385	492	7337	7444	6.26e-46	200
sampleD_part3	PX402614	9606	100.000	74	0	0	1	74	6953	7026	4.98e-27	137
sampleD_part3	PX402613	9606	100.000	108	0	0	385	492	7337	7444	6.26e-46	200
sampleD_part3	PX402613	9606	100.000	74	0	0	1	74	6953	7026	4.98e-27	137
sampleD_part3	PX402610	9606	100.000	108	0	0	385	492	7337	7444	6.26e-46	200
sampleD_part3	PX402610	9606	100.000	74	0	0	1	74	6953	7026	4.98e-27	137
sampleD_part3	PX402608	9606	100.000	108	0	0	385	492	7337	7444	6.26e-46	200
sampleD_part3	PX402608	9606	100.000	74	0	0	1	74	6953	7026	4.98e-27	137
sampleD_part3	PX402607	9606	100.000	108	0	0	385	492	7338	7445	6.26e-46	200
sampleD_part3	PX402607	9606	100.000	74	0	0	1	74	6954	7027	4.98e-27	137
sampleD_part3	PX402606	9606	100.000	108	0	0	385	492	7338	7445	6.26e-46	200
sampleD_part3	PX402606	9606	100.000	74	0	0	1	74	6954	7027	4.98e-27	137
sampleD_part3	PX402605	9606	100.000	108	0	0	385	492	7338	7445	6.26e-46	200
sampleD_part3	PX402605	9606	100.000	74	0	0	1	74	6954	7027	4.98e-27	137
sampleD_part3	PX402604	9606	100.000	108	0	0	385	492	7338	7445	6.26e-46	200
sampleD_part3	PX402604	9606	100.000	74	0	0	1	74	6954	7027	4.98e-27	137
sampleD_part3	PX402603	9606	100.000	108	0	0	385	492	7338	7445	6.26e-46	200
sampleD_part3	PX402603	9606	100.000	74	0	0	1	74	6954	7027	4.98e-27	137
sampleD_part3	PX402602	9606	100.000	108	0	0	385	492	7338	7445	6.26e-46	200
sampleD_part3	PX402602	9606	100.000	74	0	0	1	74	6954	7027	4.98e-27	137
sampleD_part3	PX402601	9606	100.000	108	0	0	385	492	7338	7445	6.26e-46	200
sampleD_part3	PX402601	9606	100.000	74	0	0	1	74	6954	7027	4.98e-27	137
sampleD_part3	PX402600	9606	100.000	108	0	0	385	492	7338	7445	6.26e-46	200
sampleD_part3	PX402600	9606	100.000	74	0	0	1	74	6954	7027	4.98e-27	137
sampleD_part3	PX402599	9606	100.000	108	0	0	385	492	7338	7445	6.26e-46	200
sampleD_part3	PX402599	9606	100.000	74	0	0	1	74	6954	7027	4.98e-27	137
sampleD_part3	PX402598	9606	100.000	108	0	0	385	492	7338	7445	6.26e-46	200
sampleD_part3	PX402598	9606	100.000	74	0	0	1	74	6954	7027	4.98e-27	137
sampleD_part3	PX402597	9606	100.000	108	0	0	385	492	7338	7445	6.26e-46	200
sampleD_part3	PX402597	9606	100.000	74	0	0	1	74	6954	7027	4.98e-27	137
sampleD_part3	PX402596	9606	100.000	108	0	0	385	492	7338	7445	6.26e-46	200
sampleD_part3	PX402596	9606	100.000	74	0	0	1	74	6954	7027	4.98e-27	137
sampleD_part3	PX402595	9606	100.000	108	0	0	385	492	7338	7445	6.26e-46	200
sampleD_part3	PX402595	9606	100.000	74	0	0	1	74	6954	7027	4.98e-27	137
sampleD_part3	PX402594	9606	100.000	108	0	0	385	492	7338	7445	6.26e-46	200
sampleD_part3	PX402594	9606	100.000	74	0	0	1	74	6954	7027	4.98e-27	137
sampleD_part3	PX402593	9606	100.000	108	0	0	385	492	7338	7445	6.26e-46	200
sampleD_part3	PX402593	9606	100.000	74	0	0	1	74	6954	7027	4.98e-27	137
sampleD_part3	PX402592	9606	100.000	108	0	0	385	492	7338	7445	6.26e-46	200
sampleD_part3	PX402592	9606	100.000	74	0	0	1	74	6954	7027	4.98e-27	137
sampleD_part3	PX402591	9606	100.000	108	0	0	385	492	7338	7445	6.26e-46	200
sampleD_part3	PX402591	9606	100.000	74	0	0	1	74	6954	7027	4.98e-27	137
sampleD_part3	PX402590	9606	100.000	108	0	0	385	492	7338	7445	6.26e-46	200
sampleD_part3	PX402590	9606	100.000	74	0	0	1	74	6954	7027	4.98e-27	137
sampleD_part3	PX402589	9606	100.000	108	0	0	385	492	7338	7445	6.26e-46	200
sampleD_part3	PX402589	9606	100.000	74	0	0	1	74	6954	7027	4.98e-27	137
sampleD_part3	PX402587	9606	100.000	108	0	0	385	492	7338	7445	6.26e-46	200
sampleD_part3	PX402587	9606	100.000	74	0	0	1	74	6954	7027	4.98e-27	137
sampleD_part3	PX402586	9606	100.000	108	0	0	385	492	7338	7445	6.26e-46	200
sampleD_part3	PX402586	9606	100.000	74	0	0	1	74	6954	7027	4.98e-27	137
sampleD_part3	PX402585	9606	100.000	108	0	0	385	492	7338	7445	6.26e-46	200
sampleD_part3	PX402585	9606	100.000	74	0	0	1	74	6954	7027	4.98e-27	137
sampleD_part3	PX402584	9606	100.000	108	0	0	385	492	7338	7445	6.26e-46	200
sampleD_part3	PX402584	9606	100.000	74	0	0	1	74	6954	7027	4.98e-27	137
sampleD_part3	PX402583	9606	100.000	108	0	0	385	492	7338	7445	6.26e-46	200
sampleD_part3	PX402583	9606	100.000	74	0	0	1	74	6954	7027	4.98e-27	137
sampleD_part3	PX402582	9606	100.000	108	0	0	385	492	7338	7445	6.26e-46	200
sampleD_part3	PX402582	9606	100.000	74	0	0	1	74	6954	7027	4.98e-27	137
sampleD_part3	PX402581	9606	100.000	108	0	0	385	492	7338	7445	6.26e-46	200
sampleD_part3	PX402581	9606	100.000	74	0	0	1	74	6954	7027	4.98e-27	137
sampleD_part3	PX402580	9606	100.000	108	0	0	385	492	7338	7445	6.26e-46	200
sampleD_part3	PX402580	9606	100.000	74	0	0	1	74	6954	7027	4.98e-27	137
sampleD_part3	PX402579	9606	100.000	108	0	0	385	492	7338	7445	6.26e-46	200
sampleD_part3	PX402579	9606	100.000	74	0	0	1	74	6954	7027	4.98e-27	137
sampleD_part3	PX402578	9606	100.000	108	0	0	385	492	7338	7445	6.26e-46	200
sampleD_part3	PX402578	9606	100.000	74	0	0	1	74	6954	7027	4.98e-27	137
sampleD_part3	PX402577	9606	100.000	108	0	0	385	492	7338	7445	6.26e-46	200
sampleD_part3	PX402577	9606	100.000	74	0	0	1	74	6954	7027	4.98e-27	137
sampleD_part3	PX402576	9606	100.000	108	0	0	385	492	7338	7445	6.26e-46	200
sampleD_part3	PX402576	9606	100.000	74	0	0	1	74	6954	7027	4.98e-27	137
sampleD_part3	PX402575	9606	100.000	108	0	0	385	492	7338	7445	6.26e-46	200
sampleD_part3	PX402575	9606	100.000	74	0	0	1	74	6954	7027	4.98e-27	137
sampleD_part3	PX402574	9606	100.000	108	0	0	385	492	7338	7445	6.26e-46	200
sampleD_part3	PX402574	9606	100.000	74	0	0	1	74	6954	7027	4.98e-27	137
sampleD_part3	PX402573	9606	100.000	108	0	0	385	492	7338	7445	6.26e-46	200
sampleD_part3	PX402573	9606	100.000	74	0	0	1	74	6954	7027	4.98e-27	137
sampleD_part3	PX402572	9606	100.000	108	0	0	385	492	7338	7445	6.26e-46	200
sampleD_part3	PX402572	9606	100.000	74	0	0	1	74	6954	7027	4.98e-27	137
sampleD_part3	PX402571	9606	100.000	108	0	0	385	492	7338	7445	6.26e-46	200
sampleD_part3	PX402571	9606	100.000	74	0	0	1	74	6954	7027	4.98e-27	137
sampleD_part3	PX402570	9606	100.000	108	0	0	385	492	7338	7445	6.26e-46	200
sampleD_part3	PX402570	9606	100.000	74	0	0	1	74	6954	7027	4.98e-27	137
sampleD_part3	PX402569	9606	100.000	108	0	0	385	492	7338	7445	6.26e-46	200
sampleD_part3	PX402569	9606	100.000	74	0	0	1	74	6954	7027	4.98e-27	137
sampleD_part3	PX402568	9606	100.000	108	0	0	385	492	7338	7445	6.26e-46	200
sampleD_part3	PX402568	9606	98.649	74	1	0	1	74	6954	7027	2.32e-25	132
sampleD_part3	PX402567	9606	100.000	108	0	0	385	492	7338	7445	6.26e-46	200
sampleD_part3	PX402567	9606	100.000	74	0	0	1	74	6954	7027	4.98e-27	137
sampleD_part3	PX402566	9606	100.000	108	0	0	385	492	7338	7445	6.26e-46	200
sampleD_part3	PX402566	9606	100.000	74	0	0	1	74	6954	7027	4.98e-27	137
sampleD_part3	PX402565	9606	100.000	108	0	0	385	492	7338	7445	6.26e-46	200
sampleD_part3	PX402565	9606	100.000	74	0	0	1	74	6954	7027	4.98e-27	137
sampleD_part3	PX402564	9606	100.000	108	0	0	385	492	7338	7445	6.26e-46	200
sampleD_part3	PX402564	9606	100.000	74	0	0	1	74	6954	7027	4.98e-27	137
sampleD_part3	PX402563	9606	100.000	108	0	0	385	492	7338	7445	6.26e-46	200
sampleD_part3	PX402563	9606	100.000	74	0	0	1	74	6954	7027	4.98e-27	137
sampleD_part3	PX402562	9606	100.000	108	0	0	385	492	7338	7445	6.26e-46	200
sampleD_part3	PX402562	9606	100.000	74	0	0	1	74	6954	7027	4.98e-27	137
sampleD_part3	PX402561	9606	100.000	108	0	0	385	492	7338	7445	6.26e-46	200
sampleD_part3	PX402561	9606	100.000	74	0	0	1	74	6954	7027	4.98e-27	137
sampleD_part3	PX402560	9606	100.000	108	0	0	385	492	7338	7445	6.26e-46	200
sampleD_part3	PX402560	9606	100.000	74	0	0	1	74	6954	7027	4.98e-27	137
sampleD_part3	PX402559	9606	100.000	108	0	0	385	492	7338	7445	6.26e-46	200
sampleD_part3	PX402559	9606	100.000	74	0	0	1	74	6954	7027	4.98e-27	137
sampleD_part3	PX402558	9606	100.000	108	0	0	385	492	7338	7445	6.26e-46	200
sampleD_part3	PX402558	9606	100.000	74	0	0	1	74	6954	7027	4.98e-27	137
sampleD_part3	PX402557	9606	100.000	108	0	0	385	492	7338	7445	6.26e-46	200
sampleD_part3	PX402557	9606	100.000	74	0	0	1	74	6954	7027	4.98e-27	137
sampleD_part3	PX402556	9606	100.000	108	0	0	385	492	7338	7445	6.26e-46	200
sampleD_part3	PX402556	9606	100.000	74	0	0	1	74	6954	7027	4.98e-27	137
sampleD_part3	PX402555	9606	100.000	108	0	0	385	492	7338	7445	6.26e-46	200
sampleD_part3	PX402555	9606	100.000	74	0	0	1	74	6954	7027	4.98e-27	137
sampleD_part3	PX402554	9606	100.000	108	0	0	385	492	7338	7445	6.26e-46	200
sampleD_part3	PX402554	9606	100.000	74	0	0	1	74	6954	7027	4.98e-27	137
sampleD_part3	PX402553	9606	100.000	108	0	0	385	492	7338	7445	6.26e-46	200
sampleD_part3	PX402553	9606	100.000	74	0	0	1	74	6954	7027	4.98e-27	137
sampleD_part3	PX402552	9606	100.000	108	0	0	385	492	7338	7445	6.26e-46	200
sampleD_part3	PX402552	9606	100.000	74	0	0	1	74	6954	7027	4.98e-27	137
sampleD_part3	PX402551	9606	100.000	108	0	0	385	492	7338	7445	6.26e-46	200
sampleD_part3	PX402551	9606	100.000	74	0	0	1	74	6954	7027	4.98e-27	137
sampleD_part3	PX402550	9606	100.000	108	0	0	385	492	7338	7445	6.26e-46	200
sampleD_part3	PX402550	9606	98.649	74	1	0	1	74	6954	7027	2.32e-25	132
sampleD_part3	PX402549	9606	100.000	108	0	0	385	492	7338	7445	6.26e-46	200
sampleD_part3	PX402549	9606	100.000	74	0	0	1	74	6954	7027	4.98e-27	137
sampleD_part3	PX402548	9606	100.000	108	0	0	385	492	7338	7445	6.26e-46	200
sampleD_part3	PX402548	9606	100.000	75	0	0	1	75	6954	7028	1.39e-27	139
sampleD_part3	PX402546	9606	100.000	108	0	0	385	492	7338	7445	6.26e-46	200
sampleD_part3	PX402546	9606	100.000	74	0	0	1	74	6954	7027	4.98e-27	137
sampleD_part3	PX402545	9606	100.000	108	0	0	385	492	7338	7445	6.26e-46	200
sampleD_part3	PX402545	9606	100.000	74	0	0	1	74	6954	7027	4.98e-27	137
sampleD_part3	PX402544	9606	100.000	108	0	0	385	492	7338	7445	6.26e-46	200
sampleD_part3	PX402544	9606	100.000	74	0	0	1	74	6954	7027	4.98e-27	137
sampleD_part3	PX402543	9606	100.000	108	0	0	385	492	7338	7445	6.26e-46	200
sampleD_part3	PX402543	9606	100.000	74	0	0	1	74	6954	7027	4.98e-27	137
sampleD_part3	PX402541	9606	100.000	108	0	0	385	492	7338	7445	6.26e-46	200
sampleD_part3	PX402541	9606	100.000	74	0	0	1	74	6954	7027	4.98e-27	137
sampleD_part3	PX402538	9606	100.000	108	0	0	385	492	7338	7445	6.26e-46	200
sampleD_part3	PX402538	9606	100.000	74	0	0	1	74	6954	7027	4.98e-27	137
sampleD_part3	PX402536	9606	100.000	108	0	0	385	492	7338	7445	6.26e-46	200
sampleD_part3	PX402536	9606	100.000	74	0	0	1	74	6954	7027	4.98e-27	137
sampleD_part3	PX402535	9606	100.000	108	0	0	385	492	7338	7445	6.26e-46	200
sampleD_part3	PX402535	9606	100.000	74	0	0	1	74	6954	7027	4.98e-27	137
sampleD_part3	PX402534	9606	100.000	108	0	0	385	492	7338	7445	6.26e-46	200
sampleD_part3	PX402534	9606	100.000	74	0	0	1	74	6954	7027	4.98e-27	137
sampleD_part3	PX402533	9606	100.000	108	0	0	385	492	7338	7445	6.26e-46	200
sampleD_part3	PX402533	9606	100.000	74	0	0	1	74	6954	7027	4.98e-27	137
sampleD_part3	PX402532	9606	100.000	108	0	0	385	492	7338	7445	6.26e-46	200
sampleD_part3	PX402532	9606	100.000	74	0	0	1	74	6954	7027	4.98e-27	137
sampleD_part3	PX402531	9606	100.000	108	0	0	385	492	7338	7445	6.26e-46	200
sampleD_part3	PX402531	9606	100.000	74	0	0	1	74	6954	7027	4.98e-27	137
sampleD_part3	PX402530	9606	100.000	108	0	0	385	492	7338	7445	6.26e-46	200
sampleD_part3	PX402530	9606	100.000	74	0	0	1	74	6954	7027	4.98e-27	137
sampleD_part3	PX402529	9606	100.000	108	0	0	385	492	7338	7445	6.26e-46	200
sampleD_part3	PX402529	9606	100.000	74	0	0	1	74	6954	7027	4.98e-27	137
sampleD_part3	PX402528	9606	100.000	108	0	0	385	492	7338	7445	6.26e-46	200
sampleD_part3	PX402528	9606	100.000	74	0	0	1	74	6954	7027	4.98e-27	137
sampleD_part3	PX402527	9606	100.000	108	0	0	385	492	7338	7445	6.26e-46	200
sampleD_part3	PX402527	9606	100.000	74	0	0	1	74	6954	7027	4.98e-27	137
sampleD_part3	PX402525	9606	100.000	108	0	0	385	492	7338	7445	6.26e-46	200
sampleD_part3	PX402525	9606	100.000	74	0	0	1	74	6954	7027	4.98e-27	137
sampleD_part3	PX402524	9606	100.000	108	0	0	385	492	7338	7445	6.26e-46	200
sampleD_part3	PX402524	9606	100.000	74	0	0	1	74	6954	7027	4.98e-27	137
sampleD_part3	PX402523	9606	100.000	108	0	0	385	492	7338	7445	6.26e-46	200
sampleD_part3	PX402523	9606	98.649	74	1	0	1	74	6954	7027	2.32e-25	132
sampleD_part3	PX402522	9606	100.000	108	0	0	385	492	7338	7445	6.26e-46	200
sampleD_part3	PX402522	9606	100.000	74	0	0	1	74	6954	7027	4.98e-27	137
sampleD_part3	PX402521	9606	100.000	108	0	0	385	492	7338	7445	6.26e-46	200
sampleD_part3	PX402521	9606	100.000	74	0	0	1	74	6954	7027	4.98e-27	137
sampleD_part3	PX402520	9606	100.000	108	0	0	385	492	7338	7445	6.26e-46	200
sampleD_part3	PX402520	9606	100.000	74	0	0	1	74	6954	7027	4.98e-27	137
sampleD_part3	PX402519	9606	100.000	108	0	0	385	492	7338	7445	6.26e-46	200
sampleD_part3	PX402519	9606	100.000	74	0	0	1	74	6954	7027	4.98e-27	137
sampleD_part3	PX402518	9606	100.000	108	0	0	385	492	7338	7445	6.26e-46	200
sampleD_part3	PX402518	9606	100.000	74	0	0	1	74	6954	7027	4.98e-27	137
sampleD_part3	PX402517	9606	100.000	108	0	0	385	492	7338	7445	6.26e-46	200
sampleD_part3	PX402517	9606	100.000	74	0	0	1	74	6954	7027	4.98e-27	137
sampleD_part3	PX402516	9606	100.000	108	0	0	385	492	7338	7445	6.26e-46	200
sampleD_part3	PX402516	9606	100.000	74	0	0	1	74	6954	7027	4.98e-27	137
sampleD_part3	PX402515	9606	100.000	108	0	0	385	492	7338	7445	6.26e-46	200
sampleD_part3	PX402515	9606	100.000	74	0	0	1	74	6954	7027	4.98e-27	137
sampleD_part3	PX402514	9606	100.000	108	0	0	385	492	7338	7445	6.26e-46	200
sampleD_part3	PX402514	9606	100.000	74	0	0	1	74	6954	7027	4.98e-27	137
sampleD_part3	PX402513	9606	100.000	108	0	0	385	492	7338	7445	6.26e-46	200
sampleD_part3	PX402513	9606	100.000	74	0	0	1	74	6954	7027	4.98e-27	137
sampleD_part3	PX402512	9606	100.000	108	0	0	385	492	7338	7445	6.26e-46	200
sampleD_part3	PX402512	9606	100.000	74	0	0	1	74	6954	7027	4.98e-27	137
sampleD_part3	PX402511	9606	100.000	108	0	0	385	492	7338	7445	6.26e-46	200
sampleD_part3	PX402511	9606	100.000	74	0	0	1	74	6954	7027	4.98e-27	137
sampleD_part3	PX402510	9606	100.000	108	0	0	385	492	7338	7445	6.26e-46	200
sampleD_part3	PX402510	9606	100.000	74	0	0	1	74	6954	7027	4.98e-27	137
sampleD_part3	PX402509	9606	100.000	108	0	0	385	492	7338	7445	6.26e-46	200
sampleD_part3	PX402509	9606	100.000	74	0	0	1	74	6954	7027	4.98e-27	137
sampleD_part3	PX402508	9606	100.000	108	0	0	385	492	7338	7445	6.26e-46	200
sampleD_part3	PX402508	9606	100.000	74	0	0	1	74	6954	7027	4.98e-27	137
sampleD_part3	PX402507	9606	100.000	108	0	0	385	492	7338	7445	6.26e-46	200
sampleD_part3	PX402507	9606	100.000	74	0	0	1	74	6954	7027	4.98e-27	137
sampleD_part3	PX402506	9606	100.000	108	0	0	385	492	7338	7445	6.26e-46	200
sampleD_part3	PX402506	9606	98.649	74	1	0	1	74	6954	7027	2.32e-25	132
sampleD_part3	PX402505	9606	100.000	108	0	0	385	492	7338	7445	6.26e-46	200
sampleD_part3	PX402505	9606	100.000	74	0	0	1	74	6954	7027	4.98e-27	137
sampleD_part3	PX402504	9606	100.000	108	0	0	385	492	7338	7445	6.26e-46	200
sampleD_part3	PX402504	9606	100.000	74	0	0	1	74	6954	7027	4.98e-27	137
sampleD_part3	PX402503	9606	100.000	108	0	0	385	492	7338	7445	6.26e-46	200
sampleD_part3	PX402503	9606	98.649	74	1	0	1	74	6954	7027	2.32e-25	132
sampleD_part3	PX402502	9606	100.000	108	0	0	385	492	7338	7445	6.26e-46	200
sampleD_part3	PX402502	9606	100.000	74	0	0	1	74	6954	7027	4.98e-27	137
sampleD_part3	PX402501	9606	100.000	108	0	0	385	492	7338	7445	6.26e-46	200
sampleD_part3	PX402501	9606	100.000	74	0	0	1	74	6954	7027	4.98e-27	137
sampleD_part3	PX402500	9606	100.000	108	0	0	385	492	7338	7445	6.26e-46	200
sampleD_part3	PX402500	9606	100.000	74	0	0	1	74	6954	7027	4.98e-27	137
sampleD_part3	PX402499	9606	100.000	108	0	0	385	492	7338	7445	6.26e-46	200
sampleD_part3	PX402499	9606	100.000	74	0	0	1	74	6954	7027	4.98e-27	137
sampleD_part3	PX402498	9606	100.000	108	0	0	385	492	7338	7445	6.26e-46	200
sampleD_part3	PX402498	9606	100.000	74	0	0	1	74	6954	7027	4.98e-27	137
sampleD_part3	PX402497	9606	100.000	108	0	0	385	492	7338	7445	6.26e-46	200
sampleD_part3	PX402497	9606	100.000	74	0	0	1	74	6954	7027	4.98e-27	137
sampleD_part3	PX402496	9606	100.000	108	0	0	385	492	7338	7445	6.26e-46	200
sampleD_part3	PX402496	9606	100.000	74	0	0	1	74	6954	7027	4.98e-27	137
sampleD_part3	PX402495	9606	100.000	108	0	0	385	492	7338	7445	6.26e-46	200
sampleD_part3	PX402495	9606	100.000	74	0	0	1	74	6954	7027	4.98e-27	137
sampleD_part3	PX402494	9606	100.000	108	0	0	385	492	7338	7445	6.26e-46	200
sampleD_part3	PX402494	9606	100.000	74	0	0	1	74	6954	7027	4.98e-27	137
sampleD_part3	PX402493	9606	100.000	108	0	0	385	492	7338	7445	6.26e-46	200
sampleD_part3	PX402493	9606	100.000	74	0	0	1	74	6954	7027	4.98e-27	137
sampleD_part3	PX402492	9606	100.000	108	0	0	385	492	7338	7445	6.26e-46	200
sampleD_part3	PX402492	9606	100.000	74	0	0	1	74	6954	7027	4.98e-27	137
sampleD_part3	PX402491	9606	100.000	108	0	0	385	492	7338	7445	6.26e-46	200
sampleD_part3	PX402491	9606	100.000	74	0	0	1	74	6954	7027	4.98e-27	137
sampleD_part3	PX402490	9606	100.000	108	0	0	385	492	7338	7445	6.26e-46	200
sampleD_part3	PX402490	9606	100.000	74	0	0	1	74	6954	7027	4.98e-27	137
sampleD_part3	PX402489	9606	100.000	108	0	0	385	492	7338	7445	6.26e-46	200
sampleD_part3	PX402489	9606	100.000	75	0	0	1	75	6954	7028	1.39e-27	139
sampleD_part3	PX402486	9606	100.000	108	0	0	385	492	7338	7445	6.26e-46	200
sampleD_part3	PX402486	9606	100.000	74	0	0	1	74	6954	7027	4.98e-27	137
sampleD_part3	PX402484	9606	100.000	108	0	0	385	492	7338	7445	6.26e-46	200
sampleD_part3	PX402484	9606	100.000	74	0	0	1	74	6954	7027	4.98e-27	137
sampleD_part3	PX402483	9606	100.000	108	0	0	385	492	7338	7445	6.26e-46	200
sampleD_part3	PX402483	9606	100.000	75	0	0	1	75	6954	7028	1.39e-27	139
sampleD_part3	PX402482	9606	100.000	108	0	0	385	492	7342	7449	6.26e-46	200
sampleD_part3	PX402482	9606	100.000	74	0	0	1	74	6958	7031	4.98e-27	137
sampleD_part3	PX402481	9606	100.000	108	0	0	385	492	7340	7447	6.26e-46	200
sampleD_part3	PX402481	9606	100.000	75	0	0	1	75	6956	7030	1.39e-27	139
sampleD_part3	PX402480	9606	100.000	108	0	0	385	492	7338	7445	6.26e-46	200
sampleD_part3	PX402480	9606	100.000	75	0	0	1	75	6954	7028	1.39e-27	139
sampleD_part3	PX402479	9606	100.000	108	0	0	385	492	7338	7445	6.26e-46	200
sampleD_part3	PX402479	9606	100.000	75	0	0	1	75	6954	7028	1.39e-27	139
sampleD_part3	PX402478	9606	100.000	108	0	0	385	492	7339	7446	6.26e-46	200
sampleD_part3	PX402478	9606	100.000	74	0	0	1	74	6955	7028	4.98e-27	137
sampleD_part3	PX402477	9606	100.000	108	0	0	385	492	7337	7444	6.26e-46	200
sampleD_part3	PX402477	9606	100.000	74	0	0	1	74	6953	7026	4.98e-27	137
sampleD_part3	PX402476	9606	100.000	108	0	0	385	492	7337	7444	6.26e-46	200
sampleD_part3	PX402476	9606	100.000	74	0	0	1	74	6953	7026	4.98e-27	137
sampleD_part3	PX402475	9606	100.000	108	0	0	385	492	7337	7444	6.26e-46	200
sampleD_part3	PX402475	9606	100.000	74	0	0	1	74	6953	7026	4.98e-27	137
sampleD_part3	PX402474	9606	100.000	108	0	0	385	492	7337	7444	6.26e-46	200
sampleD_part3	PX402474	9606	100.000	74	0	0	1	74	6953	7026	4.98e-27	137
sampleD_part3	PX402473	9606	100.000	108	0	0	385	492	7337	7444	6.26e-46	200
sampleD_part3	PX402473	9606	100.000	74	0	0	1	74	6953	7026	4.98e-27	137
sampleD_part3	PX402472	9606	100.000	108	0	0	385	492	7337	7444	6.26e-46	200
sampleD_part3	PX402472	9606	100.000	74	0	0	1	74	6953	7026	4.98e-27	137
sampleD_part3	PX402471	9606	100.000	108	0	0	385	492	7337	7444	6.26e-46	200
sampleD_part3	PX402471	9606	98.649	74	1	0	1	74	6953	7026	2.32e-25	132
sampleD_part3	PX402470	9606	100.000	108	0	0	385	492	7337	7444	6.26e-46	200
sampleD_part3	PX402470	9606	100.000	75	0	0	1	75	6953	7027	1.39e-27	139
sampleD_part3	PX413589	9606	100.000	108	0	0	385	492	7337	7444	6.26e-46	200
sampleD_part3	PX413589	9606	100.000	74	0	0	1	74	6953	7026	4.98e-27	137
sampleD_part3	PX394297	9606	100.000	108	0	0	385	492	7338	7445	6.26e-46	200
sampleD_part3	PX394297	9606	100.000	75	0	0	1	75	6954	7028	1.39e-27	139
sampleD_part3	PX367034	9606	100.000	108	0	0	385	492	7337	7444	6.26e-46	200
sampleD_part3	PX367034	9606	100.000	74	0	0	1	74	6953	7026	4.98e-27	137
sampleD_part3	PX367033	9606	100.000	108	0	0	385	492	7337	7444	6.26e-46	200
sampleD_part3	PX367033	9606	100.000	74	0	0	1	74	6953	7026	4.98e-27	137
sampleD_part3	PX367032	9606	100.000	108	0	0	385	492	7338	7445	6.26e-46	200
sampleD_part3	PX367032	9606	100.000	74	0	0	1	74	6954	7027	4.98e-27	137
sampleD_part3	PX367031	9606	100.000	108	0	0	385	492	7338	7445	6.26e-46	200
sampleD_part3	PX367031	9606	100.000	74	0	0	1	74	6954	7027	4.98e-27	137
sampleD_part3	PX367030	9606	100.000	108	0	0	385	492	7337	7444	6.26e-46	200
sampleD_part3	PX367030	9606	100.000	74	0	0	1	74	6953	7026	4.98e-27	137
sampleD_part3	PX367029	9606	100.000	108	0	0	385	492	7338	7445	6.26e-46	200
sampleD_part3	PX367029	9606	100.000	74	0	0	1	74	6954	7027	4.98e-27	137
sampleD_part3	PX367028	9606	100.000	108	0	0	385	492	7338	7445	6.26e-46	200
sampleD_part3	PX367028	9606	100.000	74	0	0	1	74	6954	7027	4.98e-27	137
sampleD_part3	PX367027	9606	100.000	108	0	0	385	492	7338	7445	6.26e-46	200
sampleD_part3	PX367027	9606	100.000	74	0	0	1	74	6954	7027	4.98e-27	137
sampleD_part3	PX367026	9606	100.000	108	0	0	385	492	7338	7445	6.26e-46	200
sampleD_part3	PX367026	9606	100.000	74	0	0	1	74	6954	7027	4.98e-27	137
sampleD_part3	PX367025	9606	100.000	108	0	0	385	492	7338	7445	6.26e-46	200
sampleD_part3	PX367025	9606	100.000	74	0	0	1	74	6954	7027	4.98e-27	137
sampleD_part3	PX367024	9606	100.000	108	0	0	385	492	7338	7445	6.26e-46	200
sampleD_part3	PX367024	9606	100.000	74	0	0	1	74	6954	7027	4.98e-27	137
sampleD_part3	PX367023	9606	100.000	108	0	0	385	492	7336	7443	6.26e-46	200
sampleD_part3	PX367023	9606	100.000	74	0	0	1	74	6952	7025	4.98e-27	137
sampleD_part3	PX367022	9606	100.000	108	0	0	385	492	7338	7445	6.26e-46	200
sampleD_part3	PX367022	9606	100.000	74	0	0	1	74	6954	7027	4.98e-27	137
sampleD_part3	PX367021	9606	100.000	108	0	0	385	492	7338	7445	6.26e-46	200
sampleD_part3	PX367021	9606	100.000	74	0	0	1	74	6954	7027	4.98e-27	137
sampleD_part3	PX367020	9606	100.000	108	0	0	385	492	7335	7442	6.26e-46	200
sampleD_part3	PX367020	9606	98.649	74	1	0	1	74	6951	7024	2.32e-25	132
sampleD_part3	PX367019	9606	100.000	108	0	0	385	492	7336	7443	6.26e-46	200
sampleD_part3	PX367019	9606	100.000	74	0	0	1	74	6952	7025	4.98e-27	137
sampleD_part3	PX367018	9606	100.000	108	0	0	385	492	7338	7445	6.26e-46	200
sampleD_part3	PX367018	9606	100.000	74	0	0	1	74	6954	7027	4.98e-27	137
sampleD_part3	PX367017	9606	100.000	108	0	0	385	492	7335	7442	6.26e-46	200
sampleD_part3	PX367017	9606	98.649	74	1	0	1	74	6951	7024	2.32e-25	132
sampleD_part3	PX367016	9606	100.000	108	0	0	385	492	7338	7445	6.26e-46	200
sampleD_part3	PX367016	9606	100.000	74	0	0	1	74	6954	7027	4.98e-27	137
sampleD_part3	PX367015	9606	100.000	108	0	0	385	492	7338	7445	6.26e-46	200
sampleD_part3	PX367015	9606	100.000	74	0	0	1	74	6954	7027	4.98e-27	137
sampleD_part3	PX367014	9606	100.000	108	0	0	385	492	7335	7442	6.26e-46	200
sampleD_part3	PX367014	9606	98.649	74	1	0	1	74	6951	7024	2.32e-25	132
sampleD_part3	PX367013	9606	100.000	108	0	0	385	492	7335	7442	6.26e-46	200
sampleD_part3	PX367013	9606	98.649	74	1	0	1	74	6951	7024	2.32e-25	132
sampleD_part3	PX367012	9606	100.000	108	0	0	385	492	7338	7445	6.26e-46	200
sampleD_part3	PX367012	9606	100.000	74	0	0	1	74	6954	7027	4.98e-27	137
sampleD_part3	PX367011	9606	100.000	108	0	0	385	492	7336	7443	6.26e-46	200
sampleD_part3	PX367011	9606	100.000	74	0	0	1	74	6952	7025	4.98e-27	137
sampleD_part3	PX367010	9606	100.000	108	0	0	385	492	7339	7446	6.26e-46	200
sampleD_part3	PX367010	9606	100.000	74	0	0	1	74	6955	7028	4.98e-27	137
sampleD_part3	PX367009	9606	100.000	108	0	0	385	492	7340	7447	6.26e-46	200
sampleD_part3	PX367009	9606	100.000	74	0	0	1	74	6956	7029	4.98e-27	137
sampleD_part3	PX367008	9606	100.000	108	0	0	385	492	7338	7445	6.26e-46	200
sampleD_part3	PX367008	9606	100.000	74	0	0	1	74	6954	7027	4.98e-27	137
sampleD_part3	PX367007	9606	100.000	108	0	0	385	492	7338	7445	6.26e-46	200
sampleD_part3	PX367007	9606	98.649	74	1	0	1	74	6954	7027	2.32e-25	132
sampleD_part3	PX367006	9606	100.000	108	0	0	385	492	7336	7443	6.26e-46	200
sampleD_part3	PX367006	9606	100.000	74	0	0	1	74	6952	7025	4.98e-27	137
sampleD_part3	PX367005	9606	100.000	108	0	0	385	492	7336	7443	6.26e-46	200
sampleD_part3	PX367005	9606	100.000	74	0	0	1	74	6952	7025	4.98e-27	137
sampleD_part3	PX367004	9606	100.000	108	0	0	385	492	7338	7445	6.26e-46	200
sampleD_part3	PX367004	9606	100.000	74	0	0	1	74	6954	7027	4.98e-27	137
sampleD_part3	PX367003	9606	100.000	108	0	0	385	492	7338	7445	6.26e-46	200
sampleD_part3	PX367003	9606	100.000	74	0	0	1	74	6954	7027	4.98e-27	137
sampleD_part3	PX367002	9606	100.000	108	0	0	385	492	7338	7445	6.26e-46	200
sampleD_part3	PX367002	9606	100.000	74	0	0	1	74	6954	7027	4.98e-27	137
sampleD_part3	PX367001	9606	100.000	108	0	0	385	492	7338	7445	6.26e-46	200
sampleD_part3	PX367001	9606	100.000	74	0	0	1	74	6954	7027	4.98e-27	137
sampleD_part3	PX367000	9606	100.000	108	0	0	385	492	7338	7445	6.26e-46	200
sampleD_part3	PX367000	9606	100.000	74	0	0	1	74	6954	7027	4.98e-27	137
sampleD_part3	PX366999	9606	100.000	108	0	0	385	492	7339	7446	6.26e-46	200
sampleD_part3	PX366999	9606	100.000	74	0	0	1	74	6955	7028	4.98e-27	137
