sampleA_part_1	OP205215	302098	97.524	525	13	0	1	525	5361	5885	0.0	922
sampleA_part_1	OP205204	302098	97.524	525	13	0	1	525	5361	5885	0.0	922
sampleA_part_1	OP205199	302098	97.524	525	13	0	1	525	5361	5885	0.0	922
sampleA_part_1	OP205194	302098	97.524	525	13	0	1	525	5361	5885	0.0	922
sampleA_part_1	OP205193	302098	97.524	525	13	0	1	525	5361	5885	0.0	922
sampleA_part_1	NC_006931	302098	97.524	525	13	0	1	525	5361	5885	0.0	922
sampleA_part_1	OP205218	302098	97.333	525	14	0	1	525	5360	5884	0.0	917
sampleA_part_1	OP205217	302098	97.333	525	14	0	1	525	5360	5884	0.0	917
sampleA_part_1	OP205213	302098	97.333	525	14	0	1	525	5360	5884	0.0	917
sampleA_part_1	OP205212	302098	97.333	525	14	0	1	525	5361	5885	0.0	917
sampleA_part_1	OP205211	302098	97.333	525	14	0	1	525	5361	5885	0.0	917
sampleA_part_1	OP205210	302098	97.333	525	14	0	1	525	5360	5884	0.0	917
sampleA_part_1	OP205207	302098	97.333	525	14	0	1	525	5361	5885	0.0	917
sampleA_part_1	OP205206	302098	97.333	525	14	0	1	525	5361	5885	0.0	917
sampleA_part_1	OP205205	302098	97.333	525	14	0	1	525	5360	5884	0.0	917
sampleA_part_1	OP205203	302098	97.333	525	14	0	1	525	5361	5885	0.0	917
sampleA_part_1	OP205202	302098	97.333	525	14	0	1	525	5361	5885	0.0	917
sampleA_part_1	OP205201	302098	97.333	525	14	0	1	525	5361	5885	0.0	917
sampleA_part_1	OP205200	302098	97.333	525	14	0	1	525	5361	5885	0.0	917
sampleA_part_1	OP205198	302098	97.333	525	14	0	1	525	5360	5884	0.0	917
sampleA_part_1	OP205197	302098	97.333	525	14	0	1	525	5360	5884	0.0	917
sampleA_part_1	OP205196	302098	97.333	525	14	0	1	525	5360	5884	0.0	917
sampleA_part_1	OP205195	302098	97.333	525	14	0	1	525	5360	5884	0.0	917
sampleA_part_1	OP205192	302098	97.333	525	14	0	1	525	5361	5885	0.0	917
sampleA_part_1	MF459656	27606	97.143	525	15	0	1	525	5361	5885	0.0	911
sampleA_part_1	OP205191	27606	97.143	525	15	0	1	525	5361	5885	0.0	911
sampleA_part_1	OP205190	27606	97.143	525	15	0	1	525	5361	5885	0.0	911
sampleA_part_1	OP205189	27606	97.143	525	15	0	1	525	5361	5885	0.0	911
sampleA_part_1	OP205188	27606	97.143	525	15	0	1	525	5361	5885	0.0	911
sampleA_part_1	OP205187	27606	97.143	525	15	0	1	525	5361	5885	0.0	911
sampleA_part_1	OP205186	27606	97.143	525	15	0	1	525	5361	5885	0.0	911
sampleA_part_1	OP205185	27606	97.143	525	15	0	1	525	5361	5885	0.0	911
sampleA_part_1	OP205184	27606	97.143	525	15	0	1	525	5361	5885	0.0	911
sampleA_part_1	OP205183	27606	97.143	525	15	0	1	525	5361	5885	0.0	911
sampleA_part_1	OP205181	27606	97.143	525	15	0	1	525	5361	5885	0.0	911
sampleA_part_1	DQ095154	27606	97.143	525	15	0	1	525	1	525	0.0	911
sampleA_part_1	NC_037444	27606	96.952	525	16	0	1	525	5360	5884	0.0	905
sampleA_part_1	OP205177	160595	96.952	525	16	0	1	525	5360	5884	0.0	905
sampleA_part_1	OP205176	160595	96.952	525	16	0	1	525	5360	5884	0.0	905
sampleA_part_1	OP205174	160595	96.952	525	16	0	1	525	5360	5884	0.0	905
sampleA_part_1	OP205173	160595	96.952	525	16	0	1	525	5360	5884	0.0	905
sampleA_part_1	OP205172	160595	96.952	525	16	0	1	525	5360	5884	0.0	905
sampleA_part_1	OP205170	160595	96.952	525	16	0	1	525	5360	5884	0.0	905
sampleA_part_1	OP205169	160595	96.952	525	16	0	1	525	5360	5884	0.0	905
sampleA_part_1	OP205168	160595	96.952	525	16	0	1	525	5360	5884	0.0	905
sampleA_part_1	OP205167	160595	96.952	525	16	0	1	525	5360	5884	0.0	905
sampleA_part_1	OP205166	160595	96.952	525	16	0	1	525	5360	5884	0.0	905
sampleA_part_1	DQ095155	160595	96.952	525	16	0	1	525	1	525	0.0	905
sampleA_part_1	NC_006930	160595	96.952	525	16	0	1	525	5359	5883	0.0	905
sampleA_part_1	OP205178	160595	96.762	525	17	0	1	525	5360	5884	0.0	900
sampleA_part_1	OP205175	160595	96.762	525	17	0	1	525	5360	5884	0.0	900
sampleA_part_1	DQ095156	160595	96.762	525	17	0	1	525	1	525	0.0	900
sampleA_part_1	EU496286	27606	97.065	511	15	0	15	525	1	511	0.0	885
sampleA_part_1	MW446662	160595	96.881	513	16	0	13	525	1	513	0.0	883
sampleA_part_1	MW446713	160595	96.825	504	16	0	22	525	1	504	0.0	867
sampleA_part_1	MW446705	160595	96.825	504	16	0	22	525	1	504	0.0	867
sampleA_part_1	MN124685	27602	95.048	525	26	0	1	525	5365	5889	0.0	850
sampleA_part_1	MN159085	27602	95.048	525	26	0	1	525	5366	5890	0.0	850
sampleA_part_1	MN159084	27602	95.048	525	26	0	1	525	5365	5889	0.0	850
sampleA_part_1	MN159082	27602	95.048	525	26	0	1	525	5365	5889	0.0	850
sampleA_part_1	MN159081	27602	95.048	525	26	0	1	525	5365	5889	0.0	850
sampleA_part_1	MN145939	27602	95.048	525	26	0	1	525	5365	5889	0.0	850
sampleA_part_1	MN145938	27602	95.048	525	26	0	1	525	5365	5889	0.0	850
sampleA_part_1	MN145937	27602	95.048	525	26	0	1	525	5365	5889	0.0	850
sampleA_part_1	MH198022	27602	95.048	525	26	0	1	525	5358	5882	0.0	850
sampleA_part_1	KY026773	27602	95.048	525	26	0	1	525	5365	5889	0.0	850
sampleA_part_1	KY026772	27602	95.048	525	26	0	1	525	5365	5889	0.0	850
sampleA_part_1	KY026771	27602	95.048	525	26	0	1	525	5366	5890	0.0	850
sampleA_part_1	KY026770	27602	95.048	525	26	0	1	525	5366	5890	0.0	850
sampleA_part_1	KY026769	27602	95.048	525	26	0	1	525	5366	5890	0.0	850
sampleA_part_1	KY026768	27602	95.048	525	26	0	1	525	5366	5890	0.0	850
sampleA_part_1	KY026767	27602	95.048	525	26	0	1	525	5366	5890	0.0	850
sampleA_part_1	KY026766	27602	95.048	525	26	0	1	525	5366	5890	0.0	850
sampleA_part_1	MZ618260	27602	95.048	525	26	0	1	525	5786	6310	0.0	850
sampleA_part_1	MZ618259	27602	95.048	525	26	0	1	525	5786	6310	0.0	850
sampleA_part_1	MZ618258	27602	95.048	525	26	0	1	525	5786	6310	0.0	850
sampleA_part_1	MZ618257	27602	95.048	525	26	0	1	525	5785	6309	0.0	850
sampleA_part_1	MZ618256	27602	95.048	525	26	0	1	525	5786	6310	0.0	850
sampleA_part_1	MZ618255	27602	95.048	525	26	0	1	525	5785	6309	0.0	850
sampleA_part_1	MZ618254	27602	95.048	525	26	0	1	525	5785	6309	0.0	850
sampleA_part_1	MZ618253	27602	95.048	525	26	0	1	525	5785	6309	0.0	850
sampleA_part_1	MZ618252	27602	95.048	525	26	0	1	525	5785	6309	0.0	850
sampleA_part_1	MZ618251	27602	95.048	525	26	0	1	525	5785	6309	0.0	850
sampleA_part_1	MZ618250	27602	95.048	525	26	0	1	525	5785	6309	0.0	850
sampleA_part_1	MZ618249	27602	95.048	525	26	0	1	525	5785	6309	0.0	850
sampleA_part_1	MZ618248	27602	95.048	525	26	0	1	525	5785	6309	0.0	850
sampleA_part_1	MZ618247	27602	95.048	525	26	0	1	525	5785	6309	0.0	850
sampleA_part_1	MZ618246	27602	95.048	525	26	0	1	525	5785	6309	0.0	850
sampleA_part_1	MZ618245	27602	95.048	525	26	0	1	525	5785	6309	0.0	850
sampleA_part_1	MZ618244	27602	95.048	525	26	0	1	525	5785	6309	0.0	850
sampleA_part_1	MT649196	27602	95.048	525	26	0	1	525	5366	5890	0.0	850
sampleA_part_1	MT649195	27602	95.048	525	26	0	1	525	5366	5890	0.0	850
sampleA_part_1	MT649194	27602	95.048	525	26	0	1	525	5365	5889	0.0	850
sampleA_part_1	MT649193	27602	95.048	525	26	0	1	525	5365	5889	0.0	850
sampleA_part_1	MT649192	27602	95.048	525	26	0	1	525	5365	5889	0.0	850
sampleA_part_1	MT649191	27602	95.048	525	26	0	1	525	5365	5889	0.0	850
sampleA_part_1	MT649190	27602	95.048	525	26	0	1	525	5365	5889	0.0	850
sampleA_part_1	MT649189	27602	95.048	525	26	0	1	525	5365	5889	0.0	850
sampleA_part_1	MT649188	27602	95.048	525	26	0	1	525	5365	5889	0.0	850
sampleA_part_1	MT649187	27602	95.048	525	26	0	1	525	5365	5889	0.0	850
sampleA_part_1	MT649186	27602	95.048	525	26	0	1	525	5365	5889	0.0	850
sampleA_part_1	MT649185	27602	95.048	525	26	0	1	525	5366	5890	0.0	850
sampleA_part_1	AP006472	27602	95.048	525	26	0	1	525	5365	5889	0.0	850
sampleA_part_1	NC_005268	27602	95.048	525	26	0	1	525	5367	5891	0.0	850
sampleA_part_1	MN159083	27602	94.857	525	27	0	1	525	5365	5889	0.0	845
sampleA_part_1	MN159080	27602	94.857	525	27	0	1	525	5365	5889	0.0	845
sampleA_part_1	MZ618243	27602	94.857	525	27	0	1	525	5785	6309	0.0	845
sampleA_part_1	OR530713	27606	96.855	477	15	0	49	525	1	477	0.0	822
sampleA_part_1	MW446729	160595	96.667	480	16	0	46	525	1	480	0.0	822
sampleA_part_1	MW446728	160595	96.667	480	16	0	46	525	1	480	0.0	822
sampleA_part_1	EU139270	27602	94.759	477	25	0	49	525	1	477	0.0	767
sampleA_part_1	EU139268	27602	94.759	477	25	0	49	525	1	477	0.0	767
sampleA_part_1	JF442780	27602	94.737	475	25	0	51	525	1	475	0.0	763
sampleA_part_1	MF409245	9764	90.286	525	51	0	1	525	5371	5895	0.0	712
sampleA_part_1	NC_005270	9764	90.286	525	51	0	1	525	5371	5895	0.0	712
sampleA_part_1	MF409244	9764	90.095	525	52	0	1	525	5372	5896	0.0	706
sampleA_part_1	AP006471	9764	90.095	525	52	0	1	525	5372	5896	0.0	706
sampleA_part_1	PP475430	9773	89.905	525	53	0	1	525	5374	5898	0.0	701
sampleA_part_1	GQ353284	9773	89.905	525	53	0	1	525	1	525	0.0	701
sampleA_part_1	FJ590425	9773	89.905	525	53	0	1	525	2599	3123	0.0	701
sampleA_part_1	NC_006927	9773	89.905	525	53	0	1	525	5375	5899	0.0	701
sampleA_part_1	NC_005269	27604	89.905	525	53	0	1	525	5360	5884	0.0	701
sampleA_part_1	AP006475	27604	89.714	525	54	0	1	525	5360	5884	0.0	695
sampleA_part_1	NC_006928	255365	89.714	525	54	0	1	525	5367	5891	0.0	695
sampleA_part_1	ON675411	9771	89.544	526	53	2	1	525	5780	6304	0.0	689
sampleA_part_1	ON675384	9771	89.544	526	53	2	1	525	5780	6304	0.0	689
sampleA_part_1	ON675327	9771	89.544	526	53	2	1	525	5780	6304	0.0	689
sampleA_part_1	ON675295	9771	89.544	526	53	2	1	525	5780	6304	0.0	689
sampleA_part_1	ON675294	9771	89.544	526	53	2	1	525	5780	6304	0.0	689
sampleA_part_1	GQ353286	9773	89.524	525	55	0	1	525	1	525	0.0	689
sampleA_part_1	GQ353285	9773	89.524	525	55	0	1	525	1	525	0.0	689
sampleA_part_1	NC_007938	9769	89.524	525	55	0	1	525	5366	5890	0.0	689
sampleA_part_1	EU496281	9764	90.020	511	51	0	15	525	1	511	0.0	686
sampleA_part_1	MF409246	9773	89.333	525	56	0	1	525	5369	5893	0.0	684
sampleA_part_1	MF409242	9771	89.354	526	54	2	1	525	5359	5883	0.0	684
sampleA_part_1	ON257910	9771	89.354	526	54	2	1	525	5358	5882	0.0	684
sampleA_part_1	ON257909	9771	89.354	526	54	2	1	525	5358	5882	0.0	684
sampleA_part_1	ON257908	9771	89.354	526	54	2	1	525	5358	5882	0.0	684
sampleA_part_1	ON257907	9771	89.354	526	54	2	1	525	5358	5882	0.0	684
sampleA_part_1	ON257906	9771	89.354	526	54	2	1	525	5358	5882	0.0	684
sampleA_part_1	ON257905	9771	89.354	526	54	2	1	525	5358	5882	0.0	684
sampleA_part_1	ON257904	9771	89.354	526	54	2	1	525	5358	5882	0.0	684
sampleA_part_1	ON257903	9771	89.354	526	54	2	1	525	5358	5882	0.0	684
sampleA_part_1	ON257902	9771	89.354	526	54	2	1	525	5358	5882	0.0	684
sampleA_part_1	ON257901	9771	89.354	526	54	2	1	525	5358	5882	0.0	684
sampleA_part_1	ON257900	9771	89.354	526	54	2	1	525	5358	5882	0.0	684
sampleA_part_1	ON257899	9771	89.354	526	54	2	1	525	5358	5882	0.0	684
sampleA_part_1	ON257898	9771	89.354	526	54	2	1	525	5358	5882	0.0	684
sampleA_part_1	ON257897	9771	89.354	526	54	2	1	525	5358	5882	0.0	684
sampleA_part_1	ON257896	9771	89.354	526	54	2	1	525	5358	5882	0.0	684
sampleA_part_1	ON257895	9771	89.354	526	54	2	1	525	5358	5882	0.0	684
sampleA_part_1	ON257894	9771	89.354	526	54	2	1	525	5358	5882	0.0	684
sampleA_part_1	ON257893	9771	89.354	526	54	2	1	525	5358	5882	0.0	684
sampleA_part_1	ON257892	9771	89.354	526	54	2	1	525	5358	5882	0.0	684
sampleA_part_1	ON257891	9771	89.354	526	54	2	1	525	5358	5882	0.0	684
sampleA_part_1	ON257890	9771	89.354	526	54	2	1	525	5358	5882	0.0	684
sampleA_part_1	ON257889	9771	89.354	526	54	2	1	525	5358	5882	0.0	684
sampleA_part_1	ON257888	9771	89.354	526	54	2	1	525	5358	5882	0.0	684
sampleA_part_1	ON257887	9771	89.354	526	54	2	1	525	5358	5882	0.0	684
sampleA_part_1	ON257886	9771	89.354	526	54	2	1	525	5358	5882	0.0	684
sampleA_part_1	ON257885	9771	89.354	526	54	2	1	525	5358	5882	0.0	684
sampleA_part_1	ON257884	9771	89.354	526	54	2	1	525	5358	5882	0.0	684
sampleA_part_1	ON675434	9771	89.354	526	54	2	1	525	5780	6304	0.0	684
sampleA_part_1	ON675432	9771	89.354	526	54	2	1	525	5780	6304	0.0	684
sampleA_part_1	ON675431	9771	89.354	526	54	2	1	525	5780	6304	0.0	684
sampleA_part_1	ON675428	9771	89.354	526	54	2	1	525	5780	6304	0.0	684
sampleA_part_1	ON675425	9771	89.354	526	54	2	1	525	5780	6304	0.0	684
sampleA_part_1	ON675424	9771	89.354	526	54	2	1	525	5780	6304	0.0	684
sampleA_part_1	ON675422	9771	89.354	526	54	2	1	525	5780	6304	0.0	684
sampleA_part_1	ON675414	9771	89.354	526	54	2	1	525	5780	6304	0.0	684
sampleA_part_1	ON675412	9771	89.354	526	54	2	1	525	5780	6304	0.0	684
sampleA_part_1	ON675410	9771	89.354	526	54	2	1	525	5780	6304	0.0	684
sampleA_part_1	ON675409	9771	89.354	526	54	2	1	525	5780	6304	0.0	684
sampleA_part_1	ON675407	9771	89.354	526	54	2	1	525	5780	6304	0.0	684
sampleA_part_1	ON675406	9771	89.354	526	54	2	1	525	5780	6304	0.0	684
sampleA_part_1	ON675397	9771	89.354	526	54	2	1	525	5780	6304	0.0	684
sampleA_part_1	ON675396	9771	89.354	526	54	2	1	525	5780	6304	0.0	684
sampleA_part_1	ON675395	9771	89.354	526	54	2	1	525	5780	6304	0.0	684
sampleA_part_1	ON675394	9771	89.354	526	54	2	1	525	5780	6304	0.0	684
sampleA_part_1	ON675391	9771	89.354	526	54	2	1	525	5780	6304	0.0	684
sampleA_part_1	ON675388	9771	89.354	526	54	2	1	525	5780	6304	0.0	684
sampleA_part_1	ON675387	9771	89.354	526	54	2	1	525	5780	6304	0.0	684
sampleA_part_1	ON675383	9771	89.354	526	54	2	1	525	5780	6304	0.0	684
sampleA_part_1	ON675382	9771	89.354	526	54	2	1	525	5780	6304	0.0	684
sampleA_part_1	ON675381	9771	89.354	526	54	2	1	525	5780	6304	0.0	684
sampleA_part_1	ON675378	9771	89.354	526	54	2	1	525	5780	6304	0.0	684
sampleA_part_1	ON675376	9771	89.354	526	54	2	1	525	5780	6304	0.0	684
sampleA_part_1	ON675375	9771	89.354	526	54	2	1	525	5780	6304	0.0	684
sampleA_part_1	ON675374	9771	89.354	526	54	2	1	525	5780	6304	0.0	684
sampleA_part_1	ON675372	9771	89.354	526	54	2	1	525	5780	6304	0.0	684
sampleA_part_1	ON675371	9771	89.354	526	54	2	1	525	5780	6304	0.0	684
sampleA_part_1	ON675370	9771	89.354	526	54	2	1	525	5780	6304	0.0	684
sampleA_part_1	ON675368	9771	89.354	526	54	2	1	525	5780	6304	0.0	684
sampleA_part_1	ON675367	9771	89.354	526	54	2	1	525	5780	6304	0.0	684
sampleA_part_1	ON675365	9771	89.354	526	54	2	1	525	5780	6304	0.0	684
sampleA_part_1	ON675364	9771	89.354	526	54	2	1	525	5780	6304	0.0	684
sampleA_part_1	ON675363	9771	89.354	526	54	2	1	525	5780	6304	0.0	684
sampleA_part_1	ON675361	9771	89.354	526	54	2	1	525	5780	6304	0.0	684
sampleA_part_1	ON675360	9771	89.354	526	54	2	1	525	5780	6304	0.0	684
sampleA_part_1	ON675358	9771	89.354	526	54	2	1	525	5780	6304	0.0	684
sampleA_part_1	ON675356	9771	89.354	526	54	2	1	525	5780	6304	0.0	684
sampleA_part_1	ON675355	9771	89.354	526	54	2	1	525	5780	6304	0.0	684
sampleA_part_1	ON675354	9771	89.354	526	54	2	1	525	5780	6304	0.0	684
sampleA_part_1	ON675353	9771	89.354	526	54	2	1	525	5780	6304	0.0	684
sampleA_part_1	ON675352	9771	89.354	526	54	2	1	525	5780	6304	0.0	684
sampleA_part_1	ON675351	9771	89.354	526	54	2	1	525	5780	6304	0.0	684
sampleA_part_1	ON675348	9771	89.354	526	54	2	1	525	5780	6304	0.0	684
sampleA_part_1	ON675346	9771	89.354	526	54	2	1	525	5780	6304	0.0	684
sampleA_part_1	ON675344	9771	89.354	526	54	2	1	525	5780	6304	0.0	684
sampleA_part_1	ON675342	9771	89.354	526	54	2	1	525	5780	6304	0.0	684
sampleA_part_1	ON675341	9771	89.354	526	54	2	1	525	5780	6304	0.0	684
sampleA_part_1	ON675340	9771	89.354	526	54	2	1	525	5780	6304	0.0	684
sampleA_part_1	ON675339	9771	89.354	526	54	2	1	525	5780	6304	0.0	684
sampleA_part_1	ON675337	9771	89.354	526	54	2	1	525	5780	6304	0.0	684
sampleA_part_1	ON675335	9771	89.354	526	54	2	1	525	5780	6304	0.0	684
sampleA_part_1	ON675334	9771	89.354	526	54	2	1	525	5780	6304	0.0	684
sampleA_part_1	ON675333	9771	89.354	526	54	2	1	525	5780	6304	0.0	684
sampleA_part_1	ON675332	9771	89.354	526	54	2	1	525	5780	6304	0.0	684
sampleA_part_1	ON675331	9771	89.354	526	54	2	1	525	5780	6304	0.0	684
sampleA_part_1	ON675330	9771	89.354	526	54	2	1	525	5781	6305	0.0	684
sampleA_part_1	ON675329	9771	89.354	526	54	2	1	525	5780	6304	0.0	684
sampleA_part_1	ON675324	9771	89.354	526	54	2	1	525	5780	6304	0.0	684
sampleA_part_1	ON675323	9771	89.354	526	54	2	1	525	5780	6304	0.0	684
sampleA_part_1	ON675319	9771	89.354	526	54	2	1	525	5780	6304	0.0	684
sampleA_part_1	ON675318	9771	89.354	526	54	2	1	525	5780	6304	0.0	684
sampleA_part_1	ON675316	9771	89.354	526	54	2	1	525	5779	6303	0.0	684
sampleA_part_1	ON675314	9771	89.354	526	54	2	1	525	5780	6304	0.0	684
sampleA_part_1	ON675313	9771	89.354	526	54	2	1	525	5780	6304	0.0	684
sampleA_part_1	ON675312	9771	89.354	526	54	2	1	525	5780	6304	0.0	684
sampleA_part_1	ON675311	9771	89.354	526	54	2	1	525	5780	6304	0.0	684
sampleA_part_1	ON675308	9771	89.354	526	54	2	1	525	5780	6304	0.0	684
sampleA_part_1	ON675307	9771	89.354	526	54	2	1	525	5780	6304	0.0	684
sampleA_part_1	ON675306	9771	89.354	526	54	2	1	525	5780	6304	0.0	684
sampleA_part_1	ON675305	9771	89.354	526	54	2	1	525	5780	6304	0.0	684
sampleA_part_1	ON675304	9771	89.354	526	54	2	1	525	5780	6304	0.0	684
sampleA_part_1	ON675302	9771	89.354	526	54	2	1	525	5780	6304	0.0	684
sampleA_part_1	ON675301	9771	89.354	526	54	2	1	525	5780	6304	0.0	684
sampleA_part_1	ON675300	9771	89.354	526	54	2	1	525	5780	6304	0.0	684
sampleA_part_1	ON675299	9771	89.354	526	54	2	1	525	5780	6304	0.0	684
sampleA_part_1	ON675298	9771	89.354	526	54	2	1	525	5780	6304	0.0	684
sampleA_part_1	ON675297	9771	89.354	526	54	2	1	525	5780	6304	0.0	684
sampleA_part_1	ON675296	9771	89.354	526	54	2	1	525	5780	6304	0.0	684
sampleA_part_1	ON675293	9771	89.354	526	54	2	1	525	5780	6304	0.0	684
sampleA_part_1	ON675292	9771	89.354	526	54	2	1	525	5780	6304	0.0	684
sampleA_part_1	ON675291	9771	89.354	526	54	2	1	525	5779	6303	0.0	684
sampleA_part_1	ON675289	9771	89.354	526	54	2	1	525	5780	6304	0.0	684
sampleA_part_1	ON675288	9771	89.354	526	54	2	1	525	5780	6304	0.0	684
sampleA_part_1	ON675287	9771	89.354	526	54	2	1	525	5780	6304	0.0	684
sampleA_part_1	ON675285	9771	89.354	526	54	2	1	525	5780	6304	0.0	684
sampleA_part_1	ON675284	9771	89.354	526	54	2	1	525	5780	6304	0.0	684
sampleA_part_1	ON675283	9771	89.354	526	54	2	1	525	5780	6304	0.0	684
sampleA_part_1	ON675282	9771	89.354	526	54	2	1	525	5781	6305	0.0	684
sampleA_part_1	MT874478	255365	89.333	525	56	0	1	525	5150	5674	0.0	684
sampleA_part_1	AB201259	255365	89.333	525	56	0	1	525	5368	5892	0.0	684
sampleA_part_1	NC_001601	9771	89.354	526	54	2	1	525	5779	6303	0.0	684
sampleA_part_1	PQ997938	2746895	89.143	525	57	0	1	525	5367	5891	0.0	678
sampleA_part_1	ON675405	9771	89.163	526	55	2	1	525	5780	6304	0.0	678
sampleA_part_1	ON675389	9771	89.163	526	55	2	1	525	5780	6304	0.0	678
sampleA_part_1	ON675350	9771	89.163	526	55	2	1	525	5780	6304	0.0	678
sampleA_part_1	ON675349	9771	89.163	526	55	2	1	525	5780	6304	0.0	678
sampleA_part_1	ON675328	9771	89.163	526	55	2	1	525	5780	6304	0.0	678
sampleA_part_1	ON675303	9771	89.163	526	55	2	1	525	5780	6304	0.0	678
sampleA_part_1	MW984425	255217	89.122	524	57	0	1	524	1	524	0.0	676
sampleA_part_1	KM233839	255217	89.122	524	57	0	1	524	10	533	0.0	676
sampleA_part_1	MK676070	255217	89.122	524	57	0	1	524	1	524	0.0	676
sampleA_part_1	NC_007937	255217	89.122	524	57	0	1	524	5362	5885	0.0	676
sampleA_part_1	OZ239556	9768	88.952	525	58	0	1	525	5368	5892	0.0	673
sampleA_part_1	MF409249	9768	88.952	525	58	0	1	525	5369	5893	0.0	673
sampleA_part_1	MF409248	9768	88.952	525	58	0	1	525	5369	5893	0.0	673
sampleA_part_1	OX465372	9767	88.931	524	58	0	1	524	5371	5894	0.0	671
sampleA_part_1	AB201257	255217	88.931	524	58	0	1	524	5362	5885	0.0	671
sampleA_part_1	MW984423	9769	88.762	525	59	0	1	525	1	525	0.0	667
sampleA_part_1	NC_006929	9768	88.762	525	59	0	1	525	5368	5892	0.0	667
sampleA_part_1	NC_006926	33556	88.762	525	59	0	1	525	5370	5894	0.0	667
sampleA_part_1	NC_005271	9767	88.740	524	59	0	1	524	5372	5895	0.0	665
sampleA_part_1	EU496287	9773	89.041	511	56	0	15	525	1	511	0.0	658
sampleA_part_1	EU496283	2746895	88.889	513	57	0	13	525	1	513	0.0	656
sampleA_part_1	KF281608	9767	88.738	515	58	0	10	524	1	515	0.0	654
sampleA_part_1	MT410935	9767	88.359	524	61	0	1	524	5385	5908	0.0	654
sampleA_part_1	AP006468	9767	88.359	524	61	0	1	524	5371	5894	0.0	654
sampleA_part_1	OZ239533	9770	88.190	525	62	0	1	525	5364	5888	0.0	651
sampleA_part_1	OZ205431	52113	88.381	525	56	4	1	524	1191713	1192233	0.0	651
sampleA_part_1	OZ205431	52113	83.774	530	80	4	1	525	61515446	61515974	1.13e-142	521
sampleA_part_1	KC572827	9770	88.190	525	62	0	1	525	6293	6817	0.0	651
sampleA_part_1	KC572826	9770	88.190	525	62	0	1	525	6293	6817	0.0	651
sampleA_part_1	KC572709	9770	88.190	525	62	0	1	525	6293	6817	0.0	651
sampleA_part_1	MT410921	9770	88.190	525	62	0	1	525	5364	5888	0.0	651
sampleA_part_1	NC_001321	9770	88.190	525	62	0	1	525	5782	6306	0.0	651
sampleA_part_1	EU496284	9768	88.650	511	58	0	15	525	1	511	1.79e-180	647
sampleA_part_1	MW984418	9769	89.022	501	55	0	25	525	1	501	6.45e-180	645
sampleA_part_1	KC572860	9770	88.000	525	63	0	1	525	6293	6817	6.45e-180	645
sampleA_part_1	KC572859	9770	88.000	525	63	0	1	525	6293	6817	6.45e-180	645
sampleA_part_1	KC572856	9770	88.000	525	63	0	1	525	6293	6817	6.45e-180	645
sampleA_part_1	KC572854	9770	88.000	525	63	0	1	525	6293	6817	6.45e-180	645
sampleA_part_1	KC572853	9770	88.000	525	63	0	1	525	6293	6817	6.45e-180	645
sampleA_part_1	KC572852	9770	88.000	525	63	0	1	525	6293	6817	6.45e-180	645
sampleA_part_1	KC572851	9770	88.000	525	63	0	1	525	6293	6817	6.45e-180	645
sampleA_part_1	KC572850	9770	88.000	525	63	0	1	525	6293	6817	6.45e-180	645
sampleA_part_1	KC572849	9770	88.000	525	63	0	1	525	6293	6817	6.45e-180	645
sampleA_part_1	KC572848	9770	88.000	525	63	0	1	525	6293	6817	6.45e-180	645
sampleA_part_1	KC572847	9770	88.000	525	63	0	1	525	6293	6817	6.45e-180	645
sampleA_part_1	KC572846	9770	88.000	525	63	0	1	525	6293	6817	6.45e-180	645
sampleA_part_1	KC572845	9770	88.000	525	63	0	1	525	6293	6817	6.45e-180	645
sampleA_part_1	KC572844	9770	88.000	525	63	0	1	525	6293	6817	6.45e-180	645
sampleA_part_1	KC572842	9770	88.000	525	63	0	1	525	6293	6817	6.45e-180	645
sampleA_part_1	KC572841	9770	88.000	525	63	0	1	525	6293	6817	6.45e-180	645
sampleA_part_1	KC572840	9770	88.000	525	63	0	1	525	6293	6817	6.45e-180	645
sampleA_part_1	KC572839	9770	88.000	525	63	0	1	525	6293	6817	6.45e-180	645
sampleA_part_1	KC572838	9770	88.000	525	63	0	1	525	6293	6817	6.45e-180	645
sampleA_part_1	KC572837	9770	88.000	525	63	0	1	525	6293	6817	6.45e-180	645
sampleA_part_1	KC572836	9770	88.000	525	63	0	1	525	6293	6817	6.45e-180	645
sampleA_part_1	KC572834	9770	88.000	525	63	0	1	525	6293	6817	6.45e-180	645
sampleA_part_1	KC572833	9770	88.000	525	63	0	1	525	6292	6816	6.45e-180	645
sampleA_part_1	KC572832	9770	88.000	525	63	0	1	525	6293	6817	6.45e-180	645
sampleA_part_1	KC572831	9770	88.000	525	63	0	1	525	6293	6817	6.45e-180	645
sampleA_part_1	KC572830	9770	88.000	525	63	0	1	525	6293	6817	6.45e-180	645
sampleA_part_1	KC572829	9770	88.000	525	63	0	1	525	6293	6817	6.45e-180	645
sampleA_part_1	KC572828	9770	88.000	525	63	0	1	525	6293	6817	6.45e-180	645
sampleA_part_1	KC572825	9770	88.000	525	63	0	1	525	6293	6817	6.45e-180	645
sampleA_part_1	KC572806	9770	88.000	525	63	0	1	525	6293	6817	6.45e-180	645
sampleA_part_1	KC572805	9770	88.000	525	63	0	1	525	6293	6817	6.45e-180	645
sampleA_part_1	KC572804	9770	88.000	525	63	0	1	525	6293	6817	6.45e-180	645
sampleA_part_1	KC572803	9770	88.000	525	63	0	1	525	6293	6817	6.45e-180	645
sampleA_part_1	KC572802	9770	88.000	525	63	0	1	525	6293	6817	6.45e-180	645
sampleA_part_1	KC572801	9770	88.000	525	63	0	1	525	6293	6817	6.45e-180	645
sampleA_part_1	KC572800	9770	88.000	525	63	0	1	525	6293	6817	6.45e-180	645
sampleA_part_1	KC572799	9770	88.000	525	63	0	1	525	6293	6817	6.45e-180	645
sampleA_part_1	KC572797	9770	88.000	525	63	0	1	525	6293	6817	6.45e-180	645
sampleA_part_1	KC572796	9770	88.000	525	63	0	1	525	6293	6817	6.45e-180	645
sampleA_part_1	KC572794	9770	88.000	525	63	0	1	525	6293	6817	6.45e-180	645
sampleA_part_1	KC572782	9770	88.000	525	63	0	1	525	6293	6817	6.45e-180	645
sampleA_part_1	KC572765	9770	88.000	525	63	0	1	525	6292	6816	6.45e-180	645
sampleA_part_1	KC572745	9770	88.000	525	63	0	1	525	6293	6817	6.45e-180	645
sampleA_part_1	KC572737	9770	88.000	525	63	0	1	525	6293	6817	6.45e-180	645
sampleA_part_1	KC572714	9770	88.000	525	63	0	1	525	6293	6817	6.45e-180	645
sampleA_part_1	KC572708	9770	88.000	525	63	0	1	525	6293	6817	6.45e-180	645
sampleA_part_1	EU496285	9767	88.627	510	58	0	15	524	1	510	6.45e-180	645
sampleA_part_1	KC572784	9770	87.810	525	64	0	1	525	6293	6817	8.35e-179	641
sampleA_part_1	KC572777	9770	87.810	525	64	0	1	525	6293	6817	8.35e-179	641
sampleA_part_1	KC572752	9770	87.810	525	64	0	1	525	6293	6817	8.35e-179	641
sampleA_part_1	KC572843	9770	87.810	525	64	0	1	525	6293	6817	3.00e-178	640
sampleA_part_1	KC572835	9770	87.810	525	64	0	1	525	6292	6816	3.00e-178	640
sampleA_part_1	KC572824	9770	87.810	525	64	0	1	525	6293	6817	3.00e-178	640
sampleA_part_1	KC572823	9770	87.810	525	64	0	1	525	6293	6817	3.00e-178	640
sampleA_part_1	KC572821	9770	87.810	525	64	0	1	525	6293	6817	3.00e-178	640
sampleA_part_1	KC572819	9770	87.810	525	64	0	1	525	6293	6817	3.00e-178	640
sampleA_part_1	KC572818	9770	87.810	525	64	0	1	525	6293	6817	3.00e-178	640
sampleA_part_1	KC572817	9770	87.810	525	64	0	1	525	6293	6817	3.00e-178	640
sampleA_part_1	KC572815	9770	87.810	525	64	0	1	525	6293	6817	3.00e-178	640
sampleA_part_1	KC572813	9770	87.810	525	64	0	1	525	6293	6817	3.00e-178	640
sampleA_part_1	KC572812	9770	87.810	525	64	0	1	525	6293	6817	3.00e-178	640
sampleA_part_1	KC572810	9770	87.810	525	64	0	1	525	6293	6817	3.00e-178	640
sampleA_part_1	KC572808	9770	87.810	525	64	0	1	525	6293	6817	3.00e-178	640
sampleA_part_1	KC572807	9770	87.810	525	64	0	1	525	6293	6817	3.00e-178	640
sampleA_part_1	KC572795	9770	87.810	525	64	0	1	525	6293	6817	3.00e-178	640
sampleA_part_1	KC572793	9770	87.810	525	64	0	1	525	6292	6816	3.00e-178	640
sampleA_part_1	KC572792	9770	87.810	525	64	0	1	525	6293	6817	3.00e-178	640
sampleA_part_1	KC572791	9770	87.810	525	64	0	1	525	6293	6817	3.00e-178	640
sampleA_part_1	KC572790	9770	87.810	525	64	0	1	525	6293	6817	3.00e-178	640
sampleA_part_1	KC572789	9770	87.810	525	64	0	1	525	6293	6817	3.00e-178	640
sampleA_part_1	KC572787	9770	87.810	525	64	0	1	525	6293	6817	3.00e-178	640
sampleA_part_1	KC572786	9770	87.810	525	64	0	1	525	6293	6817	3.00e-178	640
sampleA_part_1	KC572785	9770	87.810	525	64	0	1	525	6294	6818	3.00e-178	640
sampleA_part_1	KC572783	9770	87.810	525	64	0	1	525	6293	6817	3.00e-178	640
sampleA_part_1	KC572781	9770	87.810	525	64	0	1	525	6293	6817	3.00e-178	640
sampleA_part_1	KC572779	9770	87.810	525	64	0	1	525	6293	6817	3.00e-178	640
sampleA_part_1	KC572775	9770	87.810	525	64	0	1	525	6293	6817	3.00e-178	640
sampleA_part_1	KC572774	9770	87.810	525	64	0	1	525	6293	6817	3.00e-178	640
sampleA_part_1	KC572773	9770	87.810	525	64	0	1	525	6293	6817	3.00e-178	640
sampleA_part_1	KC572769	9770	87.810	525	64	0	1	525	6293	6817	3.00e-178	640
sampleA_part_1	KC572768	9770	87.810	525	64	0	1	525	6293	6817	3.00e-178	640
sampleA_part_1	KC572766	9770	87.810	525	64	0	1	525	6293	6817	3.00e-178	640
sampleA_part_1	KC572763	9770	87.810	525	64	0	1	525	6293	6817	3.00e-178	640
sampleA_part_1	KC572761	9770	87.810	525	64	0	1	525	6292	6816	3.00e-178	640
sampleA_part_1	KC572760	9770	87.810	525	64	0	1	525	6293	6817	3.00e-178	640
sampleA_part_1	KC572759	9770	87.810	525	64	0	1	525	6294	6818	3.00e-178	640
sampleA_part_1	KC572757	9770	87.810	525	64	0	1	525	6293	6817	3.00e-178	640
sampleA_part_1	KC572756	9770	87.810	525	64	0	1	525	6293	6817	3.00e-178	640
sampleA_part_1	KC572755	9770	87.810	525	64	0	1	525	6293	6817	3.00e-178	640
sampleA_part_1	KC572754	9770	87.810	525	64	0	1	525	6293	6817	3.00e-178	640
sampleA_part_1	KC572751	9770	87.810	525	64	0	1	525	6293	6817	3.00e-178	640
sampleA_part_1	KC572750	9770	87.810	525	64	0	1	525	6293	6817	3.00e-178	640
sampleA_part_1	KC572749	9770	87.810	525	64	0	1	525	6293	6817	3.00e-178	640
sampleA_part_1	KC572748	9770	87.810	525	64	0	1	525	6295	6819	3.00e-178	640
sampleA_part_1	KC572747	9770	87.810	525	64	0	1	525	6293	6817	3.00e-178	640
sampleA_part_1	KC572746	9770	87.810	525	64	0	1	525	6293	6817	3.00e-178	640
sampleA_part_1	KC572744	9770	87.810	525	64	0	1	525	6293	6817	3.00e-178	640
sampleA_part_1	KC572743	9770	87.810	525	64	0	1	525	6293	6817	3.00e-178	640
sampleA_part_1	KC572741	9770	87.810	525	64	0	1	525	6293	6817	3.00e-178	640
sampleA_part_1	KC572740	9770	87.810	525	64	0	1	525	6293	6817	3.00e-178	640
sampleA_part_1	KC572739	9770	87.810	525	64	0	1	525	6293	6817	3.00e-178	640
sampleA_part_1	KC572738	9770	87.810	525	64	0	1	525	6293	6817	3.00e-178	640
sampleA_part_1	KC572734	9770	87.810	525	64	0	1	525	6293	6817	3.00e-178	640
sampleA_part_1	KC572733	9770	87.810	525	64	0	1	525	6293	6817	3.00e-178	640
sampleA_part_1	KC572732	9770	87.619	525	65	0	1	525	6293	6817	3.00e-178	640
sampleA_part_1	KC572731	9770	87.810	525	64	0	1	525	6293	6817	3.00e-178	640
sampleA_part_1	KC572730	9770	87.810	525	64	0	1	525	6293	6817	3.00e-178	640
sampleA_part_1	KC572729	9770	87.810	525	64	0	1	525	6293	6817	3.00e-178	640
sampleA_part_1	KC572728	9770	87.810	525	64	0	1	525	6293	6817	3.00e-178	640
sampleA_part_1	KC572727	9770	87.810	525	64	0	1	525	6293	6817	3.00e-178	640
sampleA_part_1	KC572726	9770	87.810	525	64	0	1	525	6293	6817	3.00e-178	640
sampleA_part_1	KC572724	9770	87.810	525	64	0	1	525	6293	6817	3.00e-178	640
sampleA_part_1	KC572722	9770	87.810	525	64	0	1	525	6293	6817	3.00e-178	640
sampleA_part_1	KC572721	9770	87.810	525	64	0	1	525	6293	6817	3.00e-178	640
sampleA_part_1	KC572720	9770	87.810	525	64	0	1	525	6293	6817	3.00e-178	640
sampleA_part_1	KC572718	9770	87.810	525	64	0	1	525	6293	6817	3.00e-178	640
sampleA_part_1	KC572716	9770	87.810	525	64	0	1	525	6293	6817	3.00e-178	640
sampleA_part_1	KC572715	9770	87.810	525	64	0	1	525	6293	6817	3.00e-178	640
sampleA_part_1	KC572712	9770	87.810	525	64	0	1	525	6295	6819	3.00e-178	640
sampleA_part_1	KC572711	9770	87.810	525	64	0	1	525	6292	6816	3.00e-178	640
sampleA_part_1	KC572710	9770	87.810	525	64	0	1	525	6293	6817	3.00e-178	640
sampleA_part_1	OZ073229	48745	87.833	526	58	5	1	524	1239272	1239793	3.88e-177	636
sampleA_part_1	OZ073229	48745	84.411	526	80	2	1	525	60645286	60645810	3.13e-148	540
sampleA_part_1	OZ071514	48745	87.833	526	58	5	1	524	802866	803387	3.88e-177	636
sampleA_part_1	OZ071514	48745	84.411	526	80	2	1	525	59947873	59948397	3.13e-148	540
sampleA_part_1	KC572788	9770	87.429	525	66	0	1	525	6293	6817	3.88e-177	636
sampleA_part_1	KY001615	9773	89.162	489	53	0	37	525	1	489	1.40e-176	634
sampleA_part_1	PQ432991	9769	89.024	492	54	0	34	525	1	492	1.40e-176	634
sampleA_part_1	MF409243	9770	87.619	525	65	0	1	525	5364	5888	1.40e-176	634
sampleA_part_1	MW446724	9773	89.024	492	54	0	34	525	1	492	1.40e-176	634
sampleA_part_1	MW446723	9773	89.024	492	54	0	34	525	1	492	1.40e-176	634
sampleA_part_1	MW446722	9773	89.024	492	54	0	34	525	1	492	1.40e-176	634
sampleA_part_1	KC572855	9770	87.619	525	65	0	1	525	6293	6817	1.40e-176	634
sampleA_part_1	KC572822	9770	87.619	525	65	0	1	525	6293	6817	1.40e-176	634
sampleA_part_1	KC572816	9770	87.619	525	65	0	1	525	6293	6817	1.40e-176	634
sampleA_part_1	KC572811	9770	87.619	525	65	0	1	525	6293	6817	1.40e-176	634
sampleA_part_1	KC572809	9770	87.619	525	65	0	1	525	6293	6817	1.40e-176	634
sampleA_part_1	KC572778	9770	87.619	525	65	0	1	525	6293	6817	1.40e-176	634
sampleA_part_1	KC572776	9770	87.619	525	65	0	1	525	6293	6817	1.40e-176	634
sampleA_part_1	KC572764	9770	87.619	525	65	0	1	525	6293	6817	1.40e-176	634
sampleA_part_1	KC572762	9770	87.619	525	65	0	1	525	6293	6817	1.40e-176	634
sampleA_part_1	KC572758	9770	87.619	525	65	0	1	525	6293	6817	1.40e-176	634
sampleA_part_1	KC572753	9770	87.619	525	65	0	1	525	6293	6817	1.40e-176	634
sampleA_part_1	KC572742	9770	87.619	525	65	0	1	525	6293	6817	1.40e-176	634
sampleA_part_1	KC572736	9770	87.619	525	65	0	1	525	6293	6817	1.40e-176	634
sampleA_part_1	KC572735	9770	87.619	525	65	0	1	525	6293	6817	1.40e-176	634
sampleA_part_1	KC572719	9770	87.619	525	65	0	1	525	6293	6817	1.40e-176	634
sampleA_part_1	KC572717	9770	87.619	525	65	0	1	525	6293	6817	1.40e-176	634
sampleA_part_1	KC572713	9770	87.619	525	65	0	1	525	6293	6817	1.40e-176	634
sampleA_part_1	KY001616	9773	88.957	489	54	0	37	525	1	489	6.50e-175	628
sampleA_part_1	MW446656	9768	88.294	504	59	0	22	525	1	504	6.50e-175	628
sampleA_part_1	KC572771	9770	87.429	525	66	0	1	525	6293	6817	6.50e-175	628
sampleA_part_1	EU139279	9764	89.518	477	50	0	49	525	1	477	6.50e-175	628
sampleA_part_1	PV453157	9771	88.821	492	53	2	35	525	1	491	2.34e-174	627
sampleA_part_1	MH047023	9764	89.641	473	49	0	53	525	3	475	2.34e-174	627
sampleA_part_1	MH047022	9764	89.641	473	49	0	53	525	3	475	2.34e-174	627
sampleA_part_1	MH047021	9764	89.641	473	49	0	53	525	3	475	2.34e-174	627
sampleA_part_1	MH047020	9764	89.641	473	49	0	53	525	3	475	2.34e-174	627
sampleA_part_1	MH047019	9764	89.641	473	49	0	53	525	3	475	2.34e-174	627
sampleA_part_1	MH047018	9764	89.641	473	49	0	53	525	3	475	2.34e-174	627
sampleA_part_1	MH047017	9764	89.641	473	49	0	53	525	3	475	2.34e-174	627
sampleA_part_1	MH047016	9764	89.641	473	49	0	53	525	3	475	2.34e-174	627
sampleA_part_1	MH047015	9764	89.641	473	49	0	53	525	3	475	2.34e-174	627
sampleA_part_1	MH047014	9764	89.641	473	49	0	53	525	3	475	2.34e-174	627
sampleA_part_1	MH047013	9764	89.641	473	49	0	53	525	3	475	2.34e-174	627
sampleA_part_1	MH047012	9764	89.641	473	49	0	53	525	3	475	2.34e-174	627
sampleA_part_1	MH047011	9764	89.641	473	49	0	53	525	3	475	2.34e-174	627
sampleA_part_1	MH047010	9764	89.641	473	49	0	53	525	3	475	2.34e-174	627
sampleA_part_1	MH047009	9764	89.641	473	49	0	53	525	3	475	2.34e-174	627
sampleA_part_1	MH047008	9764	89.641	473	49	0	53	525	3	475	2.34e-174	627
sampleA_part_1	MH047007	9764	89.641	473	49	0	53	525	3	475	2.34e-174	627
sampleA_part_1	MH047006	9764	89.641	473	49	0	53	525	3	475	2.34e-174	627
sampleA_part_1	MH047005	9764	89.641	473	49	0	53	525	3	475	2.34e-174	627
sampleA_part_1	MH047004	9764	89.641	473	49	0	53	525	3	475	2.34e-174	627
sampleA_part_1	MH047003	9764	89.641	473	49	0	53	525	3	475	2.34e-174	627
sampleA_part_1	MH047002	9764	89.641	473	49	0	53	525	3	475	2.34e-174	627
sampleA_part_1	MH047001	9764	89.641	473	49	0	53	525	3	475	2.34e-174	627
sampleA_part_1	MH047000	9764	89.641	473	49	0	53	525	3	475	2.34e-174	627
sampleA_part_1	MH046999	9764	89.641	473	49	0	53	525	3	475	2.34e-174	627
sampleA_part_1	MH046998	9764	89.641	473	49	0	53	525	3	475	2.34e-174	627
sampleA_part_1	MH046997	9764	89.641	473	49	0	53	525	3	475	2.34e-174	627
sampleA_part_1	MH046996	9764	89.641	473	49	0	53	525	3	475	2.34e-174	627
sampleA_part_1	MH046995	9764	89.641	473	49	0	53	525	3	475	2.34e-174	627
sampleA_part_1	MH046994	9764	89.641	473	49	0	53	525	3	475	2.34e-174	627
sampleA_part_1	MH046993	9764	89.641	473	49	0	53	525	3	475	2.34e-174	627
sampleA_part_1	MH046992	9764	89.641	473	49	0	53	525	3	475	2.34e-174	627
sampleA_part_1	MH046991	9764	89.641	473	49	0	53	525	3	475	2.34e-174	627
sampleA_part_1	MH046990	9764	89.641	473	49	0	53	525	3	475	2.34e-174	627
sampleA_part_1	MH046989	9764	89.641	473	49	0	53	525	3	475	2.34e-174	627
sampleA_part_1	MH046988	9764	89.641	473	49	0	53	525	3	475	2.34e-174	627
sampleA_part_1	MH046987	9764	89.641	473	49	0	53	525	3	475	2.34e-174	627
sampleA_part_1	MH046985	9764	89.641	473	49	0	53	525	3	475	2.34e-174	627
sampleA_part_1	MH046984	9764	89.641	473	49	0	53	525	3	475	2.34e-174	627
sampleA_part_1	MH046983	9764	89.641	473	49	0	53	525	3	475	2.34e-174	627
sampleA_part_1	MH046982	9764	89.641	473	49	0	53	525	3	475	2.34e-174	627
sampleA_part_1	MH046981	9764	89.641	473	49	0	53	525	3	475	2.34e-174	627
sampleA_part_1	MH046980	9764	89.641	473	49	0	53	525	3	475	2.34e-174	627
sampleA_part_1	MH046979	9764	89.641	473	49	0	53	525	3	475	2.34e-174	627
sampleA_part_1	MH046978	9764	89.641	473	49	0	53	525	3	475	2.34e-174	627
sampleA_part_1	MH046977	9764	89.641	473	49	0	53	525	3	475	2.34e-174	627
sampleA_part_1	MH046976	9764	89.641	473	49	0	53	525	3	475	2.34e-174	627
sampleA_part_1	MH046975	9764	89.641	473	49	0	53	525	3	475	2.34e-174	627
sampleA_part_1	MH046974	9764	89.641	473	49	0	53	525	3	475	2.34e-174	627
sampleA_part_1	MH046973	9764	89.641	473	49	0	53	525	3	475	2.34e-174	627
sampleA_part_1	MH046972	9764	89.641	473	49	0	53	525	3	475	2.34e-174	627
sampleA_part_1	MH046970	9764	89.641	473	49	0	53	525	3	475	2.34e-174	627
sampleA_part_1	MH046968	9764	89.641	473	49	0	53	525	3	475	2.34e-174	627
sampleA_part_1	MH046967	9764	89.641	473	49	0	53	525	3	475	2.34e-174	627
sampleA_part_1	MH046965	9764	89.641	473	49	0	53	525	3	475	2.34e-174	627
sampleA_part_1	MH046964	9764	89.641	473	49	0	53	525	3	475	2.34e-174	627
sampleA_part_1	MH046963	9764	89.641	473	49	0	53	525	3	475	2.34e-174	627
sampleA_part_1	MH046962	9764	89.641	473	49	0	53	525	3	475	2.34e-174	627
sampleA_part_1	MH046961	9764	89.641	473	49	0	53	525	3	475	2.34e-174	627
sampleA_part_2	OP205215	302098	99.605	506	2	0	1	506	5886	6391	0.0	926
sampleA_part_2	OP205212	302098	99.605	506	2	0	1	506	5886	6391	0.0	926
sampleA_part_2	OP205211	302098	99.605	506	2	0	1	506	5886	6391	0.0	926
sampleA_part_2	OP205206	302098	99.605	506	2	0	1	506	5886	6391	0.0	926
sampleA_part_2	OP205204	302098	99.605	506	2	0	1	506	5886	6391	0.0	926
sampleA_part_2	OP205203	302098	99.605	506	2	0	1	506	5886	6391	0.0	926
sampleA_part_2	OP205202	302098	99.605	506	2	0	1	506	5886	6391	0.0	926
sampleA_part_2	OP205199	302098	99.605	506	2	0	1	506	5886	6391	0.0	926
sampleA_part_2	OP205194	302098	99.605	506	2	0	1	506	5886	6391	0.0	926
sampleA_part_2	OP205193	302098	99.605	506	2	0	1	506	5886	6391	0.0	926
sampleA_part_2	NC_006931	302098	99.605	506	2	0	1	506	5886	6391	0.0	926
sampleA_part_2	OP205207	302098	99.407	506	3	0	1	506	5886	6391	0.0	920
sampleA_part_2	OP205201	302098	99.407	506	3	0	1	506	5886	6391	0.0	920
sampleA_part_2	OP205200	302098	99.407	506	3	0	1	506	5886	6391	0.0	920
sampleA_part_2	OP205192	302098	99.407	506	3	0	1	506	5886	6391	0.0	920
sampleA_part_2	MF459656	27606	99.209	506	4	0	1	506	5886	6391	0.0	915
sampleA_part_2	OP205218	302098	99.209	506	4	0	1	506	5885	6390	0.0	915
sampleA_part_2	OP205217	302098	99.209	506	4	0	1	506	5885	6390	0.0	915
sampleA_part_2	OP205213	302098	99.209	506	4	0	1	506	5885	6390	0.0	915
sampleA_part_2	OP205210	302098	99.209	506	4	0	1	506	5885	6390	0.0	915
sampleA_part_2	OP205205	302098	99.209	506	4	0	1	506	5885	6390	0.0	915
sampleA_part_2	OP205198	302098	99.209	506	4	0	1	506	5885	6390	0.0	915
sampleA_part_2	OP205197	302098	99.209	506	4	0	1	506	5885	6390	0.0	915
sampleA_part_2	OP205196	302098	99.209	506	4	0	1	506	5885	6390	0.0	915
sampleA_part_2	OP205195	302098	99.209	506	4	0	1	506	5885	6390	0.0	915
sampleA_part_2	OP205191	27606	99.209	506	4	0	1	506	5886	6391	0.0	915
sampleA_part_2	OP205190	27606	99.209	506	4	0	1	506	5886	6391	0.0	915
sampleA_part_2	OP205189	27606	99.209	506	4	0	1	506	5886	6391	0.0	915
sampleA_part_2	OP205187	27606	99.209	506	4	0	1	506	5886	6391	0.0	915
sampleA_part_2	OP205185	27606	99.209	506	4	0	1	506	5886	6391	0.0	915
sampleA_part_2	OP205184	27606	99.209	506	4	0	1	506	5886	6391	0.0	915
sampleA_part_2	OP205183	27606	99.209	506	4	0	1	506	5886	6391	0.0	915
sampleA_part_2	OP205174	160595	99.209	506	4	0	1	506	5885	6390	0.0	915
sampleA_part_2	OP205169	160595	99.209	506	4	0	1	506	5885	6390	0.0	915
sampleA_part_2	DQ095154	27606	99.209	506	4	0	1	506	526	1031	0.0	915
sampleA_part_2	OP205188	27606	99.012	506	5	0	1	506	5886	6391	0.0	909
sampleA_part_2	OP205186	27606	99.012	506	5	0	1	506	5886	6391	0.0	909
sampleA_part_2	OP205181	27606	99.012	506	5	0	1	506	5886	6391	0.0	909
sampleA_part_2	OP205178	160595	99.012	506	5	0	1	506	5885	6390	0.0	909
sampleA_part_2	OP205177	160595	99.012	506	5	0	1	506	5885	6390	0.0	909
sampleA_part_2	OP205172	160595	99.012	506	5	0	1	506	5885	6390	0.0	909
sampleA_part_2	OP205168	160595	99.012	506	5	0	1	506	5885	6390	0.0	909
sampleA_part_2	DQ095155	160595	99.012	506	5	0	1	506	526	1031	0.0	909
sampleA_part_2	OP205175	160595	98.814	506	6	0	1	506	5885	6390	0.0	904
sampleA_part_2	NC_037444	27606	98.419	506	8	0	1	506	5885	6390	0.0	893
sampleA_part_2	OP205176	160595	98.419	506	8	0	1	506	5885	6390	0.0	893
sampleA_part_2	OP205173	160595	98.419	506	8	0	1	506	5885	6390	0.0	893
sampleA_part_2	OP205170	160595	98.419	506	8	0	1	506	5885	6390	0.0	893
sampleA_part_2	OP205167	160595	98.419	506	8	0	1	506	5885	6390	0.0	893
sampleA_part_2	OP205166	160595	98.419	506	8	0	1	506	5885	6390	0.0	893
sampleA_part_2	DQ095156	160595	98.419	506	8	0	1	506	526	1031	0.0	893
sampleA_part_2	NC_006930	160595	98.419	506	8	0	1	506	5884	6389	0.0	893
sampleA_part_2	MN159080	27602	96.838	506	16	0	1	506	5890	6395	0.0	848
sampleA_part_2	MN145938	27602	96.838	506	16	0	1	506	5890	6395	0.0	848
sampleA_part_2	MZ618258	27602	96.838	506	16	0	1	506	6311	6816	0.0	848
sampleA_part_2	MN124685	27602	96.640	506	17	0	1	506	5890	6395	0.0	843
sampleA_part_2	MN159085	27602	96.640	506	17	0	1	506	5891	6396	0.0	843
sampleA_part_2	MN159084	27602	96.640	506	17	0	1	506	5890	6395	0.0	843
sampleA_part_2	MN159082	27602	96.640	506	17	0	1	506	5890	6395	0.0	843
sampleA_part_2	MN159081	27602	96.640	506	17	0	1	506	5890	6395	0.0	843
sampleA_part_2	MN145939	27602	96.640	506	17	0	1	506	5890	6395	0.0	843
sampleA_part_2	MN145937	27602	96.640	506	17	0	1	506	5890	6395	0.0	843
sampleA_part_2	MH198022	27602	96.640	506	17	0	1	506	5883	6388	0.0	843
sampleA_part_2	KY026773	27602	96.640	506	17	0	1	506	5890	6395	0.0	843
sampleA_part_2	KY026772	27602	96.640	506	17	0	1	506	5890	6395	0.0	843
sampleA_part_2	KY026771	27602	96.640	506	17	0	1	506	5891	6396	0.0	843
sampleA_part_2	KY026770	27602	96.640	506	17	0	1	506	5891	6396	0.0	843
sampleA_part_2	KY026769	27602	96.640	506	17	0	1	506	5891	6396	0.0	843
sampleA_part_2	KY026768	27602	96.640	506	17	0	1	506	5891	6396	0.0	843
sampleA_part_2	KY026767	27602	96.640	506	17	0	1	506	5891	6396	0.0	843
sampleA_part_2	KY026766	27602	96.640	506	17	0	1	506	5891	6396	0.0	843
sampleA_part_2	MZ618260	27602	96.640	506	17	0	1	506	6311	6816	0.0	843
sampleA_part_2	MZ618257	27602	96.640	506	17	0	1	506	6310	6815	0.0	843
sampleA_part_2	MZ618256	27602	96.640	506	17	0	1	506	6311	6816	0.0	843
sampleA_part_2	MZ618254	27602	96.640	506	17	0	1	506	6310	6815	0.0	843
sampleA_part_2	MZ618253	27602	96.640	506	17	0	1	506	6310	6815	0.0	843
sampleA_part_2	MZ618252	27602	96.640	506	17	0	1	506	6310	6815	0.0	843
sampleA_part_2	MZ618251	27602	96.640	506	17	0	1	506	6310	6815	0.0	843
sampleA_part_2	MZ618250	27602	96.640	506	17	0	1	506	6310	6815	0.0	843
sampleA_part_2	MZ618248	27602	96.640	506	17	0	1	506	6310	6815	0.0	843
sampleA_part_2	MZ618247	27602	96.640	506	17	0	1	506	6310	6815	0.0	843
sampleA_part_2	MZ618246	27602	96.640	506	17	0	1	506	6310	6815	0.0	843
sampleA_part_2	MZ618245	27602	96.640	506	17	0	1	506	6310	6815	0.0	843
sampleA_part_2	MZ618244	27602	96.640	506	17	0	1	506	6310	6815	0.0	843
sampleA_part_2	MZ618243	27602	96.640	506	17	0	1	506	6310	6815	0.0	843
sampleA_part_2	MT649195	27602	96.640	506	17	0	1	506	5891	6396	0.0	843
sampleA_part_2	MT649194	27602	96.640	506	17	0	1	506	5890	6395	0.0	843
sampleA_part_2	MT649193	27602	96.640	506	17	0	1	506	5890	6395	0.0	843
sampleA_part_2	MT649192	27602	96.640	506	17	0	1	506	5890	6395	0.0	843
sampleA_part_2	MT649191	27602	96.640	506	17	0	1	506	5890	6395	0.0	843
sampleA_part_2	MT649190	27602	96.640	506	17	0	1	506	5890	6395	0.0	843
sampleA_part_2	MT649189	27602	96.640	506	17	0	1	506	5890	6395	0.0	843
sampleA_part_2	MT649188	27602	96.640	506	17	0	1	506	5890	6395	0.0	843
sampleA_part_2	MT649187	27602	96.640	506	17	0	1	506	5890	6395	0.0	843
sampleA_part_2	MT649186	27602	96.640	506	17	0	1	506	5890	6395	0.0	843
sampleA_part_2	AP006472	27602	96.640	506	17	0	1	506	5890	6395	0.0	843
sampleA_part_2	NC_005268	27602	96.640	506	17	0	1	506	5892	6397	0.0	843
sampleA_part_2	MN159083	27602	96.443	506	18	0	1	506	5890	6395	0.0	837
sampleA_part_2	MZ618259	27602	96.443	506	18	0	1	506	6311	6816	0.0	837
sampleA_part_2	MZ618255	27602	96.443	506	18	0	1	506	6310	6815	0.0	837
sampleA_part_2	MT649196	27602	96.443	506	18	0	1	506	5891	6396	0.0	837
sampleA_part_2	MT649185	27602	96.443	506	18	0	1	506	5891	6396	0.0	837
sampleA_part_2	MZ618249	27602	96.245	506	19	0	1	506	6310	6815	0.0	832
sampleA_part_2	MF409245	9764	90.457	503	48	0	1	503	5896	6398	0.0	665
sampleA_part_2	MF409244	9764	90.457	503	48	0	1	503	5897	6399	0.0	665
sampleA_part_2	AP006471	9764	90.457	503	48	0	1	503	5897	6399	0.0	665
sampleA_part_2	NC_005271	9767	90.457	503	48	0	1	503	5897	6399	0.0	665
sampleA_part_2	NC_005270	9764	90.457	503	48	0	1	503	5896	6398	0.0	665
sampleA_part_2	OX465372	9767	90.258	503	49	0	1	503	5896	6398	0.0	660
sampleA_part_2	MT874478	255365	90.258	503	49	0	1	503	5675	6177	0.0	660
sampleA_part_2	MT410935	9767	90.258	503	49	0	1	503	5910	6412	0.0	660
sampleA_part_2	AB201259	255365	90.258	503	49	0	1	503	5893	6395	0.0	660
sampleA_part_2	NC_006928	255365	90.258	503	49	0	1	503	5892	6394	0.0	660
sampleA_part_2	AP006468	9767	90.258	503	49	0	1	503	5896	6398	0.0	660
sampleA_part_2	PQ997938	2746895	90.060	503	50	0	1	503	5892	6394	0.0	654
sampleA_part_2	MF409246	9773	90.060	503	50	0	1	503	5894	6396	0.0	654
sampleA_part_2	PP475430	9773	90.060	503	50	0	1	503	5899	6401	0.0	654
sampleA_part_2	KC572854	9770	90.060	503	50	0	1	503	6818	7320	0.0	654
sampleA_part_2	KC572850	9770	90.060	503	50	0	1	503	6818	7320	0.0	654
sampleA_part_2	KC572848	9770	90.060	503	50	0	1	503	6818	7320	0.0	654
sampleA_part_2	KC572847	9770	90.060	503	50	0	1	503	6818	7320	0.0	654
sampleA_part_2	KC572845	9770	90.060	503	50	0	1	503	6818	7320	0.0	654
sampleA_part_2	KC572844	9770	90.060	503	50	0	1	503	6818	7320	0.0	654
sampleA_part_2	KC572841	9770	90.060	503	50	0	1	503	6818	7320	0.0	654
sampleA_part_2	KC572838	9770	90.060	503	50	0	1	503	6818	7320	0.0	654
sampleA_part_2	KC572836	9770	90.060	503	50	0	1	503	6818	7320	0.0	654
sampleA_part_2	KC572835	9770	90.060	503	50	0	1	503	6817	7319	0.0	654
sampleA_part_2	KC572804	9770	90.060	503	50	0	1	503	6818	7320	0.0	654
sampleA_part_2	KC572803	9770	90.060	503	50	0	1	503	6818	7320	0.0	654
sampleA_part_2	KC572799	9770	90.060	503	50	0	1	503	6818	7320	0.0	654
sampleA_part_2	KC572793	9770	90.060	503	50	0	1	503	6817	7319	0.0	654
sampleA_part_2	GQ353286	9773	90.060	503	50	0	1	503	526	1028	0.0	654
sampleA_part_2	GQ353285	9773	90.060	503	50	0	1	503	526	1028	0.0	654
sampleA_part_2	GQ353284	9773	90.060	503	50	0	1	503	526	1028	0.0	654
sampleA_part_2	FJ590425	9773	90.060	503	50	0	1	503	3124	3626	0.0	654
sampleA_part_2	NC_007938	9769	89.921	506	51	0	1	506	5891	6396	0.0	654
sampleA_part_2	AP006475	27604	89.921	506	51	0	1	506	5885	6390	0.0	654
sampleA_part_2	NC_006927	9773	90.060	503	50	0	1	503	5900	6402	0.0	654
sampleA_part_2	KC572732	9770	89.723	506	52	0	1	506	6818	7323	0.0	652
sampleA_part_2	KC572852	9770	89.861	503	51	0	1	503	6818	7320	0.0	649
sampleA_part_2	KC572851	9770	89.861	503	51	0	1	503	6818	7320	0.0	649
sampleA_part_2	KC572849	9770	89.861	503	51	0	1	503	6818	7320	0.0	649
sampleA_part_2	KC572846	9770	89.861	503	51	0	1	503	6818	7320	0.0	649
sampleA_part_2	KC572842	9770	89.861	503	51	0	1	503	6818	7320	0.0	649
sampleA_part_2	KC572840	9770	89.861	503	51	0	1	503	6818	7320	0.0	649
sampleA_part_2	KC572839	9770	89.861	503	51	0	1	503	6818	7320	0.0	649
sampleA_part_2	KC572837	9770	89.861	503	51	0	1	503	6818	7320	0.0	649
sampleA_part_2	KC572834	9770	89.861	503	51	0	1	503	6818	7320	0.0	649
sampleA_part_2	KC572833	9770	89.861	503	51	0	1	503	6817	7319	0.0	649
sampleA_part_2	KC572832	9770	89.861	503	51	0	1	503	6818	7320	0.0	649
sampleA_part_2	KC572831	9770	89.861	503	51	0	1	503	6818	7320	0.0	649
sampleA_part_2	KC572830	9770	89.861	503	51	0	1	503	6818	7320	0.0	649
sampleA_part_2	KC572806	9770	89.861	503	51	0	1	503	6818	7320	0.0	649
sampleA_part_2	KC572805	9770	89.861	503	51	0	1	503	6818	7320	0.0	649
sampleA_part_2	KC572802	9770	89.861	503	51	0	1	503	6818	7320	0.0	649
sampleA_part_2	KC572800	9770	89.861	503	51	0	1	503	6818	7320	0.0	649
sampleA_part_2	KC572797	9770	89.861	503	51	0	1	503	6818	7320	0.0	649
sampleA_part_2	KC572796	9770	89.861	503	51	0	1	503	6818	7320	0.0	649
sampleA_part_2	KC572795	9770	89.861	503	51	0	1	503	6818	7320	0.0	649
sampleA_part_2	KC572794	9770	89.861	503	51	0	1	503	6818	7320	0.0	649
sampleA_part_2	KC572792	9770	89.861	503	51	0	1	503	6818	7320	0.0	649
sampleA_part_2	KC572791	9770	89.861	503	51	0	1	503	6818	7320	0.0	649
sampleA_part_2	KC572784	9770	89.861	503	51	0	1	503	6818	7320	0.0	649
sampleA_part_2	KC572783	9770	89.861	503	51	0	1	503	6818	7320	0.0	649
sampleA_part_2	KC572779	9770	89.861	503	51	0	1	503	6818	7320	0.0	649
sampleA_part_2	KC572777	9770	89.861	503	51	0	1	503	6818	7320	0.0	649
sampleA_part_2	KC572774	9770	89.861	503	51	0	1	503	6818	7320	0.0	649
sampleA_part_2	KC572752	9770	89.861	503	51	0	1	503	6818	7320	0.0	649
sampleA_part_2	KC572745	9770	89.861	503	51	0	1	503	6818	7320	0.0	649
sampleA_part_2	KC572734	9770	89.861	503	51	0	1	503	6818	7320	0.0	649
sampleA_part_2	KC572730	9770	89.861	503	51	0	1	503	6818	7320	0.0	649
sampleA_part_2	KC572724	9770	89.861	503	51	0	1	503	6818	7320	0.0	649
sampleA_part_2	KC572721	9770	89.861	503	51	0	1	503	6818	7320	0.0	649
sampleA_part_2	KC572715	9770	89.861	503	51	0	1	503	6818	7320	0.0	649
sampleA_part_2	KC572708	9770	89.861	503	51	0	1	503	6818	7320	0.0	649
sampleA_part_2	OZ239533	9770	89.662	503	52	0	1	503	5889	6391	2.32e-179	643
sampleA_part_2	MF409243	9770	89.662	503	52	0	1	503	5889	6391	2.32e-179	643
sampleA_part_2	KC572859	9770	89.662	503	52	0	1	503	6818	7320	2.32e-179	643
sampleA_part_2	KC572856	9770	89.662	503	52	0	1	503	6818	7320	2.32e-179	643
sampleA_part_2	KC572843	9770	89.662	503	52	0	1	503	6818	7320	2.32e-179	643
sampleA_part_2	KC572829	9770	89.662	503	52	0	1	503	6818	7320	2.32e-179	643
sampleA_part_2	KC572828	9770	89.662	503	52	0	1	503	6818	7320	2.32e-179	643
sampleA_part_2	KC572827	9770	89.662	503	52	0	1	503	6818	7320	2.32e-179	643
sampleA_part_2	KC572826	9770	89.662	503	52	0	1	503	6818	7320	2.32e-179	643
sampleA_part_2	KC572825	9770	89.662	503	52	0	1	503	6818	7320	2.32e-179	643
sampleA_part_2	KC572808	9770	89.662	503	52	0	1	503	6818	7320	2.32e-179	643
sampleA_part_2	KC572801	9770	89.662	503	52	0	1	503	6818	7320	2.32e-179	643
sampleA_part_2	KC572788	9770	89.328	506	54	0	1	506	6818	7323	2.32e-179	643
sampleA_part_2	KC572782	9770	89.662	503	52	0	1	503	6818	7320	2.32e-179	643
sampleA_part_2	KC572714	9770	89.662	503	52	0	1	503	6818	7320	2.32e-179	643
sampleA_part_2	KC572709	9770	89.662	503	52	0	1	503	6818	7320	2.32e-179	643
sampleA_part_2	MT410921	9770	89.662	503	52	0	1	503	5889	6391	2.32e-179	643
sampleA_part_2	NC_005269	27604	89.526	506	53	0	1	506	5885	6390	2.32e-179	643
sampleA_part_2	NC_001321	9770	89.662	503	52	0	1	503	6307	6809	2.32e-179	643
sampleA_part_2	KC572860	9770	89.463	503	53	0	1	503	6818	7320	3.00e-178	640
sampleA_part_2	KC572790	9770	89.463	503	53	0	1	503	6818	7320	3.00e-178	640
sampleA_part_2	OZ239556	9768	89.463	503	53	0	1	503	5893	6395	1.08e-177	638
sampleA_part_2	MF409249	9768	89.463	503	53	0	1	503	5894	6396	1.08e-177	638
sampleA_part_2	MF409248	9768	89.463	503	53	0	1	503	5894	6396	1.08e-177	638
sampleA_part_2	ON675428	9771	89.328	506	54	0	1	506	6305	6810	1.08e-177	638
sampleA_part_2	ON675395	9771	89.600	500	52	0	1	500	6305	6804	1.08e-177	638
sampleA_part_2	ON675383	9771	89.600	500	52	0	1	500	6305	6804	1.08e-177	638
sampleA_part_2	ON675382	9771	89.328	506	54	0	1	506	6305	6810	1.08e-177	638
sampleA_part_2	ON675349	9771	89.328	506	54	0	1	506	6305	6810	1.08e-177	638
sampleA_part_2	KC572824	9770	89.463	503	53	0	1	503	6818	7320	1.08e-177	638
sampleA_part_2	KC572821	9770	89.463	503	53	0	1	503	6818	7320	1.08e-177	638
sampleA_part_2	KC572819	9770	89.463	503	53	0	1	503	6818	7320	1.08e-177	638
sampleA_part_2	KC572813	9770	89.463	503	53	0	1	503	6818	7320	1.08e-177	638
sampleA_part_2	KC572811	9770	89.463	503	53	0	1	503	6818	7320	1.08e-177	638
sampleA_part_2	KC572810	9770	89.463	503	53	0	1	503	6818	7320	1.08e-177	638
sampleA_part_2	KC572789	9770	89.463	503	53	0	1	503	6818	7320	1.08e-177	638
sampleA_part_2	KC572787	9770	89.463	503	53	0	1	503	6818	7320	1.08e-177	638
sampleA_part_2	KC572769	9770	89.463	503	53	0	1	503	6818	7320	1.08e-177	638
sampleA_part_2	KC572768	9770	89.463	503	53	0	1	503	6818	7320	1.08e-177	638
sampleA_part_2	KC572765	9770	89.463	503	53	0	1	503	6817	7319	1.08e-177	638
sampleA_part_2	KC572763	9770	89.463	503	53	0	1	503	6818	7320	1.08e-177	638
sampleA_part_2	KC572761	9770	89.463	503	53	0	1	503	6817	7319	1.08e-177	638
sampleA_part_2	KC572760	9770	89.463	503	53	0	1	503	6818	7320	1.08e-177	638
sampleA_part_2	KC572759	9770	89.463	503	53	0	1	503	6819	7321	1.08e-177	638
sampleA_part_2	KC572756	9770	89.463	503	53	0	1	503	6818	7320	1.08e-177	638
sampleA_part_2	KC572754	9770	89.463	503	53	0	1	503	6818	7320	1.08e-177	638
sampleA_part_2	KC572750	9770	89.463	503	53	0	1	503	6818	7320	1.08e-177	638
sampleA_part_2	KC572748	9770	89.463	503	53	0	1	503	6820	7322	1.08e-177	638
sampleA_part_2	KC572744	9770	89.463	503	53	0	1	503	6818	7320	1.08e-177	638
sampleA_part_2	KC572743	9770	89.463	503	53	0	1	503	6818	7320	1.08e-177	638
sampleA_part_2	KC572741	9770	89.463	503	53	0	1	503	6818	7320	1.08e-177	638
sampleA_part_2	KC572740	9770	89.463	503	53	0	1	503	6818	7320	1.08e-177	638
sampleA_part_2	KC572739	9770	89.463	503	53	0	1	503	6818	7320	1.08e-177	638
sampleA_part_2	KC572738	9770	89.463	503	53	0	1	503	6818	7320	1.08e-177	638
sampleA_part_2	KC572731	9770	89.463	503	53	0	1	503	6818	7320	1.08e-177	638
sampleA_part_2	KC572726	9770	89.463	503	53	0	1	503	6818	7320	1.08e-177	638
sampleA_part_2	KC572712	9770	89.463	503	53	0	1	503	6820	7322	1.08e-177	638
sampleA_part_2	KC572711	9770	89.463	503	53	0	1	503	6817	7319	1.08e-177	638
sampleA_part_2	KC572710	9770	89.463	503	53	0	1	503	6818	7320	1.08e-177	638
sampleA_part_2	MF409242	9771	89.400	500	53	0	1	500	5884	6383	5.03e-176	632
sampleA_part_2	ON257899	9771	89.400	500	53	0	1	500	5883	6382	5.03e-176	632
sampleA_part_2	ON257889	9771	89.400	500	53	0	1	500	5883	6382	5.03e-176	632
sampleA_part_2	ON257888	9771	89.400	500	53	0	1	500	5883	6382	5.03e-176	632
sampleA_part_2	ON257887	9771	89.400	500	53	0	1	500	5883	6382	5.03e-176	632
sampleA_part_2	ON257886	9771	89.400	500	53	0	1	500	5883	6382	5.03e-176	632
sampleA_part_2	ON675434	9771	89.400	500	53	0	1	500	6305	6804	5.03e-176	632
sampleA_part_2	ON675432	9771	89.400	500	53	0	1	500	6305	6804	5.03e-176	632
sampleA_part_2	ON675425	9771	89.400	500	53	0	1	500	6305	6804	5.03e-176	632
sampleA_part_2	ON675414	9771	89.400	500	53	0	1	500	6305	6804	5.03e-176	632
sampleA_part_2	ON675412	9771	89.400	500	53	0	1	500	6305	6804	5.03e-176	632
sampleA_part_2	ON675411	9771	89.400	500	53	0	1	500	6305	6804	5.03e-176	632
sampleA_part_2	ON675410	9771	89.400	500	53	0	1	500	6305	6804	5.03e-176	632
sampleA_part_2	ON675407	9771	89.400	500	53	0	1	500	6305	6804	5.03e-176	632
sampleA_part_2	ON675396	9771	89.400	500	53	0	1	500	6305	6804	5.03e-176	632
sampleA_part_2	ON675394	9771	89.400	500	53	0	1	500	6305	6804	5.03e-176	632
sampleA_part_2	ON675387	9771	89.400	500	53	0	1	500	6305	6804	5.03e-176	632
sampleA_part_2	ON675384	9771	89.400	500	53	0	1	500	6305	6804	5.03e-176	632
sampleA_part_2	ON675378	9771	89.400	500	53	0	1	500	6305	6804	5.03e-176	632
sampleA_part_2	ON675376	9771	89.400	500	53	0	1	500	6305	6804	5.03e-176	632
sampleA_part_2	ON675372	9771	89.264	503	54	0	1	503	6305	6807	5.03e-176	632
sampleA_part_2	ON675355	9771	89.400	500	53	0	1	500	6305	6804	5.03e-176	632
sampleA_part_2	ON675353	9771	89.400	500	53	0	1	500	6305	6804	5.03e-176	632
sampleA_part_2	ON675352	9771	89.400	500	53	0	1	500	6305	6804	5.03e-176	632
sampleA_part_2	ON675333	9771	89.264	503	54	0	1	503	6305	6807	5.03e-176	632
sampleA_part_2	ON675331	9771	89.400	500	53	0	1	500	6305	6804	5.03e-176	632
sampleA_part_2	ON675329	9771	89.400	500	53	0	1	500	6305	6804	5.03e-176	632
sampleA_part_2	ON675327	9771	89.400	500	53	0	1	500	6305	6804	5.03e-176	632
sampleA_part_2	ON675323	9771	89.400	500	53	0	1	500	6305	6804	5.03e-176	632
sampleA_part_2	ON675318	9771	89.400	500	53	0	1	500	6305	6804	5.03e-176	632
sampleA_part_2	ON675313	9771	89.400	500	53	0	1	500	6305	6804	5.03e-176	632
sampleA_part_2	ON675306	9771	89.400	500	53	0	1	500	6305	6804	5.03e-176	632
sampleA_part_2	ON675295	9771	89.400	500	53	0	1	500	6305	6804	5.03e-176	632
sampleA_part_2	ON675294	9771	89.400	500	53	0	1	500	6305	6804	5.03e-176	632
sampleA_part_2	ON675292	9771	89.400	500	53	0	1	500	6305	6804	5.03e-176	632
sampleA_part_2	ON675289	9771	89.400	500	53	0	1	500	6305	6804	5.03e-176	632
sampleA_part_2	ON675283	9771	89.400	500	53	0	1	500	6305	6804	5.03e-176	632
sampleA_part_2	KC572855	9770	89.264	503	54	0	1	503	6818	7320	5.03e-176	632
sampleA_part_2	KC572853	9770	89.264	503	54	0	1	503	6818	7320	5.03e-176	632
sampleA_part_2	KC572823	9770	89.264	503	54	0	1	503	6818	7320	5.03e-176	632
sampleA_part_2	KC572822	9770	89.264	503	54	0	1	503	6818	7320	5.03e-176	632
sampleA_part_2	KC572818	9770	89.264	503	54	0	1	503	6818	7320	5.03e-176	632
sampleA_part_2	KC572817	9770	89.264	503	54	0	1	503	6818	7320	5.03e-176	632
sampleA_part_2	KC572816	9770	89.264	503	54	0	1	503	6818	7320	5.03e-176	632
sampleA_part_2	KC572815	9770	89.264	503	54	0	1	503	6818	7320	5.03e-176	632
sampleA_part_2	KC572812	9770	89.264	503	54	0	1	503	6818	7320	5.03e-176	632
sampleA_part_2	KC572809	9770	89.264	503	54	0	1	503	6818	7320	5.03e-176	632
sampleA_part_2	KC572807	9770	89.264	503	54	0	1	503	6818	7320	5.03e-176	632
sampleA_part_2	KC572786	9770	89.264	503	54	0	1	503	6818	7320	5.03e-176	632
sampleA_part_2	KC572785	9770	89.264	503	54	0	1	503	6819	7321	5.03e-176	632
sampleA_part_2	KC572781	9770	89.264	503	54	0	1	503	6818	7320	5.03e-176	632
sampleA_part_2	KC572778	9770	89.264	503	54	0	1	503	6818	7320	5.03e-176	632
sampleA_part_2	KC572776	9770	89.264	503	54	0	1	503	6818	7320	5.03e-176	632
sampleA_part_2	KC572775	9770	89.264	503	54	0	1	503	6818	7320	5.03e-176	632
sampleA_part_2	KC572773	9770	89.264	503	54	0	1	503	6818	7320	5.03e-176	632
sampleA_part_2	KC572771	9770	89.264	503	54	0	1	503	6818	7320	5.03e-176	632
sampleA_part_2	KC572766	9770	89.264	503	54	0	1	503	6818	7320	5.03e-176	632
sampleA_part_2	KC572764	9770	89.264	503	54	0	1	503	6818	7320	5.03e-176	632
sampleA_part_2	KC572762	9770	89.264	503	54	0	1	503	6818	7320	5.03e-176	632
sampleA_part_2	KC572758	9770	89.264	503	54	0	1	503	6818	7320	5.03e-176	632
sampleA_part_2	KC572757	9770	89.264	503	54	0	1	503	6818	7320	5.03e-176	632
sampleA_part_2	KC572755	9770	89.264	503	54	0	1	503	6818	7320	5.03e-176	632
sampleA_part_2	KC572753	9770	89.264	503	54	0	1	503	6818	7320	5.03e-176	632
sampleA_part_2	KC572751	9770	89.264	503	54	0	1	503	6818	7320	5.03e-176	632
sampleA_part_2	KC572749	9770	89.264	503	54	0	1	503	6818	7320	5.03e-176	632
sampleA_part_2	KC572747	9770	89.264	503	54	0	1	503	6818	7320	5.03e-176	632
sampleA_part_2	KC572746	9770	89.264	503	54	0	1	503	6818	7320	5.03e-176	632
sampleA_part_2	KC572742	9770	89.264	503	54	0	1	503	6818	7320	5.03e-176	632
sampleA_part_2	KC572737	9770	89.264	503	54	0	1	503	6818	7320	5.03e-176	632
sampleA_part_2	KC572736	9770	89.264	503	54	0	1	503	6818	7320	5.03e-176	632
sampleA_part_2	KC572733	9770	89.264	503	54	0	1	503	6818	7320	5.03e-176	632
sampleA_part_2	KC572729	9770	89.264	503	54	0	1	503	6818	7320	5.03e-176	632
sampleA_part_2	KC572728	9770	89.264	503	54	0	1	503	6818	7320	5.03e-176	632
sampleA_part_2	KC572727	9770	89.264	503	54	0	1	503	6818	7320	5.03e-176	632
sampleA_part_2	KC572722	9770	89.264	503	54	0	1	503	6818	7320	5.03e-176	632
sampleA_part_2	KC572720	9770	89.264	503	54	0	1	503	6818	7320	5.03e-176	632
sampleA_part_2	KC572719	9770	89.264	503	54	0	1	503	6818	7320	5.03e-176	632
sampleA_part_2	KC572718	9770	89.264	503	54	0	1	503	6818	7320	5.03e-176	632
sampleA_part_2	KC572717	9770	89.264	503	54	0	1	503	6818	7320	5.03e-176	632
sampleA_part_2	KC572716	9770	89.264	503	54	0	1	503	6818	7320	5.03e-176	632
sampleA_part_2	NC_006929	9768	89.264	503	54	0	1	503	5893	6395	5.03e-176	632
sampleA_part_2	NC_006926	33556	89.264	503	54	0	1	503	5895	6397	5.03e-176	632
sampleA_part_2	KC572713	9770	89.066	503	55	0	1	503	6818	7320	1.81e-175	630
sampleA_part_2	MH198021	27602	96.561	378	13	0	1	378	5807	6184	6.50e-175	628
sampleA_part_2	MH198021	27602	95.181	83	4	0	424	506	6230	6312	6.21e-26	134
sampleA_part_2	ON257910	9771	89.200	500	54	0	1	500	5883	6382	2.34e-174	627
sampleA_part_2	ON257909	9771	89.200	500	54	0	1	500	5883	6382	2.34e-174	627
sampleA_part_2	ON257908	9771	89.200	500	54	0	1	500	5883	6382	2.34e-174	627
sampleA_part_2	ON257907	9771	89.200	500	54	0	1	500	5883	6382	2.34e-174	627
sampleA_part_2	ON257906	9771	89.200	500	54	0	1	500	5883	6382	2.34e-174	627
sampleA_part_2	ON257905	9771	89.200	500	54	0	1	500	5883	6382	2.34e-174	627
sampleA_part_2	ON257904	9771	89.200	500	54	0	1	500	5883	6382	2.34e-174	627
sampleA_part_2	ON257903	9771	89.200	500	54	0	1	500	5883	6382	2.34e-174	627
sampleA_part_2	ON257902	9771	89.200	500	54	0	1	500	5883	6382	2.34e-174	627
sampleA_part_2	ON257901	9771	89.200	500	54	0	1	500	5883	6382	2.34e-174	627
sampleA_part_2	ON257900	9771	89.200	500	54	0	1	500	5883	6382	2.34e-174	627
sampleA_part_2	ON257898	9771	89.200	500	54	0	1	500	5883	6382	2.34e-174	627
sampleA_part_2	ON257897	9771	89.200	500	54	0	1	500	5883	6382	2.34e-174	627
sampleA_part_2	ON257896	9771	89.200	500	54	0	1	500	5883	6382	2.34e-174	627
sampleA_part_2	ON257895	9771	89.200	500	54	0	1	500	5883	6382	2.34e-174	627
sampleA_part_2	ON257894	9771	89.200	500	54	0	1	500	5883	6382	2.34e-174	627
sampleA_part_2	ON257893	9771	89.200	500	54	0	1	500	5883	6382	2.34e-174	627
sampleA_part_2	ON257892	9771	89.200	500	54	0	1	500	5883	6382	2.34e-174	627
sampleA_part_2	ON257891	9771	89.200	500	54	0	1	500	5883	6382	2.34e-174	627
sampleA_part_2	ON257890	9771	89.200	500	54	0	1	500	5883	6382	2.34e-174	627
sampleA_part_2	ON257885	9771	89.200	500	54	0	1	500	5883	6382	2.34e-174	627
sampleA_part_2	ON257884	9771	89.200	500	54	0	1	500	5883	6382	2.34e-174	627
sampleA_part_2	ON675424	9771	89.200	500	54	0	1	500	6305	6804	2.34e-174	627
sampleA_part_2	ON675422	9771	89.200	500	54	0	1	500	6305	6804	2.34e-174	627
sampleA_part_2	ON675409	9771	89.200	500	54	0	1	500	6305	6804	2.34e-174	627
sampleA_part_2	ON675406	9771	89.200	500	54	0	1	500	6305	6804	2.34e-174	627
sampleA_part_2	ON675405	9771	89.200	500	54	0	1	500	6305	6804	2.34e-174	627
sampleA_part_2	ON675397	9771	89.200	500	54	0	1	500	6305	6804	2.34e-174	627
sampleA_part_2	ON675391	9771	89.200	500	54	0	1	500	6305	6804	2.34e-174	627
sampleA_part_2	ON675389	9771	89.200	500	54	0	1	500	6305	6804	2.34e-174	627
sampleA_part_2	ON675388	9771	89.200	500	54	0	1	500	6305	6804	2.34e-174	627
sampleA_part_2	ON675375	9771	89.200	500	54	0	1	500	6305	6804	2.34e-174	627
sampleA_part_2	ON675374	9771	89.200	500	54	0	1	500	6305	6804	2.34e-174	627
sampleA_part_2	ON675371	9771	89.200	500	54	0	1	500	6305	6804	2.34e-174	627
sampleA_part_2	ON675370	9771	89.200	500	54	0	1	500	6305	6804	2.34e-174	627
sampleA_part_2	ON675368	9771	89.200	500	54	0	1	500	6305	6804	2.34e-174	627
sampleA_part_2	ON675367	9771	89.200	500	54	0	1	500	6305	6804	2.34e-174	627
sampleA_part_2	ON675364	9771	89.200	500	54	0	1	500	6305	6804	2.34e-174	627
sampleA_part_2	ON675363	9771	89.200	500	54	0	1	500	6305	6804	2.34e-174	627
sampleA_part_2	ON675361	9771	89.200	500	54	0	1	500	6305	6804	2.34e-174	627
sampleA_part_2	ON675360	9771	89.200	500	54	0	1	500	6305	6804	2.34e-174	627
sampleA_part_2	ON675358	9771	89.200	500	54	0	1	500	6305	6804	2.34e-174	627
sampleA_part_2	ON675356	9771	89.200	500	54	0	1	500	6305	6804	2.34e-174	627
sampleA_part_2	ON675354	9771	89.200	500	54	0	1	500	6305	6804	2.34e-174	627
sampleA_part_2	ON675351	9771	89.200	500	54	0	1	500	6305	6804	2.34e-174	627
sampleA_part_2	ON675350	9771	89.200	500	54	0	1	500	6305	6804	2.34e-174	627
sampleA_part_2	ON675348	9771	89.200	500	54	0	1	500	6305	6804	2.34e-174	627
sampleA_part_2	ON675346	9771	89.200	500	54	0	1	500	6305	6804	2.34e-174	627
sampleA_part_2	ON675344	9771	89.200	500	54	0	1	500	6305	6804	2.34e-174	627
sampleA_part_2	ON675342	9771	89.200	500	54	0	1	500	6305	6804	2.34e-174	627
sampleA_part_2	ON675341	9771	89.200	500	54	0	1	500	6305	6804	2.34e-174	627
sampleA_part_2	ON675340	9771	89.200	500	54	0	1	500	6305	6804	2.34e-174	627
sampleA_part_2	ON675339	9771	89.200	500	54	0	1	500	6305	6804	2.34e-174	627
sampleA_part_2	ON675337	9771	89.200	500	54	0	1	500	6305	6804	2.34e-174	627
sampleA_part_2	ON675335	9771	89.200	500	54	0	1	500	6305	6804	2.34e-174	627
sampleA_part_2	ON675334	9771	89.200	500	54	0	1	500	6305	6804	2.34e-174	627
sampleA_part_2	ON675332	9771	89.200	500	54	0	1	500	6305	6804	2.34e-174	627
sampleA_part_2	ON675330	9771	89.200	500	54	0	1	500	6306	6805	2.34e-174	627
sampleA_part_2	ON675328	9771	89.200	500	54	0	1	500	6305	6804	2.34e-174	627
sampleA_part_2	ON675324	9771	89.200	500	54	0	1	500	6305	6804	2.34e-174	627
sampleA_part_2	ON675319	9771	89.200	500	54	0	1	500	6305	6804	2.34e-174	627
sampleA_part_2	ON675316	9771	89.200	500	54	0	1	500	6304	6803	2.34e-174	627
sampleA_part_2	ON675314	9771	89.200	500	54	0	1	500	6305	6804	2.34e-174	627
sampleA_part_2	ON675312	9771	89.200	500	54	0	1	500	6305	6804	2.34e-174	627
sampleA_part_2	ON675311	9771	89.200	500	54	0	1	500	6305	6804	2.34e-174	627
sampleA_part_2	ON675308	9771	89.200	500	54	0	1	500	6305	6804	2.34e-174	627
sampleA_part_2	ON675307	9771	89.200	500	54	0	1	500	6305	6804	2.34e-174	627
sampleA_part_2	ON675305	9771	89.200	500	54	0	1	500	6305	6804	2.34e-174	627
sampleA_part_2	ON675304	9771	89.200	500	54	0	1	500	6305	6804	2.34e-174	627
sampleA_part_2	ON675303	9771	89.200	500	54	0	1	500	6305	6804	2.34e-174	627
sampleA_part_2	ON675302	9771	89.200	500	54	0	1	500	6305	6804	2.34e-174	627
sampleA_part_2	ON675301	9771	89.200	500	54	0	1	500	6305	6804	2.34e-174	627
sampleA_part_2	ON675300	9771	89.200	500	54	0	1	500	6305	6804	2.34e-174	627
sampleA_part_2	ON675299	9771	89.200	500	54	0	1	500	6305	6804	2.34e-174	627
sampleA_part_2	ON675298	9771	89.200	500	54	0	1	500	6305	6804	2.34e-174	627
sampleA_part_2	ON675297	9771	89.200	500	54	0	1	500	6305	6804	2.34e-174	627
sampleA_part_2	ON675296	9771	89.200	500	54	0	1	500	6305	6804	2.34e-174	627
sampleA_part_2	ON675293	9771	89.200	500	54	0	1	500	6305	6804	2.34e-174	627
sampleA_part_2	ON675287	9771	89.200	500	54	0	1	500	6305	6804	2.34e-174	627
sampleA_part_2	ON675285	9771	89.200	500	54	0	1	500	6305	6804	2.34e-174	627
sampleA_part_2	ON675284	9771	89.200	500	54	0	1	500	6305	6804	2.34e-174	627
sampleA_part_2	ON675282	9771	89.200	500	54	0	1	500	6306	6805	2.34e-174	627
sampleA_part_2	KC572735	9770	89.066	503	55	0	1	503	6818	7320	2.34e-174	627
sampleA_part_2	ON675431	9771	89.000	500	55	0	1	500	6305	6804	1.09e-172	621
sampleA_part_2	ON675381	9771	89.000	500	55	0	1	500	6305	6804	1.09e-172	621
sampleA_part_2	ON675365	9771	89.000	500	55	0	1	500	6305	6804	1.09e-172	621
sampleA_part_2	ON675291	9771	89.000	500	55	0	1	500	6304	6803	1.09e-172	621
sampleA_part_2	ON675288	9771	89.000	500	55	0	1	500	6305	6804	1.09e-172	621
sampleA_part_2	AB201257	255217	88.735	506	57	0	1	506	5887	6392	1.09e-172	621
sampleA_part_2	NC_007937	255217	88.735	506	57	0	1	506	5887	6392	1.09e-172	621
sampleA_part_2	NC_001601	9771	89.000	500	55	0	1	500	6304	6803	1.09e-172	621
sampleA_part_2	MW645456	74394	86.957	506	66	0	1	506	5890	6395	1.11e-157	571
sampleA_part_2	OZ004775	9742	86.759	506	67	0	1	506	42802400	42802905	5.17e-156	566
sampleA_part_2	OZ004775	9742	84.980	506	68	3	1	506	29428155	29428652	8.84e-139	508
sampleA_part_2	OQ554145	9749	86.561	506	68	0	1	506	5890	6395	2.41e-154	560
sampleA_part_2	OZ205431	52113	86.561	506	66	1	1	506	1192235	1192738	8.65e-154	558
sampleA_part_2	OQ554225	9749	86.364	506	69	0	1	506	5890	6395	1.12e-152	555
sampleA_part_2	OQ554165	9749	86.364	506	69	0	1	506	5890	6395	1.12e-152	555
sampleA_part_2	OQ554112	9749	86.364	506	69	0	1	506	5890	6395	1.12e-152	555
sampleA_part_2	OQ554082	9749	86.364	506	69	0	1	506	5890	6395	1.12e-152	555
sampleA_part_2	OQ554058	9749	86.364	506	69	0	1	506	5890	6395	1.12e-152	555
sampleA_part_2	OQ554040	9749	86.364	506	69	0	1	506	5890	6395	1.12e-152	555
sampleA_part_2	OQ554020	9749	86.364	506	69	0	1	506	5890	6395	1.12e-152	555
sampleA_part_2	OQ553964	9749	86.364	506	69	0	1	506	5890	6395	1.12e-152	555
sampleA_part_2	MW316276	9749	86.364	506	69	0	1	506	5890	6395	1.12e-152	555
sampleA_part_2	MW316275	9749	86.364	506	69	0	1	506	5890	6395	1.12e-152	555
sampleA_part_2	MW316274	9749	86.364	506	69	0	1	506	5890	6395	1.12e-152	555
sampleA_part_2	MW316273	9749	86.364	506	69	0	1	506	5890	6395	1.12e-152	555
sampleA_part_2	MW316271	9749	86.364	506	69	0	1	506	5890	6395	1.12e-152	555
sampleA_part_2	MW316269	9749	86.364	506	69	0	1	506	5890	6395	1.12e-152	555
sampleA_part_2	MW316250	9749	86.364	506	69	0	1	506	5889	6394	1.12e-152	555
sampleA_part_2	MW316170	9749	86.364	506	69	0	1	506	5890	6395	1.12e-152	555
sampleA_part_2	MW316164	9749	86.364	506	69	0	1	506	5890	6395	1.12e-152	555
sampleA_part_2	OQ554255	9749	86.166	506	70	0	1	506	5890	6395	1.45e-151	551
sampleA_part_2	OQ554322	9749	86.166	506	70	0	1	506	5890	6395	5.21e-151	549
sampleA_part_2	OQ554314	9749	86.166	506	70	0	1	506	5890	6395	5.21e-151	549
sampleA_part_2	OQ554306	9749	86.166	506	70	0	1	506	5890	6395	5.21e-151	549
sampleA_part_2	OQ554305	9749	86.166	506	70	0	1	506	5890	6395	5.21e-151	549
sampleA_part_2	OQ554287	9749	86.166	506	70	0	1	506	5890	6395	5.21e-151	549
sampleA_part_2	OQ554286	9749	86.166	506	70	0	1	506	5890	6395	5.21e-151	549
sampleA_part_2	OQ554270	9749	86.166	506	70	0	1	506	5890	6395	5.21e-151	549
sampleA_part_2	OQ554269	9749	86.166	506	70	0	1	506	5890	6395	5.21e-151	549
sampleA_part_2	OQ554268	9749	86.166	506	70	0	1	506	5890	6395	5.21e-151	549
sampleA_part_2	OQ554258	9749	86.166	506	70	0	1	506	5890	6395	5.21e-151	549
sampleA_part_2	OQ554256	9749	86.166	506	70	0	1	506	5890	6395	5.21e-151	549
sampleA_part_2	OQ554254	9749	86.166	506	70	0	1	506	5890	6395	5.21e-151	549
sampleA_part_2	OQ554249	9749	86.166	506	70	0	1	506	5890	6395	5.21e-151	549
sampleA_part_2	OQ554238	9749	86.166	506	70	0	1	506	5890	6395	5.21e-151	549
sampleA_part_2	OQ554226	9749	86.166	506	70	0	1	506	5890	6395	5.21e-151	549
sampleA_part_2	OQ554224	9749	86.166	506	70	0	1	506	5890	6395	5.21e-151	549
sampleA_part_2	OQ554197	9749	86.166	506	70	0	1	506	5890	6395	5.21e-151	549
sampleA_part_2	OQ554163	9749	86.166	506	70	0	1	506	5890	6395	5.21e-151	549
sampleA_part_2	OQ554162	9749	86.166	506	70	0	1	506	5890	6395	5.21e-151	549
sampleA_part_2	OQ554152	9749	86.166	506	70	0	1	506	5890	6395	5.21e-151	549
sampleA_part_2	OQ554146	9749	86.166	506	70	0	1	506	5890	6395	5.21e-151	549
sampleA_part_2	OQ554133	9749	86.166	506	70	0	1	506	5890	6395	5.21e-151	549
sampleA_part_2	OQ554126	9749	86.166	506	70	0	1	506	5890	6395	5.21e-151	549
sampleA_part_2	OQ554117	9749	86.166	506	70	0	1	506	5890	6395	5.21e-151	549
sampleA_part_2	OQ554091	9749	86.166	506	70	0	1	506	5890	6395	5.21e-151	549
sampleA_part_2	OQ554057	9749	86.166	506	70	0	1	506	5890	6395	5.21e-151	549
sampleA_part_2	OQ554041	9749	86.166	506	70	0	1	506	5890	6395	5.21e-151	549
sampleA_part_2	OQ554037	9749	86.166	506	70	0	1	506	5890	6395	5.21e-151	549
sampleA_part_2	OQ554031	9749	86.166	506	70	0	1	506	5890	6395	5.21e-151	549
sampleA_part_2	OQ554028	9749	86.166	506	70	0	1	506	5890	6395	5.21e-151	549
sampleA_part_2	MW316288	9749	86.166	506	70	0	1	506	5884	6389	5.21e-151	549
sampleA_part_2	MW316286	9749	86.166	506	70	0	1	506	5890	6395	5.21e-151	549
sampleA_part_2	MW316285	9749	86.166	506	70	0	1	506	5890	6395	5.21e-151	549
sampleA_part_2	MW316284	9749	86.166	506	70	0	1	506	5890	6395	5.21e-151	549
sampleA_part_2	MW316283	9749	86.166	506	70	0	1	506	5890	6395	5.21e-151	549
sampleA_part_2	MW316282	9749	86.166	506	70	0	1	506	5890	6395	5.21e-151	549
sampleA_part_2	MW316281	9749	86.166	506	70	0	1	506	5890	6395	5.21e-151	549
sampleA_part_2	MW316280	9749	86.166	506	70	0	1	506	5890	6395	5.21e-151	549
sampleA_part_2	MW316278	9749	86.166	506	70	0	1	506	5890	6395	5.21e-151	549
sampleA_part_2	MW316267	9749	86.166	506	70	0	1	506	5890	6395	5.21e-151	549
sampleA_part_2	MW316266	9749	86.166	506	70	0	1	506	5890	6395	5.21e-151	549
sampleA_part_2	MW316265	9749	86.166	506	70	0	1	506	5890	6395	5.21e-151	549
sampleA_part_2	MW316264	9749	86.166	506	70	0	1	506	5890	6395	5.21e-151	549
sampleA_part_2	MW316262	9749	86.166	506	70	0	1	506	5890	6395	5.21e-151	549
sampleA_part_2	MW316261	9749	86.166	506	70	0	1	506	5890	6395	5.21e-151	549
sampleA_part_2	MW316259	9749	86.166	506	70	0	1	506	5860	6365	5.21e-151	549
sampleA_part_2	MW316258	9749	86.166	506	70	0	1	506	5858	6363	5.21e-151	549
sampleA_part_2	MW316257	9749	86.166	506	70	0	1	506	5878	6383	5.21e-151	549
sampleA_part_2	MW316256	9749	86.166	506	70	0	1	506	5890	6395	5.21e-151	549
sampleA_part_2	MW316235	9749	86.166	506	70	0	1	506	5890	6395	5.21e-151	549
sampleA_part_2	MW316234	9749	86.166	506	70	0	1	506	5890	6395	5.21e-151	549
sampleA_part_2	MW316233	9749	86.166	506	70	0	1	506	5888	6393	5.21e-151	549
sampleA_part_2	MW316232	9749	86.166	506	70	0	1	506	5890	6395	5.21e-151	549
sampleA_part_2	MW316231	9749	86.166	506	70	0	1	506	5890	6395	5.21e-151	549
sampleA_part_2	MW316230	9749	86.166	506	70	0	1	506	5890	6395	5.21e-151	549
sampleA_part_2	MW316229	9749	86.166	506	70	0	1	506	5890	6395	5.21e-151	549
sampleA_part_2	MW316228	9749	86.166	506	70	0	1	506	5890	6395	5.21e-151	549
sampleA_part_2	MW316199	9749	86.166	506	70	0	1	506	5890	6395	5.21e-151	549
sampleA_part_2	MW316198	9749	86.166	506	70	0	1	506	5890	6395	5.21e-151	549
sampleA_part_2	MW316197	9749	86.166	506	70	0	1	506	5890	6395	5.21e-151	549
sampleA_part_2	MW316194	9749	86.166	506	70	0	1	506	5890	6395	5.21e-151	549
sampleA_part_2	MW316193	9749	86.166	506	70	0	1	506	5890	6395	5.21e-151	549
sampleA_part_2	MW316192	9749	86.166	506	70	0	1	506	5890	6395	5.21e-151	549
sampleA_part_2	MW316191	9749	86.166	506	70	0	1	506	5890	6395	5.21e-151	549
sampleA_part_2	MW316157	9749	86.166	506	70	0	1	506	5890	6395	5.21e-151	549
sampleA_part_2	MW316154	9749	86.166	506	70	0	1	506	5888	6393	5.21e-151	549
sampleA_part_2	MW316153	9749	86.166	506	70	0	1	506	5890	6395	5.21e-151	549
sampleA_part_2	MW316152	9749	86.166	506	70	0	1	506	5890	6395	5.21e-151	549
sampleA_part_2	OQ554065	9749	85.968	506	71	0	1	506	5890	6395	6.73e-150	545
sampleA_part_3	OP205203	302098	93.352	361	24	0	141	501	6551	6911	6.31e-160	579
sampleA_part_3	OP205203	302098	100.000	34	0	0	1	34	6411	6444	7.86e-05	63.9
sampleA_part_3	OP205201	302098	93.352	361	24	0	141	501	6551	6911	6.31e-160	579
sampleA_part_3	OP205201	302098	100.000	34	0	0	1	34	6411	6444	7.86e-05	63.9
sampleA_part_3	OP205200	302098	93.352	361	24	0	141	501	6551	6911	6.31e-160	579
sampleA_part_3	OP205200	302098	100.000	34	0	0	1	34	6411	6444	7.86e-05	63.9
sampleA_part_3	OP205199	302098	93.352	361	24	0	141	501	6551	6911	6.31e-160	579
sampleA_part_3	OP205199	302098	100.000	34	0	0	1	34	6411	6444	7.86e-05	63.9
sampleA_part_3	OP205193	302098	93.352	361	24	0	141	501	6551	6911	6.31e-160	579
sampleA_part_3	OP205193	302098	100.000	34	0	0	1	34	6411	6444	7.86e-05	63.9
sampleA_part_3	OP205192	302098	93.352	361	24	0	141	501	6551	6911	6.31e-160	579
sampleA_part_3	OP205192	302098	100.000	34	0	0	1	34	6411	6444	7.86e-05	63.9
sampleA_part_3	NC_006931	302098	93.352	361	24	0	141	501	6551	6911	6.31e-160	579
sampleA_part_3	NC_006931	302098	100.000	34	0	0	1	34	6411	6444	7.86e-05	63.9
sampleA_part_3	OP205215	302098	93.075	361	25	0	141	501	6551	6911	8.17e-159	575
sampleA_part_3	OP205215	302098	100.000	34	0	0	1	34	6411	6444	7.86e-05	63.9
sampleA_part_3	OP205207	302098	93.075	361	25	0	141	501	6551	6911	8.17e-159	575
sampleA_part_3	OP205207	302098	100.000	34	0	0	1	34	6411	6444	7.86e-05	63.9
sampleA_part_3	OP205204	302098	93.075	361	25	0	141	501	6551	6911	8.17e-159	575
sampleA_part_3	OP205204	302098	100.000	34	0	0	1	34	6411	6444	7.86e-05	63.9
sampleA_part_3	OP205194	302098	93.075	361	25	0	141	501	6551	6911	8.17e-159	575
sampleA_part_3	OP205194	302098	100.000	34	0	0	1	34	6411	6444	7.86e-05	63.9
sampleA_part_3	NC_037444	27606	93.075	361	25	0	141	501	6550	6910	2.94e-158	573
sampleA_part_3	NC_037444	27606	100.000	34	0	0	1	34	6410	6443	7.86e-05	63.9
sampleA_part_3	MF459656	27606	93.075	361	25	0	141	501	6551	6911	2.94e-158	573
sampleA_part_3	MF459656	27606	100.000	34	0	0	1	34	6411	6444	7.86e-05	63.9
sampleA_part_3	OP205202	302098	93.075	361	25	0	141	501	6551	6911	2.94e-158	573
sampleA_part_3	OP205202	302098	100.000	34	0	0	1	34	6411	6444	7.86e-05	63.9
sampleA_part_3	OP205191	27606	93.075	361	25	0	141	501	6551	6911	2.94e-158	573
sampleA_part_3	OP205191	27606	100.000	34	0	0	1	34	6411	6444	7.86e-05	63.9
sampleA_part_3	OP205187	27606	93.075	361	25	0	141	501	6551	6911	2.94e-158	573
sampleA_part_3	OP205187	27606	100.000	34	0	0	1	34	6411	6444	7.86e-05	63.9
sampleA_part_3	OP205186	27606	93.075	361	25	0	141	501	6551	6911	2.94e-158	573
sampleA_part_3	OP205186	27606	100.000	34	0	0	1	34	6411	6444	7.86e-05	63.9
sampleA_part_3	OP205184	27606	93.075	361	25	0	141	501	6551	6911	2.94e-158	573
sampleA_part_3	OP205184	27606	100.000	34	0	0	1	34	6411	6444	7.86e-05	63.9
sampleA_part_3	OP205181	27606	93.075	361	25	0	141	501	6551	6911	2.94e-158	573
sampleA_part_3	OP205181	27606	100.000	34	0	0	1	34	6411	6444	7.86e-05	63.9
sampleA_part_3	OP205177	160595	93.075	361	25	0	141	501	6550	6910	2.94e-158	573
sampleA_part_3	OP205177	160595	100.000	34	0	0	1	34	6410	6443	7.86e-05	63.9
sampleA_part_3	OP205173	160595	93.075	361	25	0	141	501	6550	6910	2.94e-158	573
sampleA_part_3	OP205173	160595	100.000	34	0	0	1	34	6410	6443	7.86e-05	63.9
sampleA_part_3	OP205170	160595	93.075	361	25	0	141	501	6550	6910	2.94e-158	573
sampleA_part_3	OP205170	160595	100.000	34	0	0	1	34	6410	6443	7.86e-05	63.9
sampleA_part_3	OP205167	160595	93.075	361	25	0	141	501	6550	6910	2.94e-158	573
sampleA_part_3	OP205167	160595	100.000	34	0	0	1	34	6410	6443	7.86e-05	63.9
sampleA_part_3	DQ095156	160595	93.075	361	25	0	141	501	1191	1551	2.94e-158	573
sampleA_part_3	DQ095156	160595	100.000	34	0	0	1	34	1051	1084	7.86e-05	63.9
sampleA_part_3	DQ095155	160595	93.075	361	25	0	141	501	1191	1551	2.94e-158	573
sampleA_part_3	DQ095155	160595	100.000	34	0	0	1	34	1051	1084	7.86e-05	63.9
sampleA_part_3	DQ095154	27606	93.075	361	25	0	141	501	1191	1551	2.94e-158	573
sampleA_part_3	DQ095154	27606	100.000	34	0	0	1	34	1051	1084	7.86e-05	63.9
sampleA_part_3	NC_006930	160595	93.075	361	25	0	141	501	6549	6909	2.94e-158	573
sampleA_part_3	NC_006930	160595	100.000	34	0	0	1	34	6409	6442	7.86e-05	63.9
sampleA_part_3	OP205212	302098	92.798	361	26	0	141	501	6551	6911	3.80e-157	569
sampleA_part_3	OP205212	302098	100.000	34	0	0	1	34	6411	6444	7.86e-05	63.9
sampleA_part_3	OP205211	302098	92.798	361	26	0	141	501	6551	6911	3.80e-157	569
sampleA_part_3	OP205211	302098	100.000	34	0	0	1	34	6411	6444	7.86e-05	63.9
sampleA_part_3	OP205206	302098	92.798	361	26	0	141	501	6551	6911	3.80e-157	569
sampleA_part_3	OP205206	302098	100.000	34	0	0	1	34	6411	6444	7.86e-05	63.9
sampleA_part_3	OP205190	27606	92.798	361	26	0	141	501	6551	6911	3.80e-157	569
sampleA_part_3	OP205190	27606	100.000	34	0	0	1	34	6411	6444	7.86e-05	63.9
sampleA_part_3	OP205189	27606	92.798	361	26	0	141	501	6551	6911	3.80e-157	569
sampleA_part_3	OP205189	27606	100.000	34	0	0	1	34	6411	6444	7.86e-05	63.9
sampleA_part_3	OP205188	27606	92.798	361	26	0	141	501	6551	6911	3.80e-157	569
sampleA_part_3	OP205188	27606	100.000	34	0	0	1	34	6411	6444	7.86e-05	63.9
sampleA_part_3	OP205185	27606	92.798	361	26	0	141	501	6551	6911	3.80e-157	569
sampleA_part_3	OP205185	27606	100.000	34	0	0	1	34	6411	6444	7.86e-05	63.9
sampleA_part_3	OP205183	27606	92.798	361	26	0	141	501	6551	6911	3.80e-157	569
sampleA_part_3	OP205183	27606	100.000	34	0	0	1	34	6411	6444	7.86e-05	63.9
sampleA_part_3	OP205176	160595	92.798	361	26	0	141	501	6550	6910	3.80e-157	569
sampleA_part_3	OP205176	160595	100.000	34	0	0	1	34	6410	6443	7.86e-05	63.9
sampleA_part_3	OP205175	160595	92.798	361	26	0	141	501	6550	6910	3.80e-157	569
sampleA_part_3	OP205175	160595	100.000	34	0	0	1	34	6410	6443	7.86e-05	63.9
sampleA_part_3	OP205174	160595	92.798	361	26	0	141	501	6550	6910	3.80e-157	569
sampleA_part_3	OP205174	160595	100.000	34	0	0	1	34	6410	6443	7.86e-05	63.9
sampleA_part_3	OP205169	160595	92.798	361	26	0	141	501	6550	6910	3.80e-157	569
sampleA_part_3	OP205169	160595	100.000	34	0	0	1	34	6410	6443	7.86e-05	63.9
sampleA_part_3	OP205168	160595	92.798	361	26	0	141	501	6550	6910	3.80e-157	569
sampleA_part_3	OP205168	160595	100.000	34	0	0	1	34	6410	6443	7.86e-05	63.9
sampleA_part_3	OP205166	160595	92.798	361	26	0	141	501	6550	6910	3.80e-157	569
sampleA_part_3	OP205166	160595	100.000	34	0	0	1	34	6410	6443	7.86e-05	63.9
sampleA_part_3	OP205210	302098	92.798	361	26	0	141	501	6550	6910	1.37e-156	568
sampleA_part_3	OP205210	302098	100.000	34	0	0	1	34	6410	6443	7.86e-05	63.9
sampleA_part_3	OP205195	302098	92.798	361	26	0	141	501	6550	6910	1.37e-156	568
sampleA_part_3	OP205218	302098	92.521	361	27	0	141	501	6550	6910	1.77e-155	564
sampleA_part_3	OP205218	302098	100.000	34	0	0	1	34	6410	6443	7.86e-05	63.9
sampleA_part_3	OP205217	302098	92.521	361	27	0	141	501	6550	6910	1.77e-155	564
sampleA_part_3	OP205213	302098	92.521	361	27	0	141	501	6550	6910	1.77e-155	564
sampleA_part_3	OP205213	302098	100.000	34	0	0	1	34	6410	6443	7.86e-05	63.9
sampleA_part_3	OP205205	302098	92.521	361	27	0	141	501	6550	6910	1.77e-155	564
sampleA_part_3	OP205205	302098	100.000	34	0	0	1	34	6410	6443	7.86e-05	63.9
sampleA_part_3	OP205198	302098	92.521	361	27	0	141	501	6550	6910	1.77e-155	564
sampleA_part_3	OP205198	302098	100.000	34	0	0	1	34	6410	6443	7.86e-05	63.9
sampleA_part_3	OP205197	302098	92.521	361	27	0	141	501	6550	6910	1.77e-155	564
sampleA_part_3	OP205197	302098	100.000	34	0	0	1	34	6410	6443	7.86e-05	63.9
sampleA_part_3	OP205196	302098	92.521	361	27	0	141	501	6550	6910	1.77e-155	564
sampleA_part_3	OP205178	160595	92.521	361	27	0	141	501	6550	6910	1.77e-155	564
sampleA_part_3	OP205178	160595	100.000	34	0	0	1	34	6410	6443	7.86e-05	63.9
sampleA_part_3	OP205172	160595	92.521	361	27	0	141	501	6550	6910	1.77e-155	564
sampleA_part_3	OP205172	160595	100.000	34	0	0	1	34	6410	6443	7.86e-05	63.9
sampleA_part_3	MN124685	27602	89.779	362	35	2	141	501	6555	6915	3.02e-138	507
sampleA_part_3	MN159085	27602	89.503	362	36	2	141	501	6556	6916	1.41e-136	501
sampleA_part_3	MN159084	27602	89.503	362	36	2	141	501	6555	6915	1.41e-136	501
sampleA_part_3	MN159083	27602	89.503	362	36	2	141	501	6555	6915	1.41e-136	501
sampleA_part_3	MN159082	27602	89.503	362	36	2	141	501	6555	6915	1.41e-136	501
sampleA_part_3	MN159081	27602	89.503	362	36	2	141	501	6555	6915	1.41e-136	501
sampleA_part_3	MN159080	27602	89.503	362	36	2	141	501	6555	6915	1.41e-136	501
sampleA_part_3	MN145939	27602	89.503	362	36	2	141	501	6555	6915	1.41e-136	501
sampleA_part_3	MN145938	27602	89.503	362	36	2	141	501	6555	6915	1.41e-136	501
sampleA_part_3	MN145937	27602	89.503	362	36	2	141	501	6555	6915	1.41e-136	501
sampleA_part_3	MH198022	27602	89.503	362	36	2	141	501	6548	6908	1.41e-136	501
sampleA_part_3	KY026773	27602	89.503	362	36	2	141	501	6555	6915	1.41e-136	501
sampleA_part_3	KY026772	27602	89.503	362	36	2	141	501	6555	6915	1.41e-136	501
sampleA_part_3	KY026771	27602	89.503	362	36	2	141	501	6556	6916	1.41e-136	501
sampleA_part_3	KY026770	27602	89.503	362	36	2	141	501	6556	6916	1.41e-136	501
sampleA_part_3	KY026769	27602	89.503	362	36	2	141	501	6556	6916	1.41e-136	501
sampleA_part_3	KY026768	27602	89.503	362	36	2	141	501	6556	6916	1.41e-136	501
sampleA_part_3	KY026767	27602	89.503	362	36	2	141	501	6556	6916	1.41e-136	501
sampleA_part_3	KY026766	27602	89.503	362	36	2	141	501	6556	6916	1.41e-136	501
sampleA_part_3	MZ618259	27602	89.503	362	36	2	141	501	6976	7336	1.41e-136	501
sampleA_part_3	MZ618258	27602	89.503	362	36	2	141	501	6976	7336	1.41e-136	501
sampleA_part_3	MZ618257	27602	89.503	362	36	2	141	501	6975	7335	1.41e-136	501
sampleA_part_3	MZ618256	27602	89.503	362	36	2	141	501	6976	7336	1.41e-136	501
sampleA_part_3	MZ618255	27602	89.503	362	36	2	141	501	6975	7335	1.41e-136	501
sampleA_part_3	MZ618254	27602	89.503	362	36	2	141	501	6975	7335	1.41e-136	501
sampleA_part_3	MZ618253	27602	89.503	362	36	2	141	501	6975	7335	1.41e-136	501
sampleA_part_3	MZ618252	27602	89.503	362	36	2	141	501	6975	7335	1.41e-136	501
sampleA_part_3	MZ618251	27602	89.503	362	36	2	141	501	6975	7335	1.41e-136	501
sampleA_part_3	MZ618250	27602	89.503	362	36	2	141	501	6975	7335	1.41e-136	501
sampleA_part_3	MZ618249	27602	89.503	362	36	2	141	501	6975	7335	1.41e-136	501
sampleA_part_3	MZ618248	27602	89.503	362	36	2	141	501	6975	7335	1.41e-136	501
sampleA_part_3	MZ618247	27602	89.503	362	36	2	141	501	6975	7335	1.41e-136	501
sampleA_part_3	MZ618246	27602	89.503	362	36	2	141	501	6975	7335	1.41e-136	501
sampleA_part_3	MZ618245	27602	89.503	362	36	2	141	501	6975	7335	1.41e-136	501
sampleA_part_3	MZ618244	27602	89.503	362	36	2	141	501	6975	7335	1.41e-136	501
sampleA_part_3	MZ618243	27602	89.503	362	36	2	141	501	6975	7335	1.41e-136	501
sampleA_part_3	MT649196	27602	89.503	362	36	2	141	501	6556	6916	1.41e-136	501
sampleA_part_3	MT649195	27602	89.503	362	36	2	141	501	6556	6916	1.41e-136	501
sampleA_part_3	MT649194	27602	89.503	362	36	2	141	501	6555	6915	1.41e-136	501
sampleA_part_3	MT649193	27602	89.503	362	36	2	141	501	6555	6915	1.41e-136	501
sampleA_part_3	MT649191	27602	89.503	362	36	2	141	501	6555	6915	1.41e-136	501
sampleA_part_3	MT649190	27602	89.503	362	36	2	141	501	6555	6915	1.41e-136	501
sampleA_part_3	MT649189	27602	89.503	362	36	2	141	501	6555	6915	1.41e-136	501
sampleA_part_3	MT649188	27602	89.503	362	36	2	141	501	6555	6915	1.41e-136	501
sampleA_part_3	MT649187	27602	89.503	362	36	2	141	501	6555	6915	1.41e-136	501
sampleA_part_3	MT649186	27602	89.503	362	36	2	141	501	6555	6915	1.41e-136	501
sampleA_part_3	MT649185	27602	89.503	362	36	2	141	501	6556	6916	1.41e-136	501
sampleA_part_3	AP006472	27602	89.503	362	36	2	141	501	6555	6915	1.41e-136	501
sampleA_part_3	NC_005268	27602	89.503	362	36	2	141	501	6557	6917	1.41e-136	501
sampleA_part_3	MZ618260	27602	89.227	362	37	2	141	501	6976	7336	6.54e-135	496
sampleA_part_3	MT649192	27602	89.227	362	37	2	141	501	6555	6915	6.54e-135	496
sampleA_part_3	MF409245	9764	85.556	360	52	0	142	501	6562	6921	1.13e-112	422
sampleA_part_3	NC_005270	9764	85.556	360	52	0	142	501	6562	6921	1.13e-112	422
sampleA_part_3	MF409244	9764	85.278	360	53	0	142	501	6563	6922	5.24e-111	416
sampleA_part_3	AP006471	9764	85.278	360	53	0	142	501	6563	6922	5.24e-111	416
sampleA_part_3	MT874478	255365	85.000	360	54	0	142	501	6341	6700	2.44e-109	411
sampleA_part_3	AB201259	255365	85.000	360	54	0	142	501	6559	6918	2.44e-109	411
sampleA_part_3	NC_006928	255365	85.000	360	54	0	142	501	6558	6917	2.44e-109	411
sampleA_part_3	NC_006926	33556	84.765	361	55	0	141	501	6560	6920	3.15e-108	407
sampleA_part_3	OZ239556	9768	84.488	361	56	0	141	501	6558	6918	1.47e-106	401
sampleA_part_3	MF409249	9768	84.488	361	56	0	141	501	6559	6919	1.47e-106	401
sampleA_part_3	MF409248	9768	84.488	361	56	0	141	501	6559	6919	1.47e-106	401
sampleA_part_3	NC_006929	9768	84.488	361	56	0	141	501	6558	6918	1.47e-106	401
sampleA_part_3	PQ997938	2746895	84.167	360	57	0	142	501	6558	6917	2.45e-104	394
sampleA_part_3	NC_007938	9769	84.167	360	57	0	142	501	6557	6916	2.45e-104	394
sampleA_part_3	MH198021	27602	95.142	247	10	2	256	501	6587	6832	8.83e-104	392
sampleA_part_3	AP006475	27604	83.989	356	57	0	146	501	6555	6910	4.11e-102	387
sampleA_part_3	NC_005269	27604	83.989	356	57	0	146	501	6555	6910	4.11e-102	387
sampleA_part_3	KC776693	27616	83.380	361	60	0	141	501	6554	6914	6.87e-100	379
sampleA_part_3	NC_021434	27616	83.380	361	60	0	141	501	6554	6914	6.87e-100	379
sampleA_part_3	KF032875	48708	83.380	361	60	0	141	501	6556	6916	6.87e-100	379
sampleA_part_3	KF032873	48708	83.380	361	60	0	141	501	6556	6916	6.87e-100	379
sampleA_part_3	ON675289	9771	83.333	360	60	0	142	501	6971	7330	2.47e-99	377
sampleA_part_3	NC_005274	48742	83.333	360	60	0	142	501	6551	6910	2.47e-99	377
sampleA_part_3	KC776692	27616	83.102	361	61	0	141	501	6554	6914	3.20e-98	374
sampleA_part_3	KC776689	27616	83.102	361	61	0	141	501	6554	6914	3.20e-98	374
sampleA_part_3	OX465372	9767	83.102	361	61	0	141	501	6561	6921	3.20e-98	374
sampleA_part_3	OK326893	2878263	83.102	361	61	0	141	501	6555	6915	3.20e-98	374
sampleA_part_3	KC776695	27616	83.102	361	61	0	141	501	6554	6914	3.20e-98	374
sampleA_part_3	ON675381	9771	83.056	360	61	0	142	501	6971	7330	1.15e-97	372
sampleA_part_3	ON675358	9771	83.056	360	61	0	142	501	6971	7330	1.15e-97	372
sampleA_part_3	ON675352	9771	83.056	360	61	0	142	501	6971	7330	1.15e-97	372
sampleA_part_3	ON675293	9771	83.056	360	61	0	142	501	6971	7330	1.15e-97	372
sampleA_part_3	ON675288	9771	83.056	360	61	0	142	501	6971	7330	1.15e-97	372
sampleA_part_3	ON675287	9771	83.056	360	61	0	142	501	6971	7330	1.15e-97	372
sampleA_part_3	KC776694	27616	82.825	361	62	0	141	501	6554	6914	1.49e-96	368
sampleA_part_3	KC776691	27616	82.825	361	62	0	141	501	6554	6914	1.49e-96	368
sampleA_part_3	KC776690	27616	82.825	361	62	0	141	501	6554	6914	1.49e-96	368
sampleA_part_3	OK326892	2878263	82.825	361	62	0	141	501	6555	6915	1.49e-96	368
sampleA_part_3	MT410935	9767	82.825	361	62	0	141	501	6575	6935	1.49e-96	368
sampleA_part_3	JF339979	682059	82.825	361	62	0	141	501	4477	4837	1.49e-96	368
sampleA_part_3	AP006468	9767	82.825	361	62	0	141	501	6561	6921	1.49e-96	368
sampleA_part_3	NC_005271	9767	82.825	361	62	0	141	501	6562	6922	1.49e-96	368
sampleA_part_3	MF409242	9771	82.778	360	62	0	142	501	6550	6909	5.35e-96	366
sampleA_part_3	ON257910	9771	82.778	360	62	0	142	501	6549	6908	5.35e-96	366
sampleA_part_3	ON257909	9771	82.778	360	62	0	142	501	6549	6908	5.35e-96	366
sampleA_part_3	ON257908	9771	82.778	360	62	0	142	501	6549	6908	5.35e-96	366
sampleA_part_3	ON257907	9771	82.778	360	62	0	142	501	6549	6908	5.35e-96	366
sampleA_part_3	ON257906	9771	82.778	360	62	0	142	501	6549	6908	5.35e-96	366
sampleA_part_3	ON257905	9771	82.778	360	62	0	142	501	6549	6908	5.35e-96	366
sampleA_part_3	ON257904	9771	82.778	360	62	0	142	501	6549	6908	5.35e-96	366
sampleA_part_3	ON257903	9771	82.778	360	62	0	142	501	6549	6908	5.35e-96	366
sampleA_part_3	ON257902	9771	82.778	360	62	0	142	501	6549	6908	5.35e-96	366
sampleA_part_3	ON257901	9771	82.778	360	62	0	142	501	6549	6908	5.35e-96	366
sampleA_part_3	ON257900	9771	82.778	360	62	0	142	501	6549	6908	5.35e-96	366
sampleA_part_3	ON257898	9771	82.778	360	62	0	142	501	6549	6908	5.35e-96	366
sampleA_part_3	ON257897	9771	82.778	360	62	0	142	501	6549	6908	5.35e-96	366
sampleA_part_3	ON257896	9771	82.778	360	62	0	142	501	6549	6908	5.35e-96	366
sampleA_part_3	ON257895	9771	82.778	360	62	0	142	501	6549	6908	5.35e-96	366
sampleA_part_3	ON257894	9771	82.778	360	62	0	142	501	6549	6908	5.35e-96	366
sampleA_part_3	ON257893	9771	82.778	360	62	0	142	501	6549	6908	5.35e-96	366
sampleA_part_3	ON257892	9771	82.778	360	62	0	142	501	6549	6908	5.35e-96	366
sampleA_part_3	ON257891	9771	82.778	360	62	0	142	501	6549	6908	5.35e-96	366
sampleA_part_3	ON257890	9771	82.778	360	62	0	142	501	6549	6908	5.35e-96	366
sampleA_part_3	ON257888	9771	82.778	360	62	0	142	501	6549	6908	5.35e-96	366
sampleA_part_3	ON257887	9771	82.778	360	62	0	142	501	6549	6908	5.35e-96	366
sampleA_part_3	ON257886	9771	82.778	360	62	0	142	501	6549	6908	5.35e-96	366
sampleA_part_3	ON257885	9771	82.778	360	62	0	142	501	6549	6908	5.35e-96	366
sampleA_part_3	ON257884	9771	82.778	360	62	0	142	501	6549	6908	5.35e-96	366
sampleA_part_3	ON675434	9771	82.778	360	62	0	142	501	6971	7330	5.35e-96	366
sampleA_part_3	ON675432	9771	82.778	360	62	0	142	501	6971	7330	5.35e-96	366
sampleA_part_3	ON675431	9771	82.778	360	62	0	142	501	6971	7330	5.35e-96	366
sampleA_part_3	ON675428	9771	82.778	360	62	0	142	501	6971	7330	5.35e-96	366
sampleA_part_3	ON675425	9771	82.778	360	62	0	142	501	6971	7330	5.35e-96	366
sampleA_part_3	ON675424	9771	82.778	360	62	0	142	501	6971	7330	5.35e-96	366
sampleA_part_3	ON675422	9771	82.778	360	62	0	142	501	6971	7330	5.35e-96	366
sampleA_part_3	ON675414	9771	82.778	360	62	0	142	501	6971	7330	5.35e-96	366
sampleA_part_3	ON675412	9771	82.778	360	62	0	142	501	6971	7330	5.35e-96	366
sampleA_part_3	ON675411	9771	82.778	360	62	0	142	501	6971	7330	5.35e-96	366
sampleA_part_3	ON675410	9771	82.778	360	62	0	142	501	6971	7330	5.35e-96	366
sampleA_part_3	ON675407	9771	82.778	360	62	0	142	501	6971	7330	5.35e-96	366
sampleA_part_3	ON675406	9771	82.778	360	62	0	142	501	6971	7330	5.35e-96	366
sampleA_part_3	ON675405	9771	82.778	360	62	0	142	501	6971	7330	5.35e-96	366
sampleA_part_3	ON675397	9771	82.778	360	62	0	142	501	6971	7330	5.35e-96	366
sampleA_part_3	ON675396	9771	82.778	360	62	0	142	501	6971	7330	5.35e-96	366
sampleA_part_3	ON675394	9771	82.778	360	62	0	142	501	6971	7330	5.35e-96	366
sampleA_part_3	ON675391	9771	82.778	360	62	0	142	501	6971	7330	5.35e-96	366
sampleA_part_3	ON675389	9771	82.778	360	62	0	142	501	6971	7330	5.35e-96	366
sampleA_part_3	ON675388	9771	82.778	360	62	0	142	501	6971	7330	5.35e-96	366
sampleA_part_3	ON675387	9771	82.778	360	62	0	142	501	6971	7330	5.35e-96	366
sampleA_part_3	ON675384	9771	82.778	360	62	0	142	501	6971	7330	5.35e-96	366
sampleA_part_3	ON675382	9771	82.778	360	62	0	142	501	6971	7330	5.35e-96	366
sampleA_part_3	ON675378	9771	82.778	360	62	0	142	501	6971	7330	5.35e-96	366
sampleA_part_3	ON675376	9771	82.778	360	62	0	142	501	6971	7330	5.35e-96	366
sampleA_part_3	ON675375	9771	82.778	360	62	0	142	501	6971	7330	5.35e-96	366
sampleA_part_3	ON675374	9771	82.778	360	62	0	142	501	6971	7330	5.35e-96	366
sampleA_part_3	ON675372	9771	82.778	360	62	0	142	501	6971	7330	5.35e-96	366
sampleA_part_3	ON675371	9771	82.778	360	62	0	142	501	6971	7330	5.35e-96	366
sampleA_part_3	ON675370	9771	82.778	360	62	0	142	501	6971	7330	5.35e-96	366
sampleA_part_3	ON675368	9771	82.778	360	62	0	142	501	6971	7330	5.35e-96	366
sampleA_part_3	ON675367	9771	82.778	360	62	0	142	501	6971	7330	5.35e-96	366
sampleA_part_3	ON675365	9771	82.778	360	62	0	142	501	6971	7330	5.35e-96	366
sampleA_part_3	ON675364	9771	82.778	360	62	0	142	501	6971	7330	5.35e-96	366
sampleA_part_3	ON675363	9771	82.778	360	62	0	142	501	6971	7330	5.35e-96	366
sampleA_part_3	ON675361	9771	82.778	360	62	0	142	501	6971	7330	5.35e-96	366
sampleA_part_3	ON675360	9771	82.778	360	62	0	142	501	6971	7330	5.35e-96	366
sampleA_part_3	ON675356	9771	82.778	360	62	0	142	501	6971	7330	5.35e-96	366
sampleA_part_3	ON675355	9771	82.778	360	62	0	142	501	6971	7330	5.35e-96	366
sampleA_part_3	ON675354	9771	82.778	360	62	0	142	501	6971	7330	5.35e-96	366
sampleA_part_3	ON675353	9771	82.778	360	62	0	142	501	6971	7330	5.35e-96	366
sampleA_part_3	ON675351	9771	82.778	360	62	0	142	501	6971	7330	5.35e-96	366
sampleA_part_3	ON675350	9771	82.778	360	62	0	142	501	6971	7330	5.35e-96	366
sampleA_part_3	ON675349	9771	82.778	360	62	0	142	501	6971	7330	5.35e-96	366
sampleA_part_3	ON675346	9771	82.778	360	62	0	142	501	6971	7330	5.35e-96	366
sampleA_part_3	ON675344	9771	82.778	360	62	0	142	501	6971	7330	5.35e-96	366
sampleA_part_3	ON675342	9771	82.778	360	62	0	142	501	6971	7330	5.35e-96	366
sampleA_part_3	ON675341	9771	82.778	360	62	0	142	501	6971	7330	5.35e-96	366
sampleA_part_3	ON675340	9771	82.778	360	62	0	142	501	6971	7330	5.35e-96	366
sampleA_part_3	ON675339	9771	82.778	360	62	0	142	501	6971	7330	5.35e-96	366
sampleA_part_3	ON675337	9771	82.778	360	62	0	142	501	6971	7330	5.35e-96	366
sampleA_part_3	ON675335	9771	82.778	360	62	0	142	501	6971	7330	5.35e-96	366
sampleA_part_3	ON675334	9771	82.778	360	62	0	142	501	6971	7330	5.35e-96	366
sampleA_part_3	ON675333	9771	82.778	360	62	0	142	501	6971	7330	5.35e-96	366
sampleA_part_3	ON675332	9771	82.778	360	62	0	142	501	6971	7330	5.35e-96	366
sampleA_part_3	ON675331	9771	82.778	360	62	0	142	501	6971	7330	5.35e-96	366
sampleA_part_3	ON675330	9771	82.778	360	62	0	142	501	6972	7331	5.35e-96	366
sampleA_part_3	ON675329	9771	82.778	360	62	0	142	501	6971	7330	5.35e-96	366
sampleA_part_3	ON675328	9771	82.778	360	62	0	142	501	6971	7330	5.35e-96	366
sampleA_part_3	ON675327	9771	82.778	360	62	0	142	501	6971	7330	5.35e-96	366
sampleA_part_3	ON675324	9771	82.778	360	62	0	142	501	6971	7330	5.35e-96	366
sampleA_part_3	ON675323	9771	82.778	360	62	0	142	501	6971	7330	5.35e-96	366
sampleA_part_3	ON675319	9771	82.778	360	62	0	142	501	6971	7330	5.35e-96	366
sampleA_part_3	ON675318	9771	82.778	360	62	0	142	501	6971	7330	5.35e-96	366
sampleA_part_3	ON675316	9771	82.778	360	62	0	142	501	6970	7329	5.35e-96	366
sampleA_part_3	ON675314	9771	82.778	360	62	0	142	501	6971	7330	5.35e-96	366
sampleA_part_3	ON675313	9771	82.778	360	62	0	142	501	6971	7330	5.35e-96	366
sampleA_part_3	ON675312	9771	82.778	360	62	0	142	501	6971	7330	5.35e-96	366
sampleA_part_3	ON675311	9771	82.778	360	62	0	142	501	6971	7330	5.35e-96	366
sampleA_part_3	ON675308	9771	82.778	360	62	0	142	501	6971	7330	5.35e-96	366
sampleA_part_3	ON675307	9771	82.778	360	62	0	142	501	6971	7330	5.35e-96	366
sampleA_part_3	ON675306	9771	82.778	360	62	0	142	501	6971	7330	5.35e-96	366
sampleA_part_3	ON675305	9771	82.778	360	62	0	142	501	6971	7330	5.35e-96	366
sampleA_part_3	ON675304	9771	82.778	360	62	0	142	501	6971	7330	5.35e-96	366
sampleA_part_3	ON675303	9771	82.778	360	62	0	142	501	6971	7330	5.35e-96	366
sampleA_part_3	ON675302	9771	82.778	360	62	0	142	501	6971	7330	5.35e-96	366
sampleA_part_3	ON675301	9771	82.778	360	62	0	142	501	6971	7330	5.35e-96	366
sampleA_part_3	ON675300	9771	82.778	360	62	0	142	501	6971	7330	5.35e-96	366
sampleA_part_3	ON675299	9771	82.778	360	62	0	142	501	6971	7330	5.35e-96	366
sampleA_part_3	ON675298	9771	82.778	360	62	0	142	501	6971	7330	5.35e-96	366
sampleA_part_3	ON675297	9771	82.778	360	62	0	142	501	6971	7330	5.35e-96	366
sampleA_part_3	ON675296	9771	82.778	360	62	0	142	501	6971	7330	5.35e-96	366
sampleA_part_3	ON675295	9771	82.778	360	62	0	142	501	6971	7330	5.35e-96	366
sampleA_part_3	ON675294	9771	82.778	360	62	0	142	501	6971	7330	5.35e-96	366
sampleA_part_3	ON675292	9771	82.778	360	62	0	142	501	6971	7330	5.35e-96	366
sampleA_part_3	ON675291	9771	82.778	360	62	0	142	501	6970	7329	5.35e-96	366
sampleA_part_3	ON675285	9771	82.778	360	62	0	142	501	6971	7330	5.35e-96	366
sampleA_part_3	ON675284	9771	82.778	360	62	0	142	501	6971	7330	5.35e-96	366
sampleA_part_3	ON675283	9771	82.778	360	62	0	142	501	6971	7330	5.35e-96	366
sampleA_part_3	ON675282	9771	82.778	360	62	0	142	501	6972	7331	5.35e-96	366
sampleA_part_3	NC_041303	9752	82.597	362	61	2	141	501	6551	6911	6.92e-95	363
sampleA_part_3	PP829133	682059	82.955	352	60	0	141	492	6555	6906	6.92e-95	363
sampleA_part_3	PP829132	682059	82.955	352	60	0	141	492	6555	6906	6.92e-95	363
sampleA_part_3	KF032878	48708	82.548	361	63	0	141	501	6556	6916	6.92e-95	363
sampleA_part_3	KF032877	48708	82.548	361	63	0	141	501	6556	6916	6.92e-95	363
sampleA_part_3	KF032876	48708	82.548	361	63	0	141	501	6556	6916	6.92e-95	363
sampleA_part_3	KF032874	48708	82.548	361	63	0	141	501	6556	6916	6.92e-95	363
sampleA_part_3	KF032872	48708	82.548	361	63	0	141	501	6556	6916	6.92e-95	363
sampleA_part_3	KF032871	48708	82.548	361	63	0	141	501	6556	6916	6.92e-95	363
sampleA_part_3	KF032870	48708	82.548	361	63	0	141	501	6556	6916	6.92e-95	363
sampleA_part_3	KF032869	48708	82.548	361	63	0	141	501	6556	6916	6.92e-95	363
sampleA_part_3	JF339980	682059	82.955	352	60	0	141	492	4476	4827	6.92e-95	363
sampleA_part_3	JF339978	682059	82.955	352	60	0	141	492	4476	4827	6.92e-95	363
sampleA_part_3	NC_019591	682059	82.955	352	60	0	141	492	6558	6909	6.92e-95	363
sampleA_part_3	NC_042761	46167	82.500	360	63	0	142	501	6553	6912	2.49e-94	361
sampleA_part_3	ON675409	9771	82.500	360	63	0	142	501	6971	7330	2.49e-94	361
sampleA_part_3	NC_083094	27610	82.500	360	63	0	142	501	6557	6916	2.49e-94	361
sampleA_part_3	MT410901	27610	82.500	360	63	0	142	501	6557	6916	2.49e-94	361
sampleA_part_3	JF339982	46167	82.500	360	63	0	142	501	6555	6914	2.49e-94	361
sampleA_part_3	AJ554061	27610	82.500	360	63	0	142	501	6557	6916	2.49e-94	361
sampleA_part_3	NC_001601	9771	82.500	360	63	0	142	501	6970	7329	2.49e-94	361
sampleA_part_3	FJ590428	9739	82.271	361	64	0	141	501	3789	4149	8.95e-94	359
sampleA_part_3	KF032868	48708	82.271	361	64	0	141	501	6556	6916	3.22e-93	357
sampleA_part_3	KF032867	48708	82.271	361	64	0	141	501	6556	6916	3.22e-93	357
sampleA_part_3	JF339981	682059	82.271	361	64	0	141	501	4476	4836	3.22e-93	357
sampleA_part_3	OZ205435	52113	82.222	360	64	0	142	501	6560	6919	1.16e-92	355
sampleA_part_3	KC312622	9739	82.173	359	64	0	141	499	3783	4141	1.16e-92	355
sampleA_part_3	NC_042217	52113	81.944	360	65	0	142	501	6556	6915	5.39e-91	350
sampleA_part_3	OK326891	52113	81.944	360	65	0	142	501	6556	6915	5.39e-91	350
sampleA_part_3	OK326890	52113	81.944	360	65	0	142	501	6556	6915	5.39e-91	350
sampleA_part_3	OK326889	52113	81.944	360	65	0	142	501	6556	6915	5.39e-91	350
sampleA_part_3	OK326888	52113	81.944	360	65	0	142	501	6556	6915	5.39e-91	350
sampleA_part_3	OK326887	52113	81.944	360	65	0	142	501	6556	6915	5.39e-91	350
sampleA_part_3	OK326886	52113	81.944	360	65	0	142	501	6556	6915	5.39e-91	350
sampleA_part_3	OK326885	52113	81.944	360	65	0	142	501	6556	6915	5.39e-91	350
sampleA_part_3	OK326884	52113	81.944	360	65	0	142	501	6556	6915	5.39e-91	350
sampleA_part_3	KX857303	9735	81.742	356	65	0	146	501	7468	7823	6.97e-90	346
sampleA_part_3	MF669485	9739	81.440	361	67	0	141	501	6551	6911	3.24e-88	340
sampleA_part_3	KT601207	9739	81.440	361	67	0	141	501	6553	6913	3.24e-88	340
sampleA_part_3	KT601206	9739	81.440	361	67	0	141	501	6553	6913	3.24e-88	340
sampleA_part_3	KT601203	9739	81.440	361	67	0	141	501	6553	6913	3.24e-88	340
sampleA_part_3	KT601202	9739	81.440	361	67	0	141	501	6553	6913	3.24e-88	340
sampleA_part_3	KT601201	9739	81.440	361	67	0	141	501	6553	6913	3.24e-88	340
sampleA_part_3	KT601200	9739	81.440	361	67	0	141	501	6553	6913	3.24e-88	340
sampleA_part_3	KT601199	9739	81.440	361	67	0	141	501	6553	6913	3.24e-88	340
sampleA_part_3	KT601196	9739	81.440	361	67	0	141	501	6553	6913	3.24e-88	340
sampleA_part_3	KT601195	9739	81.440	361	67	0	141	501	6553	6913	3.24e-88	340
sampleA_part_3	KT601189	9739	81.440	361	67	0	141	501	6553	6913	3.24e-88	340
sampleA_part_3	KT601188	9739	81.440	361	67	0	141	501	6553	6913	3.24e-88	340
sampleA_part_3	OR120228	9739	81.440	361	67	0	141	501	6553	6913	3.24e-88	340
sampleA_part_3	OR120227	9739	81.440	361	67	0	141	501	6553	6913	3.24e-88	340
sampleA_part_3	OR120213	9739	81.440	361	67	0	141	501	6553	6913	3.24e-88	340
sampleA_part_3	OR120212	9739	81.440	361	67	0	141	501	6553	6913	3.24e-88	340
sampleA_part_3	OR120211	9739	81.440	361	67	0	141	501	6553	6913	3.24e-88	340
sampleA_part_3	OR120209	9739	81.440	361	67	0	141	501	6553	6913	3.24e-88	340
sampleA_part_3	OR120207	9739	81.440	361	67	0	141	501	6553	6913	3.24e-88	340
sampleA_part_3	OR120206	9739	81.440	361	67	0	141	501	6553	6913	3.24e-88	340
sampleA_part_3	OR120204	9739	81.440	361	67	0	141	501	6553	6913	3.24e-88	340
sampleA_part_3	OR120202	9739	81.440	361	67	0	141	501	6553	6913	3.24e-88	340
sampleA_part_3	OR120200	9739	81.440	361	67	0	141	501	6553	6913	3.24e-88	340
sampleA_part_3	OR120196	9739	81.440	361	67	0	141	501	6553	6913	3.24e-88	340
sampleA_part_3	OR120194	9739	81.440	361	67	0	141	501	6553	6913	3.24e-88	340
sampleA_part_3	OR120177	9739	81.440	361	67	0	141	501	6553	6913	3.24e-88	340
sampleA_part_3	OR120175	9739	81.440	361	67	0	141	501	6553	6913	3.24e-88	340
sampleA_part_3	OR120173	9739	81.440	361	67	0	141	501	6553	6913	3.24e-88	340
sampleA_part_3	KF570388	9739	81.440	361	67	0	141	501	6553	6913	3.24e-88	340
sampleA_part_3	KF570387	9739	81.440	361	67	0	141	501	6553	6913	3.24e-88	340
sampleA_part_3	KF570384	9739	81.440	361	67	0	141	501	6553	6913	3.24e-88	340
sampleA_part_3	KF570382	9739	81.440	361	67	0	141	501	6552	6912	3.24e-88	340
sampleA_part_3	KF570381	9739	81.440	361	67	0	141	501	6553	6913	3.24e-88	340
sampleA_part_3	KF570352	9739	81.440	361	67	0	141	501	6553	6913	3.24e-88	340
sampleA_part_3	KF570333	9739	81.440	361	67	0	141	501	6553	6913	3.24e-88	340
sampleA_part_3	KF570330	9739	81.440	361	67	0	141	501	6553	6913	3.24e-88	340
sampleA_part_3	KF570329	9739	81.440	361	67	0	141	501	6553	6913	3.24e-88	340
sampleA_part_3	KF570328	9739	81.440	361	67	0	141	501	6553	6913	3.24e-88	340
sampleA_part_3	KF570325	9739	81.440	361	67	0	141	501	6553	6913	3.24e-88	340
sampleA_part_3	KF570324	9739	81.440	361	67	0	141	501	6553	6913	3.24e-88	340
sampleA_part_3	KF570323	9739	81.440	361	67	0	141	501	6553	6913	3.24e-88	340
sampleA_part_3	KF570321	9739	81.440	361	67	0	141	501	6553	6913	3.24e-88	340
sampleA_part_3	KF570320	9739	81.440	361	67	0	141	501	6553	6913	3.24e-88	340
sampleA_part_3	KF570315	9739	81.440	361	67	0	141	501	6553	6913	3.24e-88	340
sampleA_part_3	OR120191	9739	81.766	351	64	0	142	492	6554	6904	1.17e-87	339
sampleA_part_3	OR120226	9739	81.163	361	68	0	141	501	6553	6913	1.51e-86	335
sampleA_part_3	OR120225	9739	81.163	361	68	0	141	501	6553	6913	1.51e-86	335
sampleA_part_3	OR120224	9739	81.163	361	68	0	141	501	6553	6913	1.51e-86	335
sampleA_part_3	OR120223	9739	81.163	361	68	0	141	501	6553	6913	1.51e-86	335
sampleA_part_3	OR120221	9739	81.163	361	68	0	141	501	6553	6913	1.51e-86	335
sampleA_part_3	OR120220	9739	81.163	361	68	0	141	501	6553	6913	1.51e-86	335
sampleA_part_3	OR120219	9739	81.163	361	68	0	141	501	6553	6913	1.51e-86	335
sampleA_part_3	OR120218	9739	81.163	361	68	0	141	501	6553	6913	1.51e-86	335
sampleA_part_3	OR120217	9739	81.163	361	68	0	141	501	6553	6913	1.51e-86	335
sampleA_part_3	OR120216	9739	81.163	361	68	0	141	501	6553	6913	1.51e-86	335
sampleA_part_3	OR120215	9739	81.163	361	68	0	141	501	6553	6913	1.51e-86	335
sampleA_part_3	OR120214	9739	81.163	361	68	0	141	501	6553	6913	1.51e-86	335
sampleA_part_3	OR120190	9739	81.163	361	68	0	141	501	6553	6913	1.51e-86	335
sampleA_part_3	OR120182	9739	81.163	361	68	0	141	501	6553	6913	1.51e-86	335
sampleA_part_3	OR120181	9739	81.163	361	68	0	141	501	6553	6913	1.51e-86	335
sampleA_part_3	OR120179	9739	81.163	361	68	0	141	501	6553	6913	1.51e-86	335
sampleA_part_3	OR120174	9739	81.163	361	68	0	141	501	6553	6913	1.51e-86	335
sampleA_part_3	OR120172	9739	81.163	361	68	0	141	501	6553	6913	1.51e-86	335
sampleA_part_3	OR120169	9739	81.163	361	68	0	141	501	6553	6913	1.51e-86	335
sampleA_part_3	KF032865	48708	81.163	361	67	1	141	501	6549	6908	1.51e-86	335
sampleA_part_3	KF032866	48708	81.163	361	67	1	141	501	6558	6917	5.43e-86	333
sampleA_part_3	KF032864	48708	81.163	361	67	1	141	501	6558	6917	5.43e-86	333
sampleA_part_3	KF032863	48708	81.163	361	67	1	141	501	6558	6917	5.43e-86	333
sampleA_part_3	KF032862	48708	81.163	361	67	1	141	501	6558	6917	5.43e-86	333
sampleA_part_3	ON675348	9771	90.244	246	24	0	256	501	7085	7330	9.08e-84	326
sampleA_part_3	MK790782	38241	88.618	246	28	0	256	501	6668	6913	4.26e-77	303
sampleA_part_3	MK790781	38241	88.618	246	28	0	256	501	6668	6913	4.26e-77	303
sampleA_part_3	MK790780	38241	88.618	246	28	0	256	501	6668	6913	4.26e-77	303
sampleA_part_3	MK790779	38241	88.618	246	28	0	256	501	6668	6913	4.26e-77	303
sampleA_part_3	MK790778	38241	88.618	246	28	0	256	501	6668	6913	4.26e-77	303
sampleA_part_3	MK790777	38241	88.618	246	28	0	256	501	6668	6913	4.26e-77	303
sampleA_part_3	MK790776	38241	88.618	246	28	0	256	501	6668	6913	4.26e-77	303
sampleA_part_3	MK790775	38241	88.618	246	28	0	256	501	6668	6913	4.26e-77	303
sampleA_part_3	MK790774	38241	88.618	246	28	0	256	501	6668	6913	4.26e-77	303
sampleA_part_3	MK790773	38241	88.618	246	28	0	256	501	6668	6913	4.26e-77	303
sampleA_part_3	MK790772	38241	88.618	246	28	0	256	501	6668	6913	4.26e-77	303
sampleA_part_3	MK790771	38241	88.618	246	28	0	256	501	6668	6913	4.26e-77	303
sampleA_part_3	MK790770	38241	88.618	246	28	0	256	501	6668	6913	4.26e-77	303
sampleA_part_3	MK790769	38241	88.618	246	28	0	256	501	6668	6913	4.26e-77	303
sampleA_part_3	MK790766	38241	88.618	246	28	0	256	501	6668	6913	4.26e-77	303
sampleA_part_3	MK790765	38241	88.618	246	28	0	256	501	6668	6913	4.26e-77	303
sampleA_part_3	MK790764	38241	88.618	246	28	0	256	501	6668	6913	4.26e-77	303
sampleA_part_3	MK790763	38241	88.618	246	28	0	256	501	6668	6913	4.26e-77	303
sampleA_part_3	MK790762	38241	88.618	246	28	0	256	501	6668	6913	4.26e-77	303
sampleA_part_3	MK790761	38241	88.618	246	28	0	256	501	6668	6913	4.26e-77	303
sampleA_part_3	MK790760	38241	88.618	246	28	0	256	501	6668	6913	4.26e-77	303
sampleA_part_3	MK790759	38241	88.618	246	28	0	256	501	6668	6913	4.26e-77	303
sampleA_part_3	MK790758	38241	88.618	246	28	0	256	501	6668	6913	4.26e-77	303
sampleA_part_3	MK790757	38241	88.618	246	28	0	256	501	6668	6913	4.26e-77	303
sampleA_part_3	MK790756	38241	88.618	246	28	0	256	501	6668	6913	4.26e-77	303
sampleA_part_3	MK790755	38241	88.618	246	28	0	256	501	6668	6913	4.26e-77	303
sampleA_part_3	MK790754	38241	88.618	246	28	0	256	501	6668	6913	4.26e-77	303
sampleA_part_3	MK790752	38241	88.618	246	28	0	256	501	6668	6913	4.26e-77	303
sampleA_part_3	MK790751	38241	88.618	246	28	0	256	501	6668	6913	4.26e-77	303
sampleA_part_3	MK790750	38241	88.618	246	28	0	256	501	6668	6913	4.26e-77	303
sampleA_part_3	MK790749	38241	88.618	246	28	0	256	501	6668	6913	4.26e-77	303
sampleA_part_3	MK790747	38241	88.618	246	28	0	256	501	6668	6913	4.26e-77	303
sampleA_part_3	MK790745	38241	88.618	246	28	0	256	501	6668	6913	4.26e-77	303
sampleA_part_3	MK790743	38241	88.618	246	28	0	256	501	6668	6913	4.26e-77	303
sampleA_part_3	MK790740	38241	88.618	246	28	0	256	501	6668	6913	4.26e-77	303
sampleA_part_3	MK790739	38241	88.618	246	28	0	256	501	6668	6913	4.26e-77	303
sampleA_part_3	MK790738	38241	88.618	246	28	0	256	501	6668	6913	4.26e-77	303
sampleA_part_3	MK790736	38241	88.618	246	28	0	256	501	6668	6913	4.26e-77	303
sampleA_part_3	MK790734	38241	88.618	246	28	0	256	501	6668	6913	4.26e-77	303
sampleA_part_3	MK790730	38241	88.618	246	28	0	256	501	6668	6913	4.26e-77	303
sampleA_part_3	MK790727	38241	88.618	246	28	0	256	501	6668	6913	4.26e-77	303
sampleA_part_3	MK790724	38241	88.618	246	28	0	256	501	6668	6913	4.26e-77	303
sampleA_part_3	MK790722	38241	88.618	246	28	0	256	501	6668	6913	4.26e-77	303
sampleA_part_3	MK790719	38241	88.618	246	28	0	256	501	6668	6913	4.26e-77	303
sampleA_part_3	MK790718	38241	88.618	246	28	0	256	501	6668	6913	4.26e-77	303
sampleA_part_3	MK790717	38241	88.618	246	28	0	256	501	6668	6913	4.26e-77	303
sampleA_part_3	MK790716	38241	88.618	246	28	0	256	501	6668	6913	4.26e-77	303
sampleA_part_3	MK790712	38241	88.618	246	28	0	256	501	6668	6913	4.26e-77	303
sampleA_part_3	MK790711	38241	88.618	246	28	0	256	501	6668	6913	4.26e-77	303
sampleA_part_3	MK790710	38241	88.618	246	28	0	256	501	6668	6913	4.26e-77	303
sampleA_part_3	MK790709	38241	88.618	246	28	0	256	501	6668	6913	4.26e-77	303
sampleA_part_3	MK790708	38241	88.618	246	28	0	256	501	6668	6913	4.26e-77	303
sampleA_part_3	MK790707	38241	88.618	246	28	0	256	501	6668	6913	4.26e-77	303
sampleA_part_3	MK790706	38241	88.618	246	28	0	256	501	6668	6913	4.26e-77	303
sampleA_part_3	MK790705	38241	88.618	246	28	0	256	501	6668	6913	4.26e-77	303
sampleA_part_3	MK790704	38241	88.618	246	28	0	256	501	6668	6913	4.26e-77	303
sampleA_part_3	MK790703	38241	88.618	246	28	0	256	501	6668	6913	4.26e-77	303
sampleA_part_3	MK790699	38241	88.618	246	28	0	256	501	6668	6913	4.26e-77	303
sampleA_part_3	MK790698	38241	88.618	246	28	0	256	501	6668	6913	4.26e-77	303
sampleA_part_3	MK790697	38241	88.618	246	28	0	256	501	6668	6913	4.26e-77	303
sampleA_part_3	MK790696	38241	88.618	246	28	0	256	501	6668	6913	4.26e-77	303
sampleA_part_3	MK790695	38241	88.618	246	28	0	256	501	6668	6913	4.26e-77	303
sampleA_part_3	MK790694	38241	88.618	246	28	0	256	501	6668	6913	4.26e-77	303
sampleA_part_3	MK790693	38241	88.618	246	28	0	256	501	6668	6913	4.26e-77	303
sampleA_part_3	MK790692	38241	88.618	246	28	0	256	501	6668	6913	4.26e-77	303
sampleA_part_3	MK790691	38241	88.618	246	28	0	256	501	6668	6913	4.26e-77	303
sampleA_part_3	MK790690	38241	88.618	246	28	0	256	501	6668	6913	4.26e-77	303
sampleA_part_3	MK790689	38241	88.618	246	28	0	256	501	6668	6913	4.26e-77	303
sampleA_part_3	MK790688	38241	88.618	246	28	0	256	501	6668	6913	4.26e-77	303
sampleA_part_3	MK790686	38241	88.618	246	28	0	256	501	6668	6913	4.26e-77	303
sampleA_part_3	ON652901	103596	89.451	237	25	0	256	492	6670	6906	4.26e-77	303
sampleA_part_3	ON652900	103596	89.451	237	25	0	256	492	6670	6906	4.26e-77	303
sampleA_part_3	ON652899	103596	89.451	237	25	0	256	492	6670	6906	4.26e-77	303
sampleA_part_3	ON652895	103596	89.451	237	25	0	256	492	6670	6906	4.26e-77	303
sampleA_part_3	ON652893	103596	89.451	237	25	0	256	492	6670	6906	4.26e-77	303
sampleA_part_3	ON652885	103596	89.451	237	25	0	256	492	6670	6906	4.26e-77	303
sampleA_part_3	ON652882	103596	89.451	237	25	0	256	492	6670	6906	4.26e-77	303
sampleA_part_3	ON652879	103596	89.451	237	25	0	256	492	6670	6906	4.26e-77	303
sampleA_part_3	NC_083222	9731	88.618	246	28	0	256	501	6669	6914	4.26e-77	303
sampleA_part_3	OQ301792	38241	88.618	246	28	0	256	501	1306	1551	4.26e-77	303
sampleA_part_3	OQ301791	38241	88.618	246	28	0	256	501	1306	1551	4.26e-77	303
sampleA_part_3	NC_019578	38241	88.618	246	28	0	256	501	6668	6913	4.26e-77	303
sampleA_part_3	JF289176	103596	89.451	237	25	0	256	492	6670	6906	4.26e-77	303
sampleA_part_3	NC_019589	103596	89.451	237	25	0	256	492	6670	6906	4.26e-77	303
sampleA_part_3	JF339976	38241	88.618	246	28	0	256	501	6668	6913	4.26e-77	303
sampleA_part_3	JF339974	38241	88.618	246	28	0	256	501	4530	4775	4.26e-77	303
sampleA_part_3	FJ590427	9731	88.618	246	28	0	256	501	3904	4149	4.26e-77	303
sampleA_part_3	KC312629	9731	89.076	238	26	0	256	493	3898	4135	5.50e-76	300
sampleA_part_3	MK790768	38241	88.211	246	29	0	256	501	6668	6913	1.98e-75	298
sampleA_part_3	MK790767	38241	88.211	246	29	0	256	501	6668	6913	1.98e-75	298
sampleA_part_3	MK790753	38241	88.211	246	29	0	256	501	6668	6913	1.98e-75	298
sampleA_part_3	MK790748	38241	88.211	246	29	0	256	501	6668	6913	1.98e-75	298
sampleA_part_3	MK790746	38241	88.211	246	29	0	256	501	6668	6913	1.98e-75	298
sampleA_part_3	MK790744	38241	88.211	246	29	0	256	501	6668	6913	1.98e-75	298
sampleA_part_3	MK790742	38241	88.211	246	29	0	256	501	6668	6913	1.98e-75	298
sampleA_part_3	MK790741	38241	88.211	246	29	0	256	501	6668	6913	1.98e-75	298
sampleA_part_3	MK790737	38241	88.211	246	29	0	256	501	6668	6913	1.98e-75	298
sampleA_part_3	MK790735	38241	88.211	246	29	0	256	501	6668	6913	1.98e-75	298
sampleA_part_3	MK790733	38241	88.211	246	29	0	256	501	6668	6913	1.98e-75	298
sampleA_part_3	MK790732	38241	88.211	246	29	0	256	501	6668	6913	1.98e-75	298
sampleA_part_3	MK790731	38241	88.211	246	29	0	256	501	6668	6913	1.98e-75	298
sampleA_part_3	MK790729	38241	88.211	246	29	0	256	501	6668	6913	1.98e-75	298
sampleA_part_3	MK790728	38241	88.211	246	29	0	256	501	6668	6913	1.98e-75	298
sampleA_part_3	MK790726	38241	88.211	246	29	0	256	501	6668	6913	1.98e-75	298
sampleA_part_3	MK790725	38241	88.211	246	29	0	256	501	6668	6913	1.98e-75	298
sampleA_part_3	MK790723	38241	88.211	246	29	0	256	501	6668	6913	1.98e-75	298
sampleA_part_3	MK790721	38241	88.211	246	29	0	256	501	6668	6913	1.98e-75	298
sampleA_part_3	MK790720	38241	88.211	246	29	0	256	501	6668	6913	1.98e-75	298
sampleA_part_3	MK790715	38241	88.211	246	29	0	256	501	6668	6913	1.98e-75	298
sampleA_part_3	MK790714	38241	88.211	246	29	0	256	501	6668	6913	1.98e-75	298
sampleA_part_3	MK790713	38241	88.211	246	29	0	256	501	6668	6913	1.98e-75	298
sampleA_part_3	MK790702	38241	88.211	246	29	0	256	501	6668	6913	1.98e-75	298
sampleA_part_3	MK790701	38241	88.211	246	29	0	256	501	6668	6913	1.98e-75	298
sampleA_part_3	MK790700	38241	88.211	246	29	0	256	501	6668	6913	1.98e-75	298
sampleA_part_3	MK790687	38241	88.211	246	29	0	256	501	6668	6913	1.98e-75	298
sampleA_part_3	ON652905	103596	89.030	237	26	0	256	492	6670	6906	1.98e-75	298
sampleA_part_3	ON652898	103596	89.030	237	26	0	256	492	6670	6906	1.98e-75	298
sampleA_part_3	ON652897	103596	89.030	237	26	0	256	492	6670	6906	1.98e-75	298
sampleA_part_3	ON652894	103596	89.030	237	26	0	256	492	6670	6906	1.98e-75	298
sampleA_part_3	ON652892	103596	89.030	237	26	0	256	492	6670	6906	1.98e-75	298
sampleA_part_3	ON652891	103596	89.030	237	26	0	256	492	6670	6906	1.98e-75	298
sampleA_part_3	ON652890	103596	89.030	237	26	0	256	492	6670	6906	1.98e-75	298
sampleA_part_3	ON652887	103596	89.030	237	26	0	256	492	6670	6906	1.98e-75	298
sampleA_part_3	ON652884	103596	89.030	237	26	0	256	492	6670	6906	1.98e-75	298
sampleA_part_3	ON652883	103596	89.030	237	26	0	256	492	6670	6906	1.98e-75	298
sampleA_part_3	ON652881	103596	89.030	237	26	0	256	492	6670	6906	1.98e-75	298
sampleA_part_3	ON652880	103596	89.030	237	26	0	256	492	6670	6906	1.98e-75	298
sampleA_part_3	JF339975	38241	88.211	246	29	0	256	501	4590	4835	1.98e-75	298
sampleA_part_3	JF339972	9731	88.211	246	29	0	256	501	6669	6914	1.98e-75	298
sampleA_part_3	HM060334	9731	88.211	246	29	0	256	501	6669	6914	1.98e-75	298
sampleA_part_3	PQ632151	149089	87.805	246	30	0	256	501	6676	6921	9.21e-74	292
sampleA_part_3	NC_005276	9725	87.805	246	30	0	256	501	6673	6918	9.21e-74	292
