sampleA_part_1	OP205215.1	97.524	525	13	0	1	525	5361	5885	0.0	922
sampleA_part_1	OP205204.1	97.524	525	13	0	1	525	5361	5885	0.0	922
sampleA_part_1	OP205199.1	97.524	525	13	0	1	525	5361	5885	0.0	922
sampleA_part_1	OP205194.1	97.524	525	13	0	1	525	5361	5885	0.0	922
sampleA_part_1	OP205193.1	97.524	525	13	0	1	525	5361	5885	0.0	922
sampleA_part_1	NC_006931.1	97.524	525	13	0	1	525	5361	5885	0.0	922
sampleA_part_1	OP205218.1	97.333	525	14	0	1	525	5360	5884	0.0	917
sampleA_part_1	OP205217.1	97.333	525	14	0	1	525	5360	5884	0.0	917
sampleA_part_1	OP205213.1	97.333	525	14	0	1	525	5360	5884	0.0	917
sampleA_part_1	OP205212.1	97.333	525	14	0	1	525	5361	5885	0.0	917
sampleA_part_1	OP205211.1	97.333	525	14	0	1	525	5361	5885	0.0	917
sampleA_part_1	OP205210.1	97.333	525	14	0	1	525	5360	5884	0.0	917
sampleA_part_1	OP205207.1	97.333	525	14	0	1	525	5361	5885	0.0	917
sampleA_part_1	OP205206.1	97.333	525	14	0	1	525	5361	5885	0.0	917
sampleA_part_1	OP205205.1	97.333	525	14	0	1	525	5360	5884	0.0	917
sampleA_part_1	OP205203.1	97.333	525	14	0	1	525	5361	5885	0.0	917
sampleA_part_1	OP205202.1	97.333	525	14	0	1	525	5361	5885	0.0	917
sampleA_part_1	OP205201.1	97.333	525	14	0	1	525	5361	5885	0.0	917
sampleA_part_1	OP205200.1	97.333	525	14	0	1	525	5361	5885	0.0	917
sampleA_part_1	OP205198.1	97.333	525	14	0	1	525	5360	5884	0.0	917
sampleA_part_1	OP205197.1	97.333	525	14	0	1	525	5360	5884	0.0	917
sampleA_part_1	OP205196.1	97.333	525	14	0	1	525	5360	5884	0.0	917
sampleA_part_1	OP205195.1	97.333	525	14	0	1	525	5360	5884	0.0	917
sampleA_part_1	OP205192.1	97.333	525	14	0	1	525	5361	5885	0.0	917
sampleA_part_1	MF459656.1	97.143	525	15	0	1	525	5361	5885	0.0	911
sampleA_part_1	OP205191.1	97.143	525	15	0	1	525	5361	5885	0.0	911
sampleA_part_1	OP205190.1	97.143	525	15	0	1	525	5361	5885	0.0	911
sampleA_part_1	OP205189.1	97.143	525	15	0	1	525	5361	5885	0.0	911
sampleA_part_1	OP205188.1	97.143	525	15	0	1	525	5361	5885	0.0	911
sampleA_part_1	OP205187.1	97.143	525	15	0	1	525	5361	5885	0.0	911
sampleA_part_1	OP205186.1	97.143	525	15	0	1	525	5361	5885	0.0	911
sampleA_part_1	OP205185.1	97.143	525	15	0	1	525	5361	5885	0.0	911
sampleA_part_1	OP205184.1	97.143	525	15	0	1	525	5361	5885	0.0	911
sampleA_part_1	OP205183.1	97.143	525	15	0	1	525	5361	5885	0.0	911
sampleA_part_1	OP205181.1	97.143	525	15	0	1	525	5361	5885	0.0	911
sampleA_part_1	DQ095154.1	97.143	525	15	0	1	525	1	525	0.0	911
sampleA_part_1	NC_037444.1	96.952	525	16	0	1	525	5360	5884	0.0	905
sampleA_part_1	OP205177.1	96.952	525	16	0	1	525	5360	5884	0.0	905
sampleA_part_1	OP205176.1	96.952	525	16	0	1	525	5360	5884	0.0	905
sampleA_part_1	OP205174.1	96.952	525	16	0	1	525	5360	5884	0.0	905
sampleA_part_1	OP205173.1	96.952	525	16	0	1	525	5360	5884	0.0	905
sampleA_part_1	OP205172.1	96.952	525	16	0	1	525	5360	5884	0.0	905
sampleA_part_1	OP205170.1	96.952	525	16	0	1	525	5360	5884	0.0	905
sampleA_part_1	OP205169.1	96.952	525	16	0	1	525	5360	5884	0.0	905
sampleA_part_1	OP205168.1	96.952	525	16	0	1	525	5360	5884	0.0	905
sampleA_part_1	OP205167.1	96.952	525	16	0	1	525	5360	5884	0.0	905
sampleA_part_1	OP205166.1	96.952	525	16	0	1	525	5360	5884	0.0	905
sampleA_part_1	DQ095155.1	96.952	525	16	0	1	525	1	525	0.0	905
sampleA_part_1	NC_006930.1	96.952	525	16	0	1	525	5359	5883	0.0	905
sampleA_part_1	OP205178.1	96.762	525	17	0	1	525	5360	5884	0.0	900
sampleA_part_1	OP205175.1	96.762	525	17	0	1	525	5360	5884	0.0	900
sampleA_part_1	DQ095156.1	96.762	525	17	0	1	525	1	525	0.0	900
sampleA_part_1	EU496286.1	97.065	511	15	0	15	525	1	511	0.0	885
sampleA_part_1	MW446662.1	96.881	513	16	0	13	525	1	513	0.0	883
sampleA_part_1	MW446713.1	96.825	504	16	0	22	525	1	504	0.0	867
sampleA_part_1	MW446705.1	96.825	504	16	0	22	525	1	504	0.0	867
sampleA_part_1	MN124685.1	95.048	525	26	0	1	525	5365	5889	0.0	850
sampleA_part_1	MN159085.1	95.048	525	26	0	1	525	5366	5890	0.0	850
sampleA_part_1	MN159084.1	95.048	525	26	0	1	525	5365	5889	0.0	850
sampleA_part_1	MN159082.1	95.048	525	26	0	1	525	5365	5889	0.0	850
sampleA_part_1	MN159081.1	95.048	525	26	0	1	525	5365	5889	0.0	850
sampleA_part_1	MN145939.1	95.048	525	26	0	1	525	5365	5889	0.0	850
sampleA_part_1	MN145938.1	95.048	525	26	0	1	525	5365	5889	0.0	850
sampleA_part_1	MN145937.1	95.048	525	26	0	1	525	5365	5889	0.0	850
sampleA_part_1	MH198022.1	95.048	525	26	0	1	525	5358	5882	0.0	850
sampleA_part_1	KY026773.1	95.048	525	26	0	1	525	5365	5889	0.0	850
sampleA_part_1	KY026772.1	95.048	525	26	0	1	525	5365	5889	0.0	850
sampleA_part_1	KY026771.1	95.048	525	26	0	1	525	5366	5890	0.0	850
sampleA_part_1	KY026770.1	95.048	525	26	0	1	525	5366	5890	0.0	850
sampleA_part_1	KY026769.1	95.048	525	26	0	1	525	5366	5890	0.0	850
sampleA_part_1	KY026768.1	95.048	525	26	0	1	525	5366	5890	0.0	850
sampleA_part_1	KY026767.1	95.048	525	26	0	1	525	5366	5890	0.0	850
sampleA_part_1	KY026766.1	95.048	525	26	0	1	525	5366	5890	0.0	850
sampleA_part_1	MZ618260.1	95.048	525	26	0	1	525	5786	6310	0.0	850
sampleA_part_1	MZ618259.1	95.048	525	26	0	1	525	5786	6310	0.0	850
sampleA_part_1	MZ618258.1	95.048	525	26	0	1	525	5786	6310	0.0	850
sampleA_part_1	MZ618257.1	95.048	525	26	0	1	525	5785	6309	0.0	850
sampleA_part_1	MZ618256.1	95.048	525	26	0	1	525	5786	6310	0.0	850
sampleA_part_1	MZ618255.1	95.048	525	26	0	1	525	5785	6309	0.0	850
sampleA_part_1	MZ618254.1	95.048	525	26	0	1	525	5785	6309	0.0	850
sampleA_part_1	MZ618253.1	95.048	525	26	0	1	525	5785	6309	0.0	850
sampleA_part_1	MZ618252.1	95.048	525	26	0	1	525	5785	6309	0.0	850
sampleA_part_1	MZ618251.1	95.048	525	26	0	1	525	5785	6309	0.0	850
sampleA_part_1	MZ618250.1	95.048	525	26	0	1	525	5785	6309	0.0	850
sampleA_part_1	MZ618249.1	95.048	525	26	0	1	525	5785	6309	0.0	850
sampleA_part_1	MZ618248.1	95.048	525	26	0	1	525	5785	6309	0.0	850
sampleA_part_1	MZ618247.1	95.048	525	26	0	1	525	5785	6309	0.0	850
sampleA_part_1	MZ618246.1	95.048	525	26	0	1	525	5785	6309	0.0	850
sampleA_part_1	MZ618245.1	95.048	525	26	0	1	525	5785	6309	0.0	850
sampleA_part_1	MZ618244.1	95.048	525	26	0	1	525	5785	6309	0.0	850
sampleA_part_1	MT649196.1	95.048	525	26	0	1	525	5366	5890	0.0	850
sampleA_part_1	MT649195.1	95.048	525	26	0	1	525	5366	5890	0.0	850
sampleA_part_1	MT649194.1	95.048	525	26	0	1	525	5365	5889	0.0	850
sampleA_part_1	MT649193.1	95.048	525	26	0	1	525	5365	5889	0.0	850
sampleA_part_1	MT649192.1	95.048	525	26	0	1	525	5365	5889	0.0	850
sampleA_part_1	MT649191.1	95.048	525	26	0	1	525	5365	5889	0.0	850
sampleA_part_1	MT649190.1	95.048	525	26	0	1	525	5365	5889	0.0	850
sampleA_part_1	MT649189.1	95.048	525	26	0	1	525	5365	5889	0.0	850
sampleA_part_1	MT649188.1	95.048	525	26	0	1	525	5365	5889	0.0	850
sampleA_part_1	MT649187.1	95.048	525	26	0	1	525	5365	5889	0.0	850
sampleA_part_1	MT649186.1	95.048	525	26	0	1	525	5365	5889	0.0	850
sampleA_part_1	MT649185.1	95.048	525	26	0	1	525	5366	5890	0.0	850
sampleA_part_1	AP006472.1	95.048	525	26	0	1	525	5365	5889	0.0	850
sampleA_part_1	NC_005268.1	95.048	525	26	0	1	525	5367	5891	0.0	850
sampleA_part_1	MN159083.1	94.857	525	27	0	1	525	5365	5889	0.0	845
sampleA_part_1	MN159080.1	94.857	525	27	0	1	525	5365	5889	0.0	845
sampleA_part_1	MZ618243.1	94.857	525	27	0	1	525	5785	6309	0.0	845
sampleA_part_1	OR530713.1	96.855	477	15	0	49	525	1	477	0.0	822
sampleA_part_1	MW446729.1	96.667	480	16	0	46	525	1	480	0.0	822
sampleA_part_1	MW446728.1	96.667	480	16	0	46	525	1	480	0.0	822
sampleA_part_1	EU139270.1	94.759	477	25	0	49	525	1	477	0.0	767
sampleA_part_1	EU139268.1	94.759	477	25	0	49	525	1	477	0.0	767
sampleA_part_1	JF442780.1	94.737	475	25	0	51	525	1	475	0.0	763
sampleA_part_1	MF409245.1	90.286	525	51	0	1	525	5371	5895	0.0	712
sampleA_part_1	NC_005270.1	90.286	525	51	0	1	525	5371	5895	0.0	712
sampleA_part_1	MF409244.1	90.095	525	52	0	1	525	5372	5896	0.0	706
sampleA_part_1	AP006471.1	90.095	525	52	0	1	525	5372	5896	0.0	706
sampleA_part_1	PP475430.1	89.905	525	53	0	1	525	5374	5898	0.0	701
sampleA_part_1	GQ353284.1	89.905	525	53	0	1	525	1	525	0.0	701
sampleA_part_1	FJ590425.1	89.905	525	53	0	1	525	2599	3123	0.0	701
sampleA_part_1	NC_006927.1	89.905	525	53	0	1	525	5375	5899	0.0	701
sampleA_part_1	NC_005269.1	89.905	525	53	0	1	525	5360	5884	0.0	701
sampleA_part_1	AP006475.1	89.714	525	54	0	1	525	5360	5884	0.0	695
sampleA_part_1	NC_006928.1	89.714	525	54	0	1	525	5367	5891	0.0	695
sampleA_part_1	ON675411.1	89.544	526	53	2	1	525	5780	6304	0.0	689
sampleA_part_1	ON675384.1	89.544	526	53	2	1	525	5780	6304	0.0	689
sampleA_part_1	ON675327.1	89.544	526	53	2	1	525	5780	6304	0.0	689
sampleA_part_1	ON675295.1	89.544	526	53	2	1	525	5780	6304	0.0	689
sampleA_part_1	ON675294.1	89.544	526	53	2	1	525	5780	6304	0.0	689
sampleA_part_1	GQ353286.1	89.524	525	55	0	1	525	1	525	0.0	689
sampleA_part_1	GQ353285.1	89.524	525	55	0	1	525	1	525	0.0	689
sampleA_part_1	NC_007938.1	89.524	525	55	0	1	525	5366	5890	0.0	689
sampleA_part_1	EU496281.1	90.020	511	51	0	15	525	1	511	0.0	686
sampleA_part_1	MF409246.1	89.333	525	56	0	1	525	5369	5893	0.0	684
sampleA_part_1	MF409242.1	89.354	526	54	2	1	525	5359	5883	0.0	684
sampleA_part_1	ON257910.1	89.354	526	54	2	1	525	5358	5882	0.0	684
sampleA_part_1	ON257909.1	89.354	526	54	2	1	525	5358	5882	0.0	684
sampleA_part_1	ON257908.1	89.354	526	54	2	1	525	5358	5882	0.0	684
sampleA_part_1	ON257907.1	89.354	526	54	2	1	525	5358	5882	0.0	684
sampleA_part_1	ON257906.1	89.354	526	54	2	1	525	5358	5882	0.0	684
sampleA_part_1	ON257905.1	89.354	526	54	2	1	525	5358	5882	0.0	684
sampleA_part_1	ON257904.1	89.354	526	54	2	1	525	5358	5882	0.0	684
sampleA_part_1	ON257903.1	89.354	526	54	2	1	525	5358	5882	0.0	684
sampleA_part_1	ON257902.1	89.354	526	54	2	1	525	5358	5882	0.0	684
sampleA_part_1	ON257901.1	89.354	526	54	2	1	525	5358	5882	0.0	684
sampleA_part_1	ON257900.1	89.354	526	54	2	1	525	5358	5882	0.0	684
sampleA_part_1	ON257899.1	89.354	526	54	2	1	525	5358	5882	0.0	684
sampleA_part_1	ON257898.1	89.354	526	54	2	1	525	5358	5882	0.0	684
sampleA_part_1	ON257897.1	89.354	526	54	2	1	525	5358	5882	0.0	684
sampleA_part_1	ON257896.1	89.354	526	54	2	1	525	5358	5882	0.0	684
sampleA_part_1	ON257895.1	89.354	526	54	2	1	525	5358	5882	0.0	684
sampleA_part_1	ON257894.1	89.354	526	54	2	1	525	5358	5882	0.0	684
sampleA_part_1	ON257893.1	89.354	526	54	2	1	525	5358	5882	0.0	684
sampleA_part_1	ON257892.1	89.354	526	54	2	1	525	5358	5882	0.0	684
sampleA_part_1	ON257891.1	89.354	526	54	2	1	525	5358	5882	0.0	684
sampleA_part_1	ON257890.1	89.354	526	54	2	1	525	5358	5882	0.0	684
sampleA_part_1	ON257889.1	89.354	526	54	2	1	525	5358	5882	0.0	684
sampleA_part_1	ON257888.1	89.354	526	54	2	1	525	5358	5882	0.0	684
sampleA_part_1	ON257887.1	89.354	526	54	2	1	525	5358	5882	0.0	684
sampleA_part_1	ON257886.1	89.354	526	54	2	1	525	5358	5882	0.0	684
sampleA_part_1	ON257885.1	89.354	526	54	2	1	525	5358	5882	0.0	684
sampleA_part_1	ON257884.1	89.354	526	54	2	1	525	5358	5882	0.0	684
sampleA_part_1	ON675434.1	89.354	526	54	2	1	525	5780	6304	0.0	684
sampleA_part_1	ON675432.1	89.354	526	54	2	1	525	5780	6304	0.0	684
sampleA_part_1	ON675431.1	89.354	526	54	2	1	525	5780	6304	0.0	684
sampleA_part_1	ON675428.1	89.354	526	54	2	1	525	5780	6304	0.0	684
sampleA_part_1	ON675425.1	89.354	526	54	2	1	525	5780	6304	0.0	684
sampleA_part_1	ON675424.1	89.354	526	54	2	1	525	5780	6304	0.0	684
sampleA_part_1	ON675422.1	89.354	526	54	2	1	525	5780	6304	0.0	684
sampleA_part_1	ON675414.1	89.354	526	54	2	1	525	5780	6304	0.0	684
sampleA_part_1	ON675412.1	89.354	526	54	2	1	525	5780	6304	0.0	684
sampleA_part_1	ON675410.1	89.354	526	54	2	1	525	5780	6304	0.0	684
sampleA_part_1	ON675409.1	89.354	526	54	2	1	525	5780	6304	0.0	684
sampleA_part_1	ON675407.1	89.354	526	54	2	1	525	5780	6304	0.0	684
sampleA_part_1	ON675406.1	89.354	526	54	2	1	525	5780	6304	0.0	684
sampleA_part_1	ON675397.1	89.354	526	54	2	1	525	5780	6304	0.0	684
sampleA_part_1	ON675396.1	89.354	526	54	2	1	525	5780	6304	0.0	684
sampleA_part_1	ON675395.1	89.354	526	54	2	1	525	5780	6304	0.0	684
sampleA_part_1	ON675394.1	89.354	526	54	2	1	525	5780	6304	0.0	684
sampleA_part_1	ON675391.1	89.354	526	54	2	1	525	5780	6304	0.0	684
sampleA_part_1	ON675388.1	89.354	526	54	2	1	525	5780	6304	0.0	684
sampleA_part_1	ON675387.1	89.354	526	54	2	1	525	5780	6304	0.0	684
sampleA_part_1	ON675383.1	89.354	526	54	2	1	525	5780	6304	0.0	684
sampleA_part_1	ON675382.1	89.354	526	54	2	1	525	5780	6304	0.0	684
sampleA_part_1	ON675381.1	89.354	526	54	2	1	525	5780	6304	0.0	684
sampleA_part_1	ON675378.1	89.354	526	54	2	1	525	5780	6304	0.0	684
sampleA_part_1	ON675376.1	89.354	526	54	2	1	525	5780	6304	0.0	684
sampleA_part_1	ON675375.1	89.354	526	54	2	1	525	5780	6304	0.0	684
sampleA_part_1	ON675374.1	89.354	526	54	2	1	525	5780	6304	0.0	684
sampleA_part_1	ON675372.1	89.354	526	54	2	1	525	5780	6304	0.0	684
sampleA_part_1	ON675371.1	89.354	526	54	2	1	525	5780	6304	0.0	684
sampleA_part_1	ON675370.1	89.354	526	54	2	1	525	5780	6304	0.0	684
sampleA_part_1	ON675368.1	89.354	526	54	2	1	525	5780	6304	0.0	684
sampleA_part_1	ON675367.1	89.354	526	54	2	1	525	5780	6304	0.0	684
sampleA_part_1	ON675365.1	89.354	526	54	2	1	525	5780	6304	0.0	684
sampleA_part_1	ON675364.1	89.354	526	54	2	1	525	5780	6304	0.0	684
sampleA_part_1	ON675363.1	89.354	526	54	2	1	525	5780	6304	0.0	684
sampleA_part_1	ON675361.1	89.354	526	54	2	1	525	5780	6304	0.0	684
sampleA_part_1	ON675360.1	89.354	526	54	2	1	525	5780	6304	0.0	684
sampleA_part_1	ON675358.1	89.354	526	54	2	1	525	5780	6304	0.0	684
sampleA_part_1	ON675356.1	89.354	526	54	2	1	525	5780	6304	0.0	684
sampleA_part_1	ON675355.1	89.354	526	54	2	1	525	5780	6304	0.0	684
sampleA_part_1	ON675354.1	89.354	526	54	2	1	525	5780	6304	0.0	684
sampleA_part_1	ON675353.1	89.354	526	54	2	1	525	5780	6304	0.0	684
sampleA_part_1	ON675352.1	89.354	526	54	2	1	525	5780	6304	0.0	684
sampleA_part_1	ON675351.1	89.354	526	54	2	1	525	5780	6304	0.0	684
sampleA_part_1	ON675348.1	89.354	526	54	2	1	525	5780	6304	0.0	684
sampleA_part_1	ON675346.1	89.354	526	54	2	1	525	5780	6304	0.0	684
sampleA_part_1	ON675344.1	89.354	526	54	2	1	525	5780	6304	0.0	684
sampleA_part_1	ON675342.1	89.354	526	54	2	1	525	5780	6304	0.0	684
sampleA_part_1	ON675341.1	89.354	526	54	2	1	525	5780	6304	0.0	684
sampleA_part_1	ON675340.1	89.354	526	54	2	1	525	5780	6304	0.0	684
sampleA_part_1	ON675339.1	89.354	526	54	2	1	525	5780	6304	0.0	684
sampleA_part_1	ON675337.1	89.354	526	54	2	1	525	5780	6304	0.0	684
sampleA_part_1	ON675335.1	89.354	526	54	2	1	525	5780	6304	0.0	684
sampleA_part_1	ON675334.1	89.354	526	54	2	1	525	5780	6304	0.0	684
sampleA_part_1	ON675333.1	89.354	526	54	2	1	525	5780	6304	0.0	684
sampleA_part_1	ON675332.1	89.354	526	54	2	1	525	5780	6304	0.0	684
sampleA_part_1	ON675331.1	89.354	526	54	2	1	525	5780	6304	0.0	684
sampleA_part_1	ON675330.1	89.354	526	54	2	1	525	5781	6305	0.0	684
sampleA_part_1	ON675329.1	89.354	526	54	2	1	525	5780	6304	0.0	684
sampleA_part_1	ON675324.1	89.354	526	54	2	1	525	5780	6304	0.0	684
sampleA_part_1	ON675323.1	89.354	526	54	2	1	525	5780	6304	0.0	684
sampleA_part_1	ON675319.1	89.354	526	54	2	1	525	5780	6304	0.0	684
sampleA_part_1	ON675318.1	89.354	526	54	2	1	525	5780	6304	0.0	684
sampleA_part_1	ON675316.1	89.354	526	54	2	1	525	5779	6303	0.0	684
sampleA_part_1	ON675314.1	89.354	526	54	2	1	525	5780	6304	0.0	684
sampleA_part_1	ON675313.1	89.354	526	54	2	1	525	5780	6304	0.0	684
sampleA_part_1	ON675312.1	89.354	526	54	2	1	525	5780	6304	0.0	684
sampleA_part_1	ON675311.1	89.354	526	54	2	1	525	5780	6304	0.0	684
sampleA_part_1	ON675308.1	89.354	526	54	2	1	525	5780	6304	0.0	684
sampleA_part_1	ON675307.1	89.354	526	54	2	1	525	5780	6304	0.0	684
sampleA_part_1	ON675306.1	89.354	526	54	2	1	525	5780	6304	0.0	684
sampleA_part_1	ON675305.1	89.354	526	54	2	1	525	5780	6304	0.0	684
sampleA_part_1	ON675304.1	89.354	526	54	2	1	525	5780	6304	0.0	684
sampleA_part_1	ON675302.1	89.354	526	54	2	1	525	5780	6304	0.0	684
sampleA_part_1	ON675301.1	89.354	526	54	2	1	525	5780	6304	0.0	684
sampleA_part_1	ON675300.1	89.354	526	54	2	1	525	5780	6304	0.0	684
sampleA_part_1	ON675299.1	89.354	526	54	2	1	525	5780	6304	0.0	684
sampleA_part_1	ON675298.1	89.354	526	54	2	1	525	5780	6304	0.0	684
sampleA_part_1	ON675297.1	89.354	526	54	2	1	525	5780	6304	0.0	684
sampleA_part_1	ON675296.1	89.354	526	54	2	1	525	5780	6304	0.0	684
sampleA_part_1	ON675293.1	89.354	526	54	2	1	525	5780	6304	0.0	684
sampleA_part_1	ON675292.1	89.354	526	54	2	1	525	5780	6304	0.0	684
sampleA_part_1	ON675291.1	89.354	526	54	2	1	525	5779	6303	0.0	684
sampleA_part_1	ON675289.1	89.354	526	54	2	1	525	5780	6304	0.0	684
sampleA_part_1	ON675288.1	89.354	526	54	2	1	525	5780	6304	0.0	684
sampleA_part_1	ON675287.1	89.354	526	54	2	1	525	5780	6304	0.0	684
sampleA_part_1	ON675285.1	89.354	526	54	2	1	525	5780	6304	0.0	684
sampleA_part_1	ON675284.1	89.354	526	54	2	1	525	5780	6304	0.0	684
sampleA_part_1	ON675283.1	89.354	526	54	2	1	525	5780	6304	0.0	684
sampleA_part_1	ON675282.1	89.354	526	54	2	1	525	5781	6305	0.0	684
sampleA_part_1	MT874478.1	89.333	525	56	0	1	525	5150	5674	0.0	684
sampleA_part_1	AB201259.1	89.333	525	56	0	1	525	5368	5892	0.0	684
sampleA_part_1	NC_001601.1	89.354	526	54	2	1	525	5779	6303	0.0	684
sampleA_part_1	PQ997938.1	89.143	525	57	0	1	525	5367	5891	0.0	678
sampleA_part_1	ON675405.1	89.163	526	55	2	1	525	5780	6304	0.0	678
sampleA_part_1	ON675389.1	89.163	526	55	2	1	525	5780	6304	0.0	678
sampleA_part_1	ON675350.1	89.163	526	55	2	1	525	5780	6304	0.0	678
sampleA_part_1	ON675349.1	89.163	526	55	2	1	525	5780	6304	0.0	678
sampleA_part_1	ON675328.1	89.163	526	55	2	1	525	5780	6304	0.0	678
sampleA_part_1	ON675303.1	89.163	526	55	2	1	525	5780	6304	0.0	678
sampleA_part_1	MW984425.1	89.122	524	57	0	1	524	1	524	0.0	676
sampleA_part_1	KM233839.1	89.122	524	57	0	1	524	10	533	0.0	676
sampleA_part_1	MK676070.1	89.122	524	57	0	1	524	1	524	0.0	676
sampleA_part_1	NC_007937.1	89.122	524	57	0	1	524	5362	5885	0.0	676
sampleA_part_1	OZ239556.1	88.952	525	58	0	1	525	5368	5892	0.0	673
sampleA_part_1	MF409249.1	88.952	525	58	0	1	525	5369	5893	0.0	673
sampleA_part_1	MF409248.1	88.952	525	58	0	1	525	5369	5893	0.0	673
sampleA_part_1	OX465372.1	88.931	524	58	0	1	524	5371	5894	0.0	671
sampleA_part_1	AB201257.1	88.931	524	58	0	1	524	5362	5885	0.0	671
sampleA_part_1	MW984423.1	88.762	525	59	0	1	525	1	525	0.0	667
sampleA_part_1	NC_006929.1	88.762	525	59	0	1	525	5368	5892	0.0	667
sampleA_part_1	NC_006926.1	88.762	525	59	0	1	525	5370	5894	0.0	667
sampleA_part_1	NC_005271.1	88.740	524	59	0	1	524	5372	5895	0.0	665
sampleA_part_1	EU496287.1	89.041	511	56	0	15	525	1	511	0.0	658
sampleA_part_1	EU496283.1	88.889	513	57	0	13	525	1	513	0.0	656
sampleA_part_1	KF281608.1	88.738	515	58	0	10	524	1	515	0.0	654
sampleA_part_1	MT410935.1	88.359	524	61	0	1	524	5385	5908	0.0	654
sampleA_part_1	AP006468.1	88.359	524	61	0	1	524	5371	5894	0.0	654
sampleA_part_1	OZ239533.1	88.190	525	62	0	1	525	5364	5888	0.0	651
sampleA_part_1	OZ205431.1	88.381	525	56	4	1	524	1191713	1192233	0.0	651
sampleA_part_1	OZ205431.1	83.774	530	80	4	1	525	61515446	61515974	1.13e-142	521
sampleA_part_1	KC572827.1	88.190	525	62	0	1	525	6293	6817	0.0	651
sampleA_part_1	KC572826.1	88.190	525	62	0	1	525	6293	6817	0.0	651
sampleA_part_1	KC572709.1	88.190	525	62	0	1	525	6293	6817	0.0	651
sampleA_part_1	MT410921.1	88.190	525	62	0	1	525	5364	5888	0.0	651
sampleA_part_1	NC_001321.1	88.190	525	62	0	1	525	5782	6306	0.0	651
sampleA_part_1	EU496284.1	88.650	511	58	0	15	525	1	511	1.79e-180	647
sampleA_part_1	MW984418.1	89.022	501	55	0	25	525	1	501	6.45e-180	645
sampleA_part_1	KC572860.1	88.000	525	63	0	1	525	6293	6817	6.45e-180	645
sampleA_part_1	KC572859.1	88.000	525	63	0	1	525	6293	6817	6.45e-180	645
sampleA_part_1	KC572856.1	88.000	525	63	0	1	525	6293	6817	6.45e-180	645
sampleA_part_1	KC572854.1	88.000	525	63	0	1	525	6293	6817	6.45e-180	645
sampleA_part_1	KC572853.1	88.000	525	63	0	1	525	6293	6817	6.45e-180	645
sampleA_part_1	KC572852.1	88.000	525	63	0	1	525	6293	6817	6.45e-180	645
sampleA_part_1	KC572851.1	88.000	525	63	0	1	525	6293	6817	6.45e-180	645
sampleA_part_1	KC572850.1	88.000	525	63	0	1	525	6293	6817	6.45e-180	645
sampleA_part_1	KC572849.1	88.000	525	63	0	1	525	6293	6817	6.45e-180	645
sampleA_part_1	KC572848.1	88.000	525	63	0	1	525	6293	6817	6.45e-180	645
sampleA_part_1	KC572847.1	88.000	525	63	0	1	525	6293	6817	6.45e-180	645
sampleA_part_1	KC572846.1	88.000	525	63	0	1	525	6293	6817	6.45e-180	645
sampleA_part_1	KC572845.1	88.000	525	63	0	1	525	6293	6817	6.45e-180	645
sampleA_part_1	KC572844.1	88.000	525	63	0	1	525	6293	6817	6.45e-180	645
sampleA_part_1	KC572842.1	88.000	525	63	0	1	525	6293	6817	6.45e-180	645
sampleA_part_1	KC572841.1	88.000	525	63	0	1	525	6293	6817	6.45e-180	645
sampleA_part_1	KC572840.1	88.000	525	63	0	1	525	6293	6817	6.45e-180	645
sampleA_part_1	KC572839.1	88.000	525	63	0	1	525	6293	6817	6.45e-180	645
sampleA_part_1	KC572838.1	88.000	525	63	0	1	525	6293	6817	6.45e-180	645
sampleA_part_1	KC572837.1	88.000	525	63	0	1	525	6293	6817	6.45e-180	645
sampleA_part_1	KC572836.1	88.000	525	63	0	1	525	6293	6817	6.45e-180	645
sampleA_part_1	KC572834.1	88.000	525	63	0	1	525	6293	6817	6.45e-180	645
sampleA_part_1	KC572833.1	88.000	525	63	0	1	525	6292	6816	6.45e-180	645
sampleA_part_1	KC572832.1	88.000	525	63	0	1	525	6293	6817	6.45e-180	645
sampleA_part_1	KC572831.1	88.000	525	63	0	1	525	6293	6817	6.45e-180	645
sampleA_part_1	KC572830.1	88.000	525	63	0	1	525	6293	6817	6.45e-180	645
sampleA_part_1	KC572829.1	88.000	525	63	0	1	525	6293	6817	6.45e-180	645
sampleA_part_1	KC572828.1	88.000	525	63	0	1	525	6293	6817	6.45e-180	645
sampleA_part_1	KC572825.1	88.000	525	63	0	1	525	6293	6817	6.45e-180	645
sampleA_part_1	KC572806.1	88.000	525	63	0	1	525	6293	6817	6.45e-180	645
sampleA_part_1	KC572805.1	88.000	525	63	0	1	525	6293	6817	6.45e-180	645
sampleA_part_1	KC572804.1	88.000	525	63	0	1	525	6293	6817	6.45e-180	645
sampleA_part_1	KC572803.1	88.000	525	63	0	1	525	6293	6817	6.45e-180	645
sampleA_part_1	KC572802.1	88.000	525	63	0	1	525	6293	6817	6.45e-180	645
sampleA_part_1	KC572801.1	88.000	525	63	0	1	525	6293	6817	6.45e-180	645
sampleA_part_1	KC572800.1	88.000	525	63	0	1	525	6293	6817	6.45e-180	645
sampleA_part_1	KC572799.1	88.000	525	63	0	1	525	6293	6817	6.45e-180	645
sampleA_part_1	KC572797.1	88.000	525	63	0	1	525	6293	6817	6.45e-180	645
sampleA_part_1	KC572796.1	88.000	525	63	0	1	525	6293	6817	6.45e-180	645
sampleA_part_1	KC572794.1	88.000	525	63	0	1	525	6293	6817	6.45e-180	645
sampleA_part_1	KC572782.1	88.000	525	63	0	1	525	6293	6817	6.45e-180	645
sampleA_part_1	KC572765.1	88.000	525	63	0	1	525	6292	6816	6.45e-180	645
sampleA_part_1	KC572745.1	88.000	525	63	0	1	525	6293	6817	6.45e-180	645
sampleA_part_1	KC572737.1	88.000	525	63	0	1	525	6293	6817	6.45e-180	645
sampleA_part_1	KC572714.1	88.000	525	63	0	1	525	6293	6817	6.45e-180	645
sampleA_part_1	KC572708.1	88.000	525	63	0	1	525	6293	6817	6.45e-180	645
sampleA_part_1	EU496285.1	88.627	510	58	0	15	524	1	510	6.45e-180	645
sampleA_part_1	KC572784.1	87.810	525	64	0	1	525	6293	6817	8.35e-179	641
sampleA_part_1	KC572777.1	87.810	525	64	0	1	525	6293	6817	8.35e-179	641
sampleA_part_1	KC572752.1	87.810	525	64	0	1	525	6293	6817	8.35e-179	641
sampleA_part_1	KC572843.1	87.810	525	64	0	1	525	6293	6817	3.00e-178	640
sampleA_part_1	KC572835.1	87.810	525	64	0	1	525	6292	6816	3.00e-178	640
sampleA_part_1	KC572824.1	87.810	525	64	0	1	525	6293	6817	3.00e-178	640
sampleA_part_1	KC572823.1	87.810	525	64	0	1	525	6293	6817	3.00e-178	640
sampleA_part_1	KC572821.1	87.810	525	64	0	1	525	6293	6817	3.00e-178	640
sampleA_part_1	KC572819.1	87.810	525	64	0	1	525	6293	6817	3.00e-178	640
sampleA_part_1	KC572818.1	87.810	525	64	0	1	525	6293	6817	3.00e-178	640
sampleA_part_1	KC572817.1	87.810	525	64	0	1	525	6293	6817	3.00e-178	640
sampleA_part_1	KC572815.1	87.810	525	64	0	1	525	6293	6817	3.00e-178	640
sampleA_part_1	KC572813.1	87.810	525	64	0	1	525	6293	6817	3.00e-178	640
sampleA_part_1	KC572812.1	87.810	525	64	0	1	525	6293	6817	3.00e-178	640
sampleA_part_1	KC572810.1	87.810	525	64	0	1	525	6293	6817	3.00e-178	640
sampleA_part_1	KC572808.1	87.810	525	64	0	1	525	6293	6817	3.00e-178	640
sampleA_part_1	KC572807.1	87.810	525	64	0	1	525	6293	6817	3.00e-178	640
sampleA_part_1	KC572795.1	87.810	525	64	0	1	525	6293	6817	3.00e-178	640
sampleA_part_1	KC572793.1	87.810	525	64	0	1	525	6292	6816	3.00e-178	640
sampleA_part_1	KC572792.1	87.810	525	64	0	1	525	6293	6817	3.00e-178	640
sampleA_part_1	KC572791.1	87.810	525	64	0	1	525	6293	6817	3.00e-178	640
sampleA_part_1	KC572790.1	87.810	525	64	0	1	525	6293	6817	3.00e-178	640
sampleA_part_1	KC572789.1	87.810	525	64	0	1	525	6293	6817	3.00e-178	640
sampleA_part_1	KC572787.1	87.810	525	64	0	1	525	6293	6817	3.00e-178	640
sampleA_part_1	KC572786.1	87.810	525	64	0	1	525	6293	6817	3.00e-178	640
sampleA_part_1	KC572785.1	87.810	525	64	0	1	525	6294	6818	3.00e-178	640
sampleA_part_1	KC572783.1	87.810	525	64	0	1	525	6293	6817	3.00e-178	640
sampleA_part_1	KC572781.1	87.810	525	64	0	1	525	6293	6817	3.00e-178	640
sampleA_part_1	KC572779.1	87.810	525	64	0	1	525	6293	6817	3.00e-178	640
sampleA_part_1	KC572775.1	87.810	525	64	0	1	525	6293	6817	3.00e-178	640
sampleA_part_1	KC572774.1	87.810	525	64	0	1	525	6293	6817	3.00e-178	640
sampleA_part_1	KC572773.1	87.810	525	64	0	1	525	6293	6817	3.00e-178	640
sampleA_part_1	KC572769.1	87.810	525	64	0	1	525	6293	6817	3.00e-178	640
sampleA_part_1	KC572768.1	87.810	525	64	0	1	525	6293	6817	3.00e-178	640
sampleA_part_1	KC572766.1	87.810	525	64	0	1	525	6293	6817	3.00e-178	640
sampleA_part_1	KC572763.1	87.810	525	64	0	1	525	6293	6817	3.00e-178	640
sampleA_part_1	KC572761.1	87.810	525	64	0	1	525	6292	6816	3.00e-178	640
sampleA_part_1	KC572760.1	87.810	525	64	0	1	525	6293	6817	3.00e-178	640
sampleA_part_1	KC572759.1	87.810	525	64	0	1	525	6294	6818	3.00e-178	640
sampleA_part_1	KC572757.1	87.810	525	64	0	1	525	6293	6817	3.00e-178	640
sampleA_part_1	KC572756.1	87.810	525	64	0	1	525	6293	6817	3.00e-178	640
sampleA_part_1	KC572755.1	87.810	525	64	0	1	525	6293	6817	3.00e-178	640
sampleA_part_1	KC572754.1	87.810	525	64	0	1	525	6293	6817	3.00e-178	640
sampleA_part_1	KC572751.1	87.810	525	64	0	1	525	6293	6817	3.00e-178	640
sampleA_part_1	KC572750.1	87.810	525	64	0	1	525	6293	6817	3.00e-178	640
sampleA_part_1	KC572749.1	87.810	525	64	0	1	525	6293	6817	3.00e-178	640
sampleA_part_1	KC572748.1	87.810	525	64	0	1	525	6295	6819	3.00e-178	640
sampleA_part_1	KC572747.1	87.810	525	64	0	1	525	6293	6817	3.00e-178	640
sampleA_part_1	KC572746.1	87.810	525	64	0	1	525	6293	6817	3.00e-178	640
sampleA_part_1	KC572744.1	87.810	525	64	0	1	525	6293	6817	3.00e-178	640
sampleA_part_1	KC572743.1	87.810	525	64	0	1	525	6293	6817	3.00e-178	640
sampleA_part_1	KC572741.1	87.810	525	64	0	1	525	6293	6817	3.00e-178	640
sampleA_part_1	KC572740.1	87.810	525	64	0	1	525	6293	6817	3.00e-178	640
sampleA_part_1	KC572739.1	87.810	525	64	0	1	525	6293	6817	3.00e-178	640
sampleA_part_1	KC572738.1	87.810	525	64	0	1	525	6293	6817	3.00e-178	640
sampleA_part_1	KC572734.1	87.810	525	64	0	1	525	6293	6817	3.00e-178	640
sampleA_part_1	KC572733.1	87.810	525	64	0	1	525	6293	6817	3.00e-178	640
sampleA_part_1	KC572732.1	87.619	525	65	0	1	525	6293	6817	3.00e-178	640
sampleA_part_1	KC572731.1	87.810	525	64	0	1	525	6293	6817	3.00e-178	640
sampleA_part_1	KC572730.1	87.810	525	64	0	1	525	6293	6817	3.00e-178	640
sampleA_part_1	KC572729.1	87.810	525	64	0	1	525	6293	6817	3.00e-178	640
sampleA_part_1	KC572728.1	87.810	525	64	0	1	525	6293	6817	3.00e-178	640
sampleA_part_1	KC572727.1	87.810	525	64	0	1	525	6293	6817	3.00e-178	640
sampleA_part_1	KC572726.1	87.810	525	64	0	1	525	6293	6817	3.00e-178	640
sampleA_part_1	KC572724.1	87.810	525	64	0	1	525	6293	6817	3.00e-178	640
sampleA_part_1	KC572722.1	87.810	525	64	0	1	525	6293	6817	3.00e-178	640
sampleA_part_1	KC572721.1	87.810	525	64	0	1	525	6293	6817	3.00e-178	640
sampleA_part_1	KC572720.1	87.810	525	64	0	1	525	6293	6817	3.00e-178	640
sampleA_part_1	KC572718.1	87.810	525	64	0	1	525	6293	6817	3.00e-178	640
sampleA_part_1	KC572716.1	87.810	525	64	0	1	525	6293	6817	3.00e-178	640
sampleA_part_1	KC572715.1	87.810	525	64	0	1	525	6293	6817	3.00e-178	640
sampleA_part_1	KC572712.1	87.810	525	64	0	1	525	6295	6819	3.00e-178	640
sampleA_part_1	KC572711.1	87.810	525	64	0	1	525	6292	6816	3.00e-178	640
sampleA_part_1	KC572710.1	87.810	525	64	0	1	525	6293	6817	3.00e-178	640
sampleA_part_1	OZ073229.1	87.833	526	58	5	1	524	1239272	1239793	3.88e-177	636
sampleA_part_1	OZ073229.1	84.411	526	80	2	1	525	60645286	60645810	3.13e-148	540
sampleA_part_1	OZ071514.1	87.833	526	58	5	1	524	802866	803387	3.88e-177	636
sampleA_part_1	OZ071514.1	84.411	526	80	2	1	525	59947873	59948397	3.13e-148	540
sampleA_part_1	KC572788.1	87.429	525	66	0	1	525	6293	6817	3.88e-177	636
sampleA_part_1	KY001615.1	89.162	489	53	0	37	525	1	489	1.40e-176	634
sampleA_part_1	PQ432991.1	89.024	492	54	0	34	525	1	492	1.40e-176	634
sampleA_part_1	MF409243.1	87.619	525	65	0	1	525	5364	5888	1.40e-176	634
sampleA_part_1	MW446724.1	89.024	492	54	0	34	525	1	492	1.40e-176	634
sampleA_part_1	MW446723.1	89.024	492	54	0	34	525	1	492	1.40e-176	634
sampleA_part_1	MW446722.1	89.024	492	54	0	34	525	1	492	1.40e-176	634
sampleA_part_1	KC572855.1	87.619	525	65	0	1	525	6293	6817	1.40e-176	634
sampleA_part_1	KC572822.1	87.619	525	65	0	1	525	6293	6817	1.40e-176	634
sampleA_part_1	KC572816.1	87.619	525	65	0	1	525	6293	6817	1.40e-176	634
sampleA_part_1	KC572811.1	87.619	525	65	0	1	525	6293	6817	1.40e-176	634
sampleA_part_1	KC572809.1	87.619	525	65	0	1	525	6293	6817	1.40e-176	634
sampleA_part_1	KC572778.1	87.619	525	65	0	1	525	6293	6817	1.40e-176	634
sampleA_part_1	KC572776.1	87.619	525	65	0	1	525	6293	6817	1.40e-176	634
sampleA_part_1	KC572764.1	87.619	525	65	0	1	525	6293	6817	1.40e-176	634
sampleA_part_1	KC572762.1	87.619	525	65	0	1	525	6293	6817	1.40e-176	634
sampleA_part_1	KC572758.1	87.619	525	65	0	1	525	6293	6817	1.40e-176	634
sampleA_part_1	KC572753.1	87.619	525	65	0	1	525	6293	6817	1.40e-176	634
sampleA_part_1	KC572742.1	87.619	525	65	0	1	525	6293	6817	1.40e-176	634
sampleA_part_1	KC572736.1	87.619	525	65	0	1	525	6293	6817	1.40e-176	634
sampleA_part_1	KC572735.1	87.619	525	65	0	1	525	6293	6817	1.40e-176	634
sampleA_part_1	KC572719.1	87.619	525	65	0	1	525	6293	6817	1.40e-176	634
sampleA_part_1	KC572717.1	87.619	525	65	0	1	525	6293	6817	1.40e-176	634
sampleA_part_1	KC572713.1	87.619	525	65	0	1	525	6293	6817	1.40e-176	634
sampleA_part_1	KY001616.1	88.957	489	54	0	37	525	1	489	6.50e-175	628
sampleA_part_1	MW446656.1	88.294	504	59	0	22	525	1	504	6.50e-175	628
sampleA_part_1	KC572771.1	87.429	525	66	0	1	525	6293	6817	6.50e-175	628
sampleA_part_1	EU139279.1	89.518	477	50	0	49	525	1	477	6.50e-175	628
sampleA_part_1	PV453157.1	88.821	492	53	2	35	525	1	491	2.34e-174	627
sampleA_part_1	MH047023.1	89.641	473	49	0	53	525	3	475	2.34e-174	627
sampleA_part_1	MH047022.1	89.641	473	49	0	53	525	3	475	2.34e-174	627
sampleA_part_1	MH047021.1	89.641	473	49	0	53	525	3	475	2.34e-174	627
sampleA_part_1	MH047020.1	89.641	473	49	0	53	525	3	475	2.34e-174	627
sampleA_part_1	MH047019.1	89.641	473	49	0	53	525	3	475	2.34e-174	627
sampleA_part_1	MH047018.1	89.641	473	49	0	53	525	3	475	2.34e-174	627
sampleA_part_1	MH047017.1	89.641	473	49	0	53	525	3	475	2.34e-174	627
sampleA_part_1	MH047016.1	89.641	473	49	0	53	525	3	475	2.34e-174	627
sampleA_part_1	MH047015.1	89.641	473	49	0	53	525	3	475	2.34e-174	627
sampleA_part_1	MH047014.1	89.641	473	49	0	53	525	3	475	2.34e-174	627
sampleA_part_1	MH047013.1	89.641	473	49	0	53	525	3	475	2.34e-174	627
sampleA_part_1	MH047012.1	89.641	473	49	0	53	525	3	475	2.34e-174	627
sampleA_part_1	MH047011.1	89.641	473	49	0	53	525	3	475	2.34e-174	627
sampleA_part_1	MH047010.1	89.641	473	49	0	53	525	3	475	2.34e-174	627
sampleA_part_1	MH047009.1	89.641	473	49	0	53	525	3	475	2.34e-174	627
sampleA_part_1	MH047008.1	89.641	473	49	0	53	525	3	475	2.34e-174	627
sampleA_part_1	MH047007.1	89.641	473	49	0	53	525	3	475	2.34e-174	627
sampleA_part_1	MH047006.1	89.641	473	49	0	53	525	3	475	2.34e-174	627
sampleA_part_1	MH047005.1	89.641	473	49	0	53	525	3	475	2.34e-174	627
sampleA_part_1	MH047004.1	89.641	473	49	0	53	525	3	475	2.34e-174	627
sampleA_part_1	MH047003.1	89.641	473	49	0	53	525	3	475	2.34e-174	627
sampleA_part_1	MH047002.1	89.641	473	49	0	53	525	3	475	2.34e-174	627
sampleA_part_1	MH047001.1	89.641	473	49	0	53	525	3	475	2.34e-174	627
sampleA_part_1	MH047000.1	89.641	473	49	0	53	525	3	475	2.34e-174	627
sampleA_part_1	MH046999.1	89.641	473	49	0	53	525	3	475	2.34e-174	627
sampleA_part_1	MH046998.1	89.641	473	49	0	53	525	3	475	2.34e-174	627
sampleA_part_1	MH046997.1	89.641	473	49	0	53	525	3	475	2.34e-174	627
sampleA_part_1	MH046996.1	89.641	473	49	0	53	525	3	475	2.34e-174	627
sampleA_part_1	MH046995.1	89.641	473	49	0	53	525	3	475	2.34e-174	627
sampleA_part_1	MH046994.1	89.641	473	49	0	53	525	3	475	2.34e-174	627
sampleA_part_1	MH046993.1	89.641	473	49	0	53	525	3	475	2.34e-174	627
sampleA_part_1	MH046992.1	89.641	473	49	0	53	525	3	475	2.34e-174	627
sampleA_part_1	MH046991.1	89.641	473	49	0	53	525	3	475	2.34e-174	627
sampleA_part_1	MH046990.1	89.641	473	49	0	53	525	3	475	2.34e-174	627
sampleA_part_1	MH046989.1	89.641	473	49	0	53	525	3	475	2.34e-174	627
sampleA_part_1	MH046988.1	89.641	473	49	0	53	525	3	475	2.34e-174	627
sampleA_part_1	MH046987.1	89.641	473	49	0	53	525	3	475	2.34e-174	627
sampleA_part_1	MH046985.1	89.641	473	49	0	53	525	3	475	2.34e-174	627
sampleA_part_1	MH046984.1	89.641	473	49	0	53	525	3	475	2.34e-174	627
sampleA_part_1	MH046983.1	89.641	473	49	0	53	525	3	475	2.34e-174	627
sampleA_part_1	MH046982.1	89.641	473	49	0	53	525	3	475	2.34e-174	627
sampleA_part_1	MH046981.1	89.641	473	49	0	53	525	3	475	2.34e-174	627
sampleA_part_1	MH046980.1	89.641	473	49	0	53	525	3	475	2.34e-174	627
sampleA_part_1	MH046979.1	89.641	473	49	0	53	525	3	475	2.34e-174	627
sampleA_part_1	MH046978.1	89.641	473	49	0	53	525	3	475	2.34e-174	627
sampleA_part_1	MH046977.1	89.641	473	49	0	53	525	3	475	2.34e-174	627
sampleA_part_1	MH046976.1	89.641	473	49	0	53	525	3	475	2.34e-174	627
sampleA_part_1	MH046975.1	89.641	473	49	0	53	525	3	475	2.34e-174	627
sampleA_part_1	MH046974.1	89.641	473	49	0	53	525	3	475	2.34e-174	627
sampleA_part_1	MH046973.1	89.641	473	49	0	53	525	3	475	2.34e-174	627
sampleA_part_1	MH046972.1	89.641	473	49	0	53	525	3	475	2.34e-174	627
sampleA_part_1	MH046970.1	89.641	473	49	0	53	525	3	475	2.34e-174	627
sampleA_part_1	MH046968.1	89.641	473	49	0	53	525	3	475	2.34e-174	627
sampleA_part_1	MH046967.1	89.641	473	49	0	53	525	3	475	2.34e-174	627
sampleA_part_1	MH046965.1	89.641	473	49	0	53	525	3	475	2.34e-174	627
sampleA_part_1	MH046964.1	89.641	473	49	0	53	525	3	475	2.34e-174	627
sampleA_part_1	MH046963.1	89.641	473	49	0	53	525	3	475	2.34e-174	627
sampleA_part_1	MH046962.1	89.641	473	49	0	53	525	3	475	2.34e-174	627
sampleA_part_1	MH046961.1	89.641	473	49	0	53	525	3	475	2.34e-174	627
sampleA_part_2	OP205215.1	99.605	506	2	0	1	506	5886	6391	0.0	926
sampleA_part_2	OP205212.1	99.605	506	2	0	1	506	5886	6391	0.0	926
sampleA_part_2	OP205211.1	99.605	506	2	0	1	506	5886	6391	0.0	926
sampleA_part_2	OP205206.1	99.605	506	2	0	1	506	5886	6391	0.0	926
sampleA_part_2	OP205204.1	99.605	506	2	0	1	506	5886	6391	0.0	926
sampleA_part_2	OP205203.1	99.605	506	2	0	1	506	5886	6391	0.0	926
sampleA_part_2	OP205202.1	99.605	506	2	0	1	506	5886	6391	0.0	926
sampleA_part_2	OP205199.1	99.605	506	2	0	1	506	5886	6391	0.0	926
sampleA_part_2	OP205194.1	99.605	506	2	0	1	506	5886	6391	0.0	926
sampleA_part_2	OP205193.1	99.605	506	2	0	1	506	5886	6391	0.0	926
sampleA_part_2	NC_006931.1	99.605	506	2	0	1	506	5886	6391	0.0	926
sampleA_part_2	OP205207.1	99.407	506	3	0	1	506	5886	6391	0.0	920
sampleA_part_2	OP205201.1	99.407	506	3	0	1	506	5886	6391	0.0	920
sampleA_part_2	OP205200.1	99.407	506	3	0	1	506	5886	6391	0.0	920
sampleA_part_2	OP205192.1	99.407	506	3	0	1	506	5886	6391	0.0	920
sampleA_part_2	MF459656.1	99.209	506	4	0	1	506	5886	6391	0.0	915
sampleA_part_2	OP205218.1	99.209	506	4	0	1	506	5885	6390	0.0	915
sampleA_part_2	OP205217.1	99.209	506	4	0	1	506	5885	6390	0.0	915
sampleA_part_2	OP205213.1	99.209	506	4	0	1	506	5885	6390	0.0	915
sampleA_part_2	OP205210.1	99.209	506	4	0	1	506	5885	6390	0.0	915
sampleA_part_2	OP205205.1	99.209	506	4	0	1	506	5885	6390	0.0	915
sampleA_part_2	OP205198.1	99.209	506	4	0	1	506	5885	6390	0.0	915
sampleA_part_2	OP205197.1	99.209	506	4	0	1	506	5885	6390	0.0	915
sampleA_part_2	OP205196.1	99.209	506	4	0	1	506	5885	6390	0.0	915
sampleA_part_2	OP205195.1	99.209	506	4	0	1	506	5885	6390	0.0	915
sampleA_part_2	OP205191.1	99.209	506	4	0	1	506	5886	6391	0.0	915
sampleA_part_2	OP205190.1	99.209	506	4	0	1	506	5886	6391	0.0	915
sampleA_part_2	OP205189.1	99.209	506	4	0	1	506	5886	6391	0.0	915
sampleA_part_2	OP205187.1	99.209	506	4	0	1	506	5886	6391	0.0	915
sampleA_part_2	OP205185.1	99.209	506	4	0	1	506	5886	6391	0.0	915
sampleA_part_2	OP205184.1	99.209	506	4	0	1	506	5886	6391	0.0	915
sampleA_part_2	OP205183.1	99.209	506	4	0	1	506	5886	6391	0.0	915
sampleA_part_2	OP205174.1	99.209	506	4	0	1	506	5885	6390	0.0	915
sampleA_part_2	OP205169.1	99.209	506	4	0	1	506	5885	6390	0.0	915
sampleA_part_2	DQ095154.1	99.209	506	4	0	1	506	526	1031	0.0	915
sampleA_part_2	OP205188.1	99.012	506	5	0	1	506	5886	6391	0.0	909
sampleA_part_2	OP205186.1	99.012	506	5	0	1	506	5886	6391	0.0	909
sampleA_part_2	OP205181.1	99.012	506	5	0	1	506	5886	6391	0.0	909
sampleA_part_2	OP205178.1	99.012	506	5	0	1	506	5885	6390	0.0	909
sampleA_part_2	OP205177.1	99.012	506	5	0	1	506	5885	6390	0.0	909
sampleA_part_2	OP205172.1	99.012	506	5	0	1	506	5885	6390	0.0	909
sampleA_part_2	OP205168.1	99.012	506	5	0	1	506	5885	6390	0.0	909
sampleA_part_2	DQ095155.1	99.012	506	5	0	1	506	526	1031	0.0	909
sampleA_part_2	OP205175.1	98.814	506	6	0	1	506	5885	6390	0.0	904
sampleA_part_2	NC_037444.1	98.419	506	8	0	1	506	5885	6390	0.0	893
sampleA_part_2	OP205176.1	98.419	506	8	0	1	506	5885	6390	0.0	893
sampleA_part_2	OP205173.1	98.419	506	8	0	1	506	5885	6390	0.0	893
sampleA_part_2	OP205170.1	98.419	506	8	0	1	506	5885	6390	0.0	893
sampleA_part_2	OP205167.1	98.419	506	8	0	1	506	5885	6390	0.0	893
sampleA_part_2	OP205166.1	98.419	506	8	0	1	506	5885	6390	0.0	893
sampleA_part_2	DQ095156.1	98.419	506	8	0	1	506	526	1031	0.0	893
sampleA_part_2	NC_006930.1	98.419	506	8	0	1	506	5884	6389	0.0	893
sampleA_part_2	MN159080.1	96.838	506	16	0	1	506	5890	6395	0.0	848
sampleA_part_2	MN145938.1	96.838	506	16	0	1	506	5890	6395	0.0	848
sampleA_part_2	MZ618258.1	96.838	506	16	0	1	506	6311	6816	0.0	848
sampleA_part_2	MN124685.1	96.640	506	17	0	1	506	5890	6395	0.0	843
sampleA_part_2	MN159085.1	96.640	506	17	0	1	506	5891	6396	0.0	843
sampleA_part_2	MN159084.1	96.640	506	17	0	1	506	5890	6395	0.0	843
sampleA_part_2	MN159082.1	96.640	506	17	0	1	506	5890	6395	0.0	843
sampleA_part_2	MN159081.1	96.640	506	17	0	1	506	5890	6395	0.0	843
sampleA_part_2	MN145939.1	96.640	506	17	0	1	506	5890	6395	0.0	843
sampleA_part_2	MN145937.1	96.640	506	17	0	1	506	5890	6395	0.0	843
sampleA_part_2	MH198022.1	96.640	506	17	0	1	506	5883	6388	0.0	843
sampleA_part_2	KY026773.1	96.640	506	17	0	1	506	5890	6395	0.0	843
sampleA_part_2	KY026772.1	96.640	506	17	0	1	506	5890	6395	0.0	843
sampleA_part_2	KY026771.1	96.640	506	17	0	1	506	5891	6396	0.0	843
sampleA_part_2	KY026770.1	96.640	506	17	0	1	506	5891	6396	0.0	843
sampleA_part_2	KY026769.1	96.640	506	17	0	1	506	5891	6396	0.0	843
sampleA_part_2	KY026768.1	96.640	506	17	0	1	506	5891	6396	0.0	843
sampleA_part_2	KY026767.1	96.640	506	17	0	1	506	5891	6396	0.0	843
sampleA_part_2	KY026766.1	96.640	506	17	0	1	506	5891	6396	0.0	843
sampleA_part_2	MZ618260.1	96.640	506	17	0	1	506	6311	6816	0.0	843
sampleA_part_2	MZ618257.1	96.640	506	17	0	1	506	6310	6815	0.0	843
sampleA_part_2	MZ618256.1	96.640	506	17	0	1	506	6311	6816	0.0	843
sampleA_part_2	MZ618254.1	96.640	506	17	0	1	506	6310	6815	0.0	843
sampleA_part_2	MZ618253.1	96.640	506	17	0	1	506	6310	6815	0.0	843
sampleA_part_2	MZ618252.1	96.640	506	17	0	1	506	6310	6815	0.0	843
sampleA_part_2	MZ618251.1	96.640	506	17	0	1	506	6310	6815	0.0	843
sampleA_part_2	MZ618250.1	96.640	506	17	0	1	506	6310	6815	0.0	843
sampleA_part_2	MZ618248.1	96.640	506	17	0	1	506	6310	6815	0.0	843
sampleA_part_2	MZ618247.1	96.640	506	17	0	1	506	6310	6815	0.0	843
sampleA_part_2	MZ618246.1	96.640	506	17	0	1	506	6310	6815	0.0	843
sampleA_part_2	MZ618245.1	96.640	506	17	0	1	506	6310	6815	0.0	843
sampleA_part_2	MZ618244.1	96.640	506	17	0	1	506	6310	6815	0.0	843
sampleA_part_2	MZ618243.1	96.640	506	17	0	1	506	6310	6815	0.0	843
sampleA_part_2	MT649195.1	96.640	506	17	0	1	506	5891	6396	0.0	843
sampleA_part_2	MT649194.1	96.640	506	17	0	1	506	5890	6395	0.0	843
sampleA_part_2	MT649193.1	96.640	506	17	0	1	506	5890	6395	0.0	843
sampleA_part_2	MT649192.1	96.640	506	17	0	1	506	5890	6395	0.0	843
sampleA_part_2	MT649191.1	96.640	506	17	0	1	506	5890	6395	0.0	843
sampleA_part_2	MT649190.1	96.640	506	17	0	1	506	5890	6395	0.0	843
sampleA_part_2	MT649189.1	96.640	506	17	0	1	506	5890	6395	0.0	843
sampleA_part_2	MT649188.1	96.640	506	17	0	1	506	5890	6395	0.0	843
sampleA_part_2	MT649187.1	96.640	506	17	0	1	506	5890	6395	0.0	843
sampleA_part_2	MT649186.1	96.640	506	17	0	1	506	5890	6395	0.0	843
sampleA_part_2	AP006472.1	96.640	506	17	0	1	506	5890	6395	0.0	843
sampleA_part_2	NC_005268.1	96.640	506	17	0	1	506	5892	6397	0.0	843
sampleA_part_2	MN159083.1	96.443	506	18	0	1	506	5890	6395	0.0	837
sampleA_part_2	MZ618259.1	96.443	506	18	0	1	506	6311	6816	0.0	837
sampleA_part_2	MZ618255.1	96.443	506	18	0	1	506	6310	6815	0.0	837
sampleA_part_2	MT649196.1	96.443	506	18	0	1	506	5891	6396	0.0	837
sampleA_part_2	MT649185.1	96.443	506	18	0	1	506	5891	6396	0.0	837
sampleA_part_2	MZ618249.1	96.245	506	19	0	1	506	6310	6815	0.0	832
sampleA_part_2	MF409245.1	90.457	503	48	0	1	503	5896	6398	0.0	665
sampleA_part_2	MF409244.1	90.457	503	48	0	1	503	5897	6399	0.0	665
sampleA_part_2	AP006471.1	90.457	503	48	0	1	503	5897	6399	0.0	665
sampleA_part_2	NC_005271.1	90.457	503	48	0	1	503	5897	6399	0.0	665
sampleA_part_2	NC_005270.1	90.457	503	48	0	1	503	5896	6398	0.0	665
sampleA_part_2	OX465372.1	90.258	503	49	0	1	503	5896	6398	0.0	660
sampleA_part_2	MT874478.1	90.258	503	49	0	1	503	5675	6177	0.0	660
sampleA_part_2	MT410935.1	90.258	503	49	0	1	503	5910	6412	0.0	660
sampleA_part_2	AB201259.1	90.258	503	49	0	1	503	5893	6395	0.0	660
sampleA_part_2	NC_006928.1	90.258	503	49	0	1	503	5892	6394	0.0	660
sampleA_part_2	AP006468.1	90.258	503	49	0	1	503	5896	6398	0.0	660
sampleA_part_2	PQ997938.1	90.060	503	50	0	1	503	5892	6394	0.0	654
sampleA_part_2	MF409246.1	90.060	503	50	0	1	503	5894	6396	0.0	654
sampleA_part_2	PP475430.1	90.060	503	50	0	1	503	5899	6401	0.0	654
sampleA_part_2	KC572854.1	90.060	503	50	0	1	503	6818	7320	0.0	654
sampleA_part_2	KC572850.1	90.060	503	50	0	1	503	6818	7320	0.0	654
sampleA_part_2	KC572848.1	90.060	503	50	0	1	503	6818	7320	0.0	654
sampleA_part_2	KC572847.1	90.060	503	50	0	1	503	6818	7320	0.0	654
sampleA_part_2	KC572845.1	90.060	503	50	0	1	503	6818	7320	0.0	654
sampleA_part_2	KC572844.1	90.060	503	50	0	1	503	6818	7320	0.0	654
sampleA_part_2	KC572841.1	90.060	503	50	0	1	503	6818	7320	0.0	654
sampleA_part_2	KC572838.1	90.060	503	50	0	1	503	6818	7320	0.0	654
sampleA_part_2	KC572836.1	90.060	503	50	0	1	503	6818	7320	0.0	654
sampleA_part_2	KC572835.1	90.060	503	50	0	1	503	6817	7319	0.0	654
sampleA_part_2	KC572804.1	90.060	503	50	0	1	503	6818	7320	0.0	654
sampleA_part_2	KC572803.1	90.060	503	50	0	1	503	6818	7320	0.0	654
sampleA_part_2	KC572799.1	90.060	503	50	0	1	503	6818	7320	0.0	654
sampleA_part_2	KC572793.1	90.060	503	50	0	1	503	6817	7319	0.0	654
sampleA_part_2	GQ353286.1	90.060	503	50	0	1	503	526	1028	0.0	654
sampleA_part_2	GQ353285.1	90.060	503	50	0	1	503	526	1028	0.0	654
sampleA_part_2	GQ353284.1	90.060	503	50	0	1	503	526	1028	0.0	654
sampleA_part_2	FJ590425.1	90.060	503	50	0	1	503	3124	3626	0.0	654
sampleA_part_2	NC_007938.1	89.921	506	51	0	1	506	5891	6396	0.0	654
sampleA_part_2	AP006475.1	89.921	506	51	0	1	506	5885	6390	0.0	654
sampleA_part_2	NC_006927.1	90.060	503	50	0	1	503	5900	6402	0.0	654
sampleA_part_2	KC572732.1	89.723	506	52	0	1	506	6818	7323	0.0	652
sampleA_part_2	KC572852.1	89.861	503	51	0	1	503	6818	7320	0.0	649
sampleA_part_2	KC572851.1	89.861	503	51	0	1	503	6818	7320	0.0	649
sampleA_part_2	KC572849.1	89.861	503	51	0	1	503	6818	7320	0.0	649
sampleA_part_2	KC572846.1	89.861	503	51	0	1	503	6818	7320	0.0	649
sampleA_part_2	KC572842.1	89.861	503	51	0	1	503	6818	7320	0.0	649
sampleA_part_2	KC572840.1	89.861	503	51	0	1	503	6818	7320	0.0	649
sampleA_part_2	KC572839.1	89.861	503	51	0	1	503	6818	7320	0.0	649
sampleA_part_2	KC572837.1	89.861	503	51	0	1	503	6818	7320	0.0	649
sampleA_part_2	KC572834.1	89.861	503	51	0	1	503	6818	7320	0.0	649
sampleA_part_2	KC572833.1	89.861	503	51	0	1	503	6817	7319	0.0	649
sampleA_part_2	KC572832.1	89.861	503	51	0	1	503	6818	7320	0.0	649
sampleA_part_2	KC572831.1	89.861	503	51	0	1	503	6818	7320	0.0	649
sampleA_part_2	KC572830.1	89.861	503	51	0	1	503	6818	7320	0.0	649
sampleA_part_2	KC572806.1	89.861	503	51	0	1	503	6818	7320	0.0	649
sampleA_part_2	KC572805.1	89.861	503	51	0	1	503	6818	7320	0.0	649
sampleA_part_2	KC572802.1	89.861	503	51	0	1	503	6818	7320	0.0	649
sampleA_part_2	KC572800.1	89.861	503	51	0	1	503	6818	7320	0.0	649
sampleA_part_2	KC572797.1	89.861	503	51	0	1	503	6818	7320	0.0	649
sampleA_part_2	KC572796.1	89.861	503	51	0	1	503	6818	7320	0.0	649
sampleA_part_2	KC572795.1	89.861	503	51	0	1	503	6818	7320	0.0	649
sampleA_part_2	KC572794.1	89.861	503	51	0	1	503	6818	7320	0.0	649
sampleA_part_2	KC572792.1	89.861	503	51	0	1	503	6818	7320	0.0	649
sampleA_part_2	KC572791.1	89.861	503	51	0	1	503	6818	7320	0.0	649
sampleA_part_2	KC572784.1	89.861	503	51	0	1	503	6818	7320	0.0	649
sampleA_part_2	KC572783.1	89.861	503	51	0	1	503	6818	7320	0.0	649
sampleA_part_2	KC572779.1	89.861	503	51	0	1	503	6818	7320	0.0	649
sampleA_part_2	KC572777.1	89.861	503	51	0	1	503	6818	7320	0.0	649
sampleA_part_2	KC572774.1	89.861	503	51	0	1	503	6818	7320	0.0	649
sampleA_part_2	KC572752.1	89.861	503	51	0	1	503	6818	7320	0.0	649
sampleA_part_2	KC572745.1	89.861	503	51	0	1	503	6818	7320	0.0	649
sampleA_part_2	KC572734.1	89.861	503	51	0	1	503	6818	7320	0.0	649
sampleA_part_2	KC572730.1	89.861	503	51	0	1	503	6818	7320	0.0	649
sampleA_part_2	KC572724.1	89.861	503	51	0	1	503	6818	7320	0.0	649
sampleA_part_2	KC572721.1	89.861	503	51	0	1	503	6818	7320	0.0	649
sampleA_part_2	KC572715.1	89.861	503	51	0	1	503	6818	7320	0.0	649
sampleA_part_2	KC572708.1	89.861	503	51	0	1	503	6818	7320	0.0	649
sampleA_part_2	OZ239533.1	89.662	503	52	0	1	503	5889	6391	2.32e-179	643
sampleA_part_2	MF409243.1	89.662	503	52	0	1	503	5889	6391	2.32e-179	643
sampleA_part_2	KC572859.1	89.662	503	52	0	1	503	6818	7320	2.32e-179	643
sampleA_part_2	KC572856.1	89.662	503	52	0	1	503	6818	7320	2.32e-179	643
sampleA_part_2	KC572843.1	89.662	503	52	0	1	503	6818	7320	2.32e-179	643
sampleA_part_2	KC572829.1	89.662	503	52	0	1	503	6818	7320	2.32e-179	643
sampleA_part_2	KC572828.1	89.662	503	52	0	1	503	6818	7320	2.32e-179	643
sampleA_part_2	KC572827.1	89.662	503	52	0	1	503	6818	7320	2.32e-179	643
sampleA_part_2	KC572826.1	89.662	503	52	0	1	503	6818	7320	2.32e-179	643
sampleA_part_2	KC572825.1	89.662	503	52	0	1	503	6818	7320	2.32e-179	643
sampleA_part_2	KC572808.1	89.662	503	52	0	1	503	6818	7320	2.32e-179	643
sampleA_part_2	KC572801.1	89.662	503	52	0	1	503	6818	7320	2.32e-179	643
sampleA_part_2	KC572788.1	89.328	506	54	0	1	506	6818	7323	2.32e-179	643
sampleA_part_2	KC572782.1	89.662	503	52	0	1	503	6818	7320	2.32e-179	643
sampleA_part_2	KC572714.1	89.662	503	52	0	1	503	6818	7320	2.32e-179	643
sampleA_part_2	KC572709.1	89.662	503	52	0	1	503	6818	7320	2.32e-179	643
sampleA_part_2	MT410921.1	89.662	503	52	0	1	503	5889	6391	2.32e-179	643
sampleA_part_2	NC_005269.1	89.526	506	53	0	1	506	5885	6390	2.32e-179	643
sampleA_part_2	NC_001321.1	89.662	503	52	0	1	503	6307	6809	2.32e-179	643
sampleA_part_2	KC572860.1	89.463	503	53	0	1	503	6818	7320	3.00e-178	640
sampleA_part_2	KC572790.1	89.463	503	53	0	1	503	6818	7320	3.00e-178	640
sampleA_part_2	OZ239556.1	89.463	503	53	0	1	503	5893	6395	1.08e-177	638
sampleA_part_2	MF409249.1	89.463	503	53	0	1	503	5894	6396	1.08e-177	638
sampleA_part_2	MF409248.1	89.463	503	53	0	1	503	5894	6396	1.08e-177	638
sampleA_part_2	ON675428.1	89.328	506	54	0	1	506	6305	6810	1.08e-177	638
sampleA_part_2	ON675395.1	89.600	500	52	0	1	500	6305	6804	1.08e-177	638
sampleA_part_2	ON675383.1	89.600	500	52	0	1	500	6305	6804	1.08e-177	638
sampleA_part_2	ON675382.1	89.328	506	54	0	1	506	6305	6810	1.08e-177	638
sampleA_part_2	ON675349.1	89.328	506	54	0	1	506	6305	6810	1.08e-177	638
sampleA_part_2	KC572824.1	89.463	503	53	0	1	503	6818	7320	1.08e-177	638
sampleA_part_2	KC572821.1	89.463	503	53	0	1	503	6818	7320	1.08e-177	638
sampleA_part_2	KC572819.1	89.463	503	53	0	1	503	6818	7320	1.08e-177	638
sampleA_part_2	KC572813.1	89.463	503	53	0	1	503	6818	7320	1.08e-177	638
sampleA_part_2	KC572811.1	89.463	503	53	0	1	503	6818	7320	1.08e-177	638
sampleA_part_2	KC572810.1	89.463	503	53	0	1	503	6818	7320	1.08e-177	638
sampleA_part_2	KC572789.1	89.463	503	53	0	1	503	6818	7320	1.08e-177	638
sampleA_part_2	KC572787.1	89.463	503	53	0	1	503	6818	7320	1.08e-177	638
sampleA_part_2	KC572769.1	89.463	503	53	0	1	503	6818	7320	1.08e-177	638
sampleA_part_2	KC572768.1	89.463	503	53	0	1	503	6818	7320	1.08e-177	638
sampleA_part_2	KC572765.1	89.463	503	53	0	1	503	6817	7319	1.08e-177	638
sampleA_part_2	KC572763.1	89.463	503	53	0	1	503	6818	7320	1.08e-177	638
sampleA_part_2	KC572761.1	89.463	503	53	0	1	503	6817	7319	1.08e-177	638
sampleA_part_2	KC572760.1	89.463	503	53	0	1	503	6818	7320	1.08e-177	638
sampleA_part_2	KC572759.1	89.463	503	53	0	1	503	6819	7321	1.08e-177	638
sampleA_part_2	KC572756.1	89.463	503	53	0	1	503	6818	7320	1.08e-177	638
sampleA_part_2	KC572754.1	89.463	503	53	0	1	503	6818	7320	1.08e-177	638
sampleA_part_2	KC572750.1	89.463	503	53	0	1	503	6818	7320	1.08e-177	638
sampleA_part_2	KC572748.1	89.463	503	53	0	1	503	6820	7322	1.08e-177	638
sampleA_part_2	KC572744.1	89.463	503	53	0	1	503	6818	7320	1.08e-177	638
sampleA_part_2	KC572743.1	89.463	503	53	0	1	503	6818	7320	1.08e-177	638
sampleA_part_2	KC572741.1	89.463	503	53	0	1	503	6818	7320	1.08e-177	638
sampleA_part_2	KC572740.1	89.463	503	53	0	1	503	6818	7320	1.08e-177	638
sampleA_part_2	KC572739.1	89.463	503	53	0	1	503	6818	7320	1.08e-177	638
sampleA_part_2	KC572738.1	89.463	503	53	0	1	503	6818	7320	1.08e-177	638
sampleA_part_2	KC572731.1	89.463	503	53	0	1	503	6818	7320	1.08e-177	638
sampleA_part_2	KC572726.1	89.463	503	53	0	1	503	6818	7320	1.08e-177	638
sampleA_part_2	KC572712.1	89.463	503	53	0	1	503	6820	7322	1.08e-177	638
sampleA_part_2	KC572711.1	89.463	503	53	0	1	503	6817	7319	1.08e-177	638
sampleA_part_2	KC572710.1	89.463	503	53	0	1	503	6818	7320	1.08e-177	638
sampleA_part_2	MF409242.1	89.400	500	53	0	1	500	5884	6383	5.03e-176	632
sampleA_part_2	ON257899.1	89.400	500	53	0	1	500	5883	6382	5.03e-176	632
sampleA_part_2	ON257889.1	89.400	500	53	0	1	500	5883	6382	5.03e-176	632
sampleA_part_2	ON257888.1	89.400	500	53	0	1	500	5883	6382	5.03e-176	632
sampleA_part_2	ON257887.1	89.400	500	53	0	1	500	5883	6382	5.03e-176	632
sampleA_part_2	ON257886.1	89.400	500	53	0	1	500	5883	6382	5.03e-176	632
sampleA_part_2	ON675434.1	89.400	500	53	0	1	500	6305	6804	5.03e-176	632
sampleA_part_2	ON675432.1	89.400	500	53	0	1	500	6305	6804	5.03e-176	632
sampleA_part_2	ON675425.1	89.400	500	53	0	1	500	6305	6804	5.03e-176	632
sampleA_part_2	ON675414.1	89.400	500	53	0	1	500	6305	6804	5.03e-176	632
sampleA_part_2	ON675412.1	89.400	500	53	0	1	500	6305	6804	5.03e-176	632
sampleA_part_2	ON675411.1	89.400	500	53	0	1	500	6305	6804	5.03e-176	632
sampleA_part_2	ON675410.1	89.400	500	53	0	1	500	6305	6804	5.03e-176	632
sampleA_part_2	ON675407.1	89.400	500	53	0	1	500	6305	6804	5.03e-176	632
sampleA_part_2	ON675396.1	89.400	500	53	0	1	500	6305	6804	5.03e-176	632
sampleA_part_2	ON675394.1	89.400	500	53	0	1	500	6305	6804	5.03e-176	632
sampleA_part_2	ON675387.1	89.400	500	53	0	1	500	6305	6804	5.03e-176	632
sampleA_part_2	ON675384.1	89.400	500	53	0	1	500	6305	6804	5.03e-176	632
sampleA_part_2	ON675378.1	89.400	500	53	0	1	500	6305	6804	5.03e-176	632
sampleA_part_2	ON675376.1	89.400	500	53	0	1	500	6305	6804	5.03e-176	632
sampleA_part_2	ON675372.1	89.264	503	54	0	1	503	6305	6807	5.03e-176	632
sampleA_part_2	ON675355.1	89.400	500	53	0	1	500	6305	6804	5.03e-176	632
sampleA_part_2	ON675353.1	89.400	500	53	0	1	500	6305	6804	5.03e-176	632
sampleA_part_2	ON675352.1	89.400	500	53	0	1	500	6305	6804	5.03e-176	632
sampleA_part_2	ON675333.1	89.264	503	54	0	1	503	6305	6807	5.03e-176	632
sampleA_part_2	ON675331.1	89.400	500	53	0	1	500	6305	6804	5.03e-176	632
sampleA_part_2	ON675329.1	89.400	500	53	0	1	500	6305	6804	5.03e-176	632
sampleA_part_2	ON675327.1	89.400	500	53	0	1	500	6305	6804	5.03e-176	632
sampleA_part_2	ON675323.1	89.400	500	53	0	1	500	6305	6804	5.03e-176	632
sampleA_part_2	ON675318.1	89.400	500	53	0	1	500	6305	6804	5.03e-176	632
sampleA_part_2	ON675313.1	89.400	500	53	0	1	500	6305	6804	5.03e-176	632
sampleA_part_2	ON675306.1	89.400	500	53	0	1	500	6305	6804	5.03e-176	632
sampleA_part_2	ON675295.1	89.400	500	53	0	1	500	6305	6804	5.03e-176	632
sampleA_part_2	ON675294.1	89.400	500	53	0	1	500	6305	6804	5.03e-176	632
sampleA_part_2	ON675292.1	89.400	500	53	0	1	500	6305	6804	5.03e-176	632
sampleA_part_2	ON675289.1	89.400	500	53	0	1	500	6305	6804	5.03e-176	632
sampleA_part_2	ON675283.1	89.400	500	53	0	1	500	6305	6804	5.03e-176	632
sampleA_part_2	KC572855.1	89.264	503	54	0	1	503	6818	7320	5.03e-176	632
sampleA_part_2	KC572853.1	89.264	503	54	0	1	503	6818	7320	5.03e-176	632
sampleA_part_2	KC572823.1	89.264	503	54	0	1	503	6818	7320	5.03e-176	632
sampleA_part_2	KC572822.1	89.264	503	54	0	1	503	6818	7320	5.03e-176	632
sampleA_part_2	KC572818.1	89.264	503	54	0	1	503	6818	7320	5.03e-176	632
sampleA_part_2	KC572817.1	89.264	503	54	0	1	503	6818	7320	5.03e-176	632
sampleA_part_2	KC572816.1	89.264	503	54	0	1	503	6818	7320	5.03e-176	632
sampleA_part_2	KC572815.1	89.264	503	54	0	1	503	6818	7320	5.03e-176	632
sampleA_part_2	KC572812.1	89.264	503	54	0	1	503	6818	7320	5.03e-176	632
sampleA_part_2	KC572809.1	89.264	503	54	0	1	503	6818	7320	5.03e-176	632
sampleA_part_2	KC572807.1	89.264	503	54	0	1	503	6818	7320	5.03e-176	632
sampleA_part_2	KC572786.1	89.264	503	54	0	1	503	6818	7320	5.03e-176	632
sampleA_part_2	KC572785.1	89.264	503	54	0	1	503	6819	7321	5.03e-176	632
sampleA_part_2	KC572781.1	89.264	503	54	0	1	503	6818	7320	5.03e-176	632
sampleA_part_2	KC572778.1	89.264	503	54	0	1	503	6818	7320	5.03e-176	632
sampleA_part_2	KC572776.1	89.264	503	54	0	1	503	6818	7320	5.03e-176	632
sampleA_part_2	KC572775.1	89.264	503	54	0	1	503	6818	7320	5.03e-176	632
sampleA_part_2	KC572773.1	89.264	503	54	0	1	503	6818	7320	5.03e-176	632
sampleA_part_2	KC572771.1	89.264	503	54	0	1	503	6818	7320	5.03e-176	632
sampleA_part_2	KC572766.1	89.264	503	54	0	1	503	6818	7320	5.03e-176	632
sampleA_part_2	KC572764.1	89.264	503	54	0	1	503	6818	7320	5.03e-176	632
sampleA_part_2	KC572762.1	89.264	503	54	0	1	503	6818	7320	5.03e-176	632
sampleA_part_2	KC572758.1	89.264	503	54	0	1	503	6818	7320	5.03e-176	632
sampleA_part_2	KC572757.1	89.264	503	54	0	1	503	6818	7320	5.03e-176	632
sampleA_part_2	KC572755.1	89.264	503	54	0	1	503	6818	7320	5.03e-176	632
sampleA_part_2	KC572753.1	89.264	503	54	0	1	503	6818	7320	5.03e-176	632
sampleA_part_2	KC572751.1	89.264	503	54	0	1	503	6818	7320	5.03e-176	632
sampleA_part_2	KC572749.1	89.264	503	54	0	1	503	6818	7320	5.03e-176	632
sampleA_part_2	KC572747.1	89.264	503	54	0	1	503	6818	7320	5.03e-176	632
sampleA_part_2	KC572746.1	89.264	503	54	0	1	503	6818	7320	5.03e-176	632
sampleA_part_2	KC572742.1	89.264	503	54	0	1	503	6818	7320	5.03e-176	632
sampleA_part_2	KC572737.1	89.264	503	54	0	1	503	6818	7320	5.03e-176	632
sampleA_part_2	KC572736.1	89.264	503	54	0	1	503	6818	7320	5.03e-176	632
sampleA_part_2	KC572733.1	89.264	503	54	0	1	503	6818	7320	5.03e-176	632
sampleA_part_2	KC572729.1	89.264	503	54	0	1	503	6818	7320	5.03e-176	632
sampleA_part_2	KC572728.1	89.264	503	54	0	1	503	6818	7320	5.03e-176	632
sampleA_part_2	KC572727.1	89.264	503	54	0	1	503	6818	7320	5.03e-176	632
sampleA_part_2	KC572722.1	89.264	503	54	0	1	503	6818	7320	5.03e-176	632
sampleA_part_2	KC572720.1	89.264	503	54	0	1	503	6818	7320	5.03e-176	632
sampleA_part_2	KC572719.1	89.264	503	54	0	1	503	6818	7320	5.03e-176	632
sampleA_part_2	KC572718.1	89.264	503	54	0	1	503	6818	7320	5.03e-176	632
sampleA_part_2	KC572717.1	89.264	503	54	0	1	503	6818	7320	5.03e-176	632
sampleA_part_2	KC572716.1	89.264	503	54	0	1	503	6818	7320	5.03e-176	632
sampleA_part_2	NC_006929.1	89.264	503	54	0	1	503	5893	6395	5.03e-176	632
sampleA_part_2	NC_006926.1	89.264	503	54	0	1	503	5895	6397	5.03e-176	632
sampleA_part_2	KC572713.1	89.066	503	55	0	1	503	6818	7320	1.81e-175	630
sampleA_part_2	MH198021.1	96.561	378	13	0	1	378	5807	6184	6.50e-175	628
sampleA_part_2	MH198021.1	95.181	83	4	0	424	506	6230	6312	6.21e-26	134
sampleA_part_2	ON257910.1	89.200	500	54	0	1	500	5883	6382	2.34e-174	627
sampleA_part_2	ON257909.1	89.200	500	54	0	1	500	5883	6382	2.34e-174	627
sampleA_part_2	ON257908.1	89.200	500	54	0	1	500	5883	6382	2.34e-174	627
sampleA_part_2	ON257907.1	89.200	500	54	0	1	500	5883	6382	2.34e-174	627
sampleA_part_2	ON257906.1	89.200	500	54	0	1	500	5883	6382	2.34e-174	627
sampleA_part_2	ON257905.1	89.200	500	54	0	1	500	5883	6382	2.34e-174	627
sampleA_part_2	ON257904.1	89.200	500	54	0	1	500	5883	6382	2.34e-174	627
sampleA_part_2	ON257903.1	89.200	500	54	0	1	500	5883	6382	2.34e-174	627
sampleA_part_2	ON257902.1	89.200	500	54	0	1	500	5883	6382	2.34e-174	627
sampleA_part_2	ON257901.1	89.200	500	54	0	1	500	5883	6382	2.34e-174	627
sampleA_part_2	ON257900.1	89.200	500	54	0	1	500	5883	6382	2.34e-174	627
sampleA_part_2	ON257898.1	89.200	500	54	0	1	500	5883	6382	2.34e-174	627
sampleA_part_2	ON257897.1	89.200	500	54	0	1	500	5883	6382	2.34e-174	627
sampleA_part_2	ON257896.1	89.200	500	54	0	1	500	5883	6382	2.34e-174	627
sampleA_part_2	ON257895.1	89.200	500	54	0	1	500	5883	6382	2.34e-174	627
sampleA_part_2	ON257894.1	89.200	500	54	0	1	500	5883	6382	2.34e-174	627
sampleA_part_2	ON257893.1	89.200	500	54	0	1	500	5883	6382	2.34e-174	627
sampleA_part_2	ON257892.1	89.200	500	54	0	1	500	5883	6382	2.34e-174	627
sampleA_part_2	ON257891.1	89.200	500	54	0	1	500	5883	6382	2.34e-174	627
sampleA_part_2	ON257890.1	89.200	500	54	0	1	500	5883	6382	2.34e-174	627
sampleA_part_2	ON257885.1	89.200	500	54	0	1	500	5883	6382	2.34e-174	627
sampleA_part_2	ON257884.1	89.200	500	54	0	1	500	5883	6382	2.34e-174	627
sampleA_part_2	ON675424.1	89.200	500	54	0	1	500	6305	6804	2.34e-174	627
sampleA_part_2	ON675422.1	89.200	500	54	0	1	500	6305	6804	2.34e-174	627
sampleA_part_2	ON675409.1	89.200	500	54	0	1	500	6305	6804	2.34e-174	627
sampleA_part_2	ON675406.1	89.200	500	54	0	1	500	6305	6804	2.34e-174	627
sampleA_part_2	ON675405.1	89.200	500	54	0	1	500	6305	6804	2.34e-174	627
sampleA_part_2	ON675397.1	89.200	500	54	0	1	500	6305	6804	2.34e-174	627
sampleA_part_2	ON675391.1	89.200	500	54	0	1	500	6305	6804	2.34e-174	627
sampleA_part_2	ON675389.1	89.200	500	54	0	1	500	6305	6804	2.34e-174	627
sampleA_part_2	ON675388.1	89.200	500	54	0	1	500	6305	6804	2.34e-174	627
sampleA_part_2	ON675375.1	89.200	500	54	0	1	500	6305	6804	2.34e-174	627
sampleA_part_2	ON675374.1	89.200	500	54	0	1	500	6305	6804	2.34e-174	627
sampleA_part_2	ON675371.1	89.200	500	54	0	1	500	6305	6804	2.34e-174	627
sampleA_part_2	ON675370.1	89.200	500	54	0	1	500	6305	6804	2.34e-174	627
sampleA_part_2	ON675368.1	89.200	500	54	0	1	500	6305	6804	2.34e-174	627
sampleA_part_2	ON675367.1	89.200	500	54	0	1	500	6305	6804	2.34e-174	627
sampleA_part_2	ON675364.1	89.200	500	54	0	1	500	6305	6804	2.34e-174	627
sampleA_part_2	ON675363.1	89.200	500	54	0	1	500	6305	6804	2.34e-174	627
sampleA_part_2	ON675361.1	89.200	500	54	0	1	500	6305	6804	2.34e-174	627
sampleA_part_2	ON675360.1	89.200	500	54	0	1	500	6305	6804	2.34e-174	627
sampleA_part_2	ON675358.1	89.200	500	54	0	1	500	6305	6804	2.34e-174	627
sampleA_part_2	ON675356.1	89.200	500	54	0	1	500	6305	6804	2.34e-174	627
sampleA_part_2	ON675354.1	89.200	500	54	0	1	500	6305	6804	2.34e-174	627
sampleA_part_2	ON675351.1	89.200	500	54	0	1	500	6305	6804	2.34e-174	627
sampleA_part_2	ON675350.1	89.200	500	54	0	1	500	6305	6804	2.34e-174	627
sampleA_part_2	ON675348.1	89.200	500	54	0	1	500	6305	6804	2.34e-174	627
sampleA_part_2	ON675346.1	89.200	500	54	0	1	500	6305	6804	2.34e-174	627
sampleA_part_2	ON675344.1	89.200	500	54	0	1	500	6305	6804	2.34e-174	627
sampleA_part_2	ON675342.1	89.200	500	54	0	1	500	6305	6804	2.34e-174	627
sampleA_part_2	ON675341.1	89.200	500	54	0	1	500	6305	6804	2.34e-174	627
sampleA_part_2	ON675340.1	89.200	500	54	0	1	500	6305	6804	2.34e-174	627
sampleA_part_2	ON675339.1	89.200	500	54	0	1	500	6305	6804	2.34e-174	627
sampleA_part_2	ON675337.1	89.200	500	54	0	1	500	6305	6804	2.34e-174	627
sampleA_part_2	ON675335.1	89.200	500	54	0	1	500	6305	6804	2.34e-174	627
sampleA_part_2	ON675334.1	89.200	500	54	0	1	500	6305	6804	2.34e-174	627
sampleA_part_2	ON675332.1	89.200	500	54	0	1	500	6305	6804	2.34e-174	627
sampleA_part_2	ON675330.1	89.200	500	54	0	1	500	6306	6805	2.34e-174	627
sampleA_part_2	ON675328.1	89.200	500	54	0	1	500	6305	6804	2.34e-174	627
sampleA_part_2	ON675324.1	89.200	500	54	0	1	500	6305	6804	2.34e-174	627
sampleA_part_2	ON675319.1	89.200	500	54	0	1	500	6305	6804	2.34e-174	627
sampleA_part_2	ON675316.1	89.200	500	54	0	1	500	6304	6803	2.34e-174	627
sampleA_part_2	ON675314.1	89.200	500	54	0	1	500	6305	6804	2.34e-174	627
sampleA_part_2	ON675312.1	89.200	500	54	0	1	500	6305	6804	2.34e-174	627
sampleA_part_2	ON675311.1	89.200	500	54	0	1	500	6305	6804	2.34e-174	627
sampleA_part_2	ON675308.1	89.200	500	54	0	1	500	6305	6804	2.34e-174	627
sampleA_part_2	ON675307.1	89.200	500	54	0	1	500	6305	6804	2.34e-174	627
sampleA_part_2	ON675305.1	89.200	500	54	0	1	500	6305	6804	2.34e-174	627
sampleA_part_2	ON675304.1	89.200	500	54	0	1	500	6305	6804	2.34e-174	627
sampleA_part_2	ON675303.1	89.200	500	54	0	1	500	6305	6804	2.34e-174	627
sampleA_part_2	ON675302.1	89.200	500	54	0	1	500	6305	6804	2.34e-174	627
sampleA_part_2	ON675301.1	89.200	500	54	0	1	500	6305	6804	2.34e-174	627
sampleA_part_2	ON675300.1	89.200	500	54	0	1	500	6305	6804	2.34e-174	627
sampleA_part_2	ON675299.1	89.200	500	54	0	1	500	6305	6804	2.34e-174	627
sampleA_part_2	ON675298.1	89.200	500	54	0	1	500	6305	6804	2.34e-174	627
sampleA_part_2	ON675297.1	89.200	500	54	0	1	500	6305	6804	2.34e-174	627
sampleA_part_2	ON675296.1	89.200	500	54	0	1	500	6305	6804	2.34e-174	627
sampleA_part_2	ON675293.1	89.200	500	54	0	1	500	6305	6804	2.34e-174	627
sampleA_part_2	ON675287.1	89.200	500	54	0	1	500	6305	6804	2.34e-174	627
sampleA_part_2	ON675285.1	89.200	500	54	0	1	500	6305	6804	2.34e-174	627
sampleA_part_2	ON675284.1	89.200	500	54	0	1	500	6305	6804	2.34e-174	627
sampleA_part_2	ON675282.1	89.200	500	54	0	1	500	6306	6805	2.34e-174	627
sampleA_part_2	KC572735.1	89.066	503	55	0	1	503	6818	7320	2.34e-174	627
sampleA_part_2	ON675431.1	89.000	500	55	0	1	500	6305	6804	1.09e-172	621
sampleA_part_2	ON675381.1	89.000	500	55	0	1	500	6305	6804	1.09e-172	621
sampleA_part_2	ON675365.1	89.000	500	55	0	1	500	6305	6804	1.09e-172	621
sampleA_part_2	ON675291.1	89.000	500	55	0	1	500	6304	6803	1.09e-172	621
sampleA_part_2	ON675288.1	89.000	500	55	0	1	500	6305	6804	1.09e-172	621
sampleA_part_2	AB201257.1	88.735	506	57	0	1	506	5887	6392	1.09e-172	621
sampleA_part_2	NC_007937.1	88.735	506	57	0	1	506	5887	6392	1.09e-172	621
sampleA_part_2	NC_001601.1	89.000	500	55	0	1	500	6304	6803	1.09e-172	621
sampleA_part_2	MW645456.1	86.957	506	66	0	1	506	5890	6395	1.11e-157	571
sampleA_part_2	OZ004775.1	86.759	506	67	0	1	506	42802400	42802905	5.17e-156	566
sampleA_part_2	OZ004775.1	84.980	506	68	3	1	506	29428155	29428652	8.84e-139	508
sampleA_part_2	OQ554145.1	86.561	506	68	0	1	506	5890	6395	2.41e-154	560
sampleA_part_2	OZ205431.1	86.561	506	66	1	1	506	1192235	1192738	8.65e-154	558
sampleA_part_2	OQ554225.1	86.364	506	69	0	1	506	5890	6395	1.12e-152	555
sampleA_part_2	OQ554165.1	86.364	506	69	0	1	506	5890	6395	1.12e-152	555
sampleA_part_2	OQ554112.1	86.364	506	69	0	1	506	5890	6395	1.12e-152	555
sampleA_part_2	OQ554082.1	86.364	506	69	0	1	506	5890	6395	1.12e-152	555
sampleA_part_2	OQ554058.1	86.364	506	69	0	1	506	5890	6395	1.12e-152	555
sampleA_part_2	OQ554040.1	86.364	506	69	0	1	506	5890	6395	1.12e-152	555
sampleA_part_2	OQ554020.1	86.364	506	69	0	1	506	5890	6395	1.12e-152	555
sampleA_part_2	OQ553964.1	86.364	506	69	0	1	506	5890	6395	1.12e-152	555
sampleA_part_2	MW316276.1	86.364	506	69	0	1	506	5890	6395	1.12e-152	555
sampleA_part_2	MW316275.1	86.364	506	69	0	1	506	5890	6395	1.12e-152	555
sampleA_part_2	MW316274.1	86.364	506	69	0	1	506	5890	6395	1.12e-152	555
sampleA_part_2	MW316273.1	86.364	506	69	0	1	506	5890	6395	1.12e-152	555
sampleA_part_2	MW316271.1	86.364	506	69	0	1	506	5890	6395	1.12e-152	555
sampleA_part_2	MW316269.1	86.364	506	69	0	1	506	5890	6395	1.12e-152	555
sampleA_part_2	MW316250.1	86.364	506	69	0	1	506	5889	6394	1.12e-152	555
sampleA_part_2	MW316170.1	86.364	506	69	0	1	506	5890	6395	1.12e-152	555
sampleA_part_2	MW316164.1	86.364	506	69	0	1	506	5890	6395	1.12e-152	555
sampleA_part_2	OQ554255.1	86.166	506	70	0	1	506	5890	6395	1.45e-151	551
sampleA_part_2	OQ554322.1	86.166	506	70	0	1	506	5890	6395	5.21e-151	549
sampleA_part_2	OQ554314.1	86.166	506	70	0	1	506	5890	6395	5.21e-151	549
sampleA_part_2	OQ554306.1	86.166	506	70	0	1	506	5890	6395	5.21e-151	549
sampleA_part_2	OQ554305.1	86.166	506	70	0	1	506	5890	6395	5.21e-151	549
sampleA_part_2	OQ554287.1	86.166	506	70	0	1	506	5890	6395	5.21e-151	549
sampleA_part_2	OQ554286.1	86.166	506	70	0	1	506	5890	6395	5.21e-151	549
sampleA_part_2	OQ554270.1	86.166	506	70	0	1	506	5890	6395	5.21e-151	549
sampleA_part_2	OQ554269.1	86.166	506	70	0	1	506	5890	6395	5.21e-151	549
sampleA_part_2	OQ554268.1	86.166	506	70	0	1	506	5890	6395	5.21e-151	549
sampleA_part_2	OQ554258.1	86.166	506	70	0	1	506	5890	6395	5.21e-151	549
sampleA_part_2	OQ554256.1	86.166	506	70	0	1	506	5890	6395	5.21e-151	549
sampleA_part_2	OQ554254.1	86.166	506	70	0	1	506	5890	6395	5.21e-151	549
sampleA_part_2	OQ554249.1	86.166	506	70	0	1	506	5890	6395	5.21e-151	549
sampleA_part_2	OQ554238.1	86.166	506	70	0	1	506	5890	6395	5.21e-151	549
sampleA_part_2	OQ554226.1	86.166	506	70	0	1	506	5890	6395	5.21e-151	549
sampleA_part_2	OQ554224.1	86.166	506	70	0	1	506	5890	6395	5.21e-151	549
sampleA_part_2	OQ554197.1	86.166	506	70	0	1	506	5890	6395	5.21e-151	549
sampleA_part_2	OQ554163.1	86.166	506	70	0	1	506	5890	6395	5.21e-151	549
sampleA_part_2	OQ554162.1	86.166	506	70	0	1	506	5890	6395	5.21e-151	549
sampleA_part_2	OQ554152.1	86.166	506	70	0	1	506	5890	6395	5.21e-151	549
sampleA_part_2	OQ554146.1	86.166	506	70	0	1	506	5890	6395	5.21e-151	549
sampleA_part_2	OQ554133.1	86.166	506	70	0	1	506	5890	6395	5.21e-151	549
sampleA_part_2	OQ554126.1	86.166	506	70	0	1	506	5890	6395	5.21e-151	549
sampleA_part_2	OQ554117.1	86.166	506	70	0	1	506	5890	6395	5.21e-151	549
sampleA_part_2	OQ554091.1	86.166	506	70	0	1	506	5890	6395	5.21e-151	549
sampleA_part_2	OQ554057.1	86.166	506	70	0	1	506	5890	6395	5.21e-151	549
sampleA_part_2	OQ554041.1	86.166	506	70	0	1	506	5890	6395	5.21e-151	549
sampleA_part_2	OQ554037.1	86.166	506	70	0	1	506	5890	6395	5.21e-151	549
sampleA_part_2	OQ554031.1	86.166	506	70	0	1	506	5890	6395	5.21e-151	549
sampleA_part_2	OQ554028.1	86.166	506	70	0	1	506	5890	6395	5.21e-151	549
sampleA_part_2	MW316288.1	86.166	506	70	0	1	506	5884	6389	5.21e-151	549
sampleA_part_2	MW316286.1	86.166	506	70	0	1	506	5890	6395	5.21e-151	549
sampleA_part_2	MW316285.1	86.166	506	70	0	1	506	5890	6395	5.21e-151	549
sampleA_part_2	MW316284.1	86.166	506	70	0	1	506	5890	6395	5.21e-151	549
sampleA_part_2	MW316283.1	86.166	506	70	0	1	506	5890	6395	5.21e-151	549
sampleA_part_2	MW316282.1	86.166	506	70	0	1	506	5890	6395	5.21e-151	549
sampleA_part_2	MW316281.1	86.166	506	70	0	1	506	5890	6395	5.21e-151	549
sampleA_part_2	MW316280.1	86.166	506	70	0	1	506	5890	6395	5.21e-151	549
sampleA_part_2	MW316278.1	86.166	506	70	0	1	506	5890	6395	5.21e-151	549
sampleA_part_2	MW316267.1	86.166	506	70	0	1	506	5890	6395	5.21e-151	549
sampleA_part_2	MW316266.1	86.166	506	70	0	1	506	5890	6395	5.21e-151	549
sampleA_part_2	MW316265.1	86.166	506	70	0	1	506	5890	6395	5.21e-151	549
sampleA_part_2	MW316264.1	86.166	506	70	0	1	506	5890	6395	5.21e-151	549
sampleA_part_2	MW316262.1	86.166	506	70	0	1	506	5890	6395	5.21e-151	549
sampleA_part_2	MW316261.1	86.166	506	70	0	1	506	5890	6395	5.21e-151	549
sampleA_part_2	MW316259.1	86.166	506	70	0	1	506	5860	6365	5.21e-151	549
sampleA_part_2	MW316258.1	86.166	506	70	0	1	506	5858	6363	5.21e-151	549
sampleA_part_2	MW316257.1	86.166	506	70	0	1	506	5878	6383	5.21e-151	549
sampleA_part_2	MW316256.1	86.166	506	70	0	1	506	5890	6395	5.21e-151	549
sampleA_part_2	MW316235.1	86.166	506	70	0	1	506	5890	6395	5.21e-151	549
sampleA_part_2	MW316234.1	86.166	506	70	0	1	506	5890	6395	5.21e-151	549
sampleA_part_2	MW316233.1	86.166	506	70	0	1	506	5888	6393	5.21e-151	549
sampleA_part_2	MW316232.1	86.166	506	70	0	1	506	5890	6395	5.21e-151	549
sampleA_part_2	MW316231.1	86.166	506	70	0	1	506	5890	6395	5.21e-151	549
sampleA_part_2	MW316230.1	86.166	506	70	0	1	506	5890	6395	5.21e-151	549
sampleA_part_2	MW316229.1	86.166	506	70	0	1	506	5890	6395	5.21e-151	549
sampleA_part_2	MW316228.1	86.166	506	70	0	1	506	5890	6395	5.21e-151	549
sampleA_part_2	MW316199.1	86.166	506	70	0	1	506	5890	6395	5.21e-151	549
sampleA_part_2	MW316198.1	86.166	506	70	0	1	506	5890	6395	5.21e-151	549
sampleA_part_2	MW316197.1	86.166	506	70	0	1	506	5890	6395	5.21e-151	549
sampleA_part_2	MW316194.1	86.166	506	70	0	1	506	5890	6395	5.21e-151	549
sampleA_part_2	MW316193.1	86.166	506	70	0	1	506	5890	6395	5.21e-151	549
sampleA_part_2	MW316192.1	86.166	506	70	0	1	506	5890	6395	5.21e-151	549
sampleA_part_2	MW316191.1	86.166	506	70	0	1	506	5890	6395	5.21e-151	549
sampleA_part_2	MW316157.1	86.166	506	70	0	1	506	5890	6395	5.21e-151	549
sampleA_part_2	MW316154.1	86.166	506	70	0	1	506	5888	6393	5.21e-151	549
sampleA_part_2	MW316153.1	86.166	506	70	0	1	506	5890	6395	5.21e-151	549
sampleA_part_2	MW316152.1	86.166	506	70	0	1	506	5890	6395	5.21e-151	549
sampleA_part_2	OQ554065.1	85.968	506	71	0	1	506	5890	6395	6.73e-150	545
sampleA_part_3	OP205203.1	93.352	361	24	0	141	501	6551	6911	6.31e-160	579
sampleA_part_3	OP205203.1	100.000	34	0	0	1	34	6411	6444	7.86e-05	63.9
sampleA_part_3	OP205201.1	93.352	361	24	0	141	501	6551	6911	6.31e-160	579
sampleA_part_3	OP205201.1	100.000	34	0	0	1	34	6411	6444	7.86e-05	63.9
sampleA_part_3	OP205200.1	93.352	361	24	0	141	501	6551	6911	6.31e-160	579
sampleA_part_3	OP205200.1	100.000	34	0	0	1	34	6411	6444	7.86e-05	63.9
sampleA_part_3	OP205199.1	93.352	361	24	0	141	501	6551	6911	6.31e-160	579
sampleA_part_3	OP205199.1	100.000	34	0	0	1	34	6411	6444	7.86e-05	63.9
sampleA_part_3	OP205193.1	93.352	361	24	0	141	501	6551	6911	6.31e-160	579
sampleA_part_3	OP205193.1	100.000	34	0	0	1	34	6411	6444	7.86e-05	63.9
sampleA_part_3	OP205192.1	93.352	361	24	0	141	501	6551	6911	6.31e-160	579
sampleA_part_3	OP205192.1	100.000	34	0	0	1	34	6411	6444	7.86e-05	63.9
sampleA_part_3	NC_006931.1	93.352	361	24	0	141	501	6551	6911	6.31e-160	579
sampleA_part_3	NC_006931.1	100.000	34	0	0	1	34	6411	6444	7.86e-05	63.9
sampleA_part_3	OP205215.1	93.075	361	25	0	141	501	6551	6911	8.17e-159	575
sampleA_part_3	OP205215.1	100.000	34	0	0	1	34	6411	6444	7.86e-05	63.9
sampleA_part_3	OP205207.1	93.075	361	25	0	141	501	6551	6911	8.17e-159	575
sampleA_part_3	OP205207.1	100.000	34	0	0	1	34	6411	6444	7.86e-05	63.9
sampleA_part_3	OP205204.1	93.075	361	25	0	141	501	6551	6911	8.17e-159	575
sampleA_part_3	OP205204.1	100.000	34	0	0	1	34	6411	6444	7.86e-05	63.9
sampleA_part_3	OP205194.1	93.075	361	25	0	141	501	6551	6911	8.17e-159	575
sampleA_part_3	OP205194.1	100.000	34	0	0	1	34	6411	6444	7.86e-05	63.9
sampleA_part_3	NC_037444.1	93.075	361	25	0	141	501	6550	6910	2.94e-158	573
sampleA_part_3	NC_037444.1	100.000	34	0	0	1	34	6410	6443	7.86e-05	63.9
sampleA_part_3	MF459656.1	93.075	361	25	0	141	501	6551	6911	2.94e-158	573
sampleA_part_3	MF459656.1	100.000	34	0	0	1	34	6411	6444	7.86e-05	63.9
sampleA_part_3	OP205202.1	93.075	361	25	0	141	501	6551	6911	2.94e-158	573
sampleA_part_3	OP205202.1	100.000	34	0	0	1	34	6411	6444	7.86e-05	63.9
sampleA_part_3	OP205191.1	93.075	361	25	0	141	501	6551	6911	2.94e-158	573
sampleA_part_3	OP205191.1	100.000	34	0	0	1	34	6411	6444	7.86e-05	63.9
sampleA_part_3	OP205187.1	93.075	361	25	0	141	501	6551	6911	2.94e-158	573
sampleA_part_3	OP205187.1	100.000	34	0	0	1	34	6411	6444	7.86e-05	63.9
sampleA_part_3	OP205186.1	93.075	361	25	0	141	501	6551	6911	2.94e-158	573
sampleA_part_3	OP205186.1	100.000	34	0	0	1	34	6411	6444	7.86e-05	63.9
sampleA_part_3	OP205184.1	93.075	361	25	0	141	501	6551	6911	2.94e-158	573
sampleA_part_3	OP205184.1	100.000	34	0	0	1	34	6411	6444	7.86e-05	63.9
sampleA_part_3	OP205181.1	93.075	361	25	0	141	501	6551	6911	2.94e-158	573
sampleA_part_3	OP205181.1	100.000	34	0	0	1	34	6411	6444	7.86e-05	63.9
sampleA_part_3	OP205177.1	93.075	361	25	0	141	501	6550	6910	2.94e-158	573
sampleA_part_3	OP205177.1	100.000	34	0	0	1	34	6410	6443	7.86e-05	63.9
sampleA_part_3	OP205173.1	93.075	361	25	0	141	501	6550	6910	2.94e-158	573
sampleA_part_3	OP205173.1	100.000	34	0	0	1	34	6410	6443	7.86e-05	63.9
sampleA_part_3	OP205170.1	93.075	361	25	0	141	501	6550	6910	2.94e-158	573
sampleA_part_3	OP205170.1	100.000	34	0	0	1	34	6410	6443	7.86e-05	63.9
sampleA_part_3	OP205167.1	93.075	361	25	0	141	501	6550	6910	2.94e-158	573
sampleA_part_3	OP205167.1	100.000	34	0	0	1	34	6410	6443	7.86e-05	63.9
sampleA_part_3	DQ095156.1	93.075	361	25	0	141	501	1191	1551	2.94e-158	573
sampleA_part_3	DQ095156.1	100.000	34	0	0	1	34	1051	1084	7.86e-05	63.9
sampleA_part_3	DQ095155.1	93.075	361	25	0	141	501	1191	1551	2.94e-158	573
sampleA_part_3	DQ095155.1	100.000	34	0	0	1	34	1051	1084	7.86e-05	63.9
sampleA_part_3	DQ095154.1	93.075	361	25	0	141	501	1191	1551	2.94e-158	573
sampleA_part_3	DQ095154.1	100.000	34	0	0	1	34	1051	1084	7.86e-05	63.9
sampleA_part_3	NC_006930.1	93.075	361	25	0	141	501	6549	6909	2.94e-158	573
sampleA_part_3	NC_006930.1	100.000	34	0	0	1	34	6409	6442	7.86e-05	63.9
sampleA_part_3	OP205212.1	92.798	361	26	0	141	501	6551	6911	3.80e-157	569
sampleA_part_3	OP205212.1	100.000	34	0	0	1	34	6411	6444	7.86e-05	63.9
sampleA_part_3	OP205211.1	92.798	361	26	0	141	501	6551	6911	3.80e-157	569
sampleA_part_3	OP205211.1	100.000	34	0	0	1	34	6411	6444	7.86e-05	63.9
sampleA_part_3	OP205206.1	92.798	361	26	0	141	501	6551	6911	3.80e-157	569
sampleA_part_3	OP205206.1	100.000	34	0	0	1	34	6411	6444	7.86e-05	63.9
sampleA_part_3	OP205190.1	92.798	361	26	0	141	501	6551	6911	3.80e-157	569
sampleA_part_3	OP205190.1	100.000	34	0	0	1	34	6411	6444	7.86e-05	63.9
sampleA_part_3	OP205189.1	92.798	361	26	0	141	501	6551	6911	3.80e-157	569
sampleA_part_3	OP205189.1	100.000	34	0	0	1	34	6411	6444	7.86e-05	63.9
sampleA_part_3	OP205188.1	92.798	361	26	0	141	501	6551	6911	3.80e-157	569
sampleA_part_3	OP205188.1	100.000	34	0	0	1	34	6411	6444	7.86e-05	63.9
sampleA_part_3	OP205185.1	92.798	361	26	0	141	501	6551	6911	3.80e-157	569
sampleA_part_3	OP205185.1	100.000	34	0	0	1	34	6411	6444	7.86e-05	63.9
sampleA_part_3	OP205183.1	92.798	361	26	0	141	501	6551	6911	3.80e-157	569
sampleA_part_3	OP205183.1	100.000	34	0	0	1	34	6411	6444	7.86e-05	63.9
sampleA_part_3	OP205176.1	92.798	361	26	0	141	501	6550	6910	3.80e-157	569
sampleA_part_3	OP205176.1	100.000	34	0	0	1	34	6410	6443	7.86e-05	63.9
sampleA_part_3	OP205175.1	92.798	361	26	0	141	501	6550	6910	3.80e-157	569
sampleA_part_3	OP205175.1	100.000	34	0	0	1	34	6410	6443	7.86e-05	63.9
sampleA_part_3	OP205174.1	92.798	361	26	0	141	501	6550	6910	3.80e-157	569
sampleA_part_3	OP205174.1	100.000	34	0	0	1	34	6410	6443	7.86e-05	63.9
sampleA_part_3	OP205169.1	92.798	361	26	0	141	501	6550	6910	3.80e-157	569
sampleA_part_3	OP205169.1	100.000	34	0	0	1	34	6410	6443	7.86e-05	63.9
sampleA_part_3	OP205168.1	92.798	361	26	0	141	501	6550	6910	3.80e-157	569
sampleA_part_3	OP205168.1	100.000	34	0	0	1	34	6410	6443	7.86e-05	63.9
sampleA_part_3	OP205166.1	92.798	361	26	0	141	501	6550	6910	3.80e-157	569
sampleA_part_3	OP205166.1	100.000	34	0	0	1	34	6410	6443	7.86e-05	63.9
sampleA_part_3	OP205210.1	92.798	361	26	0	141	501	6550	6910	1.37e-156	568
sampleA_part_3	OP205210.1	100.000	34	0	0	1	34	6410	6443	7.86e-05	63.9
sampleA_part_3	OP205195.1	92.798	361	26	0	141	501	6550	6910	1.37e-156	568
sampleA_part_3	OP205218.1	92.521	361	27	0	141	501	6550	6910	1.77e-155	564
sampleA_part_3	OP205218.1	100.000	34	0	0	1	34	6410	6443	7.86e-05	63.9
sampleA_part_3	OP205217.1	92.521	361	27	0	141	501	6550	6910	1.77e-155	564
sampleA_part_3	OP205213.1	92.521	361	27	0	141	501	6550	6910	1.77e-155	564
sampleA_part_3	OP205213.1	100.000	34	0	0	1	34	6410	6443	7.86e-05	63.9
sampleA_part_3	OP205205.1	92.521	361	27	0	141	501	6550	6910	1.77e-155	564
sampleA_part_3	OP205205.1	100.000	34	0	0	1	34	6410	6443	7.86e-05	63.9
sampleA_part_3	OP205198.1	92.521	361	27	0	141	501	6550	6910	1.77e-155	564
sampleA_part_3	OP205198.1	100.000	34	0	0	1	34	6410	6443	7.86e-05	63.9
sampleA_part_3	OP205197.1	92.521	361	27	0	141	501	6550	6910	1.77e-155	564
sampleA_part_3	OP205197.1	100.000	34	0	0	1	34	6410	6443	7.86e-05	63.9
sampleA_part_3	OP205196.1	92.521	361	27	0	141	501	6550	6910	1.77e-155	564
sampleA_part_3	OP205178.1	92.521	361	27	0	141	501	6550	6910	1.77e-155	564
sampleA_part_3	OP205178.1	100.000	34	0	0	1	34	6410	6443	7.86e-05	63.9
sampleA_part_3	OP205172.1	92.521	361	27	0	141	501	6550	6910	1.77e-155	564
sampleA_part_3	OP205172.1	100.000	34	0	0	1	34	6410	6443	7.86e-05	63.9
sampleA_part_3	MN124685.1	89.779	362	35	2	141	501	6555	6915	3.02e-138	507
sampleA_part_3	MN159085.1	89.503	362	36	2	141	501	6556	6916	1.41e-136	501
sampleA_part_3	MN159084.1	89.503	362	36	2	141	501	6555	6915	1.41e-136	501
sampleA_part_3	MN159083.1	89.503	362	36	2	141	501	6555	6915	1.41e-136	501
sampleA_part_3	MN159082.1	89.503	362	36	2	141	501	6555	6915	1.41e-136	501
sampleA_part_3	MN159081.1	89.503	362	36	2	141	501	6555	6915	1.41e-136	501
sampleA_part_3	MN159080.1	89.503	362	36	2	141	501	6555	6915	1.41e-136	501
sampleA_part_3	MN145939.1	89.503	362	36	2	141	501	6555	6915	1.41e-136	501
sampleA_part_3	MN145938.1	89.503	362	36	2	141	501	6555	6915	1.41e-136	501
sampleA_part_3	MN145937.1	89.503	362	36	2	141	501	6555	6915	1.41e-136	501
sampleA_part_3	MH198022.1	89.503	362	36	2	141	501	6548	6908	1.41e-136	501
sampleA_part_3	KY026773.1	89.503	362	36	2	141	501	6555	6915	1.41e-136	501
sampleA_part_3	KY026772.1	89.503	362	36	2	141	501	6555	6915	1.41e-136	501
sampleA_part_3	KY026771.1	89.503	362	36	2	141	501	6556	6916	1.41e-136	501
sampleA_part_3	KY026770.1	89.503	362	36	2	141	501	6556	6916	1.41e-136	501
sampleA_part_3	KY026769.1	89.503	362	36	2	141	501	6556	6916	1.41e-136	501
sampleA_part_3	KY026768.1	89.503	362	36	2	141	501	6556	6916	1.41e-136	501
sampleA_part_3	KY026767.1	89.503	362	36	2	141	501	6556	6916	1.41e-136	501
sampleA_part_3	KY026766.1	89.503	362	36	2	141	501	6556	6916	1.41e-136	501
sampleA_part_3	MZ618259.1	89.503	362	36	2	141	501	6976	7336	1.41e-136	501
sampleA_part_3	MZ618258.1	89.503	362	36	2	141	501	6976	7336	1.41e-136	501
sampleA_part_3	MZ618257.1	89.503	362	36	2	141	501	6975	7335	1.41e-136	501
sampleA_part_3	MZ618256.1	89.503	362	36	2	141	501	6976	7336	1.41e-136	501
sampleA_part_3	MZ618255.1	89.503	362	36	2	141	501	6975	7335	1.41e-136	501
sampleA_part_3	MZ618254.1	89.503	362	36	2	141	501	6975	7335	1.41e-136	501
sampleA_part_3	MZ618253.1	89.503	362	36	2	141	501	6975	7335	1.41e-136	501
sampleA_part_3	MZ618252.1	89.503	362	36	2	141	501	6975	7335	1.41e-136	501
sampleA_part_3	MZ618251.1	89.503	362	36	2	141	501	6975	7335	1.41e-136	501
sampleA_part_3	MZ618250.1	89.503	362	36	2	141	501	6975	7335	1.41e-136	501
sampleA_part_3	MZ618249.1	89.503	362	36	2	141	501	6975	7335	1.41e-136	501
sampleA_part_3	MZ618248.1	89.503	362	36	2	141	501	6975	7335	1.41e-136	501
sampleA_part_3	MZ618247.1	89.503	362	36	2	141	501	6975	7335	1.41e-136	501
sampleA_part_3	MZ618246.1	89.503	362	36	2	141	501	6975	7335	1.41e-136	501
sampleA_part_3	MZ618245.1	89.503	362	36	2	141	501	6975	7335	1.41e-136	501
sampleA_part_3	MZ618244.1	89.503	362	36	2	141	501	6975	7335	1.41e-136	501
sampleA_part_3	MZ618243.1	89.503	362	36	2	141	501	6975	7335	1.41e-136	501
sampleA_part_3	MT649196.1	89.503	362	36	2	141	501	6556	6916	1.41e-136	501
sampleA_part_3	MT649195.1	89.503	362	36	2	141	501	6556	6916	1.41e-136	501
sampleA_part_3	MT649194.1	89.503	362	36	2	141	501	6555	6915	1.41e-136	501
sampleA_part_3	MT649193.1	89.503	362	36	2	141	501	6555	6915	1.41e-136	501
sampleA_part_3	MT649191.1	89.503	362	36	2	141	501	6555	6915	1.41e-136	501
sampleA_part_3	MT649190.1	89.503	362	36	2	141	501	6555	6915	1.41e-136	501
sampleA_part_3	MT649189.1	89.503	362	36	2	141	501	6555	6915	1.41e-136	501
sampleA_part_3	MT649188.1	89.503	362	36	2	141	501	6555	6915	1.41e-136	501
sampleA_part_3	MT649187.1	89.503	362	36	2	141	501	6555	6915	1.41e-136	501
sampleA_part_3	MT649186.1	89.503	362	36	2	141	501	6555	6915	1.41e-136	501
sampleA_part_3	MT649185.1	89.503	362	36	2	141	501	6556	6916	1.41e-136	501
sampleA_part_3	AP006472.1	89.503	362	36	2	141	501	6555	6915	1.41e-136	501
sampleA_part_3	NC_005268.1	89.503	362	36	2	141	501	6557	6917	1.41e-136	501
sampleA_part_3	MZ618260.1	89.227	362	37	2	141	501	6976	7336	6.54e-135	496
sampleA_part_3	MT649192.1	89.227	362	37	2	141	501	6555	6915	6.54e-135	496
sampleA_part_3	MF409245.1	85.556	360	52	0	142	501	6562	6921	1.13e-112	422
sampleA_part_3	NC_005270.1	85.556	360	52	0	142	501	6562	6921	1.13e-112	422
sampleA_part_3	MF409244.1	85.278	360	53	0	142	501	6563	6922	5.24e-111	416
sampleA_part_3	AP006471.1	85.278	360	53	0	142	501	6563	6922	5.24e-111	416
sampleA_part_3	MT874478.1	85.000	360	54	0	142	501	6341	6700	2.44e-109	411
sampleA_part_3	AB201259.1	85.000	360	54	0	142	501	6559	6918	2.44e-109	411
sampleA_part_3	NC_006928.1	85.000	360	54	0	142	501	6558	6917	2.44e-109	411
sampleA_part_3	NC_006926.1	84.765	361	55	0	141	501	6560	6920	3.15e-108	407
sampleA_part_3	OZ239556.1	84.488	361	56	0	141	501	6558	6918	1.47e-106	401
sampleA_part_3	MF409249.1	84.488	361	56	0	141	501	6559	6919	1.47e-106	401
sampleA_part_3	MF409248.1	84.488	361	56	0	141	501	6559	6919	1.47e-106	401
sampleA_part_3	NC_006929.1	84.488	361	56	0	141	501	6558	6918	1.47e-106	401
sampleA_part_3	PQ997938.1	84.167	360	57	0	142	501	6558	6917	2.45e-104	394
sampleA_part_3	NC_007938.1	84.167	360	57	0	142	501	6557	6916	2.45e-104	394
sampleA_part_3	MH198021.1	95.142	247	10	2	256	501	6587	6832	8.83e-104	392
sampleA_part_3	AP006475.1	83.989	356	57	0	146	501	6555	6910	4.11e-102	387
sampleA_part_3	NC_005269.1	83.989	356	57	0	146	501	6555	6910	4.11e-102	387
sampleA_part_3	KC776693.2	83.380	361	60	0	141	501	6554	6914	6.87e-100	379
sampleA_part_3	NC_021434.2	83.380	361	60	0	141	501	6554	6914	6.87e-100	379
sampleA_part_3	KF032875.2	83.380	361	60	0	141	501	6556	6916	6.87e-100	379
sampleA_part_3	KF032873.1	83.380	361	60	0	141	501	6556	6916	6.87e-100	379
sampleA_part_3	ON675289.1	83.333	360	60	0	142	501	6971	7330	2.47e-99	377
sampleA_part_3	NC_005274.1	83.333	360	60	0	142	501	6551	6910	2.47e-99	377
sampleA_part_3	KC776692.2	83.102	361	61	0	141	501	6554	6914	3.20e-98	374
sampleA_part_3	KC776689.2	83.102	361	61	0	141	501	6554	6914	3.20e-98	374
sampleA_part_3	OX465372.1	83.102	361	61	0	141	501	6561	6921	3.20e-98	374
sampleA_part_3	OK326893.1	83.102	361	61	0	141	501	6555	6915	3.20e-98	374
sampleA_part_3	KC776695.1	83.102	361	61	0	141	501	6554	6914	3.20e-98	374
sampleA_part_3	ON675381.1	83.056	360	61	0	142	501	6971	7330	1.15e-97	372
sampleA_part_3	ON675358.1	83.056	360	61	0	142	501	6971	7330	1.15e-97	372
sampleA_part_3	ON675352.1	83.056	360	61	0	142	501	6971	7330	1.15e-97	372
sampleA_part_3	ON675293.1	83.056	360	61	0	142	501	6971	7330	1.15e-97	372
sampleA_part_3	ON675288.1	83.056	360	61	0	142	501	6971	7330	1.15e-97	372
sampleA_part_3	ON675287.1	83.056	360	61	0	142	501	6971	7330	1.15e-97	372
sampleA_part_3	KC776694.2	82.825	361	62	0	141	501	6554	6914	1.49e-96	368
sampleA_part_3	KC776691.2	82.825	361	62	0	141	501	6554	6914	1.49e-96	368
sampleA_part_3	KC776690.2	82.825	361	62	0	141	501	6554	6914	1.49e-96	368
sampleA_part_3	OK326892.1	82.825	361	62	0	141	501	6555	6915	1.49e-96	368
sampleA_part_3	MT410935.1	82.825	361	62	0	141	501	6575	6935	1.49e-96	368
sampleA_part_3	JF339979.1	82.825	361	62	0	141	501	4477	4837	1.49e-96	368
sampleA_part_3	AP006468.1	82.825	361	62	0	141	501	6561	6921	1.49e-96	368
sampleA_part_3	NC_005271.1	82.825	361	62	0	141	501	6562	6922	1.49e-96	368
sampleA_part_3	MF409242.1	82.778	360	62	0	142	501	6550	6909	5.35e-96	366
sampleA_part_3	ON257910.1	82.778	360	62	0	142	501	6549	6908	5.35e-96	366
sampleA_part_3	ON257909.1	82.778	360	62	0	142	501	6549	6908	5.35e-96	366
sampleA_part_3	ON257908.1	82.778	360	62	0	142	501	6549	6908	5.35e-96	366
sampleA_part_3	ON257907.1	82.778	360	62	0	142	501	6549	6908	5.35e-96	366
sampleA_part_3	ON257906.1	82.778	360	62	0	142	501	6549	6908	5.35e-96	366
sampleA_part_3	ON257905.1	82.778	360	62	0	142	501	6549	6908	5.35e-96	366
sampleA_part_3	ON257904.1	82.778	360	62	0	142	501	6549	6908	5.35e-96	366
sampleA_part_3	ON257903.1	82.778	360	62	0	142	501	6549	6908	5.35e-96	366
sampleA_part_3	ON257902.1	82.778	360	62	0	142	501	6549	6908	5.35e-96	366
sampleA_part_3	ON257901.1	82.778	360	62	0	142	501	6549	6908	5.35e-96	366
sampleA_part_3	ON257900.1	82.778	360	62	0	142	501	6549	6908	5.35e-96	366
sampleA_part_3	ON257898.1	82.778	360	62	0	142	501	6549	6908	5.35e-96	366
sampleA_part_3	ON257897.1	82.778	360	62	0	142	501	6549	6908	5.35e-96	366
sampleA_part_3	ON257896.1	82.778	360	62	0	142	501	6549	6908	5.35e-96	366
sampleA_part_3	ON257895.1	82.778	360	62	0	142	501	6549	6908	5.35e-96	366
sampleA_part_3	ON257894.1	82.778	360	62	0	142	501	6549	6908	5.35e-96	366
sampleA_part_3	ON257893.1	82.778	360	62	0	142	501	6549	6908	5.35e-96	366
sampleA_part_3	ON257892.1	82.778	360	62	0	142	501	6549	6908	5.35e-96	366
sampleA_part_3	ON257891.1	82.778	360	62	0	142	501	6549	6908	5.35e-96	366
sampleA_part_3	ON257890.1	82.778	360	62	0	142	501	6549	6908	5.35e-96	366
sampleA_part_3	ON257888.1	82.778	360	62	0	142	501	6549	6908	5.35e-96	366
sampleA_part_3	ON257887.1	82.778	360	62	0	142	501	6549	6908	5.35e-96	366
sampleA_part_3	ON257886.1	82.778	360	62	0	142	501	6549	6908	5.35e-96	366
sampleA_part_3	ON257885.1	82.778	360	62	0	142	501	6549	6908	5.35e-96	366
sampleA_part_3	ON257884.1	82.778	360	62	0	142	501	6549	6908	5.35e-96	366
sampleA_part_3	ON675434.1	82.778	360	62	0	142	501	6971	7330	5.35e-96	366
sampleA_part_3	ON675432.1	82.778	360	62	0	142	501	6971	7330	5.35e-96	366
sampleA_part_3	ON675431.1	82.778	360	62	0	142	501	6971	7330	5.35e-96	366
sampleA_part_3	ON675428.1	82.778	360	62	0	142	501	6971	7330	5.35e-96	366
sampleA_part_3	ON675425.1	82.778	360	62	0	142	501	6971	7330	5.35e-96	366
sampleA_part_3	ON675424.1	82.778	360	62	0	142	501	6971	7330	5.35e-96	366
sampleA_part_3	ON675422.1	82.778	360	62	0	142	501	6971	7330	5.35e-96	366
sampleA_part_3	ON675414.1	82.778	360	62	0	142	501	6971	7330	5.35e-96	366
sampleA_part_3	ON675412.1	82.778	360	62	0	142	501	6971	7330	5.35e-96	366
sampleA_part_3	ON675411.1	82.778	360	62	0	142	501	6971	7330	5.35e-96	366
sampleA_part_3	ON675410.1	82.778	360	62	0	142	501	6971	7330	5.35e-96	366
sampleA_part_3	ON675407.1	82.778	360	62	0	142	501	6971	7330	5.35e-96	366
sampleA_part_3	ON675406.1	82.778	360	62	0	142	501	6971	7330	5.35e-96	366
sampleA_part_3	ON675405.1	82.778	360	62	0	142	501	6971	7330	5.35e-96	366
sampleA_part_3	ON675397.1	82.778	360	62	0	142	501	6971	7330	5.35e-96	366
sampleA_part_3	ON675396.1	82.778	360	62	0	142	501	6971	7330	5.35e-96	366
sampleA_part_3	ON675394.1	82.778	360	62	0	142	501	6971	7330	5.35e-96	366
sampleA_part_3	ON675391.1	82.778	360	62	0	142	501	6971	7330	5.35e-96	366
sampleA_part_3	ON675389.1	82.778	360	62	0	142	501	6971	7330	5.35e-96	366
sampleA_part_3	ON675388.1	82.778	360	62	0	142	501	6971	7330	5.35e-96	366
sampleA_part_3	ON675387.1	82.778	360	62	0	142	501	6971	7330	5.35e-96	366
sampleA_part_3	ON675384.1	82.778	360	62	0	142	501	6971	7330	5.35e-96	366
sampleA_part_3	ON675382.1	82.778	360	62	0	142	501	6971	7330	5.35e-96	366
sampleA_part_3	ON675378.1	82.778	360	62	0	142	501	6971	7330	5.35e-96	366
sampleA_part_3	ON675376.1	82.778	360	62	0	142	501	6971	7330	5.35e-96	366
sampleA_part_3	ON675375.1	82.778	360	62	0	142	501	6971	7330	5.35e-96	366
sampleA_part_3	ON675374.1	82.778	360	62	0	142	501	6971	7330	5.35e-96	366
sampleA_part_3	ON675372.1	82.778	360	62	0	142	501	6971	7330	5.35e-96	366
sampleA_part_3	ON675371.1	82.778	360	62	0	142	501	6971	7330	5.35e-96	366
sampleA_part_3	ON675370.1	82.778	360	62	0	142	501	6971	7330	5.35e-96	366
sampleA_part_3	ON675368.1	82.778	360	62	0	142	501	6971	7330	5.35e-96	366
sampleA_part_3	ON675367.1	82.778	360	62	0	142	501	6971	7330	5.35e-96	366
sampleA_part_3	ON675365.1	82.778	360	62	0	142	501	6971	7330	5.35e-96	366
sampleA_part_3	ON675364.1	82.778	360	62	0	142	501	6971	7330	5.35e-96	366
sampleA_part_3	ON675363.1	82.778	360	62	0	142	501	6971	7330	5.35e-96	366
sampleA_part_3	ON675361.1	82.778	360	62	0	142	501	6971	7330	5.35e-96	366
sampleA_part_3	ON675360.1	82.778	360	62	0	142	501	6971	7330	5.35e-96	366
sampleA_part_3	ON675356.1	82.778	360	62	0	142	501	6971	7330	5.35e-96	366
sampleA_part_3	ON675355.1	82.778	360	62	0	142	501	6971	7330	5.35e-96	366
sampleA_part_3	ON675354.1	82.778	360	62	0	142	501	6971	7330	5.35e-96	366
sampleA_part_3	ON675353.1	82.778	360	62	0	142	501	6971	7330	5.35e-96	366
sampleA_part_3	ON675351.1	82.778	360	62	0	142	501	6971	7330	5.35e-96	366
sampleA_part_3	ON675350.1	82.778	360	62	0	142	501	6971	7330	5.35e-96	366
sampleA_part_3	ON675349.1	82.778	360	62	0	142	501	6971	7330	5.35e-96	366
sampleA_part_3	ON675346.1	82.778	360	62	0	142	501	6971	7330	5.35e-96	366
sampleA_part_3	ON675344.1	82.778	360	62	0	142	501	6971	7330	5.35e-96	366
sampleA_part_3	ON675342.1	82.778	360	62	0	142	501	6971	7330	5.35e-96	366
sampleA_part_3	ON675341.1	82.778	360	62	0	142	501	6971	7330	5.35e-96	366
sampleA_part_3	ON675340.1	82.778	360	62	0	142	501	6971	7330	5.35e-96	366
sampleA_part_3	ON675339.1	82.778	360	62	0	142	501	6971	7330	5.35e-96	366
sampleA_part_3	ON675337.1	82.778	360	62	0	142	501	6971	7330	5.35e-96	366
sampleA_part_3	ON675335.1	82.778	360	62	0	142	501	6971	7330	5.35e-96	366
sampleA_part_3	ON675334.1	82.778	360	62	0	142	501	6971	7330	5.35e-96	366
sampleA_part_3	ON675333.1	82.778	360	62	0	142	501	6971	7330	5.35e-96	366
sampleA_part_3	ON675332.1	82.778	360	62	0	142	501	6971	7330	5.35e-96	366
sampleA_part_3	ON675331.1	82.778	360	62	0	142	501	6971	7330	5.35e-96	366
sampleA_part_3	ON675330.1	82.778	360	62	0	142	501	6972	7331	5.35e-96	366
sampleA_part_3	ON675329.1	82.778	360	62	0	142	501	6971	7330	5.35e-96	366
sampleA_part_3	ON675328.1	82.778	360	62	0	142	501	6971	7330	5.35e-96	366
sampleA_part_3	ON675327.1	82.778	360	62	0	142	501	6971	7330	5.35e-96	366
sampleA_part_3	ON675324.1	82.778	360	62	0	142	501	6971	7330	5.35e-96	366
sampleA_part_3	ON675323.1	82.778	360	62	0	142	501	6971	7330	5.35e-96	366
sampleA_part_3	ON675319.1	82.778	360	62	0	142	501	6971	7330	5.35e-96	366
sampleA_part_3	ON675318.1	82.778	360	62	0	142	501	6971	7330	5.35e-96	366
sampleA_part_3	ON675316.1	82.778	360	62	0	142	501	6970	7329	5.35e-96	366
sampleA_part_3	ON675314.1	82.778	360	62	0	142	501	6971	7330	5.35e-96	366
sampleA_part_3	ON675313.1	82.778	360	62	0	142	501	6971	7330	5.35e-96	366
sampleA_part_3	ON675312.1	82.778	360	62	0	142	501	6971	7330	5.35e-96	366
sampleA_part_3	ON675311.1	82.778	360	62	0	142	501	6971	7330	5.35e-96	366
sampleA_part_3	ON675308.1	82.778	360	62	0	142	501	6971	7330	5.35e-96	366
sampleA_part_3	ON675307.1	82.778	360	62	0	142	501	6971	7330	5.35e-96	366
sampleA_part_3	ON675306.1	82.778	360	62	0	142	501	6971	7330	5.35e-96	366
sampleA_part_3	ON675305.1	82.778	360	62	0	142	501	6971	7330	5.35e-96	366
sampleA_part_3	ON675304.1	82.778	360	62	0	142	501	6971	7330	5.35e-96	366
sampleA_part_3	ON675303.1	82.778	360	62	0	142	501	6971	7330	5.35e-96	366
sampleA_part_3	ON675302.1	82.778	360	62	0	142	501	6971	7330	5.35e-96	366
sampleA_part_3	ON675301.1	82.778	360	62	0	142	501	6971	7330	5.35e-96	366
sampleA_part_3	ON675300.1	82.778	360	62	0	142	501	6971	7330	5.35e-96	366
sampleA_part_3	ON675299.1	82.778	360	62	0	142	501	6971	7330	5.35e-96	366
sampleA_part_3	ON675298.1	82.778	360	62	0	142	501	6971	7330	5.35e-96	366
sampleA_part_3	ON675297.1	82.778	360	62	0	142	501	6971	7330	5.35e-96	366
sampleA_part_3	ON675296.1	82.778	360	62	0	142	501	6971	7330	5.35e-96	366
sampleA_part_3	ON675295.1	82.778	360	62	0	142	501	6971	7330	5.35e-96	366
sampleA_part_3	ON675294.1	82.778	360	62	0	142	501	6971	7330	5.35e-96	366
sampleA_part_3	ON675292.1	82.778	360	62	0	142	501	6971	7330	5.35e-96	366
sampleA_part_3	ON675291.1	82.778	360	62	0	142	501	6970	7329	5.35e-96	366
sampleA_part_3	ON675285.1	82.778	360	62	0	142	501	6971	7330	5.35e-96	366
sampleA_part_3	ON675284.1	82.778	360	62	0	142	501	6971	7330	5.35e-96	366
sampleA_part_3	ON675283.1	82.778	360	62	0	142	501	6971	7330	5.35e-96	366
sampleA_part_3	ON675282.1	82.778	360	62	0	142	501	6972	7331	5.35e-96	366
sampleA_part_3	NC_041303.1	82.597	362	61	2	141	501	6551	6911	6.92e-95	363
sampleA_part_3	PP829133.1	82.955	352	60	0	141	492	6555	6906	6.92e-95	363
sampleA_part_3	PP829132.1	82.955	352	60	0	141	492	6555	6906	6.92e-95	363
sampleA_part_3	KF032878.2	82.548	361	63	0	141	501	6556	6916	6.92e-95	363
sampleA_part_3	KF032877.2	82.548	361	63	0	141	501	6556	6916	6.92e-95	363
sampleA_part_3	KF032876.2	82.548	361	63	0	141	501	6556	6916	6.92e-95	363
sampleA_part_3	KF032874.2	82.548	361	63	0	141	501	6556	6916	6.92e-95	363
sampleA_part_3	KF032872.2	82.548	361	63	0	141	501	6556	6916	6.92e-95	363
sampleA_part_3	KF032871.2	82.548	361	63	0	141	501	6556	6916	6.92e-95	363
sampleA_part_3	KF032870.2	82.548	361	63	0	141	501	6556	6916	6.92e-95	363
sampleA_part_3	KF032869.2	82.548	361	63	0	141	501	6556	6916	6.92e-95	363
sampleA_part_3	JF339980.1	82.955	352	60	0	141	492	4476	4827	6.92e-95	363
sampleA_part_3	JF339978.1	82.955	352	60	0	141	492	4476	4827	6.92e-95	363
sampleA_part_3	NC_019591.1	82.955	352	60	0	141	492	6558	6909	6.92e-95	363
sampleA_part_3	NC_042761.1	82.500	360	63	0	142	501	6553	6912	2.49e-94	361
sampleA_part_3	ON675409.1	82.500	360	63	0	142	501	6971	7330	2.49e-94	361
sampleA_part_3	NC_083094.1	82.500	360	63	0	142	501	6557	6916	2.49e-94	361
sampleA_part_3	MT410901.1	82.500	360	63	0	142	501	6557	6916	2.49e-94	361
sampleA_part_3	JF339982.1	82.500	360	63	0	142	501	6555	6914	2.49e-94	361
sampleA_part_3	AJ554061.1	82.500	360	63	0	142	501	6557	6916	2.49e-94	361
sampleA_part_3	NC_001601.1	82.500	360	63	0	142	501	6970	7329	2.49e-94	361
sampleA_part_3	FJ590428.1	82.271	361	64	0	141	501	3789	4149	8.95e-94	359
sampleA_part_3	KF032868.2	82.271	361	64	0	141	501	6556	6916	3.22e-93	357
sampleA_part_3	KF032867.2	82.271	361	64	0	141	501	6556	6916	3.22e-93	357
sampleA_part_3	JF339981.1	82.271	361	64	0	141	501	4476	4836	3.22e-93	357
sampleA_part_3	OZ205435.1	82.222	360	64	0	142	501	6560	6919	1.16e-92	355
sampleA_part_3	KC312622.1	82.173	359	64	0	141	499	3783	4141	1.16e-92	355
sampleA_part_3	NC_042217.1	81.944	360	65	0	142	501	6556	6915	5.39e-91	350
sampleA_part_3	OK326891.1	81.944	360	65	0	142	501	6556	6915	5.39e-91	350
sampleA_part_3	OK326890.1	81.944	360	65	0	142	501	6556	6915	5.39e-91	350
sampleA_part_3	OK326889.1	81.944	360	65	0	142	501	6556	6915	5.39e-91	350
sampleA_part_3	OK326888.1	81.944	360	65	0	142	501	6556	6915	5.39e-91	350
sampleA_part_3	OK326887.1	81.944	360	65	0	142	501	6556	6915	5.39e-91	350
sampleA_part_3	OK326886.1	81.944	360	65	0	142	501	6556	6915	5.39e-91	350
sampleA_part_3	OK326885.1	81.944	360	65	0	142	501	6556	6915	5.39e-91	350
sampleA_part_3	OK326884.1	81.944	360	65	0	142	501	6556	6915	5.39e-91	350
sampleA_part_3	KX857303.1	81.742	356	65	0	146	501	7468	7823	6.97e-90	346
sampleA_part_3	MF669485.1	81.440	361	67	0	141	501	6551	6911	3.24e-88	340
sampleA_part_3	KT601207.1	81.440	361	67	0	141	501	6553	6913	3.24e-88	340
sampleA_part_3	KT601206.1	81.440	361	67	0	141	501	6553	6913	3.24e-88	340
sampleA_part_3	KT601203.1	81.440	361	67	0	141	501	6553	6913	3.24e-88	340
sampleA_part_3	KT601202.1	81.440	361	67	0	141	501	6553	6913	3.24e-88	340
sampleA_part_3	KT601201.1	81.440	361	67	0	141	501	6553	6913	3.24e-88	340
sampleA_part_3	KT601200.1	81.440	361	67	0	141	501	6553	6913	3.24e-88	340
sampleA_part_3	KT601199.1	81.440	361	67	0	141	501	6553	6913	3.24e-88	340
sampleA_part_3	KT601196.1	81.440	361	67	0	141	501	6553	6913	3.24e-88	340
sampleA_part_3	KT601195.1	81.440	361	67	0	141	501	6553	6913	3.24e-88	340
sampleA_part_3	KT601189.1	81.440	361	67	0	141	501	6553	6913	3.24e-88	340
sampleA_part_3	KT601188.1	81.440	361	67	0	141	501	6553	6913	3.24e-88	340
sampleA_part_3	OR120228.1	81.440	361	67	0	141	501	6553	6913	3.24e-88	340
sampleA_part_3	OR120227.1	81.440	361	67	0	141	501	6553	6913	3.24e-88	340
sampleA_part_3	OR120213.1	81.440	361	67	0	141	501	6553	6913	3.24e-88	340
sampleA_part_3	OR120212.1	81.440	361	67	0	141	501	6553	6913	3.24e-88	340
sampleA_part_3	OR120211.1	81.440	361	67	0	141	501	6553	6913	3.24e-88	340
sampleA_part_3	OR120209.1	81.440	361	67	0	141	501	6553	6913	3.24e-88	340
sampleA_part_3	OR120207.1	81.440	361	67	0	141	501	6553	6913	3.24e-88	340
sampleA_part_3	OR120206.1	81.440	361	67	0	141	501	6553	6913	3.24e-88	340
sampleA_part_3	OR120204.1	81.440	361	67	0	141	501	6553	6913	3.24e-88	340
sampleA_part_3	OR120202.1	81.440	361	67	0	141	501	6553	6913	3.24e-88	340
sampleA_part_3	OR120200.1	81.440	361	67	0	141	501	6553	6913	3.24e-88	340
sampleA_part_3	OR120196.1	81.440	361	67	0	141	501	6553	6913	3.24e-88	340
sampleA_part_3	OR120194.1	81.440	361	67	0	141	501	6553	6913	3.24e-88	340
sampleA_part_3	OR120177.1	81.440	361	67	0	141	501	6553	6913	3.24e-88	340
sampleA_part_3	OR120175.1	81.440	361	67	0	141	501	6553	6913	3.24e-88	340
sampleA_part_3	OR120173.1	81.440	361	67	0	141	501	6553	6913	3.24e-88	340
sampleA_part_3	KF570388.1	81.440	361	67	0	141	501	6553	6913	3.24e-88	340
sampleA_part_3	KF570387.1	81.440	361	67	0	141	501	6553	6913	3.24e-88	340
sampleA_part_3	KF570384.1	81.440	361	67	0	141	501	6553	6913	3.24e-88	340
sampleA_part_3	KF570382.1	81.440	361	67	0	141	501	6552	6912	3.24e-88	340
sampleA_part_3	KF570381.1	81.440	361	67	0	141	501	6553	6913	3.24e-88	340
sampleA_part_3	KF570352.1	81.440	361	67	0	141	501	6553	6913	3.24e-88	340
sampleA_part_3	KF570333.1	81.440	361	67	0	141	501	6553	6913	3.24e-88	340
sampleA_part_3	KF570330.1	81.440	361	67	0	141	501	6553	6913	3.24e-88	340
sampleA_part_3	KF570329.1	81.440	361	67	0	141	501	6553	6913	3.24e-88	340
sampleA_part_3	KF570328.1	81.440	361	67	0	141	501	6553	6913	3.24e-88	340
sampleA_part_3	KF570325.1	81.440	361	67	0	141	501	6553	6913	3.24e-88	340
sampleA_part_3	KF570324.1	81.440	361	67	0	141	501	6553	6913	3.24e-88	340
sampleA_part_3	KF570323.1	81.440	361	67	0	141	501	6553	6913	3.24e-88	340
sampleA_part_3	KF570321.1	81.440	361	67	0	141	501	6553	6913	3.24e-88	340
sampleA_part_3	KF570320.1	81.440	361	67	0	141	501	6553	6913	3.24e-88	340
sampleA_part_3	KF570315.1	81.440	361	67	0	141	501	6553	6913	3.24e-88	340
sampleA_part_3	OR120191.1	81.766	351	64	0	142	492	6554	6904	1.17e-87	339
sampleA_part_3	OR120226.1	81.163	361	68	0	141	501	6553	6913	1.51e-86	335
sampleA_part_3	OR120225.1	81.163	361	68	0	141	501	6553	6913	1.51e-86	335
sampleA_part_3	OR120224.1	81.163	361	68	0	141	501	6553	6913	1.51e-86	335
sampleA_part_3	OR120223.1	81.163	361	68	0	141	501	6553	6913	1.51e-86	335
sampleA_part_3	OR120221.1	81.163	361	68	0	141	501	6553	6913	1.51e-86	335
sampleA_part_3	OR120220.1	81.163	361	68	0	141	501	6553	6913	1.51e-86	335
sampleA_part_3	OR120219.1	81.163	361	68	0	141	501	6553	6913	1.51e-86	335
sampleA_part_3	OR120218.1	81.163	361	68	0	141	501	6553	6913	1.51e-86	335
sampleA_part_3	OR120217.1	81.163	361	68	0	141	501	6553	6913	1.51e-86	335
sampleA_part_3	OR120216.1	81.163	361	68	0	141	501	6553	6913	1.51e-86	335
sampleA_part_3	OR120215.1	81.163	361	68	0	141	501	6553	6913	1.51e-86	335
sampleA_part_3	OR120214.1	81.163	361	68	0	141	501	6553	6913	1.51e-86	335
sampleA_part_3	OR120190.1	81.163	361	68	0	141	501	6553	6913	1.51e-86	335
sampleA_part_3	OR120182.1	81.163	361	68	0	141	501	6553	6913	1.51e-86	335
sampleA_part_3	OR120181.1	81.163	361	68	0	141	501	6553	6913	1.51e-86	335
sampleA_part_3	OR120179.1	81.163	361	68	0	141	501	6553	6913	1.51e-86	335
sampleA_part_3	OR120174.1	81.163	361	68	0	141	501	6553	6913	1.51e-86	335
sampleA_part_3	OR120172.1	81.163	361	68	0	141	501	6553	6913	1.51e-86	335
sampleA_part_3	OR120169.1	81.163	361	68	0	141	501	6553	6913	1.51e-86	335
sampleA_part_3	KF032865.1	81.163	361	67	1	141	501	6549	6908	1.51e-86	335
sampleA_part_3	KF032866.2	81.163	361	67	1	141	501	6558	6917	5.43e-86	333
sampleA_part_3	KF032864.2	81.163	361	67	1	141	501	6558	6917	5.43e-86	333
sampleA_part_3	KF032863.2	81.163	361	67	1	141	501	6558	6917	5.43e-86	333
sampleA_part_3	KF032862.2	81.163	361	67	1	141	501	6558	6917	5.43e-86	333
sampleA_part_3	ON675348.1	90.244	246	24	0	256	501	7085	7330	9.08e-84	326
sampleA_part_3	MK790782.1	88.618	246	28	0	256	501	6668	6913	4.26e-77	303
sampleA_part_3	MK790781.1	88.618	246	28	0	256	501	6668	6913	4.26e-77	303
sampleA_part_3	MK790780.1	88.618	246	28	0	256	501	6668	6913	4.26e-77	303
sampleA_part_3	MK790779.1	88.618	246	28	0	256	501	6668	6913	4.26e-77	303
sampleA_part_3	MK790778.1	88.618	246	28	0	256	501	6668	6913	4.26e-77	303
sampleA_part_3	MK790777.1	88.618	246	28	0	256	501	6668	6913	4.26e-77	303
sampleA_part_3	MK790776.1	88.618	246	28	0	256	501	6668	6913	4.26e-77	303
sampleA_part_3	MK790775.1	88.618	246	28	0	256	501	6668	6913	4.26e-77	303
sampleA_part_3	MK790774.1	88.618	246	28	0	256	501	6668	6913	4.26e-77	303
sampleA_part_3	MK790773.1	88.618	246	28	0	256	501	6668	6913	4.26e-77	303
sampleA_part_3	MK790772.1	88.618	246	28	0	256	501	6668	6913	4.26e-77	303
sampleA_part_3	MK790771.1	88.618	246	28	0	256	501	6668	6913	4.26e-77	303
sampleA_part_3	MK790770.1	88.618	246	28	0	256	501	6668	6913	4.26e-77	303
sampleA_part_3	MK790769.1	88.618	246	28	0	256	501	6668	6913	4.26e-77	303
sampleA_part_3	MK790766.1	88.618	246	28	0	256	501	6668	6913	4.26e-77	303
sampleA_part_3	MK790765.1	88.618	246	28	0	256	501	6668	6913	4.26e-77	303
sampleA_part_3	MK790764.1	88.618	246	28	0	256	501	6668	6913	4.26e-77	303
sampleA_part_3	MK790763.1	88.618	246	28	0	256	501	6668	6913	4.26e-77	303
sampleA_part_3	MK790762.1	88.618	246	28	0	256	501	6668	6913	4.26e-77	303
sampleA_part_3	MK790761.1	88.618	246	28	0	256	501	6668	6913	4.26e-77	303
sampleA_part_3	MK790760.1	88.618	246	28	0	256	501	6668	6913	4.26e-77	303
sampleA_part_3	MK790759.1	88.618	246	28	0	256	501	6668	6913	4.26e-77	303
sampleA_part_3	MK790758.1	88.618	246	28	0	256	501	6668	6913	4.26e-77	303
sampleA_part_3	MK790757.1	88.618	246	28	0	256	501	6668	6913	4.26e-77	303
sampleA_part_3	MK790756.1	88.618	246	28	0	256	501	6668	6913	4.26e-77	303
sampleA_part_3	MK790755.1	88.618	246	28	0	256	501	6668	6913	4.26e-77	303
sampleA_part_3	MK790754.1	88.618	246	28	0	256	501	6668	6913	4.26e-77	303
sampleA_part_3	MK790752.1	88.618	246	28	0	256	501	6668	6913	4.26e-77	303
sampleA_part_3	MK790751.1	88.618	246	28	0	256	501	6668	6913	4.26e-77	303
sampleA_part_3	MK790750.1	88.618	246	28	0	256	501	6668	6913	4.26e-77	303
sampleA_part_3	MK790749.1	88.618	246	28	0	256	501	6668	6913	4.26e-77	303
sampleA_part_3	MK790747.1	88.618	246	28	0	256	501	6668	6913	4.26e-77	303
sampleA_part_3	MK790745.1	88.618	246	28	0	256	501	6668	6913	4.26e-77	303
sampleA_part_3	MK790743.1	88.618	246	28	0	256	501	6668	6913	4.26e-77	303
sampleA_part_3	MK790740.1	88.618	246	28	0	256	501	6668	6913	4.26e-77	303
sampleA_part_3	MK790739.1	88.618	246	28	0	256	501	6668	6913	4.26e-77	303
sampleA_part_3	MK790738.1	88.618	246	28	0	256	501	6668	6913	4.26e-77	303
sampleA_part_3	MK790736.1	88.618	246	28	0	256	501	6668	6913	4.26e-77	303
sampleA_part_3	MK790734.1	88.618	246	28	0	256	501	6668	6913	4.26e-77	303
sampleA_part_3	MK790730.1	88.618	246	28	0	256	501	6668	6913	4.26e-77	303
sampleA_part_3	MK790727.1	88.618	246	28	0	256	501	6668	6913	4.26e-77	303
sampleA_part_3	MK790724.1	88.618	246	28	0	256	501	6668	6913	4.26e-77	303
sampleA_part_3	MK790722.1	88.618	246	28	0	256	501	6668	6913	4.26e-77	303
sampleA_part_3	MK790719.1	88.618	246	28	0	256	501	6668	6913	4.26e-77	303
sampleA_part_3	MK790718.1	88.618	246	28	0	256	501	6668	6913	4.26e-77	303
sampleA_part_3	MK790717.1	88.618	246	28	0	256	501	6668	6913	4.26e-77	303
sampleA_part_3	MK790716.1	88.618	246	28	0	256	501	6668	6913	4.26e-77	303
sampleA_part_3	MK790712.1	88.618	246	28	0	256	501	6668	6913	4.26e-77	303
sampleA_part_3	MK790711.1	88.618	246	28	0	256	501	6668	6913	4.26e-77	303
sampleA_part_3	MK790710.1	88.618	246	28	0	256	501	6668	6913	4.26e-77	303
sampleA_part_3	MK790709.1	88.618	246	28	0	256	501	6668	6913	4.26e-77	303
sampleA_part_3	MK790708.1	88.618	246	28	0	256	501	6668	6913	4.26e-77	303
sampleA_part_3	MK790707.1	88.618	246	28	0	256	501	6668	6913	4.26e-77	303
sampleA_part_3	MK790706.1	88.618	246	28	0	256	501	6668	6913	4.26e-77	303
sampleA_part_3	MK790705.1	88.618	246	28	0	256	501	6668	6913	4.26e-77	303
sampleA_part_3	MK790704.1	88.618	246	28	0	256	501	6668	6913	4.26e-77	303
sampleA_part_3	MK790703.1	88.618	246	28	0	256	501	6668	6913	4.26e-77	303
sampleA_part_3	MK790699.1	88.618	246	28	0	256	501	6668	6913	4.26e-77	303
sampleA_part_3	MK790698.1	88.618	246	28	0	256	501	6668	6913	4.26e-77	303
sampleA_part_3	MK790697.1	88.618	246	28	0	256	501	6668	6913	4.26e-77	303
sampleA_part_3	MK790696.1	88.618	246	28	0	256	501	6668	6913	4.26e-77	303
sampleA_part_3	MK790695.1	88.618	246	28	0	256	501	6668	6913	4.26e-77	303
sampleA_part_3	MK790694.1	88.618	246	28	0	256	501	6668	6913	4.26e-77	303
sampleA_part_3	MK790693.1	88.618	246	28	0	256	501	6668	6913	4.26e-77	303
sampleA_part_3	MK790692.1	88.618	246	28	0	256	501	6668	6913	4.26e-77	303
sampleA_part_3	MK790691.1	88.618	246	28	0	256	501	6668	6913	4.26e-77	303
sampleA_part_3	MK790690.1	88.618	246	28	0	256	501	6668	6913	4.26e-77	303
sampleA_part_3	MK790689.1	88.618	246	28	0	256	501	6668	6913	4.26e-77	303
sampleA_part_3	MK790688.1	88.618	246	28	0	256	501	6668	6913	4.26e-77	303
sampleA_part_3	MK790686.1	88.618	246	28	0	256	501	6668	6913	4.26e-77	303
sampleA_part_3	ON652901.1	89.451	237	25	0	256	492	6670	6906	4.26e-77	303
sampleA_part_3	ON652900.1	89.451	237	25	0	256	492	6670	6906	4.26e-77	303
sampleA_part_3	ON652899.1	89.451	237	25	0	256	492	6670	6906	4.26e-77	303
sampleA_part_3	ON652895.1	89.451	237	25	0	256	492	6670	6906	4.26e-77	303
sampleA_part_3	ON652893.1	89.451	237	25	0	256	492	6670	6906	4.26e-77	303
sampleA_part_3	ON652885.1	89.451	237	25	0	256	492	6670	6906	4.26e-77	303
sampleA_part_3	ON652882.1	89.451	237	25	0	256	492	6670	6906	4.26e-77	303
sampleA_part_3	ON652879.1	89.451	237	25	0	256	492	6670	6906	4.26e-77	303
sampleA_part_3	NC_083222.1	88.618	246	28	0	256	501	6669	6914	4.26e-77	303
sampleA_part_3	OQ301792.1	88.618	246	28	0	256	501	1306	1551	4.26e-77	303
sampleA_part_3	OQ301791.1	88.618	246	28	0	256	501	1306	1551	4.26e-77	303
sampleA_part_3	NC_019578.2	88.618	246	28	0	256	501	6668	6913	4.26e-77	303
sampleA_part_3	JF289176.1	89.451	237	25	0	256	492	6670	6906	4.26e-77	303
sampleA_part_3	NC_019589.1	89.451	237	25	0	256	492	6670	6906	4.26e-77	303
sampleA_part_3	JF339976.1	88.618	246	28	0	256	501	6668	6913	4.26e-77	303
sampleA_part_3	JF339974.1	88.618	246	28	0	256	501	4530	4775	4.26e-77	303
sampleA_part_3	FJ590427.1	88.618	246	28	0	256	501	3904	4149	4.26e-77	303
sampleA_part_3	KC312629.1	89.076	238	26	0	256	493	3898	4135	5.50e-76	300
sampleA_part_3	MK790768.1	88.211	246	29	0	256	501	6668	6913	1.98e-75	298
sampleA_part_3	MK790767.1	88.211	246	29	0	256	501	6668	6913	1.98e-75	298
sampleA_part_3	MK790753.1	88.211	246	29	0	256	501	6668	6913	1.98e-75	298
sampleA_part_3	MK790748.1	88.211	246	29	0	256	501	6668	6913	1.98e-75	298
sampleA_part_3	MK790746.1	88.211	246	29	0	256	501	6668	6913	1.98e-75	298
sampleA_part_3	MK790744.1	88.211	246	29	0	256	501	6668	6913	1.98e-75	298
sampleA_part_3	MK790742.1	88.211	246	29	0	256	501	6668	6913	1.98e-75	298
sampleA_part_3	MK790741.1	88.211	246	29	0	256	501	6668	6913	1.98e-75	298
sampleA_part_3	MK790737.1	88.211	246	29	0	256	501	6668	6913	1.98e-75	298
sampleA_part_3	MK790735.1	88.211	246	29	0	256	501	6668	6913	1.98e-75	298
sampleA_part_3	MK790733.1	88.211	246	29	0	256	501	6668	6913	1.98e-75	298
sampleA_part_3	MK790732.1	88.211	246	29	0	256	501	6668	6913	1.98e-75	298
sampleA_part_3	MK790731.1	88.211	246	29	0	256	501	6668	6913	1.98e-75	298
sampleA_part_3	MK790729.1	88.211	246	29	0	256	501	6668	6913	1.98e-75	298
sampleA_part_3	MK790728.1	88.211	246	29	0	256	501	6668	6913	1.98e-75	298
sampleA_part_3	MK790726.1	88.211	246	29	0	256	501	6668	6913	1.98e-75	298
sampleA_part_3	MK790725.1	88.211	246	29	0	256	501	6668	6913	1.98e-75	298
sampleA_part_3	MK790723.1	88.211	246	29	0	256	501	6668	6913	1.98e-75	298
sampleA_part_3	MK790721.1	88.211	246	29	0	256	501	6668	6913	1.98e-75	298
sampleA_part_3	MK790720.1	88.211	246	29	0	256	501	6668	6913	1.98e-75	298
sampleA_part_3	MK790715.1	88.211	246	29	0	256	501	6668	6913	1.98e-75	298
sampleA_part_3	MK790714.1	88.211	246	29	0	256	501	6668	6913	1.98e-75	298
sampleA_part_3	MK790713.1	88.211	246	29	0	256	501	6668	6913	1.98e-75	298
sampleA_part_3	MK790702.1	88.211	246	29	0	256	501	6668	6913	1.98e-75	298
sampleA_part_3	MK790701.1	88.211	246	29	0	256	501	6668	6913	1.98e-75	298
sampleA_part_3	MK790700.1	88.211	246	29	0	256	501	6668	6913	1.98e-75	298
sampleA_part_3	MK790687.1	88.211	246	29	0	256	501	6668	6913	1.98e-75	298
sampleA_part_3	ON652905.1	89.030	237	26	0	256	492	6670	6906	1.98e-75	298
sampleA_part_3	ON652898.1	89.030	237	26	0	256	492	6670	6906	1.98e-75	298
sampleA_part_3	ON652897.1	89.030	237	26	0	256	492	6670	6906	1.98e-75	298
sampleA_part_3	ON652894.1	89.030	237	26	0	256	492	6670	6906	1.98e-75	298
sampleA_part_3	ON652892.1	89.030	237	26	0	256	492	6670	6906	1.98e-75	298
sampleA_part_3	ON652891.1	89.030	237	26	0	256	492	6670	6906	1.98e-75	298
sampleA_part_3	ON652890.1	89.030	237	26	0	256	492	6670	6906	1.98e-75	298
sampleA_part_3	ON652887.1	89.030	237	26	0	256	492	6670	6906	1.98e-75	298
sampleA_part_3	ON652884.1	89.030	237	26	0	256	492	6670	6906	1.98e-75	298
sampleA_part_3	ON652883.1	89.030	237	26	0	256	492	6670	6906	1.98e-75	298
sampleA_part_3	ON652881.1	89.030	237	26	0	256	492	6670	6906	1.98e-75	298
sampleA_part_3	ON652880.1	89.030	237	26	0	256	492	6670	6906	1.98e-75	298
sampleA_part_3	JF339975.1	88.211	246	29	0	256	501	4590	4835	1.98e-75	298
sampleA_part_3	JF339972.1	88.211	246	29	0	256	501	6669	6914	1.98e-75	298
sampleA_part_3	HM060334.1	88.211	246	29	0	256	501	6669	6914	1.98e-75	298
sampleA_part_3	PQ632151.1	87.805	246	30	0	256	501	6676	6921	9.21e-74	292
sampleA_part_3	NC_005276.1	87.805	246	30	0	256	501	6673	6918	9.21e-74	292
