sampleD_part1	MF460363.1	98.252	515	8	1	11	524	5414	5928	0.0	915
sampleD_part1	JX454992.1	98.252	515	8	1	11	524	5414	5928	0.0	915
sampleD_part1	JX454989.1	98.252	515	8	1	11	524	5410	5924	0.0	915
sampleD_part1	JX454973.1	98.252	515	8	1	11	524	5397	5911	0.0	915
sampleD_part1	JX454969.1	98.252	515	8	1	11	524	5414	5928	0.0	915
sampleD_part1	GQ152876.1	98.204	501	8	1	25	524	1	501	0.0	889
sampleD_part1	KU883273.1	98.140	484	8	1	42	524	1	484	0.0	857
sampleD_part1	MH273769.1	98.105	475	8	1	51	524	1	475	0.0	841
sampleD_part1	PQ216294.1	98.073	467	8	1	59	524	1	467	0.0	826
sampleD_part1	PQ069768.1	98.073	467	8	1	59	524	1	467	0.0	826
sampleD_part1	PQ216296.1	97.867	422	8	1	104	524	1	422	0.0	743
sampleD_part1	PQ069769.1	97.867	422	8	1	104	524	1	422	0.0	743
sampleD_part1	PQ216299.1	97.783	406	8	1	120	524	1	406	0.0	713
sampleD_part1	PQ069775.1	97.783	406	8	1	120	524	1	406	0.0	713
sampleD_part1	PQ276116.1	89.744	507	49	3	13	517	5405	5910	0.0	658
sampleD_part1	PQ276114.1	89.744	507	49	3	13	517	5404	5909	0.0	658
sampleD_part1	PQ276113.1	89.744	507	49	3	13	517	5405	5910	0.0	658
sampleD_part1	PQ276112.1	89.744	507	49	3	13	517	5405	5910	0.0	658
sampleD_part1	PQ276111.1	89.744	507	49	3	13	517	5405	5910	0.0	658
sampleD_part1	PQ276110.1	89.744	507	49	3	13	517	5405	5910	0.0	658
sampleD_part1	PQ276109.1	89.744	507	49	3	13	517	5405	5910	0.0	658
sampleD_part1	PQ276106.1	89.744	507	49	3	13	517	5405	5910	0.0	658
sampleD_part1	OZ223910.1	89.744	507	49	3	13	517	5405	5910	0.0	658
sampleD_part1	PQ459491.1	89.744	507	49	3	13	517	13	518	0.0	658
sampleD_part1	KP221806.1	89.744	507	49	3	13	517	5433	5938	0.0	658
sampleD_part1	JX454970.1	89.744	507	49	3	13	517	5405	5910	0.0	658
sampleD_part1	GQ152886.1	89.899	495	47	3	25	517	1	494	1.79e-180	647
sampleD_part1	NC_012398.1	89.349	507	51	3	13	517	5408	5913	1.79e-180	647
sampleD_part1	MF571906.1	89.130	506	54	1	13	517	5415	5920	2.32e-179	643
sampleD_part1	JX454986.1	89.130	506	54	1	13	517	5404	5909	2.32e-179	643
sampleD_part1	PQ276118.1	89.152	507	52	3	13	517	5405	5910	8.33e-179	641
sampleD_part1	PQ276117.1	89.152	507	52	3	13	517	5404	5909	8.33e-179	641
sampleD_part1	PQ276115.1	89.152	507	52	3	13	517	5405	5910	8.33e-179	641
sampleD_part1	PQ276108.1	89.152	507	52	3	13	517	5404	5909	8.33e-179	641
sampleD_part1	PQ276107.1	89.152	507	52	3	13	517	5404	5909	8.33e-179	641
sampleD_part1	JX454980.1	89.152	507	52	3	13	517	5405	5910	8.33e-179	641
sampleD_part1	PP762146.1	94.554	404	21	1	115	517	1	404	1.08e-177	638
sampleD_part1	KU254594.1	89.495	495	49	3	25	517	2	495	3.88e-177	636
sampleD_part1	GQ152887.1	89.271	494	52	1	25	517	1	494	5.02e-176	632
sampleD_part1	GQ152885.1	89.293	495	50	3	25	517	1	494	1.80e-175	630
sampleD_part1	OZ223967.1	88.063	511	60	1	11	520	5407	5917	3.90e-172	619
sampleD_part1	MF579505.1	88.142	506	59	1	13	517	5409	5914	5.05e-171	616
sampleD_part1	MF579504.1	88.142	506	59	1	13	517	5409	5914	5.05e-171	616
sampleD_part1	OR166594.1	88.142	506	59	1	13	517	5407	5912	5.05e-171	616
sampleD_part1	JX454988.1	88.142	506	59	1	13	517	5408	5913	5.05e-171	616
sampleD_part1	JX454984.1	88.142	506	59	1	13	517	5409	5914	5.05e-171	616
sampleD_part1	JX454977.1	88.142	506	59	1	13	517	5408	5913	5.05e-171	616
sampleD_part1	NC_018550.1	87.867	511	61	1	11	520	5424	5934	1.82e-170	614
sampleD_part1	MN136061.1	87.945	506	60	1	13	517	5395	5900	2.35e-169	610
sampleD_part1	MN136060.1	87.945	506	60	1	13	517	5395	5900	2.35e-169	610
sampleD_part1	MN136059.1	87.945	506	60	1	13	517	5395	5900	2.35e-169	610
sampleD_part1	MN136058.1	87.945	506	60	1	13	517	5395	5900	2.35e-169	610
sampleD_part1	MN136057.1	87.945	506	60	1	13	517	5395	5900	2.35e-169	610
sampleD_part1	MN136056.1	87.945	506	60	1	13	517	5395	5900	2.35e-169	610
sampleD_part1	MN136055.1	87.945	506	60	1	13	517	5395	5900	2.35e-169	610
sampleD_part1	MN136054.1	87.945	506	60	1	13	517	5395	5900	2.35e-169	610
sampleD_part1	MN136053.1	87.945	506	60	1	13	517	5395	5900	2.35e-169	610
sampleD_part1	MN136052.1	87.945	506	60	1	13	517	5395	5900	2.35e-169	610
sampleD_part1	MF554690.1	87.945	506	60	1	13	517	5410	5915	2.35e-169	610
sampleD_part1	OR166644.1	87.945	506	60	1	13	517	5409	5914	2.35e-169	610
sampleD_part1	OR166640.1	87.945	506	60	1	13	517	5409	5914	2.35e-169	610
sampleD_part1	OR166639.1	87.945	506	60	1	13	517	5409	5914	2.35e-169	610
sampleD_part1	OR166634.1	87.945	506	60	1	13	517	5409	5914	2.35e-169	610
sampleD_part1	OR166633.1	87.945	506	60	1	13	517	5409	5914	2.35e-169	610
sampleD_part1	OR166622.1	87.945	506	60	1	13	517	5409	5914	2.35e-169	610
sampleD_part1	OR166619.1	87.945	506	60	1	13	517	5409	5914	2.35e-169	610
sampleD_part1	OR166616.1	87.945	506	60	1	13	517	5409	5914	2.35e-169	610
sampleD_part1	OR166600.1	87.945	506	60	1	13	517	5409	5914	2.35e-169	610
sampleD_part1	OR166599.1	87.945	506	60	1	13	517	5409	5914	2.35e-169	610
sampleD_part1	OR166598.1	87.945	506	60	1	13	517	5409	5914	2.35e-169	610
sampleD_part1	OR166592.1	87.945	506	60	1	13	517	5409	5914	2.35e-169	610
sampleD_part1	OR166590.1	87.945	506	60	1	13	517	5409	5914	2.35e-169	610
sampleD_part1	OR166584.1	87.945	506	60	1	13	517	5409	5914	2.35e-169	610
sampleD_part1	OR166583.1	87.945	506	60	1	13	517	5409	5914	2.35e-169	610
sampleD_part1	OR166582.1	87.945	506	60	1	13	517	5409	5914	2.35e-169	610
sampleD_part1	OR775090.1	87.945	506	60	1	13	517	5464	5969	2.35e-169	610
sampleD_part1	KP256531.1	87.945	506	60	1	13	517	5420	5925	2.35e-169	610
sampleD_part1	JX454983.1	87.945	506	60	1	13	517	5409	5914	2.35e-169	610
sampleD_part1	JX454982.1	87.945	506	60	1	13	517	5409	5914	2.35e-169	610
sampleD_part1	JX454981.1	87.945	506	60	1	13	517	5397	5902	2.35e-169	610
sampleD_part1	FR694649.1	87.945	506	60	1	13	517	5410	5915	2.35e-169	610
sampleD_part1	GQ152891.1	88.259	494	57	1	25	517	1	494	1.09e-167	604
sampleD_part1	GQ152889.1	88.259	494	57	1	25	517	1	494	1.09e-167	604
sampleD_part1	GQ152888.1	88.259	494	57	1	25	517	1	494	1.09e-167	604
sampleD_part1	GQ152883.1	88.129	497	58	1	25	520	1	497	1.09e-167	604
sampleD_part1	OR562508.1	89.978	459	43	3	61	517	1	458	3.93e-167	603
sampleD_part1	OZ223140.1	87.549	506	62	1	13	517	5408	5913	5.09e-166	599
sampleD_part1	PQ459488.1	87.549	506	62	1	13	517	13	518	5.09e-166	599
sampleD_part1	NC_028634.1	87.549	506	62	1	13	517	5407	5912	5.09e-166	599
sampleD_part1	JX454987.1	87.549	506	62	1	13	517	5408	5913	5.09e-166	599
sampleD_part1	JX454979.1	87.549	506	62	1	13	517	5405	5910	5.09e-166	599
sampleD_part1	GQ152884.1	87.928	497	59	1	25	520	1	497	5.09e-166	599
sampleD_part1	GQ152890.1	87.854	494	59	1	25	517	1	494	2.37e-164	593
sampleD_part1	JX454990.1	87.230	509	62	3	11	517	5411	5918	3.06e-163	590
sampleD_part1	JX454976.1	87.230	509	62	3	11	517	5410	5917	3.06e-163	590
sampleD_part1	JX454972.1	87.230	509	62	3	11	517	5411	5918	3.06e-163	590
sampleD_part1	JQ026233.1	87.230	509	62	3	11	517	5340	5847	3.06e-163	590
sampleD_part1	NC_000886.1	87.230	509	62	3	11	517	5411	5918	3.06e-163	590
sampleD_part1	JQ034420.1	87.033	509	63	3	11	517	5340	5847	1.42e-161	584
sampleD_part1	MN124279.1	88.323	471	54	1	48	517	1	471	6.63e-160	579
sampleD_part1	JX454978.1	86.837	509	64	3	11	517	5409	5916	6.63e-160	579
sampleD_part1	JX454974.1	86.837	509	64	3	11	517	5409	5916	6.63e-160	579
sampleD_part1	JX454971.1	86.837	509	64	3	11	517	5409	5916	6.63e-160	579
sampleD_part1	GQ152881.1	87.273	495	60	3	25	517	1	494	8.57e-159	575
sampleD_part1	GQ152878.1	87.273	495	60	3	25	517	1	494	8.57e-159	575
sampleD_part1	LR697072.1	86.214	515	70	1	11	524	5345	5859	1.11e-157	571
sampleD_part1	PP000824.1	87.949	473	56	1	46	517	3	475	1.11e-157	571
sampleD_part1	NC_041096.1	86.214	515	70	1	11	524	5399	5913	1.11e-157	571
sampleD_part1	PV437215.1	88.060	469	55	1	50	517	1	469	3.99e-157	569
sampleD_part1	PV336104.1	88.060	469	55	1	50	517	1	469	3.99e-157	569
sampleD_part1	PV336103.1	88.060	469	55	1	50	517	1	469	3.99e-157	569
sampleD_part1	JX571754.1	89.367	442	46	1	77	517	1	442	3.99e-157	569
sampleD_part1	JX571758.1	89.367	442	46	1	77	517	1	442	3.99e-157	569
sampleD_part1	JX571752.1	89.367	442	46	1	77	517	1	442	3.99e-157	569
sampleD_part1	GQ152882.1	87.071	495	61	3	25	517	1	494	3.99e-157	569
sampleD_part1	NC_044641.1	86.160	513	70	1	13	524	5407	5919	1.43e-156	568
sampleD_part1	KU958179.1	87.423	485	58	3	35	517	1	484	1.43e-156	568
sampleD_part1	GQ152880.1	86.842	494	64	1	25	517	1	494	5.16e-156	566
sampleD_part1	GQ152879.1	87.117	489	60	3	31	517	7	494	5.16e-156	566
sampleD_part1	JX571760.1	89.140	442	47	1	77	517	1	442	1.86e-155	564
sampleD_part1	GQ152877.1	86.869	495	62	3	25	517	1	494	1.86e-155	564
sampleD_part1	MW996709.1	87.190	484	59	3	36	517	1	483	2.40e-154	560
sampleD_part1	PV336102.1	87.633	469	57	1	50	517	1	469	8.63e-154	558
sampleD_part1	OR562511.1	87.768	466	56	1	53	517	1	466	8.63e-154	558
sampleD_part1	NC_009260.1	85.880	517	66	6	11	523	5402	5915	3.10e-153	556
sampleD_part1	PP766912.1	88.565	446	50	1	73	517	3	448	1.12e-152	555
sampleD_part1	PP766911.1	88.565	446	50	1	73	517	3	448	1.12e-152	555
sampleD_part1	LT599485.1	85.742	512	72	1	13	523	5477	5988	1.12e-152	555
sampleD_part1	ON640781.1	88.132	455	52	2	65	517	5	459	1.12e-152	555
sampleD_part1	KP136711.1	88.132	455	53	1	64	517	3	457	1.12e-152	555
sampleD_part1	MT017703.1	85.742	512	72	1	13	523	4627	5138	1.12e-152	555
sampleD_part1	MW996711.1	87.083	480	59	3	40	517	1	479	4.02e-152	553
sampleD_part1	MW996710.1	87.083	480	59	3	40	517	1	479	4.02e-152	553
sampleD_part1	OR707906.1	87.527	465	57	1	54	517	1	465	1.44e-151	551
sampleD_part1	NC_031300.1	85.603	514	71	3	13	524	175	687	1.44e-151	551
sampleD_part1	KF894766.1	87.527	465	57	1	54	517	1	465	1.44e-151	551
sampleD_part1	OX453476.1	85.547	512	73	1	13	523	5422	5933	5.20e-151	549
sampleD_part1	OR770111.1	87.288	472	57	3	48	517	1	471	5.20e-151	549
sampleD_part1	KU923748.1	88.341	446	51	1	73	517	2	447	5.20e-151	549
sampleD_part1	OP115974.1	85.547	512	73	1	13	523	5422	5933	5.20e-151	549
sampleD_part1	KP136712.1	88.341	446	51	1	73	517	10	455	5.20e-151	549
sampleD_part1	NC_063096.1	85.547	512	73	1	13	523	5422	5933	5.20e-151	549
sampleD_part1	NC_063095.1	85.547	512	73	1	13	523	5423	5934	5.20e-151	549
sampleD_part1	MW996712.1	87.029	478	59	3	42	517	1	477	5.20e-151	549
sampleD_part1	MW774616.1	85.547	512	73	1	13	523	13	524	5.20e-151	549
sampleD_part1	MW774614.1	85.547	512	73	1	13	523	13	524	5.20e-151	549
sampleD_part1	MW774613.1	85.547	512	73	1	13	523	13	524	5.20e-151	549
sampleD_part1	MW774612.1	85.547	512	73	1	13	523	13	524	5.20e-151	549
sampleD_part1	NC_010973.1	85.547	512	73	1	13	523	5403	5914	5.20e-151	549
sampleD_part1	JX571759.1	88.488	443	48	3	77	517	1	442	1.87e-150	547
sampleD_part1	DQ080046.1	85.380	513	74	1	13	524	4886	5398	6.72e-150	545
sampleD_part1	OR562510.1	87.555	458	56	1	61	517	1	458	2.42e-149	544
sampleD_part1	ON640775.1	88.262	443	51	1	76	517	1	443	2.42e-149	544
sampleD_part1	MW996708.1	86.947	475	59	3	45	517	1	474	2.42e-149	544
sampleD_part1	EF011474.1	85.545	505	72	1	20	523	1	505	8.69e-149	542
sampleD_part1	AF348274.2	85.545	505	72	1	20	523	1	505	8.69e-149	542
sampleD_part1	KF894767.1	87.097	465	59	1	54	517	1	465	3.13e-148	540
sampleD_part1	MN124278.1	86.864	472	59	3	48	517	1	471	1.12e-147	538
sampleD_part1	LR697073.1	85.049	515	76	1	11	524	5346	5860	1.12e-147	538
sampleD_part1	OZ038166.1	85.156	512	75	1	13	523	5413	5924	1.12e-147	538
sampleD_part1	OZ038165.1	85.156	512	75	1	13	523	5412	5923	1.12e-147	538
sampleD_part1	OZ038164.1	85.156	512	75	1	13	523	5412	5923	1.12e-147	538
sampleD_part1	OZ038163.1	85.156	512	75	1	13	523	5412	5923	1.12e-147	538
sampleD_part1	OZ038162.1	85.156	512	75	1	13	523	5412	5923	1.12e-147	538
sampleD_part1	OZ038161.1	85.156	512	75	1	13	523	5412	5923	1.12e-147	538
sampleD_part1	OZ038160.1	85.156	512	75	1	13	523	5410	5921	1.12e-147	538
sampleD_part1	OZ038159.1	85.156	512	75	1	13	523	5410	5921	1.12e-147	538
sampleD_part1	OZ038158.1	85.156	512	75	1	13	523	5410	5921	1.12e-147	538
sampleD_part1	OX453504.1	85.156	512	75	1	13	523	5410	5921	1.12e-147	538
sampleD_part1	OX453503.1	85.156	512	75	1	13	523	5410	5921	1.12e-147	538
sampleD_part1	OX453502.1	85.156	512	75	1	13	523	5410	5921	1.12e-147	538
sampleD_part1	OX453501.1	85.156	512	75	1	13	523	5410	5921	1.12e-147	538
sampleD_part1	OX453500.1	85.156	512	75	1	13	523	5411	5922	1.12e-147	538
sampleD_part1	OX453499.1	85.156	512	75	1	13	523	5411	5922	1.12e-147	538
sampleD_part1	OX453477.1	85.156	512	75	1	13	523	5421	5932	1.12e-147	538
sampleD_part1	OR770122.1	86.864	472	59	3	48	517	1	471	1.12e-147	538
sampleD_part1	OR770112.1	86.709	474	60	3	46	517	1	473	4.05e-147	536
sampleD_part1	ON640766.1	88.155	439	51	1	80	517	1	439	4.05e-147	536
sampleD_part1	AY357746.1	85.941	505	60	6	19	517	1	500	4.05e-147	536
sampleD_part1	OW244304.1	84.990	513	76	1	13	524	5415	5927	1.45e-146	534
sampleD_part1	AY357742.1	85.913	504	60	6	20	517	1	499	1.45e-146	534
sampleD_part1	AY357743.1	85.913	504	60	6	20	517	1	499	1.45e-146	534
sampleD_part1	OZ038154.1	84.961	512	76	1	13	523	5412	5923	5.23e-146	532
sampleD_part1	ON640792.1	87.955	440	52	1	79	517	1	440	5.23e-146	532
sampleD_part1	ON640789.1	88.101	437	51	1	82	517	1	437	5.23e-146	532
sampleD_part1	ON640788.1	88.101	437	51	1	82	517	1	437	5.23e-146	532
sampleD_part1	ON640787.1	88.101	437	51	1	82	517	1	437	5.23e-146	532
sampleD_part1	ON640779.1	88.101	437	51	1	82	517	1	437	5.23e-146	532
sampleD_part1	ON640773.1	88.101	437	51	1	82	517	1	437	5.23e-146	532
sampleD_part1	ON640770.1	88.101	437	51	1	82	517	1	437	5.23e-146	532
sampleD_part1	ON640769.1	88.101	437	51	1	82	517	1	437	5.23e-146	532
sampleD_part1	ON640768.1	88.101	437	51	1	82	517	2	438	5.23e-146	532
sampleD_part1	ON640767.1	88.101	437	51	1	82	517	1	437	5.23e-146	532
sampleD_part1	LR697066.1	84.795	513	77	1	13	524	5369	5881	6.77e-145	529
sampleD_part1	LR697064.1	84.795	513	77	1	13	524	5369	5881	6.77e-145	529
sampleD_part1	NC_023890.1	84.795	513	77	1	13	524	5414	5926	6.77e-145	529
sampleD_part1	KC181200.1	85.119	504	74	1	21	523	2	505	6.77e-145	529
sampleD_part1	PP766916.1	88.942	416	45	1	103	517	2	417	2.43e-144	527
sampleD_part1	NC_082188.1	84.766	512	77	1	13	523	13	524	2.43e-144	527
sampleD_part1	ON640785.1	88.018	434	51	1	85	517	6	439	2.43e-144	527
sampleD_part1	ON640784.1	88.018	434	51	1	85	517	37	470	2.43e-144	527
sampleD_part1	DQ656607.1	84.766	512	77	1	13	523	5412	5923	2.43e-144	527
sampleD_part1	AF348273.2	85.312	497	72	1	28	523	1	497	2.43e-144	527
sampleD_part1	NC_007696.1	84.825	514	73	5	13	523	5402	5913	2.43e-144	527
sampleD_part1	NC_007695.1	84.766	512	77	1	13	523	5402	5913	2.43e-144	527
sampleD_part1	AF348272.1	85.425	494	71	1	31	523	3	496	2.43e-144	527
sampleD_part1	ON640771.1	87.991	433	51	1	86	517	4	436	8.76e-144	525
sampleD_part1	OR770121.1	86.510	467	60	3	53	517	6	471	3.15e-143	523
sampleD_part1	OR253893.1	84.600	513	78	1	13	524	5415	5927	3.15e-143	523
sampleD_part1	JN993981.1	84.600	513	78	1	13	524	1434	1946	3.15e-143	523
sampleD_part1	PP757964.1	89.356	404	42	1	115	517	1	404	1.13e-142	521
sampleD_part1	KF724151.1	84.766	512	71	5	13	520	5401	5909	1.13e-142	521
sampleD_part1	AY562184.1	85.685	482	68	1	44	524	1	482	1.13e-142	521
sampleD_part1	PP762142.1	89.383	405	40	3	115	517	1	404	4.07e-142	520
sampleD_part1	PP762132.1	89.383	405	40	3	115	517	1	404	4.07e-142	520
sampleD_part1	PP757956.1	89.383	405	40	3	115	517	1	404	4.07e-142	520
sampleD_part1	PP757951.1	89.383	405	40	3	115	517	1	404	4.07e-142	520
sampleD_part1	PP757963.1	89.383	405	40	3	115	517	1	404	4.07e-142	520
sampleD_part1	PP757957.1	89.383	405	40	3	115	517	1	404	4.07e-142	520
sampleD_part1	PP757952.1	89.383	405	40	3	115	517	1	404	4.07e-142	520
sampleD_part1	PP757950.1	89.383	405	40	3	115	517	1	404	4.07e-142	520
sampleD_part1	PP757926.1	89.383	405	40	3	115	517	1	404	4.07e-142	520
sampleD_part1	ON640783.1	87.879	429	51	1	90	517	1	429	1.47e-141	518
sampleD_part1	KC181207.1	84.940	498	74	1	21	517	2	499	1.47e-141	518
sampleD_part1	NC_010970.1	84.405	513	79	1	13	524	5394	5906	1.47e-141	518
sampleD_part1	OZ038153.1	84.375	512	79	1	13	523	5418	5929	5.27e-141	516
sampleD_part1	NC_069631.1	84.646	508	75	3	13	518	5411	5917	5.27e-141	516
sampleD_part1	KC181209.1	84.585	506	77	1	20	524	1	506	5.27e-141	516
sampleD_part1	EF011500.1	84.752	505	70	5	20	520	1	502	1.90e-140	514
sampleD_part1	EF011498.1	84.752	505	70	5	20	520	1	502	1.90e-140	514
sampleD_part1	EF011497.1	84.554	505	77	1	20	523	1	505	1.90e-140	514
sampleD_part1	EF011492.1	84.752	505	70	5	20	520	1	502	1.90e-140	514
sampleD_part1	EF011491.1	84.752	505	70	5	20	520	1	502	1.90e-140	514
sampleD_part1	KC181202.1	84.800	500	73	3	21	518	2	500	6.82e-140	512
sampleD_part1	NC_002073.3	84.211	513	80	1	13	524	5413	5925	6.82e-140	512
sampleD_part1	PX394359.1	84.180	512	80	1	13	523	9108	9619	2.45e-139	510
sampleD_part1	PX394358.1	84.180	512	80	1	13	523	9441	9952	2.45e-139	510
sampleD_part1	PX394357.1	84.180	512	80	1	13	523	9105	9616	2.45e-139	510
sampleD_part1	PX394356.1	84.180	512	80	1	13	523	9119	9630	2.45e-139	510
sampleD_part1	PX394355.1	84.180	512	80	1	13	523	9105	9616	2.45e-139	510
sampleD_part1	PX394354.1	84.180	512	80	1	13	523	9105	9616	2.45e-139	510
sampleD_part1	PX394353.1	84.180	512	80	1	13	523	9105	9616	2.45e-139	510
sampleD_part1	PX394352.1	84.180	512	80	1	13	523	8043	8554	2.45e-139	510
sampleD_part1	PX394351.1	84.180	512	80	1	13	523	9105	9616	2.45e-139	510
sampleD_part1	PX394350.1	84.180	512	80	1	13	523	9105	9616	2.45e-139	510
sampleD_part1	PX394349.1	84.180	512	80	1	13	523	9105	9616	2.45e-139	510
sampleD_part1	PX394348.1	84.180	512	80	1	13	523	8636	9147	2.45e-139	510
sampleD_part1	PX394347.1	84.180	512	80	1	13	523	8696	9207	2.45e-139	510
sampleD_part1	PX394346.1	84.180	512	80	1	13	523	8043	8554	2.45e-139	510
sampleD_part1	PX394345.1	84.180	512	80	1	13	523	8676	9187	2.45e-139	510
sampleD_part1	PX394344.1	84.180	512	80	1	13	523	8566	9077	2.45e-139	510
sampleD_part1	PX394343.1	84.180	512	80	1	13	523	8625	9136	2.45e-139	510
sampleD_part1	PX394342.1	84.180	512	80	1	13	523	8676	9187	2.45e-139	510
sampleD_part1	PX394341.1	84.180	512	80	1	13	523	8043	8554	2.45e-139	510
sampleD_part1	PX394340.1	84.180	512	80	1	13	523	9137	9648	2.45e-139	510
sampleD_part1	PX394339.1	84.180	512	80	1	13	523	8674	9185	2.45e-139	510
sampleD_part1	PX394338.1	84.180	512	80	1	13	523	8043	8554	2.45e-139	510
sampleD_part1	PX394337.1	84.180	512	80	1	13	523	9109	9620	2.45e-139	510
sampleD_part1	PX394336.1	84.180	512	80	1	13	523	9109	9620	2.45e-139	510
sampleD_part1	PX394335.1	84.180	512	80	1	13	523	8626	9137	2.45e-139	510
sampleD_part1	PX394334.1	84.180	512	80	1	13	523	9109	9620	2.45e-139	510
sampleD_part1	PX394333.1	84.180	512	80	1	13	523	9109	9620	2.45e-139	510
sampleD_part1	PX394332.1	84.180	512	80	1	13	523	9109	9620	2.45e-139	510
sampleD_part1	PX394331.1	84.180	512	80	1	13	523	8626	9137	2.45e-139	510
sampleD_part1	PX394330.1	84.180	512	80	1	13	523	8625	9136	2.45e-139	510
sampleD_part1	PX394329.1	84.180	512	80	1	13	523	8626	9137	2.45e-139	510
sampleD_part1	PX394328.1	84.180	512	80	1	13	523	8043	8554	2.45e-139	510
sampleD_part1	PX394327.1	84.180	512	80	1	13	523	8626	9137	2.45e-139	510
sampleD_part1	PX394326.1	84.180	512	80	1	13	523	9109	9620	2.45e-139	510
sampleD_part1	PX394325.1	84.180	512	80	1	13	523	9108	9619	2.45e-139	510
sampleD_part1	PX394324.1	84.180	512	80	1	13	523	9108	9619	2.45e-139	510
sampleD_part1	PX394323.1	84.180	512	80	1	13	523	9108	9619	2.45e-139	510
sampleD_part1	PX394321.1	84.180	512	80	1	13	523	9108	9619	2.45e-139	510
sampleD_part1	PX394319.1	84.180	512	80	1	13	523	9109	9620	2.45e-139	510
sampleD_part1	PX394318.1	84.180	512	80	1	13	523	8566	9077	2.45e-139	510
sampleD_part1	PX394317.1	84.180	512	80	1	13	523	9108	9619	2.45e-139	510
sampleD_part1	PX394316.1	84.180	512	80	1	13	523	9541	10052	2.45e-139	510
sampleD_part1	PX394315.1	84.180	512	80	1	13	523	9109	9620	2.45e-139	510
sampleD_part1	PX394313.1	84.180	512	80	1	13	523	9108	9619	2.45e-139	510
sampleD_part1	PX394312.1	84.180	512	80	1	13	523	9108	9619	2.45e-139	510
sampleD_part1	PX394311.1	84.180	512	80	1	13	523	9109	9620	2.45e-139	510
sampleD_part1	PX394310.1	84.180	512	80	1	13	523	9108	9619	2.45e-139	510
sampleD_part1	PX394309.1	84.180	512	80	1	13	523	8566	9077	2.45e-139	510
sampleD_part1	PX394308.1	84.180	512	80	1	13	523	9109	9620	2.45e-139	510
sampleD_part1	PX394307.1	84.180	512	80	1	13	523	8043	8554	2.45e-139	510
sampleD_part1	PX394306.1	84.180	512	80	1	13	523	9108	9619	2.45e-139	510
sampleD_part1	PX394305.1	84.180	512	80	1	13	523	9108	9619	2.45e-139	510
sampleD_part1	PX394304.1	84.180	512	80	1	13	523	9108	9619	2.45e-139	510
sampleD_part1	PX394303.1	84.180	512	80	1	13	523	9108	9619	2.45e-139	510
sampleD_part1	PX394302.1	84.180	512	80	1	13	523	9108	9619	2.45e-139	510
sampleD_part1	PX394301.1	84.180	512	80	1	13	523	9108	9619	2.45e-139	510
sampleD_part1	PX394300.1	84.180	512	80	1	13	523	9098	9609	2.45e-139	510
sampleD_part1	OZ038152.1	84.180	512	80	1	13	523	5416	5927	2.45e-139	510
sampleD_part1	OZ038151.1	84.180	512	80	1	13	523	5416	5927	2.45e-139	510
sampleD_part1	OZ038150.1	84.180	512	80	1	13	523	5416	5927	2.45e-139	510
sampleD_part1	OZ038149.1	84.180	512	80	1	13	523	5416	5927	2.45e-139	510
sampleD_part1	OX453498.1	84.180	512	80	1	13	523	5418	5929	2.45e-139	510
sampleD_part1	OX453496.1	84.180	512	80	1	13	523	5418	5929	2.45e-139	510
sampleD_part1	OX453475.1	84.180	512	80	1	13	523	5420	5931	2.45e-139	510
sampleD_part1	LT599487.1	84.180	512	80	1	13	523	5191	5702	2.45e-139	510
sampleD_part1	KC687262.1	85.991	464	64	1	61	523	7	470	2.45e-139	510
sampleD_part1	JN993983.1	84.180	512	80	1	13	523	1434	1945	2.45e-139	510
sampleD_part1	JN993982.1	84.180	512	80	1	13	523	1434	1945	2.45e-139	510
sampleD_part1	NC_007700.1	84.180	512	80	1	13	523	7425	7936	2.45e-139	510
sampleD_part1	NC_007692.1	84.180	512	80	1	13	523	5408	5919	2.45e-139	510
sampleD_part1	PP762137.1	88.916	406	40	5	115	517	1	404	8.82e-139	508
sampleD_part1	OX453495.1	83.984	512	81	1	13	523	5419	5930	1.14e-137	505
sampleD_part1	KF894758.1	86.957	437	56	1	82	517	1	437	1.14e-137	505
sampleD_part1	KC181198.1	84.356	505	76	3	21	523	2	505	1.14e-137	505
sampleD_part1	HQ329679.1	85.412	473	68	1	53	524	1	473	1.14e-137	505
sampleD_part1	EF011493.1	84.708	497	69	5	28	520	2	495	1.14e-137	505
sampleD_part1	AY357744.1	85.625	480	58	6	44	517	1	475	1.48e-136	501
sampleD_part1	LR697080.1	83.789	512	82	1	13	523	5349	5860	5.31e-136	499
sampleD_part1	KU985825.1	85.084	476	70	1	49	523	1	476	5.31e-136	499
sampleD_part1	KC687326.1	85.560	464	66	1	61	523	7	470	5.31e-136	499
sampleD_part1	KC687322.1	85.560	464	66	1	61	523	7	470	5.31e-136	499
sampleD_part1	KC687314.1	85.560	464	66	1	61	523	7	470	5.31e-136	499
sampleD_part1	KC687309.1	85.560	464	66	1	61	523	7	470	5.31e-136	499
sampleD_part1	KC687308.1	85.560	464	66	1	61	523	7	470	5.31e-136	499
sampleD_part1	KC687295.1	85.560	464	66	1	61	523	7	470	5.31e-136	499
sampleD_part1	KC687290.1	85.560	464	66	1	61	523	7	470	5.31e-136	499
sampleD_part1	KC687287.1	85.560	464	66	1	61	523	7	470	5.31e-136	499
sampleD_part1	KC687282.1	85.560	464	66	1	61	523	7	470	5.31e-136	499
sampleD_part1	KC687269.1	85.560	464	66	1	61	523	7	470	5.31e-136	499
sampleD_part1	KC687266.1	85.560	464	66	1	61	523	7	470	5.31e-136	499
sampleD_part1	KC687259.1	85.560	464	66	1	61	523	7	470	5.31e-136	499
sampleD_part1	KC687258.1	85.560	464	66	1	61	523	7	470	5.31e-136	499
sampleD_part1	KC687252.1	85.560	464	66	1	61	523	7	470	5.31e-136	499
sampleD_part1	HQ329656.1	85.560	464	66	1	61	523	9	472	5.31e-136	499
sampleD_part1	HQ329655.1	85.560	464	66	1	61	523	9	472	5.31e-136	499
sampleD_part1	HQ329654.1	85.232	474	67	3	53	524	1	473	5.31e-136	499
sampleD_part1	PX218923.1	86.758	438	55	3	82	517	3	439	1.91e-135	497
sampleD_part1	PV405542.1	87.037	432	53	3	88	517	1	431	1.91e-135	497
sampleD_part1	KU985739.1	85.053	475	70	1	50	523	3	477	1.91e-135	497
sampleD_part1	MW996725.1	87.037	432	53	3	88	517	1	431	1.91e-135	497
sampleD_part1	MW996724.1	87.037	432	53	3	88	517	1	431	1.91e-135	497
sampleD_part1	MW996723.1	87.037	432	53	3	88	517	1	431	1.91e-135	497
sampleD_part1	MW996722.1	87.037	432	53	3	88	517	1	431	1.91e-135	497
sampleD_part1	MW996721.1	87.037	432	53	3	88	517	1	431	1.91e-135	497
sampleD_part1	MW996720.1	87.037	432	53	3	88	517	1	431	1.91e-135	497
sampleD_part1	MW996719.1	87.037	432	53	3	88	517	1	431	1.91e-135	497
sampleD_part1	MW996718.1	87.037	432	53	3	88	517	1	431	1.91e-135	497
sampleD_part1	MW996717.1	87.037	432	53	3	88	517	1	431	1.91e-135	497
sampleD_part1	MW996716.1	87.037	432	53	3	88	517	1	431	1.91e-135	497
sampleD_part1	MW996715.1	87.037	432	53	3	88	517	1	431	1.91e-135	497
sampleD_part1	MW996714.1	87.037	432	53	3	88	517	1	431	1.91e-135	497
sampleD_part1	MW996713.1	87.037	432	53	3	88	517	1	431	1.91e-135	497
sampleD_part1	KF894757.1	86.758	438	55	3	82	517	1	437	1.91e-135	497
sampleD_part1	KC687286.1	85.529	463	66	1	62	523	1	463	1.91e-135	497
sampleD_part1	KC687260.1	85.529	463	66	1	62	523	1	463	1.91e-135	497
sampleD_part1	HQ329765.1	85.169	472	69	1	53	523	1	472	1.91e-135	497
sampleD_part1	GQ867672.1	85.565	478	58	6	46	517	1	473	1.91e-135	497
sampleD_part1	EU600158.1	86.758	438	55	3	82	517	1	437	1.91e-135	497
sampleD_part1	EU600157.1	86.758	438	55	3	82	517	1	437	1.91e-135	497
sampleD_part1	OR770117.1	86.728	437	55	3	83	517	1	436	6.87e-135	496
sampleD_part1	KT075338.1	84.906	477	71	1	48	523	1	477	6.87e-135	496
sampleD_part1	LC574978.1	83.626	513	83	1	13	524	5433	5945	6.87e-135	496
sampleD_part1	PV403408.1	84.874	476	71	1	49	523	1	476	2.47e-134	494
sampleD_part1	MH274578.1	85.345	464	67	1	61	523	11	474	2.47e-134	494
sampleD_part1	MH274577.1	85.345	464	67	1	61	523	11	474	2.47e-134	494
sampleD_part1	KC687329.1	85.345	464	67	1	61	523	7	470	2.47e-134	494
sampleD_part1	KC687327.1	85.345	464	67	1	61	523	7	470	2.47e-134	494
sampleD_part1	KC687315.1	85.345	464	67	1	61	523	7	470	2.47e-134	494
sampleD_part1	KC687270.1	85.590	458	65	1	67	523	1	458	2.47e-134	494
sampleD_part1	HQ329657.1	85.345	464	67	1	61	523	9	472	2.47e-134	494
sampleD_part1	MW996705.1	86.806	432	54	3	88	517	1	431	8.88e-134	492
sampleD_part1	MW996704.1	86.806	432	54	3	88	517	1	431	8.88e-134	492
sampleD_part1	MW996703.1	86.806	432	54	3	88	517	1	431	8.88e-134	492
sampleD_part1	MW996702.1	86.806	432	54	3	88	517	1	431	8.88e-134	492
sampleD_part1	MW996701.1	86.806	432	54	3	88	517	1	431	8.88e-134	492
sampleD_part1	KC687279.1	85.313	463	67	1	62	523	1	463	8.88e-134	492
sampleD_part1	HQ329642.1	84.958	472	70	1	53	523	1	472	8.88e-134	492
sampleD_part1	OZ077578.1	84.583	480	73	1	45	523	1	480	3.19e-133	490
sampleD_part1	KU985568.1	84.926	471	70	1	49	518	1	471	3.19e-133	490
sampleD_part1	MW996707.1	86.775	431	54	3	89	517	1	430	3.19e-133	490
sampleD_part1	MW996706.1	86.775	431	54	3	89	517	1	430	3.19e-133	490
sampleD_part1	KF894759.1	85.281	462	67	1	63	523	1	462	3.19e-133	490
sampleD_part1	KC181199.1	83.730	504	81	1	21	523	2	505	3.19e-133	490
sampleD_part1	OZ077603.1	84.728	478	68	5	49	523	3	478	1.15e-132	488
sampleD_part1	OZ077583.1	84.551	479	73	1	46	523	1	479	1.15e-132	488
sampleD_part1	KF894760.1	85.371	458	66	1	67	523	1	458	1.15e-132	488
sampleD_part1	JN860213.1	85.371	458	66	1	67	523	1	458	1.15e-132	488
sampleD_part1	HQ329693.1	84.894	470	70	1	55	523	3	472	1.15e-132	488
sampleD_part1	EF011499.1	84.760	479	66	5	46	520	1	476	1.15e-132	488
sampleD_part1	MH274699.1	84.861	469	70	1	51	518	1	469	4.13e-132	486
sampleD_part1	MH274576.1	85.161	465	66	3	61	523	11	474	4.13e-132	486
sampleD_part1	KC181204.1	83.832	501	77	4	20	518	2	500	4.13e-132	486
sampleD_part1	HQ329640.1	84.746	472	71	1	53	523	1	472	4.13e-132	486
sampleD_part1	KC687249.1	84.946	465	69	1	61	524	7	471	1.49e-131	484
sampleD_part1	EF011496.1	84.810	474	65	5	51	520	1	471	1.49e-131	484
sampleD_part1	OZ077579.1	84.342	479	74	1	46	523	1	479	5.34e-131	483
sampleD_part1	MN135480.1	84.746	472	69	3	49	518	2	472	5.34e-131	483
sampleD_part1	KU986250.1	84.914	464	69	1	61	523	1	464	5.34e-131	483
sampleD_part1	KF059172.1	84.797	467	70	1	53	518	1	467	5.34e-131	483
sampleD_part1	KC354716.1	85.779	443	62	1	82	523	3	445	5.34e-131	483
sampleD_part1	FJ392292.1	83.499	503	82	1	22	523	4	506	5.34e-131	483
sampleD_part1	EF011494.1	84.778	473	65	5	52	520	1	470	5.34e-131	483
sampleD_part1	OY639661.1	85.777	457	54	6	67	517	2	453	1.92e-130	481
sampleD_part1	OY639622.1	85.777	457	54	6	67	517	2	453	1.92e-130	481
sampleD_part1	OY639583.1	85.777	457	54	6	67	517	2	453	1.92e-130	481
sampleD_part1	OY639557.1	85.777	457	54	6	67	517	2	453	1.92e-130	481
sampleD_part1	PP762139.1	87.654	405	47	3	115	517	1	404	1.92e-130	481
sampleD_part1	MH274718.1	84.534	472	72	1	53	523	3	474	1.92e-130	481
sampleD_part1	KR610440.1	84.534	472	72	1	53	523	1	472	1.92e-130	481
sampleD_part1	KR610439.1	84.534	472	72	1	53	523	1	472	1.92e-130	481
sampleD_part1	HQ329761.1	84.534	472	72	1	53	523	1	472	1.92e-130	481
sampleD_part1	HQ329756.1	84.534	472	72	1	53	523	1	472	1.92e-130	481
sampleD_part1	HQ329669.1	84.534	472	72	1	53	523	1	472	1.92e-130	481
sampleD_part1	HQ329644.1	84.764	466	70	1	53	517	1	466	1.92e-130	481
sampleD_part1	NC_011198.1	83.172	517	80	4	11	523	5405	5918	1.92e-130	481
sampleD_part1	EF011495.1	85.097	463	62	5	62	520	1	460	1.92e-130	481
sampleD_part1	EF011465.1	83.465	508	77	5	20	523	1	505	1.92e-130	481
sampleD_part1	DQ256378.1	83.172	517	80	4	11	523	5335	5848	1.92e-130	481
sampleD_part1	MK032880.1	83.466	502	80	3	25	524	3	503	6.91e-130	479
sampleD_part1	MH274698.1	84.681	470	69	3	51	518	1	469	6.91e-130	479
sampleD_part1	ON640791.1	87.255	408	51	1	111	517	1	408	6.91e-130	479
sampleD_part1	ON640786.1	87.255	408	51	1	111	517	3	410	6.91e-130	479
sampleD_part1	ON640776.1	87.255	408	51	1	111	517	1	408	6.91e-130	479
sampleD_part1	ON640772.1	87.255	408	51	1	111	517	4	411	6.91e-130	479
sampleD_part1	KC181206.1	83.333	504	83	1	21	523	2	505	6.91e-130	479
sampleD_part1	LR697061.1	83.104	509	85	1	13	520	5371	5879	2.49e-129	477
sampleD_part1	LR697059.1	83.104	509	85	1	13	520	5371	5879	2.49e-129	477
sampleD_part1	OZ077590.1	84.211	475	74	1	50	523	1	475	2.49e-129	477
sampleD_part1	PP766915.1	87.531	401	49	1	118	517	1	401	2.49e-129	477
sampleD_part1	KF059176.1	84.582	467	71	1	53	518	1	467	2.49e-129	477
sampleD_part1	OY639641.1	85.558	457	55	6	67	517	2	453	8.94e-129	475
sampleD_part1	OY639635.1	85.558	457	55	6	67	517	2	453	8.94e-129	475
sampleD_part1	OY639564.1	85.558	457	55	6	67	517	2	453	8.94e-129	475
sampleD_part1	OR770114.1	86.385	426	55	3	94	517	1	425	8.94e-129	475
sampleD_part1	KF059170.1	84.615	468	69	3	53	518	1	467	8.94e-129	475
sampleD_part1	HQ329755.1	84.322	472	73	1	53	523	1	472	8.94e-129	475
sampleD_part1	HQ329658.1	84.615	468	69	3	53	518	1	467	8.94e-129	475
sampleD_part1	KC354718.1	85.360	444	64	1	81	523	1	444	3.22e-128	473
sampleD_part1	MN135623.1	84.322	472	71	3	49	518	2	472	1.16e-127	472
sampleD_part1	OM945838.1	85.327	443	64	1	82	523	2	444	1.16e-127	472
sampleD_part1	OL678066.1	85.327	443	64	1	82	523	2	444	1.16e-127	472
sampleD_part1	JQ909571.1	83.817	482	77	1	43	523	2	483	1.16e-127	472
sampleD_part1	MT410948.1	82.812	512	87	1	13	523	5352	5863	1.16e-127	472
sampleD_part1	OY639629.1	85.339	457	56	6	67	517	2	453	4.16e-127	470
sampleD_part1	KU985617.1	83.891	478	76	1	48	524	1	478	4.16e-127	470
sampleD_part1	KC687291.1	85.235	447	63	3	79	523	1	446	4.16e-127	470
sampleD_part1	KC354717.1	85.169	445	65	1	80	523	1	445	4.16e-127	470
sampleD_part1	MH273648.1	84.301	465	72	1	61	524	11	475	1.50e-126	468
sampleD_part1	MH273647.1	84.301	465	72	1	61	524	11	475	1.50e-126	468
sampleD_part1	OM945840.1	85.135	444	65	1	82	524	2	445	1.50e-126	468
sampleD_part1	OL678068.1	85.135	444	65	1	82	524	2	445	1.50e-126	468
sampleD_part1	LR697063.1	82.711	509	87	1	13	520	5371	5879	5.38e-126	466
sampleD_part1	LR697062.1	82.711	509	87	1	13	520	5371	5879	5.38e-126	466
sampleD_part1	PP762108.1	86.881	404	52	1	115	517	1	404	5.38e-126	466
sampleD_part1	MG679397.1	84.978	446	66	1	79	523	1	446	5.38e-126	466
sampleD_part1	KC687334.1	84.335	466	70	3	55	518	1	465	5.38e-126	466
sampleD_part1	JN999703.2	82.617	512	88	1	13	523	5361	5872	5.38e-126	466
sampleD_part1	OZ077601.1	84.464	457	70	1	68	523	1	457	1.94e-125	464
sampleD_part1	OZ077587.1	84.464	457	70	1	68	523	1	457	1.94e-125	464
sampleD_part1	PP762123.1	86.914	405	50	3	115	517	1	404	1.94e-125	464
sampleD_part1	PP762113.1	86.914	405	50	3	115	517	1	404	1.94e-125	464
sampleD_part1	PP757966.1	86.914	405	50	3	115	517	1	404	1.94e-125	464
sampleD_part1	MN135593.1	83.682	478	77	1	48	524	1	478	1.94e-125	464
sampleD_part1	OR520620.1	84.200	481	65	7	49	523	1	476	1.94e-125	464
sampleD_part1	OR520619.1	84.200	481	65	7	49	523	1	476	1.94e-125	464
sampleD_part1	OZ077600.1	84.430	456	70	1	69	523	1	456	6.96e-125	462
sampleD_part1	OZ077599.1	84.430	456	70	1	69	523	1	456	6.96e-125	462
sampleD_part1	OZ077596.1	84.430	456	70	1	69	523	1	456	6.96e-125	462
sampleD_part1	OZ077595.1	84.430	456	70	1	69	523	1	456	6.96e-125	462
sampleD_part1	MH273649.1	84.086	465	73	1	61	524	11	475	6.96e-125	462
sampleD_part1	LR697060.1	82.515	509	88	1	13	520	5370	5878	2.50e-124	460
sampleD_part1	MG728230.1	84.701	451	66	3	75	523	1	450	2.50e-124	460
sampleD_part1	KX559019.1	84.876	443	66	1	82	523	1	443	2.50e-124	460
sampleD_part1	MW478028.1	82.996	494	83	1	31	523	1	494	2.50e-124	460
sampleD_part1	KC181201.1	82.966	499	82	3	21	517	2	499	2.50e-124	460
sampleD_part1	OZ077593.1	84.245	457	71	1	68	523	1	457	9.01e-124	459
sampleD_part1	PP762114.1	86.667	405	51	3	115	517	1	404	9.01e-124	459
sampleD_part1	PP762111.1	86.667	405	51	3	115	517	1	404	9.01e-124	459
sampleD_part1	PP762106.1	86.667	405	51	3	115	517	1	404	9.01e-124	459
sampleD_part1	PP762103.1	86.667	405	51	3	115	517	1	404	9.01e-124	459
sampleD_part1	KP697891.1	83.721	473	74	3	52	523	3	473	9.01e-124	459
sampleD_part1	KF059167.1	83.974	468	72	3	53	518	1	467	9.01e-124	459
sampleD_part1	HQ329668.1	83.686	472	76	1	53	523	1	472	9.01e-124	459
sampleD_part1	HQ329661.1	83.686	472	76	1	53	523	1	472	9.01e-124	459
sampleD_part1	OZ077584.1	84.211	456	71	1	69	523	1	456	3.24e-123	457
sampleD_part1	OZ077582.1	84.211	456	71	1	69	523	1	456	3.24e-123	457
sampleD_part1	NC_042475.1	82.540	504	87	1	13	515	5403	5906	3.24e-123	457
sampleD_part1	JN999705.2	82.540	504	87	1	13	515	5386	5889	3.24e-123	457
sampleD_part1	MN993114.1	83.403	476	78	1	49	523	2	477	1.17e-122	455
sampleD_part1	MG679398.1	84.897	437	65	1	88	523	1	437	1.17e-122	455
sampleD_part1	KX559020.1	84.650	443	67	1	82	523	1	443	1.17e-122	455
sampleD_part1	KP697950.1	83.510	473	77	1	52	523	1	473	1.17e-122	455
sampleD_part1	NC_069559.1	82.227	512	90	1	13	523	5394	5905	1.17e-122	455
sampleD_part1	PP762180.1	86.420	405	52	3	115	517	1	404	4.19e-122	453
sampleD_part1	PP762135.1	86.420	405	52	3	115	517	1	404	4.19e-122	453
sampleD_part1	PP762125.1	86.420	405	52	3	115	517	1	404	4.19e-122	453
sampleD_part1	PP762117.1	86.567	402	51	3	118	517	1	401	4.19e-122	453
sampleD_part1	PP762107.1	86.420	405	52	3	115	517	1	404	4.19e-122	453
sampleD_part1	PP757969.1	86.420	405	52	3	115	517	1	404	4.19e-122	453
sampleD_part1	PP757968.1	86.420	405	52	3	115	517	1	404	4.19e-122	453
sampleD_part1	PV564670.1	83.475	472	77	1	53	523	3	474	4.19e-122	453
sampleD_part1	MG679451.1	84.932	438	63	3	88	523	1	437	4.19e-122	453
sampleD_part1	OR520623.1	83.438	477	76	3	49	523	1	476	4.19e-122	453
sampleD_part1	OR520622.1	83.438	477	76	3	49	523	1	476	4.19e-122	453
sampleD_part1	MG679428.1	85.321	436	53	6	88	517	1	431	1.95e-120	448
sampleD_part2	MF460363.1	96.190	525	20	0	1	525	5929	6453	0.0	891
sampleD_part2	JX454992.1	96.190	525	20	0	1	525	5929	6453	0.0	891
sampleD_part2	JX454973.1	96.190	525	20	0	1	525	5912	6436	0.0	891
sampleD_part2	JX454969.1	96.190	525	20	0	1	525	5929	6453	0.0	891
sampleD_part2	JX454989.1	95.429	525	24	0	1	525	5925	6449	0.0	876
sampleD_part2	PQ276118.1	86.667	525	70	0	1	525	5918	6442	1.82e-170	614
sampleD_part2	PQ276117.1	86.667	525	70	0	1	525	5917	6441	1.82e-170	614
sampleD_part2	PQ276115.1	86.667	525	70	0	1	525	5918	6442	1.82e-170	614
sampleD_part2	JX454980.1	86.667	525	70	0	1	525	5918	6442	1.82e-170	614
sampleD_part2	PQ276108.1	86.476	525	71	0	1	525	5917	6441	8.47e-169	608
sampleD_part2	PQ276107.1	86.476	525	71	0	1	525	5917	6441	8.47e-169	608
sampleD_part2	OZ223967.1	86.286	525	72	0	1	525	5922	6446	3.94e-167	603
sampleD_part2	MF571906.1	86.286	525	72	0	1	525	5928	6452	3.94e-167	603
sampleD_part2	JX454986.1	86.286	525	72	0	1	525	5917	6441	3.94e-167	603
sampleD_part2	NC_018550.1	86.286	525	72	0	1	525	5939	6463	3.94e-167	603
sampleD_part2	PQ276116.1	86.095	525	73	0	1	525	5918	6442	1.83e-165	597
sampleD_part2	PQ276114.1	86.095	525	73	0	1	525	5917	6441	1.83e-165	597
sampleD_part2	PQ276113.1	86.095	525	73	0	1	525	5918	6442	1.83e-165	597
sampleD_part2	PQ276112.1	86.095	525	73	0	1	525	5918	6442	1.83e-165	597
sampleD_part2	PQ276111.1	86.095	525	73	0	1	525	5918	6442	1.83e-165	597
sampleD_part2	PQ276110.1	86.095	525	73	0	1	525	5918	6442	1.83e-165	597
sampleD_part2	PQ276109.1	86.095	525	73	0	1	525	5918	6442	1.83e-165	597
sampleD_part2	PQ276106.1	86.095	525	73	0	1	525	5918	6442	1.83e-165	597
sampleD_part2	OZ223910.1	86.095	525	73	0	1	525	5918	6442	1.83e-165	597
sampleD_part2	KP221806.1	86.095	525	73	0	1	525	5946	6470	1.83e-165	597
sampleD_part2	LR697082.1	85.932	526	72	2	1	525	5887	6411	8.53e-164	592
sampleD_part2	JX454976.1	85.905	525	74	0	1	525	5925	6449	8.53e-164	592
sampleD_part2	JX454970.1	85.905	525	74	0	1	525	5918	6442	8.53e-164	592
sampleD_part2	NC_012398.1	85.905	525	74	0	1	525	5921	6445	8.53e-164	592
sampleD_part2	NC_007694.1	85.932	526	72	2	1	525	5932	6456	8.53e-164	592
sampleD_part2	JX454978.1	85.714	525	75	0	1	525	5924	6448	3.97e-162	586
sampleD_part2	JX454974.1	85.714	525	75	0	1	525	5924	6448	3.97e-162	586
sampleD_part2	JX454971.1	85.714	525	75	0	1	525	5924	6448	3.97e-162	586
sampleD_part2	LC574978.1	85.524	525	76	0	1	525	5946	6470	1.85e-160	580
sampleD_part2	LR697065.1	85.361	526	75	2	1	525	5883	6407	8.59e-159	575
sampleD_part2	OW244303.1	85.361	526	75	2	1	525	5930	6454	8.59e-159	575
sampleD_part2	JX454990.1	85.333	525	77	0	1	525	5926	6450	8.59e-159	575
sampleD_part2	JX454972.1	85.333	525	77	0	1	525	5926	6450	8.59e-159	575
sampleD_part2	JQ034420.1	85.333	525	77	0	1	525	5855	6379	8.59e-159	575
sampleD_part2	JQ026233.1	85.333	525	77	0	1	525	5855	6379	8.59e-159	575
sampleD_part2	NC_000886.1	85.333	525	77	0	1	525	5926	6450	8.59e-159	575
sampleD_part2	OW244302.1	85.143	525	78	0	1	525	5929	6453	4.00e-157	569
sampleD_part2	MG912837.1	85.115	524	78	0	1	524	10268	9745	1.44e-156	568
sampleD_part2	MG912818.1	85.115	524	78	0	1	524	10485	9962	1.44e-156	568
sampleD_part2	MG912814.1	85.115	524	78	0	1	524	10485	9962	1.44e-156	568
sampleD_part2	MG912797.1	85.115	524	78	0	1	524	10485	9962	1.44e-156	568
sampleD_part2	MG912795.1	85.115	524	78	0	1	524	10478	9955	1.44e-156	568
sampleD_part2	MG912793.1	85.115	524	78	0	1	524	10485	9962	1.44e-156	568
sampleD_part2	OM719687.1	85.221	521	77	0	1	521	5863	6383	1.44e-156	568
sampleD_part2	OM719686.1	85.221	521	77	0	1	521	5926	6446	1.44e-156	568
sampleD_part2	MT017691.1	85.221	521	77	0	1	521	5363	5883	1.44e-156	568
sampleD_part2	AP019397.1	84.952	525	79	0	1	525	5920	6444	1.86e-155	564
sampleD_part2	KU883273.1	99.045	314	3	0	1	314	485	798	1.86e-155	564
sampleD_part2	NC_016951.1	84.952	525	79	0	1	525	5920	6444	1.86e-155	564
sampleD_part2	GQ152876.1	99.045	314	3	0	1	314	502	815	1.86e-155	564
sampleD_part2	DQ080050.1	84.952	525	79	0	1	525	5921	6445	1.86e-155	564
sampleD_part2	NC_007692.1	84.952	525	79	0	1	525	5921	6445	1.86e-155	564
sampleD_part2	MG912838.1	84.924	524	79	0	1	524	10424	9901	6.69e-155	562
sampleD_part2	MG912836.1	84.924	524	79	0	1	524	10444	9921	6.69e-155	562
sampleD_part2	MG912835.1	84.924	524	79	0	1	524	10393	9870	6.69e-155	562
sampleD_part2	MG912834.1	84.924	524	79	0	1	524	10238	9715	6.69e-155	562
sampleD_part2	MG912833.1	84.924	524	79	0	1	524	10279	9756	6.69e-155	562
sampleD_part2	MG912832.1	84.924	524	79	0	1	524	10450	9927	6.69e-155	562
sampleD_part2	MG912831.1	84.924	524	79	0	1	524	10420	9897	6.69e-155	562
sampleD_part2	MG912830.1	84.924	524	79	0	1	524	10381	9858	6.69e-155	562
sampleD_part2	MG912829.1	84.924	524	79	0	1	524	10401	9878	6.69e-155	562
sampleD_part2	MG912828.1	84.924	524	79	0	1	524	10463	9940	6.69e-155	562
sampleD_part2	MG912827.1	84.924	524	79	0	1	524	10465	9942	6.69e-155	562
sampleD_part2	MG912826.1	84.924	524	79	0	1	524	10451	9928	6.69e-155	562
sampleD_part2	MG912825.1	84.924	524	79	0	1	524	10403	9880	6.69e-155	562
sampleD_part2	MG912824.1	84.924	524	79	0	1	524	10276	9753	6.69e-155	562
sampleD_part2	MG912823.1	84.924	524	79	0	1	524	10401	9878	6.69e-155	562
sampleD_part2	MG912822.1	84.924	524	79	0	1	524	10378	9855	6.69e-155	562
sampleD_part2	MG912821.1	84.924	524	79	0	1	524	10432	9909	6.69e-155	562
sampleD_part2	MG912820.1	84.924	524	79	0	1	524	10473	9950	6.69e-155	562
sampleD_part2	MG912819.1	84.924	524	79	0	1	524	10384	9861	6.69e-155	562
sampleD_part2	MG912817.1	84.924	524	79	0	1	524	10485	9962	6.69e-155	562
sampleD_part2	MG912816.1	84.924	524	79	0	1	524	10481	9958	6.69e-155	562
sampleD_part2	MG912813.1	84.924	524	79	0	1	524	10453	9930	6.69e-155	562
sampleD_part2	MG912812.1	84.924	524	79	0	1	524	10468	9945	6.69e-155	562
sampleD_part2	MG912811.1	84.924	524	79	0	1	524	10485	9962	6.69e-155	562
sampleD_part2	MG912810.1	84.924	524	79	0	1	524	10485	9962	6.69e-155	562
sampleD_part2	MG912809.1	84.924	524	79	0	1	524	10485	9962	6.69e-155	562
sampleD_part2	MG912808.1	84.924	524	79	0	1	524	10236	9713	6.69e-155	562
sampleD_part2	MG912807.1	84.924	524	79	0	1	524	10477	9954	6.69e-155	562
sampleD_part2	MG912806.1	84.924	524	79	0	1	524	10485	9962	6.69e-155	562
sampleD_part2	MG912804.1	84.924	524	79	0	1	524	10485	9962	6.69e-155	562
sampleD_part2	MG912803.1	84.924	524	79	0	1	524	10485	9962	6.69e-155	562
sampleD_part2	MG912802.1	84.924	524	79	0	1	524	10485	9962	6.69e-155	562
sampleD_part2	MG912801.1	84.924	524	79	0	1	524	10485	9962	6.69e-155	562
sampleD_part2	MG912800.1	84.924	524	79	0	1	524	10484	9961	6.69e-155	562
sampleD_part2	MG912799.1	84.924	524	79	0	1	524	10239	9716	6.69e-155	562
sampleD_part2	MG912798.1	84.924	524	79	0	1	524	10485	9962	6.69e-155	562
sampleD_part2	MG912794.1	84.924	524	79	0	1	524	10485	9962	6.69e-155	562
sampleD_part2	MG912792.1	84.924	524	79	0	1	524	10485	9962	6.69e-155	562
sampleD_part2	MG912791.1	84.924	524	79	0	1	524	10485	9962	6.69e-155	562
sampleD_part2	OM719701.1	85.029	521	78	0	1	521	5925	6445	6.69e-155	562
sampleD_part2	OM719700.1	85.029	521	78	0	1	521	5926	6446	6.69e-155	562
sampleD_part2	OM719699.1	85.029	521	78	0	1	521	5925	6445	6.69e-155	562
sampleD_part2	OM719682.1	85.029	521	78	0	1	521	5891	6411	6.69e-155	562
sampleD_part2	OM719680.1	85.029	521	78	0	1	521	5911	6431	6.69e-155	562
sampleD_part2	JN999704.2	85.029	521	78	0	1	521	5748	6268	6.69e-155	562
sampleD_part2	NC_051478.1	85.029	521	78	0	1	521	5417	5937	6.69e-155	562
sampleD_part2	NC_051477.1	85.029	521	78	0	1	521	5417	5937	6.69e-155	562
sampleD_part2	PQ459491.1	89.414	444	47	0	1	444	526	969	2.41e-154	560
sampleD_part2	MN136060.1	84.762	525	80	0	1	525	5908	6432	8.65e-154	558
sampleD_part2	MN136059.1	84.762	525	80	0	1	525	5908	6432	8.65e-154	558
sampleD_part2	MN136058.1	84.762	525	80	0	1	525	5908	6432	8.65e-154	558
sampleD_part2	MN136057.1	84.762	525	80	0	1	525	5908	6432	8.65e-154	558
sampleD_part2	MN136056.1	84.762	525	80	0	1	525	5908	6432	8.65e-154	558
sampleD_part2	MN136055.1	84.762	525	80	0	1	525	5908	6432	8.65e-154	558
sampleD_part2	MN136054.1	84.762	525	80	0	1	525	5908	6432	8.65e-154	558
sampleD_part2	MN136053.1	84.762	525	80	0	1	525	5908	6432	8.65e-154	558
sampleD_part2	MN136052.1	84.762	525	80	0	1	525	5908	6432	8.65e-154	558
sampleD_part2	LR697070.1	84.866	522	79	0	1	522	5884	6405	8.65e-154	558
sampleD_part2	JX454982.1	84.762	525	80	0	1	525	5922	6446	8.65e-154	558
sampleD_part2	MG912815.1	84.733	524	80	0	1	524	10220	9697	3.11e-153	556
sampleD_part2	MG912805.1	84.733	524	80	0	1	524	10460	9937	3.11e-153	556
sampleD_part2	LT599486.1	84.837	521	79	0	1	521	5775	6295	3.11e-153	556
sampleD_part2	OQ581203.1	84.837	521	79	0	1	521	5924	6444	3.11e-153	556
sampleD_part2	OM719710.1	84.837	521	79	0	1	521	5909	6429	3.11e-153	556
sampleD_part2	OM719709.1	84.837	521	79	0	1	521	5915	6435	3.11e-153	556
sampleD_part2	OM719708.1	84.837	521	79	0	1	521	5910	6430	3.11e-153	556
sampleD_part2	OM719691.1	84.837	521	79	0	1	521	5925	6445	3.11e-153	556
sampleD_part2	OM719690.1	84.837	521	79	0	1	521	5887	6407	3.11e-153	556
sampleD_part2	OM719689.1	84.837	521	79	0	1	521	5890	6410	3.11e-153	556
sampleD_part2	OM719688.1	84.837	521	79	0	1	521	5925	6445	3.11e-153	556
sampleD_part2	OM719681.1	84.837	521	79	0	1	521	5918	6438	3.11e-153	556
sampleD_part2	OM719676.1	84.837	521	79	0	1	521	5919	6439	3.11e-153	556
sampleD_part2	OM719675.1	84.837	521	79	0	1	521	5925	6445	3.11e-153	556
sampleD_part2	OM719674.1	84.837	521	79	0	1	521	5912	6432	3.11e-153	556
sampleD_part2	OU230561.1	84.837	521	79	0	1	521	5879	6399	3.11e-153	556
sampleD_part2	OU230560.1	84.837	521	79	0	1	521	5924	6444	3.11e-153	556
sampleD_part2	OU230559.1	84.837	521	79	0	1	521	5924	6444	3.11e-153	556
sampleD_part2	OU230558.1	84.837	521	79	0	1	521	5924	6444	3.11e-153	556
sampleD_part2	NC_051482.1	84.837	521	79	0	1	521	5417	5937	3.11e-153	556
sampleD_part2	NC_051480.1	84.837	521	79	0	1	521	5417	5937	3.11e-153	556
sampleD_part2	NC_051479.1	84.837	521	79	0	1	521	5417	5937	3.11e-153	556
sampleD_part2	NC_011815.1	84.837	521	79	0	1	521	5912	6432	3.11e-153	556
sampleD_part2	NC_007699.1	84.762	525	78	2	1	524	5923	6446	3.11e-153	556
sampleD_part2	OZ223140.1	84.571	525	81	0	1	525	5921	6445	4.02e-152	553
sampleD_part2	PQ459488.1	84.571	525	81	0	1	525	526	1050	4.02e-152	553
sampleD_part2	MF554690.1	84.571	525	81	0	1	525	5923	6447	4.02e-152	553
sampleD_part2	OR166644.1	84.571	525	81	0	1	525	5922	6446	4.02e-152	553
sampleD_part2	OR166640.1	84.571	525	81	0	1	525	5922	6446	4.02e-152	553
sampleD_part2	OR166639.1	84.571	525	81	0	1	525	5922	6446	4.02e-152	553
sampleD_part2	OR166634.1	84.571	525	81	0	1	525	5922	6446	4.02e-152	553
sampleD_part2	OR166633.1	84.571	525	81	0	1	525	5922	6446	4.02e-152	553
sampleD_part2	OR166622.1	84.571	525	81	0	1	525	5922	6446	4.02e-152	553
sampleD_part2	OR166619.1	84.571	525	81	0	1	525	5922	6446	4.02e-152	553
sampleD_part2	OR166616.1	84.571	525	81	0	1	525	5922	6446	4.02e-152	553
sampleD_part2	OR166600.1	84.571	525	81	0	1	525	5922	6446	4.02e-152	553
sampleD_part2	OR166599.1	84.571	525	81	0	1	525	5922	6446	4.02e-152	553
sampleD_part2	OR166598.1	84.571	525	81	0	1	525	5922	6446	4.02e-152	553
sampleD_part2	OR166592.1	84.571	525	81	0	1	525	5922	6446	4.02e-152	553
sampleD_part2	OR166590.1	84.571	525	81	0	1	525	5922	6446	4.02e-152	553
sampleD_part2	OR166584.1	84.571	525	81	0	1	525	5922	6446	4.02e-152	553
sampleD_part2	OR166583.1	84.571	525	81	0	1	525	5922	6446	4.02e-152	553
sampleD_part2	OR166582.1	84.571	525	81	0	1	525	5922	6446	4.02e-152	553
sampleD_part2	OR775090.1	84.571	525	81	0	1	525	5977	6501	4.02e-152	553
sampleD_part2	KP256531.1	84.571	525	81	0	1	525	5933	6457	4.02e-152	553
sampleD_part2	NC_028634.1	84.571	525	81	0	1	525	5920	6444	4.02e-152	553
sampleD_part2	JX454988.1	84.571	525	81	0	1	525	5921	6445	4.02e-152	553
sampleD_part2	JX454987.1	84.571	525	81	0	1	525	5921	6445	4.02e-152	553
sampleD_part2	JX454983.1	84.571	525	81	0	1	525	5922	6446	4.02e-152	553
sampleD_part2	JX454979.1	84.571	525	81	0	1	525	5918	6442	4.02e-152	553
sampleD_part2	JX454977.1	84.571	525	81	0	1	525	5921	6445	4.02e-152	553
sampleD_part2	FR694649.1	84.571	525	81	0	1	525	5923	6447	4.02e-152	553
sampleD_part2	MT372822.1	84.645	521	80	0	1	521	5919	6439	1.45e-151	551
sampleD_part2	LT599483.1	84.645	521	80	0	1	521	5929	6449	1.45e-151	551
sampleD_part2	NC_080265.1	84.645	521	80	0	1	521	6080	6600	1.45e-151	551
sampleD_part2	OM719707.1	84.645	521	80	0	1	521	5923	6443	1.45e-151	551
sampleD_part2	OM719706.1	84.645	521	80	0	1	521	5880	6400	1.45e-151	551
sampleD_part2	OM719705.1	84.645	521	80	0	1	521	5924	6444	1.45e-151	551
sampleD_part2	OU230562.1	84.645	521	80	0	1	521	5881	6401	1.45e-151	551
sampleD_part2	MT017704.1	84.645	521	80	0	1	521	5333	5853	1.45e-151	551
sampleD_part2	NC_051481.1	84.645	521	80	0	1	521	5417	5937	1.45e-151	551
sampleD_part2	NC_016691.1	84.615	520	80	0	1	520	5916	6435	5.21e-151	549
sampleD_part2	LR697080.1	84.381	525	82	0	1	525	5862	6386	1.87e-150	547
sampleD_part2	MF579505.1	84.381	525	82	0	1	525	5922	6446	1.87e-150	547
sampleD_part2	MF579504.1	84.381	525	82	0	1	525	5922	6446	1.87e-150	547
sampleD_part2	OR166594.1	84.381	525	82	0	1	525	5920	6444	1.87e-150	547
sampleD_part2	JX454984.1	84.381	525	82	0	1	525	5922	6446	1.87e-150	547
sampleD_part2	JN999703.2	84.381	525	82	0	1	525	5874	6398	1.87e-150	547
sampleD_part2	NC_007697.1	84.381	525	82	0	1	525	5922	6446	1.87e-150	547
sampleD_part2	NC_007693.1	84.381	525	82	0	1	525	5925	6449	1.87e-150	547
sampleD_part2	DQ080046.1	84.381	525	82	0	1	525	5399	5923	1.87e-150	547
sampleD_part2	LR697060.1	84.351	524	82	0	1	524	5883	6406	6.73e-150	545
sampleD_part2	OM719704.1	84.453	521	81	0	1	521	5926	6446	6.73e-150	545
sampleD_part2	OM719703.1	84.453	521	81	0	1	521	5926	6446	6.73e-150	545
sampleD_part2	OM719702.1	84.453	521	81	0	1	521	5926	6446	6.73e-150	545
sampleD_part2	OM719698.1	84.453	521	81	0	1	521	5926	6446	6.73e-150	545
sampleD_part2	OM719685.1	84.453	521	81	0	1	521	5924	6444	6.73e-150	545
sampleD_part2	OM719684.1	84.453	521	81	0	1	521	5926	6446	6.73e-150	545
sampleD_part2	OM719683.1	84.453	521	81	0	1	521	5925	6445	6.73e-150	545
sampleD_part2	OM719679.1	84.453	521	81	0	1	521	5924	6444	6.73e-150	545
sampleD_part2	OM719678.1	84.453	521	81	0	1	521	5912	6432	6.73e-150	545
sampleD_part2	OM719677.1	84.453	521	81	0	1	521	5915	6435	6.73e-150	545
sampleD_part2	OM719673.1	84.453	521	81	0	1	521	5924	6444	6.73e-150	545
sampleD_part2	NC_051476.1	84.453	521	81	0	1	521	5417	5937	6.73e-150	545
sampleD_part2	NC_051475.1	84.453	521	81	0	1	521	5417	5937	6.73e-150	545
sampleD_part2	MT017692.1	84.453	521	81	0	1	521	5389	5909	6.73e-150	545
sampleD_part2	NC_051472.1	84.453	521	81	0	1	521	5924	6444	6.73e-150	545
sampleD_part2	LR697071.1	84.291	522	82	0	1	522	5885	6406	8.71e-149	542
sampleD_part2	PV230503.1	84.190	525	83	0	1	525	5921	6445	8.71e-149	542
sampleD_part2	NC_029369.1	84.190	525	83	0	1	525	5917	6441	8.71e-149	542
sampleD_part2	MT410948.1	84.190	525	83	0	1	525	5865	6389	8.71e-149	542
sampleD_part2	LR697061.1	84.160	524	83	0	1	524	5884	6407	3.13e-148	540
sampleD_part2	LR697059.1	84.160	524	83	0	1	524	5884	6407	3.13e-148	540
sampleD_part2	OZ077579.1	84.160	524	83	0	1	524	481	1004	3.13e-148	540
sampleD_part2	MH795989.1	84.000	525	84	0	1	525	6104	6628	4.05e-147	536
sampleD_part2	MT372821.1	83.969	524	84	0	1	524	5912	6435	1.46e-146	534
sampleD_part2	MW774614.1	83.969	524	84	0	1	524	526	1049	1.46e-146	534
sampleD_part2	MW774612.1	83.969	524	84	0	1	524	526	1049	1.46e-146	534
sampleD_part2	OR253893.1	88.262	443	52	0	1	443	5928	6370	1.89e-145	531
sampleD_part2	NC_023890.1	88.262	443	52	0	1	443	5927	6369	1.89e-145	531
sampleD_part2	NC_020668.1	83.810	525	85	0	1	525	5907	6431	1.89e-145	531
sampleD_part2	NC_002073.3	88.262	443	52	0	1	443	5926	6368	1.89e-145	531
sampleD_part2	OP115974.1	83.779	524	85	0	1	524	5935	6458	6.78e-145	529
sampleD_part2	NC_063096.1	83.779	524	85	0	1	524	5935	6458	6.78e-145	529
sampleD_part2	NC_063095.1	83.779	524	85	0	1	524	5936	6459	6.78e-145	529
sampleD_part2	MW774616.1	83.779	524	85	0	1	524	526	1049	6.78e-145	529
sampleD_part2	MW774613.1	83.779	524	85	0	1	524	526	1049	6.78e-145	529
sampleD_part2	MN136061.1	88.063	444	53	0	1	444	5908	6351	2.44e-144	527
sampleD_part2	LR968547.1	88.063	444	53	0	1	444	5876	6319	2.44e-144	527
sampleD_part2	LR968543.1	88.063	444	53	0	1	444	5866	6309	2.44e-144	527
sampleD_part2	JX454981.1	88.063	444	53	0	1	444	5910	6353	2.44e-144	527
sampleD_part2	NC_062409.1	83.588	524	86	0	1	524	5913	6436	3.16e-143	523
sampleD_part2	GU320209.1	83.588	524	86	0	1	524	5918	6441	3.16e-143	523
sampleD_part2	NC_007698.1	83.588	524	86	0	1	524	5917	6440	3.16e-143	523
sampleD_part2	OZ077580.1	87.838	444	54	0	1	444	458	901	1.13e-142	521
sampleD_part2	NC_082232.1	87.810	443	54	0	1	443	5932	6374	4.08e-142	520
sampleD_part2	PP228865.1	83.591	518	85	0	1	518	5904	6421	1.47e-141	518
sampleD_part2	NC_082187.1	83.591	518	85	0	1	518	526	1043	1.47e-141	518
sampleD_part2	NC_011819.1	83.685	521	79	2	1	521	6203	6717	1.47e-141	518
sampleD_part2	OZ077600.1	87.613	444	55	0	1	444	458	901	5.28e-141	516
sampleD_part2	OZ077595.1	87.613	444	55	0	1	444	458	901	5.28e-141	516
sampleD_part2	OX453476.1	87.640	445	53	2	1	444	5935	6378	5.28e-141	516
sampleD_part2	OX453475.1	87.640	445	53	2	1	444	5933	6376	5.28e-141	516
sampleD_part2	NC_032300.1	87.613	444	55	0	1	444	526	969	5.28e-141	516
sampleD_part2	AP019398.1	87.585	443	55	0	1	443	5920	6362	1.90e-140	514
sampleD_part2	MT334601.1	83.238	525	88	0	1	525	5669	6193	1.90e-140	514
sampleD_part2	KJ700438.1	87.585	443	55	0	1	443	5923	6365	1.90e-140	514
sampleD_part2	JN999706.2	87.585	443	55	0	1	443	5726	6168	1.90e-140	514
sampleD_part2	NC_015101.1	87.585	443	55	0	1	443	5922	6364	1.90e-140	514
sampleD_part2	NC_009260.1	83.270	526	86	2	1	525	5917	6441	1.90e-140	514
sampleD_part2	AY676201.1	87.585	443	55	0	1	443	5923	6365	1.90e-140	514
sampleD_part2	MT372820.1	83.206	524	88	0	1	524	5919	6442	6.83e-140	512
sampleD_part2	OR253895.1	83.270	526	84	4	1	524	5908	6431	6.83e-140	512
sampleD_part2	OZ077584.1	87.387	444	56	0	1	444	458	901	2.46e-139	510
sampleD_part2	OX453477.1	87.416	445	54	2	1	444	5934	6377	2.46e-139	510
sampleD_part2	OM719697.1	87.387	444	56	0	1	444	5921	6364	2.46e-139	510
sampleD_part2	OM719696.1	87.387	444	56	0	1	444	5915	6358	2.46e-139	510
sampleD_part2	OM719695.1	87.387	444	56	0	1	444	5869	6312	2.46e-139	510
sampleD_part2	OM719692.1	87.387	444	56	0	1	444	5867	6310	2.46e-139	510
sampleD_part2	OM719672.1	87.387	444	56	0	1	444	5926	6369	2.46e-139	510
sampleD_part2	OM719671.1	87.387	444	56	0	1	444	5925	6368	2.46e-139	510
sampleD_part2	OM719670.1	87.387	444	56	0	1	444	5925	6368	2.46e-139	510
sampleD_part2	NC_051474.1	87.387	444	56	0	1	444	5417	5860	2.46e-139	510
sampleD_part2	NC_051473.1	87.387	444	56	0	1	444	5417	5860	2.46e-139	510
sampleD_part2	FJ469674.1	87.359	443	56	0	1	443	5923	6365	8.84e-139	508
sampleD_part2	PQ069769.1	98.940	283	3	0	1	283	423	705	3.18e-138	507
sampleD_part2	LR697062.1	87.162	444	57	0	1	444	5884	6327	1.14e-137	505
sampleD_part2	OZ077583.1	87.162	444	57	0	1	444	481	924	1.14e-137	505
sampleD_part2	OX453498.1	87.191	445	55	2	1	444	5931	6374	1.14e-137	505
sampleD_part2	OX453496.1	87.191	445	55	2	1	444	5931	6374	1.14e-137	505
sampleD_part2	OX453495.1	87.191	445	55	2	1	444	5932	6375	1.14e-137	505
sampleD_part2	OM719694.1	87.162	444	57	0	1	444	5918	6361	1.14e-137	505
sampleD_part2	OM719693.1	87.162	444	57	0	1	444	5916	6359	1.14e-137	505
sampleD_part2	MK580979.1	82.857	525	90	0	1	525	5898	6422	4.11e-137	503
sampleD_part2	KF724151.1	82.857	525	90	0	1	525	5914	6438	4.11e-137	503
sampleD_part2	NC_018793.1	82.824	524	90	0	1	524	5911	6434	4.11e-137	503
sampleD_part2	NC_014577.1	82.890	526	86	4	1	524	5899	6422	1.48e-136	501
sampleD_part2	LR697063.1	86.937	444	58	0	1	444	5884	6327	5.32e-136	499
sampleD_part2	OZ077596.1	86.937	444	58	0	1	444	458	901	5.32e-136	499
sampleD_part2	OZ077578.1	86.937	444	58	0	1	444	482	925	5.32e-136	499
sampleD_part2	DQ656607.1	86.937	444	58	0	1	444	5925	6368	5.32e-136	499
sampleD_part2	NC_007695.1	86.937	444	58	0	1	444	5915	6358	5.32e-136	499
sampleD_part2	OZ077590.1	86.712	444	59	0	1	444	477	920	1.91e-135	497
sampleD_part2	NC_011198.1	82.667	525	91	0	1	525	5920	6444	1.91e-135	497
sampleD_part2	NC_010973.1	82.759	522	90	0	1	522	5916	6437	1.91e-135	497
sampleD_part2	DQ256378.1	82.667	525	91	0	1	525	5850	6374	1.91e-135	497
sampleD_part2	OP344485.1	86.712	444	59	0	1	444	5909	6352	2.47e-134	494
sampleD_part2	NC_065016.1	86.712	444	59	0	1	444	5909	6352	2.47e-134	494
sampleD_part2	KY883378.1	82.476	525	92	0	1	525	5907	6431	8.90e-134	492
sampleD_part2	OZ248752.1	82.286	525	93	0	1	525	5868	6392	4.14e-132	486
sampleD_part2	OZ248751.1	82.286	525	93	0	1	525	5868	6392	4.14e-132	486
sampleD_part2	OZ248750.1	82.286	525	93	0	1	525	5870	6394	4.14e-132	486
sampleD_part2	OZ248747.1	82.286	525	93	0	1	525	5871	6395	4.14e-132	486
sampleD_part2	OZ248746.1	82.286	525	93	0	1	525	5868	6392	4.14e-132	486
sampleD_part2	OZ248745.1	82.286	525	93	0	1	525	5871	6395	4.14e-132	486
sampleD_part2	OZ248740.1	82.286	525	93	0	1	525	5868	6392	4.14e-132	486
sampleD_part2	OZ248739.1	82.286	525	93	0	1	525	5868	6392	4.14e-132	486
sampleD_part2	OZ248737.1	82.286	525	93	0	1	525	5868	6392	4.14e-132	486
sampleD_part2	OZ248736.1	82.286	525	93	0	1	525	5868	6392	4.14e-132	486
sampleD_part2	OZ248735.1	82.286	525	93	0	1	525	5868	6392	4.14e-132	486
sampleD_part2	OZ248733.1	82.286	525	93	0	1	525	5868	6392	4.14e-132	486
sampleD_part2	KY776451.1	82.286	525	93	0	1	525	5915	6439	4.14e-132	486
sampleD_part2	JN980701.1	82.095	525	94	0	1	525	5916	6440	1.93e-130	481
sampleD_part2	NC_017885.1	82.095	525	94	0	1	525	5916	6440	1.93e-130	481
sampleD_part2	NC_017878.1	82.095	525	94	0	1	525	5898	6422	1.93e-130	481
sampleD_part2	NC_017607.1	86.099	446	58	4	1	444	5908	6351	2.49e-129	477
sampleD_part2	OZ248749.1	81.905	525	95	0	1	525	5871	6395	8.96e-129	475
sampleD_part2	JN865214.1	81.905	525	95	0	1	525	5915	6439	8.96e-129	475
sampleD_part2	NC_023221.1	81.679	524	96	0	1	524	5919	6442	1.50e-126	468
sampleD_part2	DQ016387.1	85.811	444	60	3	1	444	9802	10242	1.50e-126	468
sampleD_part2	MH822616.1	85.586	444	64	0	1	444	9646	10089	5.39e-126	466
sampleD_part2	NC_031432.1	81.489	524	97	0	1	524	5911	6434	6.98e-125	462
sampleD_part2	NC_035611.1	85.360	444	65	0	1	444	6240	6683	2.51e-124	460
sampleD_part2	NC_028566.1	85.360	444	65	0	1	444	5865	6308	2.51e-124	460
sampleD_part2	EF156844.1	85.235	447	60	4	1	444	526	969	1.17e-122	455
sampleD_part2	NC_007970.1	85.169	445	64	2	1	444	9828	10271	1.17e-122	455
sampleD_part2	KP190330.1	84.719	445	66	2	1	444	526	969	2.53e-119	444
sampleD_part2	KP886942.1	84.719	445	66	2	1	444	202	645	2.53e-119	444
sampleD_part2	NC_033382.1	84.807	441	65	2	5	444	5126	5565	9.09e-119	442
sampleD_part2	OQ002172.1	84.685	444	66	2	2	444	539	981	9.09e-119	442
sampleD_part2	NC_065080.1	84.494	445	67	2	1	444	5832	6275	1.18e-117	438
sampleD_part2	KY410899.1	84.529	446	65	4	1	444	5882	6325	1.18e-117	438
sampleD_part2	MT408177.1	84.842	442	59	7	7	444	5836	6273	1.18e-117	438
sampleD_part2	NC_020141.1	84.615	442	66	2	4	444	5880	6320	1.18e-117	438
sampleD_part2	MN067840.1	84.234	444	70	0	1	444	76	519	5.47e-116	433
sampleD_part2	MN067826.1	84.234	444	70	0	1	444	82	525	5.47e-116	433
sampleD_part2	PP410137.1	84.354	441	69	0	4	444	5875	6315	5.47e-116	433
sampleD_part2	PP410134.1	84.354	441	69	0	4	444	5875	6315	5.47e-116	433
sampleD_part2	KR608170.1	84.389	442	67	2	4	444	529	969	5.47e-116	433
sampleD_part2	KR608168.1	84.459	444	63	6	4	444	529	969	5.47e-116	433
sampleD_part2	KR608162.1	84.389	442	67	2	4	444	529	969	5.47e-116	433
sampleD_part2	KR608156.1	84.389	442	67	2	4	444	529	969	5.47e-116	433
sampleD_part2	KR608155.1	84.389	442	67	2	4	444	529	969	5.47e-116	433
sampleD_part2	NC_054232.1	84.234	444	70	0	1	444	5924	6367	5.47e-116	433
sampleD_part2	MT259127.1	84.270	445	68	2	1	444	5878	6321	5.47e-116	433
sampleD_part2	OR468042.1	84.234	444	68	2	2	444	539	981	1.97e-115	431
sampleD_part2	OR468041.1	84.234	444	68	2	2	444	539	981	1.97e-115	431
sampleD_part2	OR468039.1	84.234	444	68	2	2	444	539	981	1.97e-115	431
sampleD_part2	OR468038.1	84.234	444	68	2	2	444	539	981	1.97e-115	431
sampleD_part2	OR468037.1	84.234	444	68	2	2	444	539	981	1.97e-115	431
sampleD_part2	OR468036.1	84.234	444	68	2	2	444	539	981	1.97e-115	431
sampleD_part2	KJ868160.1	84.199	443	70	0	2	444	5854	6296	1.97e-115	431
sampleD_part2	PQ216296.1	98.755	241	3	0	1	241	423	663	7.08e-115	429
sampleD_part2	PP410133.1	84.163	442	68	2	4	444	5876	6316	2.55e-114	427
sampleD_part2	PP818779.1	84.116	447	65	5	1	444	6050	6493	2.55e-114	427
sampleD_part2	PP818766.1	84.045	445	69	2	1	444	6236	6679	2.55e-114	427
sampleD_part2	KY776450.1	84.152	448	63	6	1	444	5903	6346	2.55e-114	427
sampleD_part2	PP391769.1	84.163	442	68	2	4	444	5876	6316	2.55e-114	427
sampleD_part2	PP391767.1	84.163	442	68	2	4	444	5876	6316	2.55e-114	427
sampleD_part2	KR608171.1	84.163	442	68	2	4	444	529	969	2.55e-114	427
sampleD_part2	KR608169.1	84.163	442	68	2	4	444	529	969	2.55e-114	427
sampleD_part2	KR608166.1	84.163	442	68	2	4	444	529	969	2.55e-114	427
sampleD_part2	KR608165.1	84.163	442	68	2	4	444	529	969	2.55e-114	427
sampleD_part2	KR608154.1	84.163	442	68	2	4	444	529	969	2.55e-114	427
sampleD_part2	KY100866.1	84.009	444	71	0	1	444	5926	6369	2.55e-114	427
sampleD_part2	OP524493.1	84.045	445	69	2	1	444	5841	6284	2.55e-114	427
sampleD_part2	NC_016714.1	84.009	444	71	0	1	444	5997	6440	2.55e-114	427
sampleD_part2	MT408187.1	84.045	445	69	2	1	444	5832	6275	2.55e-114	427
sampleD_part2	MT259126.1	84.045	445	69	2	1	444	5878	6321	2.55e-114	427
sampleD_part2	PP818762.1	84.127	441	68	2	5	444	6068	6507	9.15e-114	425
sampleD_part2	OR468043.1	84.009	444	69	2	2	444	539	981	9.15e-114	425
sampleD_part2	NC_028036.1	83.973	443	71	0	2	444	5929	6371	9.15e-114	425
sampleD_part2	PX394359.1	83.784	444	72	0	1	444	9621	10064	1.18e-112	422
sampleD_part2	PX394358.1	83.784	444	72	0	1	444	9954	10397	1.18e-112	422
sampleD_part2	PX394357.1	83.784	444	72	0	1	444	9618	10061	1.18e-112	422
sampleD_part2	PX394356.1	83.784	444	72	0	1	444	9632	10075	1.18e-112	422
sampleD_part2	PX394355.1	83.784	444	72	0	1	444	9618	10061	1.18e-112	422
sampleD_part2	PX394354.1	83.784	444	72	0	1	444	9618	10061	1.18e-112	422
sampleD_part2	PX394353.1	83.784	444	72	0	1	444	9618	10061	1.18e-112	422
sampleD_part2	PX394352.1	83.784	444	72	0	1	444	8556	8999	1.18e-112	422
sampleD_part2	PX394351.1	83.784	444	72	0	1	444	9618	10061	1.18e-112	422
sampleD_part2	PX394350.1	83.784	444	72	0	1	444	9618	10061	1.18e-112	422
sampleD_part2	PX394349.1	83.784	444	72	0	1	444	9618	10061	1.18e-112	422
sampleD_part2	PX394348.1	83.784	444	72	0	1	444	9149	9592	1.18e-112	422
sampleD_part2	PX394347.1	83.784	444	72	0	1	444	9209	9652	1.18e-112	422
sampleD_part2	PX394346.1	83.784	444	72	0	1	444	8556	8999	1.18e-112	422
sampleD_part2	PX394345.1	83.784	444	72	0	1	444	9189	9632	1.18e-112	422
sampleD_part2	PX394344.1	83.784	444	72	0	1	444	9079	9522	1.18e-112	422
sampleD_part2	PX394343.1	83.784	444	72	0	1	444	9138	9581	1.18e-112	422
sampleD_part2	PX394342.1	83.784	444	72	0	1	444	9189	9632	1.18e-112	422
sampleD_part2	PX394341.1	83.784	444	72	0	1	444	8556	8999	1.18e-112	422
sampleD_part2	PX394340.1	83.784	444	72	0	1	444	9650	10093	1.18e-112	422
sampleD_part2	PX394339.1	83.784	444	72	0	1	444	9187	9630	1.18e-112	422
sampleD_part2	PX394338.1	83.784	444	72	0	1	444	8556	8999	1.18e-112	422
sampleD_part2	PX394337.1	83.784	444	72	0	1	444	9622	10065	1.18e-112	422
sampleD_part2	PX394336.1	83.784	444	72	0	1	444	9622	10065	1.18e-112	422
sampleD_part2	PX394335.1	83.784	444	72	0	1	444	9139	9582	1.18e-112	422
sampleD_part2	PX394334.1	83.784	444	72	0	1	444	9622	10065	1.18e-112	422
sampleD_part2	PX394333.1	83.784	444	72	0	1	444	9622	10065	1.18e-112	422
sampleD_part2	PX394332.1	83.784	444	72	0	1	444	9622	10065	1.18e-112	422
sampleD_part2	PX394331.1	83.784	444	72	0	1	444	9139	9582	1.18e-112	422
sampleD_part2	PX394330.1	83.784	444	72	0	1	444	9138	9581	1.18e-112	422
sampleD_part2	PX394329.1	83.784	444	72	0	1	444	9139	9582	1.18e-112	422
sampleD_part2	PX394328.1	83.784	444	72	0	1	444	8556	8999	1.18e-112	422
sampleD_part2	PX394327.1	83.784	444	72	0	1	444	9139	9582	1.18e-112	422
sampleD_part2	PX394326.1	83.784	444	72	0	1	444	9622	10065	1.18e-112	422
sampleD_part2	PX394325.1	83.784	444	72	0	1	444	9621	10064	1.18e-112	422
sampleD_part2	PX394324.1	83.784	444	72	0	1	444	9621	10064	1.18e-112	422
sampleD_part2	PX394323.1	83.784	444	72	0	1	444	9621	10064	1.18e-112	422
sampleD_part2	PX394322.1	83.784	444	72	0	1	444	9620	10063	1.18e-112	422
sampleD_part2	PX394321.1	83.784	444	72	0	1	444	9621	10064	1.18e-112	422
sampleD_part2	PX394320.1	83.784	444	72	0	1	444	9620	10063	1.18e-112	422
sampleD_part2	PX394319.1	83.784	444	72	0	1	444	9622	10065	1.18e-112	422
sampleD_part2	PX394318.1	83.784	444	72	0	1	444	9079	9522	1.18e-112	422
sampleD_part2	PX394317.1	83.784	444	72	0	1	444	9621	10064	1.18e-112	422
sampleD_part2	PX394316.1	83.784	444	72	0	1	444	10054	10497	1.18e-112	422
sampleD_part2	PX394315.1	83.784	444	72	0	1	444	9622	10065	1.18e-112	422
sampleD_part2	PX394314.1	83.784	444	72	0	1	444	9620	10063	1.18e-112	422
sampleD_part2	PX394313.1	83.784	444	72	0	1	444	9621	10064	1.18e-112	422
sampleD_part2	PX394312.1	83.784	444	72	0	1	444	9621	10064	1.18e-112	422
sampleD_part2	PX394311.1	83.784	444	72	0	1	444	9622	10065	1.18e-112	422
sampleD_part2	PX394310.1	83.784	444	72	0	1	444	9621	10064	1.18e-112	422
sampleD_part2	PX394309.1	83.784	444	72	0	1	444	9079	9522	1.18e-112	422
sampleD_part2	PX394308.1	83.784	444	72	0	1	444	9622	10065	1.18e-112	422
sampleD_part2	PX394307.1	83.784	444	72	0	1	444	8556	8999	1.18e-112	422
sampleD_part2	PX394306.1	83.784	444	72	0	1	444	9621	10064	1.18e-112	422
sampleD_part2	PX394305.1	83.784	444	72	0	1	444	9621	10064	1.18e-112	422
sampleD_part2	PX394304.1	83.784	444	72	0	1	444	9621	10064	1.18e-112	422
sampleD_part2	PX394303.1	83.784	444	72	0	1	444	9621	10064	1.18e-112	422
sampleD_part2	PX394302.1	83.784	444	72	0	1	444	9621	10064	1.18e-112	422
sampleD_part2	PX394301.1	83.784	444	72	0	1	444	9621	10064	1.18e-112	422
sampleD_part2	PX394300.1	83.784	444	72	0	1	444	9611	10054	1.18e-112	422
sampleD_part2	MN845748.1	83.820	445	70	2	1	444	5839	6282	1.18e-112	422
sampleD_part2	PP461480.1	83.973	443	67	3	4	444	5864	6304	1.18e-112	422
sampleD_part2	PP461479.1	83.973	443	67	3	4	444	5864	6304	1.18e-112	422
sampleD_part2	PP461478.1	83.973	443	67	3	4	444	5864	6304	1.18e-112	422
sampleD_part2	PP440253.1	83.900	441	71	0	4	444	5875	6315	1.18e-112	422
sampleD_part2	PP440247.1	83.900	441	71	0	4	444	5877	6317	1.18e-112	422
sampleD_part2	LR215688.1	83.929	448	64	7	1	444	5866	6309	1.18e-112	422
sampleD_part2	LR215671.1	83.893	447	66	4	1	444	5864	6307	1.18e-112	422
sampleD_part2	PP393695.1	83.900	441	71	0	4	444	5876	6316	1.18e-112	422
sampleD_part2	NC_041284.1	83.893	447	66	4	1	444	5910	6353	1.18e-112	422
sampleD_part2	PP391758.1	83.973	443	67	3	4	444	5876	6316	1.18e-112	422
sampleD_part2	NC_035599.1	83.784	444	72	0	1	444	6257	6700	1.18e-112	422
sampleD_part2	KR608174.1	83.937	442	69	2	4	444	529	969	1.18e-112	422
sampleD_part2	KR608173.1	83.937	442	69	2	4	444	529	969	1.18e-112	422
sampleD_part2	KR608158.1	83.900	441	71	0	4	444	529	969	1.18e-112	422
sampleD_part2	AP011316.1	83.937	442	69	2	4	444	6014	6454	1.18e-112	422
sampleD_part2	ON528108.1	83.784	444	72	0	1	444	6163	6606	1.18e-112	422
sampleD_part2	NC_051519.1	83.929	448	64	7	1	444	5830	6273	1.18e-112	422
sampleD_part2	NC_015833.1	83.929	448	64	6	1	444	5995	6438	1.18e-112	422
sampleD_part2	NC_007700.1	83.784	444	72	0	1	444	7938	8381	1.18e-112	422
sampleD_part2	KR017990.1	83.747	443	72	0	2	444	478	920	4.26e-112	420
sampleD_part2	NC_020347.1	83.900	441	69	2	5	444	5986	6425	4.26e-112	420
sampleD_part2	NC_012414.1	83.710	442	72	0	2	443	5906	6347	1.53e-111	418
sampleD_part2	PX066903.1	83.710	442	70	2	4	444	5887	6327	5.51e-111	416
sampleD_part2	LC880093.1	83.669	447	67	3	1	444	5886	6329	5.51e-111	416
sampleD_part2	NC_044872.1	83.632	446	69	3	1	444	5922	6365	5.51e-111	416
sampleD_part2	MH558118.1	83.559	444	73	0	1	444	526	969	5.51e-111	416
sampleD_part2	MH558117.1	83.559	444	73	0	1	444	526	969	5.51e-111	416
sampleD_part2	MH558116.1	83.559	444	73	0	1	444	526	969	5.51e-111	416
sampleD_part2	PP461484.1	83.673	441	72	0	4	444	5876	6316	5.51e-111	416
sampleD_part2	PP461483.1	83.673	441	72	0	4	444	5876	6316	5.51e-111	416
sampleD_part2	PP461477.1	83.673	441	72	0	4	444	5876	6316	5.51e-111	416
sampleD_part2	PP440256.1	83.673	441	72	0	4	444	5876	6316	5.51e-111	416
sampleD_part2	PP440246.1	83.747	443	68	3	4	444	5876	6316	5.51e-111	416
sampleD_part2	LR215679.1	83.669	447	67	5	1	444	5866	6309	5.51e-111	416
sampleD_part2	LR215678.1	83.669	447	67	5	1	444	5866	6309	5.51e-111	416
sampleD_part2	LR215677.1	83.669	447	67	4	1	444	5869	6312	5.51e-111	416
sampleD_part2	LR215676.1	83.669	447	67	5	1	444	5866	6309	5.51e-111	416
sampleD_part2	PQ827083.1	83.596	445	71	2	1	444	5784	6227	5.51e-111	416
sampleD_part2	PQ827057.1	83.596	445	71	2	1	444	5784	6227	5.51e-111	416
sampleD_part2	PP393698.1	83.710	442	70	2	4	444	5876	6316	5.51e-111	416
sampleD_part2	PP393696.1	83.673	441	72	0	4	444	5876	6316	5.51e-111	416
sampleD_part2	PP410144.1	83.747	443	68	3	4	444	5877	6317	5.51e-111	416
sampleD_part2	NC_037387.1	83.559	444	73	0	1	444	5909	6352	5.51e-111	416
sampleD_part2	PP391766.1	83.673	441	72	0	4	444	5875	6315	5.51e-111	416
sampleD_part2	PP391765.1	83.673	441	72	0	4	444	5875	6315	5.51e-111	416
sampleD_part2	PP391759.1	83.747	443	68	3	4	444	5876	6316	5.51e-111	416
sampleD_part2	NC_035815.1	83.632	446	69	4	1	444	6047	6490	5.51e-111	416
sampleD_part2	OY859728.1	83.559	444	73	0	1	444	5914	6357	5.51e-111	416
sampleD_part2	KR608167.1	83.784	444	66	6	4	444	529	969	5.51e-111	416
sampleD_part2	KR608160.1	83.710	442	70	2	4	444	529	969	5.51e-111	416
sampleD_part2	KR608159.1	83.710	442	70	2	4	444	529	969	5.51e-111	416
sampleD_part2	KR608147.1	83.747	443	68	4	4	444	529	969	5.51e-111	416
sampleD_part2	KR608145.1	83.710	442	70	2	4	444	529	969	5.51e-111	416
sampleD_part2	NC_086900.1	83.747	443	68	3	4	444	5876	6316	5.51e-111	416
sampleD_part2	KT075096.1	83.559	444	73	0	1	444	6006	6449	5.51e-111	416
sampleD_part2	KP942535.1	83.596	445	71	2	1	444	5784	6227	5.51e-111	416
sampleD_part2	KP942531.1	83.596	445	71	2	1	444	5784	6227	5.51e-111	416
sampleD_part2	KC129171.1	89.189	333	36	0	1	333	143	475	5.51e-111	416
sampleD_part2	JX101654.1	83.559	444	73	0	1	444	5858	6301	5.51e-111	416
sampleD_part2	MT408184.1	83.705	448	65	7	1	444	5830	6273	5.51e-111	416
sampleD_part2	MT408174.1	83.705	448	65	7	1	444	5833	6276	5.51e-111	416
sampleD_part2	AP012199.1	83.559	444	73	0	1	444	6000	6443	5.51e-111	416
sampleD_part2	AP012198.1	83.559	444	73	0	1	444	6000	6443	5.51e-111	416
sampleD_part2	AP012194.1	83.559	444	73	0	1	444	6000	6443	5.51e-111	416
sampleD_part2	AP012178.1	83.559	444	73	0	1	444	6000	6443	5.51e-111	416
sampleD_part2	AP012192.1	83.559	444	73	0	1	444	6000	6443	5.51e-111	416
sampleD_part2	AP012191.1	83.559	444	73	0	1	444	6000	6443	5.51e-111	416
sampleD_part2	AP012190.1	83.559	444	73	0	1	444	6000	6443	5.51e-111	416
sampleD_part2	AP012182.1	83.559	444	73	0	1	444	6000	6443	5.51e-111	416
sampleD_part2	AP012183.1	83.559	444	73	0	1	444	6000	6443	5.51e-111	416
sampleD_part2	AB462066.1	83.669	447	67	3	1	444	526	969	5.51e-111	416
sampleD_part2	AB462046.1	83.669	447	67	3	1	444	5886	6329	5.51e-111	416
sampleD_part2	AB462045.1	83.669	447	67	3	1	444	5886	6329	5.51e-111	416
sampleD_part2	HQ172157.1	83.559	444	73	0	1	444	5915	6358	5.51e-111	416
sampleD_part2	NC_009126.1	83.669	447	67	3	1	444	8323	8766	5.51e-111	416
sampleD_part2	AB257297.1	83.559	444	73	0	1	444	6000	6443	5.51e-111	416
sampleD_part2	AB257296.1	83.559	444	73	0	1	444	6000	6443	5.51e-111	416
sampleD_part2	AY248598.1	83.559	444	73	0	1	444	145	588	5.51e-111	416
sampleD_part2	MG912796.1	84.496	387	60	0	58	444	10096	9710	1.98e-110	414
sampleD_part2	LR968550.1	82.836	402	69	0	43	444	5914	6315	3.32e-108	407
sampleD_part2	EF380324.1	82.313	441	78	0	4	444	484	924	2.00e-105	398
sampleD_part3	PV741063.1	100.000	108	0	0	385	492	7338	7445	5.63e-46	200
sampleD_part3	PV741063.1	100.000	74	0	0	1	74	6954	7027	4.48e-27	137
sampleD_part3	PV741062.1	100.000	108	0	0	385	492	7338	7445	5.63e-46	200
sampleD_part3	PV741062.1	100.000	74	0	0	1	74	6954	7027	4.48e-27	137
sampleD_part3	PV741061.1	100.000	108	0	0	385	492	7338	7445	5.63e-46	200
sampleD_part3	PV741061.1	100.000	74	0	0	1	74	6954	7027	4.48e-27	137
sampleD_part3	PV741060.1	100.000	108	0	0	385	492	7338	7445	5.63e-46	200
sampleD_part3	PV741060.1	100.000	74	0	0	1	74	6954	7027	4.48e-27	137
sampleD_part3	PV741059.1	100.000	108	0	0	385	492	7338	7445	5.63e-46	200
sampleD_part3	PV741059.1	100.000	74	0	0	1	74	6954	7027	4.48e-27	137
sampleD_part3	PV741058.1	100.000	108	0	0	385	492	7338	7445	5.63e-46	200
sampleD_part3	PV741058.1	100.000	74	0	0	1	74	6954	7027	4.48e-27	137
sampleD_part3	PV741057.1	100.000	108	0	0	385	492	7338	7445	5.63e-46	200
sampleD_part3	PV741057.1	100.000	74	0	0	1	74	6954	7027	4.48e-27	137
sampleD_part3	PV741056.1	100.000	108	0	0	385	492	7338	7445	5.63e-46	200
sampleD_part3	PV741056.1	100.000	74	0	0	1	74	6954	7027	4.48e-27	137
sampleD_part3	PV741055.1	100.000	108	0	0	385	492	7338	7445	5.63e-46	200
sampleD_part3	PV741055.1	100.000	74	0	0	1	74	6954	7027	4.48e-27	137
sampleD_part3	PV741054.1	100.000	108	0	0	385	492	7338	7445	5.63e-46	200
sampleD_part3	PV741054.1	100.000	74	0	0	1	74	6954	7027	4.48e-27	137
sampleD_part3	PV741053.1	100.000	108	0	0	385	492	7338	7445	5.63e-46	200
sampleD_part3	PV741053.1	100.000	74	0	0	1	74	6954	7027	4.48e-27	137
sampleD_part3	PV741052.1	100.000	108	0	0	385	492	7338	7445	5.63e-46	200
sampleD_part3	PV741052.1	100.000	74	0	0	1	74	6954	7027	4.48e-27	137
sampleD_part3	PV741051.1	100.000	108	0	0	385	492	7338	7445	5.63e-46	200
sampleD_part3	PV741051.1	100.000	74	0	0	1	74	6954	7027	4.48e-27	137
sampleD_part3	PV741050.1	100.000	108	0	0	385	492	7338	7445	5.63e-46	200
sampleD_part3	PV741050.1	100.000	74	0	0	1	74	6954	7027	4.48e-27	137
sampleD_part3	PV741049.1	100.000	108	0	0	385	492	7338	7445	5.63e-46	200
sampleD_part3	PV741049.1	100.000	74	0	0	1	74	6954	7027	4.48e-27	137
sampleD_part3	PV741048.1	100.000	108	0	0	385	492	7338	7445	5.63e-46	200
sampleD_part3	PV741048.1	100.000	74	0	0	1	74	6954	7027	4.48e-27	137
sampleD_part3	PV741047.1	100.000	108	0	0	385	492	7338	7445	5.63e-46	200
sampleD_part3	PV741047.1	100.000	74	0	0	1	74	6954	7027	4.48e-27	137
sampleD_part3	PV741046.1	100.000	108	0	0	385	492	7338	7445	5.63e-46	200
sampleD_part3	PV741046.1	100.000	74	0	0	1	74	6954	7027	4.48e-27	137
sampleD_part3	PV741045.1	100.000	108	0	0	385	492	7338	7445	5.63e-46	200
sampleD_part3	PV741045.1	100.000	74	0	0	1	74	6954	7027	4.48e-27	137
sampleD_part3	PV741044.1	100.000	108	0	0	385	492	7338	7445	5.63e-46	200
sampleD_part3	PV741044.1	100.000	74	0	0	1	74	6954	7027	4.48e-27	137
sampleD_part3	PV741043.1	100.000	108	0	0	385	492	7338	7445	5.63e-46	200
sampleD_part3	PV741043.1	100.000	74	0	0	1	74	6954	7027	4.48e-27	137
sampleD_part3	PV741042.1	100.000	108	0	0	385	492	7338	7445	5.63e-46	200
sampleD_part3	PV741042.1	100.000	74	0	0	1	74	6954	7027	4.48e-27	137
sampleD_part3	PV741041.1	100.000	108	0	0	385	492	7338	7445	5.63e-46	200
sampleD_part3	PV741041.1	100.000	74	0	0	1	74	6954	7027	4.48e-27	137
sampleD_part3	PV741040.1	100.000	108	0	0	385	492	7338	7445	5.63e-46	200
sampleD_part3	PV741040.1	100.000	74	0	0	1	74	6954	7027	4.48e-27	137
sampleD_part3	PV741039.1	100.000	108	0	0	385	492	7338	7445	5.63e-46	200
sampleD_part3	PV741039.1	100.000	74	0	0	1	74	6954	7027	4.48e-27	137
sampleD_part3	PV741038.1	100.000	108	0	0	385	492	7338	7445	5.63e-46	200
sampleD_part3	PV741038.1	100.000	74	0	0	1	74	6954	7027	4.48e-27	137
sampleD_part3	PV741037.1	100.000	108	0	0	385	492	7338	7445	5.63e-46	200
sampleD_part3	PV741037.1	100.000	74	0	0	1	74	6954	7027	4.48e-27	137
sampleD_part3	PV741036.1	100.000	108	0	0	385	492	7338	7445	5.63e-46	200
sampleD_part3	PV741036.1	100.000	74	0	0	1	74	6954	7027	4.48e-27	137
sampleD_part3	PV741035.1	100.000	108	0	0	385	492	7338	7445	5.63e-46	200
sampleD_part3	PV741035.1	100.000	74	0	0	1	74	6954	7027	4.48e-27	137
sampleD_part3	PV741034.1	100.000	108	0	0	385	492	7338	7445	5.63e-46	200
sampleD_part3	PV741034.1	100.000	74	0	0	1	74	6954	7027	4.48e-27	137
sampleD_part3	PV741033.1	100.000	108	0	0	385	492	7338	7445	5.63e-46	200
sampleD_part3	PV741033.1	100.000	74	0	0	1	74	6954	7027	4.48e-27	137
sampleD_part3	PV741032.1	100.000	108	0	0	385	492	7338	7445	5.63e-46	200
sampleD_part3	PV741032.1	100.000	74	0	0	1	74	6954	7027	4.48e-27	137
sampleD_part3	PV741031.1	100.000	108	0	0	385	492	7338	7445	5.63e-46	200
sampleD_part3	PV741031.1	100.000	74	0	0	1	74	6954	7027	4.48e-27	137
sampleD_part3	PV741030.1	100.000	108	0	0	385	492	7338	7445	5.63e-46	200
sampleD_part3	PV741030.1	100.000	74	0	0	1	74	6954	7027	4.48e-27	137
sampleD_part3	PV741029.1	100.000	108	0	0	385	492	7338	7445	5.63e-46	200
sampleD_part3	PV741029.1	100.000	74	0	0	1	74	6954	7027	4.48e-27	137
sampleD_part3	PV741028.1	100.000	108	0	0	385	492	7338	7445	5.63e-46	200
sampleD_part3	PV741028.1	100.000	74	0	0	1	74	6954	7027	4.48e-27	137
sampleD_part3	PV741027.1	100.000	108	0	0	385	492	7338	7445	5.63e-46	200
sampleD_part3	PV741027.1	100.000	74	0	0	1	74	6954	7027	4.48e-27	137
sampleD_part3	PV741026.1	100.000	108	0	0	385	492	7338	7445	5.63e-46	200
sampleD_part3	PV741026.1	100.000	74	0	0	1	74	6954	7027	4.48e-27	137
sampleD_part3	PV741025.1	100.000	108	0	0	385	492	7338	7445	5.63e-46	200
sampleD_part3	PV741025.1	100.000	74	0	0	1	74	6954	7027	4.48e-27	137
sampleD_part3	PV741024.1	100.000	108	0	0	385	492	7338	7445	5.63e-46	200
sampleD_part3	PV741024.1	100.000	74	0	0	1	74	6954	7027	4.48e-27	137
sampleD_part3	PV741023.1	100.000	108	0	0	385	492	7338	7445	5.63e-46	200
sampleD_part3	PV741023.1	100.000	74	0	0	1	74	6954	7027	4.48e-27	137
sampleD_part3	PV741022.1	100.000	108	0	0	385	492	7338	7445	5.63e-46	200
sampleD_part3	PV741022.1	100.000	74	0	0	1	74	6954	7027	4.48e-27	137
sampleD_part3	PV741021.1	100.000	108	0	0	385	492	7338	7445	5.63e-46	200
sampleD_part3	PV741021.1	100.000	74	0	0	1	74	6954	7027	4.48e-27	137
sampleD_part3	PV741020.1	100.000	108	0	0	385	492	7338	7445	5.63e-46	200
sampleD_part3	PV741020.1	100.000	74	0	0	1	74	6954	7027	4.48e-27	137
sampleD_part3	PV741019.1	100.000	108	0	0	385	492	7338	7445	5.63e-46	200
sampleD_part3	PV741019.1	100.000	74	0	0	1	74	6954	7027	4.48e-27	137
sampleD_part3	PV741018.1	100.000	108	0	0	385	492	7338	7445	5.63e-46	200
sampleD_part3	PV741018.1	100.000	74	0	0	1	74	6954	7027	4.48e-27	137
sampleD_part3	PV741017.1	100.000	108	0	0	385	492	7338	7445	5.63e-46	200
sampleD_part3	PV741017.1	100.000	74	0	0	1	74	6954	7027	4.48e-27	137
sampleD_part3	PV741016.1	100.000	108	0	0	385	492	7338	7445	5.63e-46	200
sampleD_part3	PV741016.1	100.000	74	0	0	1	74	6954	7027	4.48e-27	137
sampleD_part3	PV741015.1	100.000	108	0	0	385	492	7338	7445	5.63e-46	200
sampleD_part3	PV741015.1	100.000	74	0	0	1	74	6954	7027	4.48e-27	137
sampleD_part3	PV741014.1	100.000	108	0	0	385	492	7338	7445	5.63e-46	200
sampleD_part3	PV741014.1	100.000	74	0	0	1	74	6954	7027	4.48e-27	137
sampleD_part3	PV741013.1	100.000	108	0	0	385	492	7338	7445	5.63e-46	200
sampleD_part3	PV741013.1	100.000	74	0	0	1	74	6954	7027	4.48e-27	137
sampleD_part3	PV741012.1	100.000	108	0	0	385	492	7338	7445	5.63e-46	200
sampleD_part3	PV741012.1	100.000	74	0	0	1	74	6954	7027	4.48e-27	137
sampleD_part3	PV741011.1	100.000	108	0	0	385	492	7338	7445	5.63e-46	200
sampleD_part3	PV741011.1	100.000	74	0	0	1	74	6954	7027	4.48e-27	137
sampleD_part3	PV741010.1	100.000	108	0	0	385	492	7338	7445	5.63e-46	200
sampleD_part3	PV741010.1	100.000	74	0	0	1	74	6954	7027	4.48e-27	137
sampleD_part3	PV741009.1	100.000	108	0	0	385	492	7338	7445	5.63e-46	200
sampleD_part3	PV741009.1	100.000	74	0	0	1	74	6954	7027	4.48e-27	137
sampleD_part3	PV741008.1	100.000	108	0	0	385	492	7338	7445	5.63e-46	200
sampleD_part3	PV741008.1	100.000	74	0	0	1	74	6954	7027	4.48e-27	137
sampleD_part3	PV741007.1	100.000	108	0	0	385	492	7338	7445	5.63e-46	200
sampleD_part3	PV741007.1	100.000	74	0	0	1	74	6954	7027	4.48e-27	137
sampleD_part3	PV741006.1	100.000	108	0	0	385	492	7338	7445	5.63e-46	200
sampleD_part3	PV741006.1	100.000	74	0	0	1	74	6954	7027	4.48e-27	137
sampleD_part3	PV741005.1	100.000	108	0	0	385	492	7338	7445	5.63e-46	200
sampleD_part3	PV741005.1	100.000	74	0	0	1	74	6954	7027	4.48e-27	137
sampleD_part3	PV741004.1	100.000	108	0	0	385	492	7338	7445	5.63e-46	200
sampleD_part3	PV741004.1	100.000	74	0	0	1	74	6954	7027	4.48e-27	137
sampleD_part3	PV741003.1	100.000	108	0	0	385	492	7338	7445	5.63e-46	200
sampleD_part3	PV741003.1	100.000	74	0	0	1	74	6954	7027	4.48e-27	137
sampleD_part3	PV741002.1	100.000	108	0	0	385	492	7338	7445	5.63e-46	200
sampleD_part3	PV741002.1	100.000	74	0	0	1	74	6954	7027	4.48e-27	137
sampleD_part3	PV741001.1	100.000	108	0	0	385	492	7338	7445	5.63e-46	200
sampleD_part3	PV741001.1	100.000	74	0	0	1	74	6954	7027	4.48e-27	137
sampleD_part3	PV741000.1	100.000	108	0	0	385	492	7338	7445	5.63e-46	200
sampleD_part3	PV741000.1	100.000	74	0	0	1	74	6954	7027	4.48e-27	137
sampleD_part3	PV740999.1	100.000	108	0	0	385	492	7338	7445	5.63e-46	200
sampleD_part3	PV740999.1	100.000	74	0	0	1	74	6954	7027	4.48e-27	137
sampleD_part3	PV740998.1	100.000	108	0	0	385	492	7338	7445	5.63e-46	200
sampleD_part3	PV740998.1	100.000	74	0	0	1	74	6954	7027	4.48e-27	137
sampleD_part3	PV740997.1	100.000	108	0	0	385	492	7338	7445	5.63e-46	200
sampleD_part3	PV740997.1	100.000	74	0	0	1	74	6954	7027	4.48e-27	137
sampleD_part3	PV740996.1	100.000	108	0	0	385	492	7338	7445	5.63e-46	200
sampleD_part3	PV740996.1	100.000	74	0	0	1	74	6954	7027	4.48e-27	137
sampleD_part3	PV740995.1	100.000	108	0	0	385	492	7338	7445	5.63e-46	200
sampleD_part3	PV740995.1	100.000	74	0	0	1	74	6954	7027	4.48e-27	137
sampleD_part3	PV740994.1	100.000	108	0	0	385	492	7338	7445	5.63e-46	200
sampleD_part3	PV740994.1	100.000	74	0	0	1	74	6954	7027	4.48e-27	137
sampleD_part3	PV740993.1	100.000	108	0	0	385	492	7338	7445	5.63e-46	200
sampleD_part3	PV740993.1	100.000	74	0	0	1	74	6954	7027	4.48e-27	137
sampleD_part3	PV740992.1	100.000	108	0	0	385	492	7338	7445	5.63e-46	200
sampleD_part3	PV740992.1	100.000	74	0	0	1	74	6954	7027	4.48e-27	137
sampleD_part3	PV740991.1	100.000	108	0	0	385	492	7338	7445	5.63e-46	200
sampleD_part3	PV740991.1	100.000	74	0	0	1	74	6954	7027	4.48e-27	137
sampleD_part3	PV740990.1	100.000	108	0	0	385	492	7338	7445	5.63e-46	200
sampleD_part3	PV740990.1	100.000	74	0	0	1	74	6954	7027	4.48e-27	137
sampleD_part3	PV740989.1	100.000	108	0	0	385	492	7338	7445	5.63e-46	200
sampleD_part3	PV740989.1	100.000	74	0	0	1	74	6954	7027	4.48e-27	137
sampleD_part3	PV740988.1	100.000	108	0	0	385	492	7338	7445	5.63e-46	200
sampleD_part3	PV740988.1	100.000	74	0	0	1	74	6954	7027	4.48e-27	137
sampleD_part3	PV740987.1	100.000	108	0	0	385	492	7338	7445	5.63e-46	200
sampleD_part3	PV740987.1	100.000	74	0	0	1	74	6954	7027	4.48e-27	137
sampleD_part3	PV740986.1	100.000	108	0	0	385	492	7338	7445	5.63e-46	200
sampleD_part3	PV740986.1	100.000	74	0	0	1	74	6954	7027	4.48e-27	137
sampleD_part3	PV740985.1	100.000	108	0	0	385	492	7338	7445	5.63e-46	200
sampleD_part3	PV740985.1	100.000	74	0	0	1	74	6954	7027	4.48e-27	137
sampleD_part3	PV740984.1	100.000	108	0	0	385	492	7338	7445	5.63e-46	200
sampleD_part3	PV740984.1	100.000	74	0	0	1	74	6954	7027	4.48e-27	137
sampleD_part3	PV740983.1	100.000	108	0	0	385	492	7338	7445	5.63e-46	200
sampleD_part3	PV740983.1	100.000	74	0	0	1	74	6954	7027	4.48e-27	137
sampleD_part3	PV740982.1	100.000	108	0	0	385	492	7338	7445	5.63e-46	200
sampleD_part3	PV740982.1	100.000	74	0	0	1	74	6954	7027	4.48e-27	137
sampleD_part3	PV740981.1	100.000	108	0	0	385	492	7338	7445	5.63e-46	200
sampleD_part3	PV740981.1	100.000	74	0	0	1	74	6954	7027	4.48e-27	137
sampleD_part3	PV740980.1	100.000	108	0	0	385	492	7338	7445	5.63e-46	200
sampleD_part3	PV740980.1	100.000	74	0	0	1	74	6954	7027	4.48e-27	137
sampleD_part3	PV740979.1	100.000	108	0	0	385	492	7338	7445	5.63e-46	200
sampleD_part3	PV740979.1	100.000	75	0	0	1	75	6954	7028	1.25e-27	139
sampleD_part3	PV740978.1	100.000	108	0	0	385	492	7338	7445	5.63e-46	200
sampleD_part3	PV740978.1	100.000	74	0	0	1	74	6954	7027	4.48e-27	137
sampleD_part3	PV740977.1	100.000	108	0	0	385	492	7338	7445	5.63e-46	200
sampleD_part3	PV740977.1	100.000	74	0	0	1	74	6954	7027	4.48e-27	137
sampleD_part3	PV740976.1	100.000	108	0	0	385	492	7338	7445	5.63e-46	200
sampleD_part3	PV740976.1	100.000	74	0	0	1	74	6954	7027	4.48e-27	137
sampleD_part3	PV740975.1	100.000	108	0	0	385	492	7338	7445	5.63e-46	200
sampleD_part3	PV740975.1	100.000	74	0	0	1	74	6954	7027	4.48e-27	137
sampleD_part3	PV740974.1	100.000	108	0	0	385	492	7338	7445	5.63e-46	200
sampleD_part3	PV740974.1	100.000	74	0	0	1	74	6954	7027	4.48e-27	137
sampleD_part3	PV740973.1	100.000	108	0	0	385	492	7338	7445	5.63e-46	200
sampleD_part3	PV740973.1	100.000	74	0	0	1	74	6954	7027	4.48e-27	137
sampleD_part3	PV740972.1	100.000	108	0	0	385	492	7338	7445	5.63e-46	200
sampleD_part3	PV740972.1	100.000	74	0	0	1	74	6954	7027	4.48e-27	137
sampleD_part3	PV740970.1	100.000	108	0	0	385	492	7338	7445	5.63e-46	200
sampleD_part3	PV740970.1	100.000	74	0	0	1	74	6954	7027	4.48e-27	137
sampleD_part3	PV740969.1	100.000	108	0	0	385	492	7338	7445	5.63e-46	200
sampleD_part3	PV740969.1	100.000	74	0	0	1	74	6954	7027	4.48e-27	137
sampleD_part3	PV740967.1	100.000	108	0	0	385	492	7338	7445	5.63e-46	200
sampleD_part3	PV740967.1	100.000	74	0	0	1	74	6954	7027	4.48e-27	137
sampleD_part3	PV740966.1	100.000	108	0	0	385	492	7338	7445	5.63e-46	200
sampleD_part3	PV740966.1	100.000	74	0	0	1	74	6954	7027	4.48e-27	137
sampleD_part3	PV740965.1	100.000	108	0	0	385	492	7338	7445	5.63e-46	200
sampleD_part3	PV740965.1	100.000	74	0	0	1	74	6954	7027	4.48e-27	137
sampleD_part3	PV740964.1	100.000	108	0	0	385	492	7338	7445	5.63e-46	200
sampleD_part3	PV740964.1	100.000	74	0	0	1	74	6954	7027	4.48e-27	137
sampleD_part3	PV740963.1	100.000	108	0	0	385	492	7338	7445	5.63e-46	200
sampleD_part3	PV740963.1	100.000	74	0	0	1	74	6954	7027	4.48e-27	137
sampleD_part3	PV740962.1	100.000	108	0	0	385	492	7338	7445	5.63e-46	200
sampleD_part3	PV740962.1	100.000	74	0	0	1	74	6954	7027	4.48e-27	137
sampleD_part3	PV740961.1	100.000	108	0	0	385	492	7338	7445	5.63e-46	200
sampleD_part3	PV740961.1	100.000	74	0	0	1	74	6954	7027	4.48e-27	137
sampleD_part3	PV740960.1	100.000	108	0	0	385	492	7338	7445	5.63e-46	200
sampleD_part3	PV740960.1	100.000	74	0	0	1	74	6954	7027	4.48e-27	137
sampleD_part3	PV740959.1	100.000	108	0	0	385	492	7338	7445	5.63e-46	200
sampleD_part3	PV740959.1	100.000	74	0	0	1	74	6954	7027	4.48e-27	137
sampleD_part3	PV740958.1	100.000	108	0	0	385	492	7338	7445	5.63e-46	200
sampleD_part3	PV740958.1	100.000	74	0	0	1	74	6954	7027	4.48e-27	137
sampleD_part3	PV740957.1	100.000	108	0	0	385	492	7338	7445	5.63e-46	200
sampleD_part3	PV740957.1	100.000	74	0	0	1	74	6954	7027	4.48e-27	137
sampleD_part3	PV740956.1	100.000	108	0	0	385	492	7338	7445	5.63e-46	200
sampleD_part3	PV740956.1	100.000	74	0	0	1	74	6954	7027	4.48e-27	137
sampleD_part3	PV740955.1	100.000	108	0	0	385	492	7338	7445	5.63e-46	200
sampleD_part3	PV740955.1	100.000	74	0	0	1	74	6954	7027	4.48e-27	137
sampleD_part3	PV740954.1	100.000	108	0	0	385	492	7338	7445	5.63e-46	200
sampleD_part3	PV740954.1	100.000	74	0	0	1	74	6954	7027	4.48e-27	137
sampleD_part3	PV740953.1	100.000	108	0	0	385	492	7338	7445	5.63e-46	200
sampleD_part3	PV740953.1	100.000	74	0	0	1	74	6954	7027	4.48e-27	137
sampleD_part3	PV740952.1	100.000	108	0	0	385	492	7338	7445	5.63e-46	200
sampleD_part3	PV740952.1	100.000	74	0	0	1	74	6954	7027	4.48e-27	137
sampleD_part3	PV740951.1	100.000	108	0	0	385	492	7338	7445	5.63e-46	200
sampleD_part3	PV740951.1	100.000	74	0	0	1	74	6954	7027	4.48e-27	137
sampleD_part3	PV740950.1	100.000	108	0	0	385	492	7338	7445	5.63e-46	200
sampleD_part3	PV740950.1	100.000	74	0	0	1	74	6954	7027	4.48e-27	137
sampleD_part3	PV740949.1	100.000	108	0	0	385	492	7338	7445	5.63e-46	200
sampleD_part3	PV740949.1	100.000	74	0	0	1	74	6954	7027	4.48e-27	137
sampleD_part3	PV740948.1	100.000	108	0	0	385	492	7338	7445	5.63e-46	200
sampleD_part3	PV740948.1	100.000	74	0	0	1	74	6954	7027	4.48e-27	137
sampleD_part3	PV740947.1	100.000	108	0	0	385	492	7338	7445	5.63e-46	200
sampleD_part3	PV740947.1	100.000	74	0	0	1	74	6954	7027	4.48e-27	137
sampleD_part3	PV740946.1	100.000	108	0	0	385	492	7338	7445	5.63e-46	200
sampleD_part3	PV740946.1	100.000	74	0	0	1	74	6954	7027	4.48e-27	137
sampleD_part3	PV740945.1	100.000	108	0	0	385	492	7338	7445	5.63e-46	200
sampleD_part3	PV740945.1	100.000	74	0	0	1	74	6954	7027	4.48e-27	137
sampleD_part3	PV740944.1	100.000	108	0	0	385	492	7338	7445	5.63e-46	200
sampleD_part3	PV740944.1	100.000	74	0	0	1	74	6954	7027	4.48e-27	137
sampleD_part3	PV740943.1	100.000	108	0	0	385	492	7338	7445	5.63e-46	200
sampleD_part3	PV740943.1	100.000	74	0	0	1	74	6954	7027	4.48e-27	137
sampleD_part3	PV740942.1	100.000	108	0	0	385	492	7338	7445	5.63e-46	200
sampleD_part3	PV740942.1	100.000	74	0	0	1	74	6954	7027	4.48e-27	137
sampleD_part3	PV740941.1	100.000	108	0	0	385	492	7338	7445	5.63e-46	200
sampleD_part3	PV740941.1	100.000	74	0	0	1	74	6954	7027	4.48e-27	137
sampleD_part3	PV740940.1	100.000	108	0	0	385	492	7338	7445	5.63e-46	200
sampleD_part3	PV740940.1	100.000	74	0	0	1	74	6954	7027	4.48e-27	137
sampleD_part3	PV740939.1	100.000	108	0	0	385	492	7338	7445	5.63e-46	200
sampleD_part3	PV740939.1	100.000	74	0	0	1	74	6954	7027	4.48e-27	137
sampleD_part3	PV740938.1	100.000	108	0	0	385	492	7338	7445	5.63e-46	200
sampleD_part3	PV740938.1	100.000	74	0	0	1	74	6954	7027	4.48e-27	137
sampleD_part3	PV740937.1	100.000	108	0	0	385	492	7338	7445	5.63e-46	200
sampleD_part3	PV740937.1	100.000	74	0	0	1	74	6954	7027	4.48e-27	137
sampleD_part3	PV740936.1	100.000	108	0	0	385	492	7338	7445	5.63e-46	200
sampleD_part3	PV740936.1	100.000	74	0	0	1	74	6954	7027	4.48e-27	137
sampleD_part3	PV740935.1	100.000	108	0	0	385	492	7338	7445	5.63e-46	200
sampleD_part3	PV740935.1	100.000	74	0	0	1	74	6954	7027	4.48e-27	137
sampleD_part3	PV740934.1	100.000	108	0	0	385	492	7338	7445	5.63e-46	200
sampleD_part3	PV740934.1	100.000	74	0	0	1	74	6954	7027	4.48e-27	137
sampleD_part3	PV740933.1	100.000	108	0	0	385	492	7338	7445	5.63e-46	200
sampleD_part3	PV740933.1	100.000	74	0	0	1	74	6954	7027	4.48e-27	137
sampleD_part3	PV740932.1	100.000	108	0	0	385	492	7338	7445	5.63e-46	200
sampleD_part3	PV740932.1	100.000	74	0	0	1	74	6954	7027	4.48e-27	137
sampleD_part3	PV740931.1	100.000	108	0	0	385	492	7338	7445	5.63e-46	200
sampleD_part3	PV740931.1	100.000	74	0	0	1	74	6954	7027	4.48e-27	137
sampleD_part3	PV740930.1	100.000	108	0	0	385	492	7338	7445	5.63e-46	200
sampleD_part3	PV740930.1	100.000	74	0	0	1	74	6954	7027	4.48e-27	137
sampleD_part3	PV740929.1	100.000	108	0	0	385	492	7338	7445	5.63e-46	200
sampleD_part3	PV740929.1	100.000	74	0	0	1	74	6954	7027	4.48e-27	137
sampleD_part3	PV740928.1	100.000	108	0	0	385	492	7338	7445	5.63e-46	200
sampleD_part3	PV740928.1	100.000	74	0	0	1	74	6954	7027	4.48e-27	137
sampleD_part3	PV740927.1	100.000	108	0	0	385	492	7338	7445	5.63e-46	200
sampleD_part3	PV740927.1	100.000	74	0	0	1	74	6954	7027	4.48e-27	137
sampleD_part3	PV740926.1	100.000	108	0	0	385	492	7338	7445	5.63e-46	200
sampleD_part3	PV740926.1	100.000	74	0	0	1	74	6954	7027	4.48e-27	137
sampleD_part3	PV740925.1	100.000	108	0	0	385	492	7338	7445	5.63e-46	200
sampleD_part3	PV740925.1	100.000	74	0	0	1	74	6954	7027	4.48e-27	137
sampleD_part3	PV740924.1	100.000	108	0	0	385	492	7338	7445	5.63e-46	200
sampleD_part3	PV740924.1	100.000	74	0	0	1	74	6954	7027	4.48e-27	137
sampleD_part3	PV740923.1	100.000	108	0	0	385	492	7338	7445	5.63e-46	200
sampleD_part3	PV740923.1	100.000	74	0	0	1	74	6954	7027	4.48e-27	137
sampleD_part3	PV740922.1	100.000	108	0	0	385	492	7338	7445	5.63e-46	200
sampleD_part3	PV740922.1	100.000	74	0	0	1	74	6954	7027	4.48e-27	137
sampleD_part3	PV740921.1	100.000	108	0	0	385	492	7338	7445	5.63e-46	200
sampleD_part3	PV740921.1	100.000	74	0	0	1	74	6954	7027	4.48e-27	137
sampleD_part3	PV740920.1	100.000	108	0	0	385	492	7338	7445	5.63e-46	200
sampleD_part3	PV740920.1	100.000	74	0	0	1	74	6954	7027	4.48e-27	137
sampleD_part3	PV740919.1	100.000	108	0	0	385	492	7338	7445	5.63e-46	200
sampleD_part3	PV740919.1	100.000	74	0	0	1	74	6954	7027	4.48e-27	137
sampleD_part3	PV740918.1	100.000	108	0	0	385	492	7338	7445	5.63e-46	200
sampleD_part3	PV740918.1	100.000	74	0	0	1	74	6954	7027	4.48e-27	137
sampleD_part3	PV740917.1	100.000	108	0	0	385	492	7338	7445	5.63e-46	200
sampleD_part3	PV740917.1	100.000	74	0	0	1	74	6954	7027	4.48e-27	137
sampleD_part3	PV740916.1	100.000	108	0	0	385	492	7338	7445	5.63e-46	200
sampleD_part3	PV740916.1	100.000	74	0	0	1	74	6954	7027	4.48e-27	137
sampleD_part3	PV740915.1	100.000	108	0	0	385	492	7338	7445	5.63e-46	200
sampleD_part3	PV740915.1	100.000	74	0	0	1	74	6954	7027	4.48e-27	137
sampleD_part3	PV740914.1	100.000	108	0	0	385	492	7338	7445	5.63e-46	200
sampleD_part3	PV740914.1	100.000	74	0	0	1	74	6954	7027	4.48e-27	137
sampleD_part3	PV740913.1	100.000	108	0	0	385	492	7338	7445	5.63e-46	200
sampleD_part3	PV740913.1	100.000	74	0	0	1	74	6954	7027	4.48e-27	137
sampleD_part3	PV740912.1	100.000	108	0	0	385	492	7338	7445	5.63e-46	200
sampleD_part3	PV740912.1	100.000	74	0	0	1	74	6954	7027	4.48e-27	137
sampleD_part3	PV740911.1	100.000	108	0	0	385	492	7338	7445	5.63e-46	200
sampleD_part3	PV740911.1	100.000	74	0	0	1	74	6954	7027	4.48e-27	137
sampleD_part3	PV740910.1	100.000	108	0	0	385	492	7338	7445	5.63e-46	200
sampleD_part3	PV740910.1	100.000	74	0	0	1	74	6954	7027	4.48e-27	137
sampleD_part3	PV740909.1	100.000	108	0	0	385	492	7338	7445	5.63e-46	200
sampleD_part3	PV740909.1	100.000	74	0	0	1	74	6954	7027	4.48e-27	137
sampleD_part3	PV740908.1	100.000	108	0	0	385	492	7338	7445	5.63e-46	200
sampleD_part3	PV740908.1	100.000	74	0	0	1	74	6954	7027	4.48e-27	137
sampleD_part3	PV740907.1	100.000	108	0	0	385	492	7338	7445	5.63e-46	200
sampleD_part3	PV740907.1	100.000	74	0	0	1	74	6954	7027	4.48e-27	137
sampleD_part3	PV740906.1	100.000	108	0	0	385	492	7338	7445	5.63e-46	200
sampleD_part3	PV740906.1	100.000	74	0	0	1	74	6954	7027	4.48e-27	137
sampleD_part3	PV740905.1	100.000	108	0	0	385	492	7338	7445	5.63e-46	200
sampleD_part3	PV740905.1	100.000	74	0	0	1	74	6954	7027	4.48e-27	137
sampleD_part3	PV740904.1	100.000	108	0	0	385	492	7338	7445	5.63e-46	200
sampleD_part3	PV740904.1	100.000	74	0	0	1	74	6954	7027	4.48e-27	137
sampleD_part3	PV740903.1	100.000	108	0	0	385	492	7338	7445	5.63e-46	200
sampleD_part3	PV740903.1	100.000	74	0	0	1	74	6954	7027	4.48e-27	137
sampleD_part3	PV740902.1	100.000	108	0	0	385	492	7338	7445	5.63e-46	200
sampleD_part3	PV740902.1	100.000	74	0	0	1	74	6954	7027	4.48e-27	137
sampleD_part3	PV740901.1	100.000	108	0	0	385	492	7338	7445	5.63e-46	200
sampleD_part3	PV740901.1	100.000	74	0	0	1	74	6954	7027	4.48e-27	137
sampleD_part3	PV740900.1	100.000	108	0	0	385	492	7338	7445	5.63e-46	200
sampleD_part3	PV740900.1	100.000	74	0	0	1	74	6954	7027	4.48e-27	137
sampleD_part3	PV740899.1	100.000	108	0	0	385	492	7338	7445	5.63e-46	200
sampleD_part3	PV740899.1	100.000	74	0	0	1	74	6954	7027	4.48e-27	137
sampleD_part3	PV740898.1	100.000	108	0	0	385	492	7338	7445	5.63e-46	200
sampleD_part3	PV740898.1	100.000	74	0	0	1	74	6954	7027	4.48e-27	137
sampleD_part3	PV740897.1	100.000	108	0	0	385	492	7338	7445	5.63e-46	200
sampleD_part3	PV740897.1	100.000	74	0	0	1	74	6954	7027	4.48e-27	137
sampleD_part3	PV740896.1	100.000	108	0	0	385	492	7338	7445	5.63e-46	200
sampleD_part3	PV740896.1	100.000	74	0	0	1	74	6954	7027	4.48e-27	137
sampleD_part3	PV740895.1	100.000	108	0	0	385	492	7338	7445	5.63e-46	200
sampleD_part3	PV740895.1	100.000	74	0	0	1	74	6954	7027	4.48e-27	137
sampleD_part3	PV740894.1	100.000	108	0	0	385	492	7338	7445	5.63e-46	200
sampleD_part3	PV740894.1	100.000	74	0	0	1	74	6954	7027	4.48e-27	137
sampleD_part3	PV740893.1	100.000	108	0	0	385	492	7338	7445	5.63e-46	200
sampleD_part3	PV740893.1	100.000	74	0	0	1	74	6954	7027	4.48e-27	137
sampleD_part3	PV740892.1	100.000	108	0	0	385	492	7338	7445	5.63e-46	200
sampleD_part3	PV740892.1	100.000	74	0	0	1	74	6954	7027	4.48e-27	137
sampleD_part3	PV740891.1	100.000	108	0	0	385	492	7338	7445	5.63e-46	200
sampleD_part3	PV740891.1	100.000	74	0	0	1	74	6954	7027	4.48e-27	137
sampleD_part3	PV740890.1	100.000	108	0	0	385	492	7338	7445	5.63e-46	200
sampleD_part3	PV740890.1	100.000	74	0	0	1	74	6954	7027	4.48e-27	137
sampleD_part3	PV740889.1	100.000	108	0	0	385	492	7338	7445	5.63e-46	200
sampleD_part3	PV740889.1	100.000	74	0	0	1	74	6954	7027	4.48e-27	137
sampleD_part3	PV740888.1	100.000	108	0	0	385	492	7338	7445	5.63e-46	200
sampleD_part3	PV740888.1	100.000	74	0	0	1	74	6954	7027	4.48e-27	137
sampleD_part3	PV740887.1	100.000	108	0	0	385	492	7338	7445	5.63e-46	200
sampleD_part3	PV740887.1	100.000	74	0	0	1	74	6954	7027	4.48e-27	137
sampleD_part3	PV740886.1	100.000	108	0	0	385	492	7338	7445	5.63e-46	200
sampleD_part3	PV740886.1	100.000	74	0	0	1	74	6954	7027	4.48e-27	137
sampleD_part3	PV740885.1	100.000	108	0	0	385	492	7338	7445	5.63e-46	200
sampleD_part3	PV740885.1	100.000	74	0	0	1	74	6954	7027	4.48e-27	137
sampleD_part3	PV740884.1	100.000	108	0	0	385	492	7338	7445	5.63e-46	200
sampleD_part3	PV740884.1	100.000	74	0	0	1	74	6954	7027	4.48e-27	137
sampleD_part3	PV740883.1	100.000	108	0	0	385	492	7338	7445	5.63e-46	200
sampleD_part3	PV740883.1	100.000	74	0	0	1	74	6954	7027	4.48e-27	137
sampleD_part3	PV740882.1	100.000	108	0	0	385	492	7338	7445	5.63e-46	200
sampleD_part3	PV740882.1	100.000	74	0	0	1	74	6954	7027	4.48e-27	137
sampleD_part3	PV740881.1	100.000	108	0	0	385	492	7338	7445	5.63e-46	200
sampleD_part3	PV740881.1	100.000	74	0	0	1	74	6954	7027	4.48e-27	137
sampleD_part3	PV740880.1	100.000	108	0	0	385	492	7338	7445	5.63e-46	200
sampleD_part3	PV740880.1	100.000	74	0	0	1	74	6954	7027	4.48e-27	137
sampleD_part3	PV740879.1	100.000	108	0	0	385	492	7338	7445	5.63e-46	200
sampleD_part3	PV740879.1	100.000	74	0	0	1	74	6954	7027	4.48e-27	137
sampleD_part3	PV740878.1	100.000	108	0	0	385	492	7338	7445	5.63e-46	200
sampleD_part3	PV740878.1	100.000	74	0	0	1	74	6954	7027	4.48e-27	137
sampleD_part3	PV740877.1	100.000	108	0	0	385	492	7338	7445	5.63e-46	200
sampleD_part3	PV740877.1	100.000	74	0	0	1	74	6954	7027	4.48e-27	137
sampleD_part3	PV740876.1	100.000	108	0	0	385	492	7338	7445	5.63e-46	200
sampleD_part3	PV740876.1	100.000	74	0	0	1	74	6954	7027	4.48e-27	137
sampleD_part3	PV740875.1	100.000	108	0	0	385	492	7338	7445	5.63e-46	200
sampleD_part3	PV740875.1	100.000	74	0	0	1	74	6954	7027	4.48e-27	137
sampleD_part3	PV740874.1	100.000	108	0	0	385	492	7338	7445	5.63e-46	200
sampleD_part3	PV740874.1	100.000	74	0	0	1	74	6954	7027	4.48e-27	137
sampleD_part3	PV740873.1	100.000	108	0	0	385	492	7338	7445	5.63e-46	200
sampleD_part3	PV740873.1	100.000	74	0	0	1	74	6954	7027	4.48e-27	137
sampleD_part3	PV740872.1	100.000	108	0	0	385	492	7338	7445	5.63e-46	200
sampleD_part3	PV740872.1	100.000	74	0	0	1	74	6954	7027	4.48e-27	137
sampleD_part3	PV740871.1	100.000	108	0	0	385	492	7338	7445	5.63e-46	200
sampleD_part3	PV740871.1	100.000	74	0	0	1	74	6954	7027	4.48e-27	137
sampleD_part3	PV740870.1	100.000	108	0	0	385	492	7338	7445	5.63e-46	200
sampleD_part3	PV740870.1	100.000	74	0	0	1	74	6954	7027	4.48e-27	137
sampleD_part3	PV740869.1	100.000	108	0	0	385	492	7338	7445	5.63e-46	200
sampleD_part3	PV740869.1	100.000	74	0	0	1	74	6954	7027	4.48e-27	137
sampleD_part3	PV740868.1	100.000	108	0	0	385	492	7338	7445	5.63e-46	200
sampleD_part3	PV740868.1	100.000	74	0	0	1	74	6954	7027	4.48e-27	137
sampleD_part3	PV740867.1	100.000	108	0	0	385	492	7338	7445	5.63e-46	200
sampleD_part3	PV740867.1	100.000	74	0	0	1	74	6954	7027	4.48e-27	137
sampleD_part3	PV740866.1	100.000	108	0	0	385	492	7338	7445	5.63e-46	200
sampleD_part3	PV740866.1	100.000	74	0	0	1	74	6954	7027	4.48e-27	137
sampleD_part3	PV740865.1	100.000	108	0	0	385	492	7338	7445	5.63e-46	200
sampleD_part3	PV740865.1	100.000	74	0	0	1	74	6954	7027	4.48e-27	137
sampleD_part3	PV740864.1	100.000	108	0	0	385	492	7338	7445	5.63e-46	200
sampleD_part3	PV740864.1	100.000	74	0	0	1	74	6954	7027	4.48e-27	137
sampleD_part3	PV740863.1	100.000	108	0	0	385	492	7338	7445	5.63e-46	200
sampleD_part3	PV740863.1	100.000	74	0	0	1	74	6954	7027	4.48e-27	137
sampleD_part3	PV740862.1	100.000	108	0	0	385	492	7338	7445	5.63e-46	200
sampleD_part3	PV740862.1	100.000	74	0	0	1	74	6954	7027	4.48e-27	137
sampleD_part3	PV740861.1	100.000	108	0	0	385	492	7338	7445	5.63e-46	200
sampleD_part3	PV740861.1	100.000	74	0	0	1	74	6954	7027	4.48e-27	137
sampleD_part3	PV740860.1	100.000	108	0	0	385	492	7338	7445	5.63e-46	200
sampleD_part3	PV740860.1	100.000	74	0	0	1	74	6954	7027	4.48e-27	137
sampleD_part3	PV740859.1	100.000	108	0	0	385	492	7338	7445	5.63e-46	200
sampleD_part3	PV740859.1	100.000	74	0	0	1	74	6954	7027	4.48e-27	137
sampleD_part3	PV740858.1	100.000	108	0	0	385	492	7338	7445	5.63e-46	200
sampleD_part3	PV740858.1	100.000	74	0	0	1	74	6954	7027	4.48e-27	137
sampleD_part3	PV740857.1	100.000	108	0	0	385	492	7338	7445	5.63e-46	200
sampleD_part3	PV740857.1	100.000	74	0	0	1	74	6954	7027	4.48e-27	137
sampleD_part3	PV740856.1	100.000	108	0	0	385	492	7338	7445	5.63e-46	200
sampleD_part3	PV740856.1	100.000	74	0	0	1	74	6954	7027	4.48e-27	137
sampleD_part3	PV740855.1	100.000	108	0	0	385	492	7338	7445	5.63e-46	200
sampleD_part3	PV740855.1	100.000	74	0	0	1	74	6954	7027	4.48e-27	137
sampleD_part3	PV740854.1	100.000	108	0	0	385	492	7338	7445	5.63e-46	200
sampleD_part3	PV740854.1	100.000	74	0	0	1	74	6954	7027	4.48e-27	137
sampleD_part3	PV740853.1	100.000	108	0	0	385	492	7338	7445	5.63e-46	200
sampleD_part3	PV740853.1	100.000	74	0	0	1	74	6954	7027	4.48e-27	137
sampleD_part3	PV740852.1	100.000	108	0	0	385	492	7338	7445	5.63e-46	200
sampleD_part3	PV740852.1	100.000	74	0	0	1	74	6954	7027	4.48e-27	137
sampleD_part3	PV740851.1	100.000	108	0	0	385	492	7338	7445	5.63e-46	200
sampleD_part3	PV740851.1	100.000	74	0	0	1	74	6954	7027	4.48e-27	137
sampleD_part3	PV740850.1	100.000	108	0	0	385	492	7338	7445	5.63e-46	200
sampleD_part3	PV740850.1	100.000	74	0	0	1	74	6954	7027	4.48e-27	137
sampleD_part3	PV740849.1	100.000	108	0	0	385	492	7338	7445	5.63e-46	200
sampleD_part3	PV740849.1	100.000	74	0	0	1	74	6954	7027	4.48e-27	137
sampleD_part3	PV740848.1	100.000	108	0	0	385	492	7338	7445	5.63e-46	200
sampleD_part3	PV740848.1	100.000	74	0	0	1	74	6954	7027	4.48e-27	137
sampleD_part3	PV740847.1	100.000	108	0	0	385	492	7338	7445	5.63e-46	200
sampleD_part3	PV740847.1	100.000	74	0	0	1	74	6954	7027	4.48e-27	137
sampleD_part3	PV740846.1	100.000	108	0	0	385	492	7338	7445	5.63e-46	200
sampleD_part3	PV740846.1	100.000	74	0	0	1	74	6954	7027	4.48e-27	137
sampleD_part3	PV740845.1	100.000	108	0	0	385	492	7338	7445	5.63e-46	200
sampleD_part3	PV740845.1	100.000	74	0	0	1	74	6954	7027	4.48e-27	137
sampleD_part3	PV740844.1	100.000	108	0	0	385	492	7338	7445	5.63e-46	200
sampleD_part3	PV740844.1	100.000	74	0	0	1	74	6954	7027	4.48e-27	137
sampleD_part3	PV740843.1	100.000	108	0	0	385	492	7338	7445	5.63e-46	200
sampleD_part3	PV740843.1	100.000	74	0	0	1	74	6954	7027	4.48e-27	137
sampleD_part3	PV740842.1	100.000	108	0	0	385	492	7338	7445	5.63e-46	200
sampleD_part3	PV740842.1	100.000	74	0	0	1	74	6954	7027	4.48e-27	137
sampleD_part3	PV740841.1	100.000	108	0	0	385	492	7338	7445	5.63e-46	200
sampleD_part3	PV740841.1	100.000	74	0	0	1	74	6954	7027	4.48e-27	137
sampleD_part3	PV740840.1	100.000	108	0	0	385	492	7338	7445	5.63e-46	200
sampleD_part3	PV740840.1	100.000	74	0	0	1	74	6954	7027	4.48e-27	137
sampleD_part3	PV740839.1	100.000	108	0	0	385	492	7338	7445	5.63e-46	200
sampleD_part3	PV740839.1	100.000	74	0	0	1	74	6954	7027	4.48e-27	137
sampleD_part3	PV740838.1	100.000	108	0	0	385	492	7338	7445	5.63e-46	200
sampleD_part3	PV740838.1	100.000	74	0	0	1	74	6954	7027	4.48e-27	137
sampleD_part3	PV740837.1	100.000	108	0	0	385	492	7338	7445	5.63e-46	200
sampleD_part3	PV740837.1	100.000	74	0	0	1	74	6954	7027	4.48e-27	137
sampleD_part3	PV740836.1	100.000	108	0	0	385	492	7338	7445	5.63e-46	200
sampleD_part3	PV740836.1	100.000	74	0	0	1	74	6954	7027	4.48e-27	137
sampleD_part3	PV740835.1	100.000	108	0	0	385	492	7338	7445	5.63e-46	200
sampleD_part3	PV740835.1	100.000	74	0	0	1	74	6954	7027	4.48e-27	137
sampleD_part3	PV740834.1	100.000	108	0	0	385	492	7338	7445	5.63e-46	200
sampleD_part3	PV740834.1	100.000	74	0	0	1	74	6954	7027	4.48e-27	137
sampleD_part3	PV740833.1	100.000	108	0	0	385	492	7338	7445	5.63e-46	200
sampleD_part3	PV740833.1	100.000	74	0	0	1	74	6954	7027	4.48e-27	137
sampleD_part3	PV740832.1	100.000	108	0	0	385	492	7338	7445	5.63e-46	200
sampleD_part3	PV740832.1	100.000	74	0	0	1	74	6954	7027	4.48e-27	137
sampleD_part3	PV740831.1	100.000	108	0	0	385	492	7338	7445	5.63e-46	200
sampleD_part3	PV740831.1	100.000	74	0	0	1	74	6954	7027	4.48e-27	137
sampleD_part3	PV740830.1	100.000	108	0	0	385	492	7338	7445	5.63e-46	200
sampleD_part3	PV740830.1	100.000	74	0	0	1	74	6954	7027	4.48e-27	137
sampleD_part3	PQ835409.1	100.000	108	0	0	385	492	7337	7444	5.63e-46	200
sampleD_part3	PQ835409.1	98.649	74	1	0	1	74	6953	7026	2.08e-25	132
sampleD_part3	PQ835408.1	100.000	108	0	0	385	492	7339	7446	5.63e-46	200
sampleD_part3	PQ835408.1	100.000	74	0	0	1	74	6955	7028	4.48e-27	137
sampleD_part3	PQ835407.1	100.000	108	0	0	385	492	7337	7444	5.63e-46	200
sampleD_part3	PQ835407.1	100.000	74	0	0	1	74	6953	7026	4.48e-27	137
sampleD_part3	PQ835406.1	100.000	108	0	0	385	492	7337	7444	5.63e-46	200
sampleD_part3	PQ835406.1	100.000	74	0	0	1	74	6953	7026	4.48e-27	137
sampleD_part3	PQ835405.1	100.000	108	0	0	385	492	7337	7444	5.63e-46	200
sampleD_part3	PQ835405.1	100.000	75	0	0	1	75	6953	7027	1.25e-27	139
sampleD_part3	PQ835404.1	100.000	108	0	0	385	492	7339	7446	5.63e-46	200
sampleD_part3	PQ835404.1	100.000	74	0	0	1	74	6955	7028	4.48e-27	137
sampleD_part3	PQ835403.1	100.000	108	0	0	385	492	7339	7446	5.63e-46	200
sampleD_part3	PQ835403.1	100.000	74	0	0	1	74	6955	7028	4.48e-27	137
sampleD_part3	PQ835402.1	100.000	108	0	0	385	492	7337	7444	5.63e-46	200
sampleD_part3	PQ835402.1	100.000	74	0	0	1	74	6953	7026	4.48e-27	137
sampleD_part3	PQ835401.1	100.000	108	0	0	385	492	7339	7446	5.63e-46	200
sampleD_part3	PQ835401.1	100.000	74	0	0	1	74	6955	7028	4.48e-27	137
sampleD_part3	PQ835400.1	100.000	108	0	0	385	492	7337	7444	5.63e-46	200
sampleD_part3	PQ835400.1	100.000	74	0	0	1	74	6953	7026	4.48e-27	137
sampleD_part3	PQ835399.1	100.000	108	0	0	385	492	7337	7444	5.63e-46	200
sampleD_part3	PQ835399.1	100.000	75	0	0	1	75	6953	7027	1.25e-27	139
sampleD_part3	PQ835398.1	100.000	108	0	0	385	492	7337	7444	5.63e-46	200
sampleD_part3	PQ835398.1	100.000	75	0	0	1	75	6953	7027	1.25e-27	139
sampleD_part3	PQ835396.1	100.000	108	0	0	385	492	7337	7444	5.63e-46	200
sampleD_part3	PQ835396.1	100.000	74	0	0	1	74	6953	7026	4.48e-27	137
sampleD_part3	PQ835395.1	100.000	108	0	0	385	492	7337	7444	5.63e-46	200
sampleD_part3	PQ835395.1	100.000	75	0	0	1	75	6953	7027	1.25e-27	139
sampleD_part3	PQ835394.1	100.000	108	0	0	385	492	7335	7442	5.63e-46	200
sampleD_part3	PQ835394.1	100.000	75	0	0	1	75	6951	7025	1.25e-27	139
sampleD_part3	PQ835393.1	100.000	108	0	0	385	492	7337	7444	5.63e-46	200
sampleD_part3	PQ835393.1	100.000	74	0	0	1	74	6953	7026	4.48e-27	137
sampleD_part3	PQ835392.1	100.000	108	0	0	385	492	7337	7444	5.63e-46	200
sampleD_part3	PQ835392.1	100.000	75	0	0	1	75	6953	7027	1.25e-27	139
sampleD_part3	PQ835391.1	100.000	108	0	0	385	492	7337	7444	5.63e-46	200
sampleD_part3	PQ835391.1	100.000	74	0	0	1	74	6953	7026	4.48e-27	137
sampleD_part3	PQ835390.1	100.000	108	0	0	385	492	7335	7442	5.63e-46	200
sampleD_part3	PQ835390.1	100.000	75	0	0	1	75	6951	7025	1.25e-27	139
sampleD_part3	PQ835389.1	100.000	108	0	0	385	492	7341	7448	5.63e-46	200
sampleD_part3	PQ835389.1	100.000	74	0	0	1	74	6957	7030	4.48e-27	137
sampleD_part3	PQ835388.1	100.000	108	0	0	385	492	7337	7444	5.63e-46	200
sampleD_part3	PQ835388.1	100.000	74	0	0	1	74	6953	7026	4.48e-27	137
sampleD_part3	PQ835387.1	100.000	108	0	0	385	492	7337	7444	5.63e-46	200
sampleD_part3	PQ835387.1	100.000	75	0	0	1	75	6953	7027	1.25e-27	139
sampleD_part3	PQ835386.1	100.000	108	0	0	385	492	7337	7444	5.63e-46	200
sampleD_part3	PQ835386.1	100.000	74	0	0	1	74	6953	7026	4.48e-27	137
sampleD_part3	PQ835385.1	100.000	108	0	0	385	492	7337	7444	5.63e-46	200
sampleD_part3	PQ835385.1	100.000	74	0	0	1	74	6953	7026	4.48e-27	137
sampleD_part3	PQ835384.1	100.000	108	0	0	385	492	7337	7444	5.63e-46	200
sampleD_part3	PQ835384.1	100.000	74	0	0	1	74	6953	7026	4.48e-27	137
sampleD_part3	PQ835383.1	100.000	108	0	0	385	492	7341	7448	5.63e-46	200
sampleD_part3	PQ835383.1	100.000	75	0	0	1	75	6957	7031	1.25e-27	139
sampleD_part3	PQ835382.1	100.000	108	0	0	385	492	7335	7442	5.63e-46	200
sampleD_part3	PQ835382.1	98.649	74	1	0	1	74	6951	7024	2.08e-25	132
sampleD_part3	PQ835381.1	100.000	108	0	0	385	492	7335	7442	5.63e-46	200
sampleD_part3	PQ835381.1	100.000	74	0	0	1	74	6951	7024	4.48e-27	137
sampleD_part3	PQ835380.1	100.000	108	0	0	385	492	7337	7444	5.63e-46	200
sampleD_part3	PQ835380.1	100.000	74	0	0	1	74	6953	7026	4.48e-27	137
sampleD_part3	PQ835378.1	100.000	108	0	0	385	492	7337	7444	5.63e-46	200
sampleD_part3	PQ835378.1	100.000	74	0	0	1	74	6953	7026	4.48e-27	137
sampleD_part3	PQ835377.1	100.000	108	0	0	385	492	7337	7444	5.63e-46	200
sampleD_part3	PQ835377.1	100.000	75	0	0	1	75	6953	7027	1.25e-27	139
sampleD_part3	PQ835376.1	100.000	108	0	0	385	492	7337	7444	5.63e-46	200
sampleD_part3	PQ835376.1	100.000	74	0	0	1	74	6953	7026	4.48e-27	137
sampleD_part3	PQ835375.1	100.000	108	0	0	385	492	7337	7444	5.63e-46	200
sampleD_part3	PQ835375.1	100.000	74	0	0	1	74	6953	7026	4.48e-27	137
sampleD_part3	PQ835374.1	100.000	108	0	0	385	492	7337	7444	5.63e-46	200
sampleD_part3	PQ835374.1	100.000	75	0	0	1	75	6953	7027	1.25e-27	139
sampleD_part3	PQ835373.1	100.000	108	0	0	385	492	7337	7444	5.63e-46	200
sampleD_part3	PQ835373.1	100.000	74	0	0	1	74	6953	7026	4.48e-27	137
sampleD_part3	PQ835372.1	100.000	108	0	0	385	492	7337	7444	5.63e-46	200
sampleD_part3	PQ835372.1	98.667	75	1	0	1	75	6953	7027	5.79e-26	134
sampleD_part3	PQ835371.1	100.000	108	0	0	385	492	7337	7444	5.63e-46	200
sampleD_part3	PQ835371.1	100.000	74	0	0	1	74	6953	7026	4.48e-27	137
sampleD_part3	PQ835370.1	100.000	108	0	0	385	492	7337	7444	5.63e-46	200
sampleD_part3	PQ835370.1	100.000	75	0	0	1	75	6953	7027	1.25e-27	139
sampleD_part3	PQ835369.1	100.000	108	0	0	385	492	7337	7444	5.63e-46	200
sampleD_part3	PQ835369.1	100.000	74	0	0	1	74	6953	7026	4.48e-27	137
sampleD_part3	PQ835368.1	100.000	108	0	0	385	492	7337	7444	5.63e-46	200
sampleD_part3	PQ835368.1	100.000	74	0	0	1	74	6953	7026	4.48e-27	137
sampleD_part3	PQ835367.1	100.000	108	0	0	385	492	7337	7444	5.63e-46	200
sampleD_part3	PQ835367.1	100.000	75	0	0	1	75	6953	7027	1.25e-27	139
sampleD_part3	PQ835366.1	100.000	108	0	0	385	492	7337	7444	5.63e-46	200
sampleD_part3	PQ835366.1	100.000	74	0	0	1	74	6953	7026	4.48e-27	137
sampleD_part3	PQ835365.1	100.000	108	0	0	385	492	7337	7444	5.63e-46	200
sampleD_part3	PQ835365.1	100.000	74	0	0	1	74	6953	7026	4.48e-27	137
sampleD_part3	PQ835364.1	100.000	108	0	0	385	492	7337	7444	5.63e-46	200
sampleD_part3	PQ835364.1	100.000	75	0	0	1	75	6953	7027	1.25e-27	139
sampleD_part3	PQ835363.1	100.000	108	0	0	385	492	7337	7444	5.63e-46	200
sampleD_part3	PQ835363.1	100.000	74	0	0	1	74	6953	7026	4.48e-27	137
sampleD_part3	PQ835362.1	100.000	108	0	0	385	492	7341	7448	5.63e-46	200
sampleD_part3	PQ835362.1	100.000	74	0	0	1	74	6957	7030	4.48e-27	137
sampleD_part3	PQ835361.1	100.000	108	0	0	385	492	7337	7444	5.63e-46	200
sampleD_part3	PQ835361.1	98.649	74	1	0	1	74	6953	7026	2.08e-25	132
sampleD_part3	PQ835360.1	100.000	108	0	0	385	492	7337	7444	5.63e-46	200
sampleD_part3	PQ835360.1	100.000	75	0	0	1	75	6953	7027	1.25e-27	139
sampleD_part3	PQ835358.1	100.000	108	0	0	385	492	7337	7444	5.63e-46	200
sampleD_part3	PQ835358.1	100.000	75	0	0	1	75	6953	7027	1.25e-27	139
sampleD_part3	PQ835357.1	100.000	108	0	0	385	492	7337	7444	5.63e-46	200
sampleD_part3	PQ835357.1	100.000	74	0	0	1	74	6953	7026	4.48e-27	137
sampleD_part3	PQ835355.1	100.000	108	0	0	385	492	7337	7444	5.63e-46	200
sampleD_part3	PQ835355.1	100.000	74	0	0	1	74	6953	7026	4.48e-27	137
sampleD_part3	PQ835354.1	100.000	108	0	0	385	492	7337	7444	5.63e-46	200
sampleD_part3	PQ835354.1	100.000	74	0	0	1	74	6953	7026	4.48e-27	137
sampleD_part3	PQ835353.1	100.000	108	0	0	385	492	7337	7444	5.63e-46	200
sampleD_part3	PQ835353.1	100.000	75	0	0	1	75	6953	7027	1.25e-27	139
sampleD_part3	PQ835352.1	100.000	108	0	0	385	492	7337	7444	5.63e-46	200
sampleD_part3	PQ835352.1	100.000	74	0	0	1	74	6953	7026	4.48e-27	137
sampleD_part3	PQ835351.1	100.000	108	0	0	385	492	7337	7444	5.63e-46	200
sampleD_part3	PQ835351.1	100.000	74	0	0	1	74	6953	7026	4.48e-27	137
sampleD_part3	PQ835349.1	100.000	108	0	0	385	492	7337	7444	5.63e-46	200
sampleD_part3	PQ835349.1	100.000	74	0	0	1	74	6953	7026	4.48e-27	137
sampleD_part3	PQ835348.1	100.000	108	0	0	385	492	7337	7444	5.63e-46	200
sampleD_part3	PQ835348.1	100.000	74	0	0	1	74	6953	7026	4.48e-27	137
sampleD_part3	PQ835347.1	100.000	108	0	0	385	492	7336	7443	5.63e-46	200
sampleD_part3	PQ835347.1	100.000	74	0	0	1	74	6952	7025	4.48e-27	137
sampleD_part3	PQ835346.1	100.000	108	0	0	385	492	7337	7444	5.63e-46	200
sampleD_part3	PQ835346.1	100.000	74	0	0	1	74	6953	7026	4.48e-27	137
sampleD_part3	PQ835345.1	100.000	108	0	0	385	492	7337	7444	5.63e-46	200
sampleD_part3	PQ835345.1	100.000	74	0	0	1	74	6953	7026	4.48e-27	137
sampleD_part3	PQ835343.1	100.000	108	0	0	385	492	7337	7444	5.63e-46	200
sampleD_part3	PQ835343.1	100.000	74	0	0	1	74	6953	7026	4.48e-27	137
sampleD_part3	PQ835342.1	100.000	108	0	0	385	492	7337	7444	5.63e-46	200
sampleD_part3	PQ835342.1	100.000	74	0	0	1	74	6953	7026	4.48e-27	137
sampleD_part3	PQ835341.1	100.000	108	0	0	385	492	7337	7444	5.63e-46	200
sampleD_part3	PQ835341.1	100.000	74	0	0	1	74	6953	7026	4.48e-27	137
sampleD_part3	PQ835340.1	100.000	108	0	0	385	492	7337	7444	5.63e-46	200
sampleD_part3	PQ835340.1	100.000	74	0	0	1	74	6953	7026	4.48e-27	137
sampleD_part3	PQ835339.1	100.000	108	0	0	385	492	7337	7444	5.63e-46	200
sampleD_part3	PQ835339.1	100.000	74	0	0	1	74	6953	7026	4.48e-27	137
sampleD_part3	PQ835338.1	100.000	108	0	0	385	492	7337	7444	5.63e-46	200
sampleD_part3	PQ835338.1	100.000	74	0	0	1	74	6953	7026	4.48e-27	137
sampleD_part3	PQ835337.1	100.000	108	0	0	385	492	7337	7444	5.63e-46	200
sampleD_part3	PQ835337.1	100.000	74	0	0	1	74	6953	7026	4.48e-27	137
sampleD_part3	PQ835336.1	100.000	108	0	0	385	492	7338	7445	5.63e-46	200
sampleD_part3	PQ835336.1	100.000	74	0	0	1	74	6954	7027	4.48e-27	137
sampleD_part3	PQ835334.1	100.000	108	0	0	385	492	7337	7444	5.63e-46	200
sampleD_part3	PQ835334.1	100.000	74	0	0	1	74	6953	7026	4.48e-27	137
sampleD_part3	PQ835333.1	100.000	108	0	0	385	492	7337	7444	5.63e-46	200
sampleD_part3	PQ835333.1	100.000	74	0	0	1	74	6953	7026	4.48e-27	137
sampleD_part3	PQ835332.1	100.000	108	0	0	385	492	7335	7442	5.63e-46	200
sampleD_part3	PQ835332.1	100.000	74	0	0	1	74	6951	7024	4.48e-27	137
sampleD_part3	PQ835331.1	100.000	108	0	0	385	492	7337	7444	5.63e-46	200
sampleD_part3	PQ835331.1	100.000	74	0	0	1	74	6953	7026	4.48e-27	137
sampleD_part3	PQ835330.1	100.000	108	0	0	385	492	7337	7444	5.63e-46	200
sampleD_part3	PQ835330.1	100.000	74	0	0	1	74	6953	7026	4.48e-27	137
sampleD_part3	PQ835329.1	100.000	108	0	0	385	492	7337	7444	5.63e-46	200
sampleD_part3	PQ835329.1	100.000	75	0	0	1	75	6953	7027	1.25e-27	139
sampleD_part3	PQ835327.1	100.000	108	0	0	385	492	7337	7444	5.63e-46	200
sampleD_part3	PQ835327.1	100.000	75	0	0	1	75	6953	7027	1.25e-27	139
sampleD_part3	PQ835326.1	100.000	108	0	0	385	492	7337	7444	5.63e-46	200
sampleD_part3	PQ835326.1	100.000	75	0	0	1	75	6953	7027	1.25e-27	139
sampleD_part3	PQ835325.1	100.000	108	0	0	385	492	7337	7444	5.63e-46	200
sampleD_part3	PQ835325.1	100.000	74	0	0	1	74	6953	7026	4.48e-27	137
sampleD_part3	PQ835324.1	100.000	108	0	0	385	492	7335	7442	5.63e-46	200
sampleD_part3	PQ835324.1	100.000	74	0	0	1	74	6951	7024	4.48e-27	137
sampleD_part3	PQ835323.1	100.000	108	0	0	385	492	7335	7442	5.63e-46	200
sampleD_part3	PQ835323.1	100.000	74	0	0	1	74	6951	7024	4.48e-27	137
sampleD_part3	PQ835322.1	100.000	108	0	0	385	492	7337	7444	5.63e-46	200
sampleD_part3	PQ835322.1	100.000	74	0	0	1	74	6953	7026	4.48e-27	137
sampleD_part3	PQ835321.1	100.000	108	0	0	385	492	7337	7444	5.63e-46	200
sampleD_part3	PQ835321.1	100.000	74	0	0	1	74	6953	7026	4.48e-27	137
sampleD_part3	PQ835320.1	100.000	108	0	0	385	492	7337	7444	5.63e-46	200
sampleD_part3	PQ835320.1	100.000	75	0	0	1	75	6953	7027	1.25e-27	139
sampleD_part3	PQ835319.1	100.000	108	0	0	385	492	7337	7444	5.63e-46	200
sampleD_part3	PQ835319.1	100.000	74	0	0	1	74	6953	7026	4.48e-27	137
sampleD_part3	PQ835318.1	100.000	108	0	0	385	492	7337	7444	5.63e-46	200
sampleD_part3	PQ835318.1	100.000	75	0	0	1	75	6953	7027	1.25e-27	139
sampleD_part3	PQ835317.1	100.000	108	0	0	385	492	7340	7447	5.63e-46	200
sampleD_part3	PQ835317.1	100.000	74	0	0	1	74	6956	7029	4.48e-27	137
sampleD_part3	PQ835316.1	100.000	108	0	0	385	492	7337	7444	5.63e-46	200
sampleD_part3	PQ835316.1	100.000	74	0	0	1	74	6953	7026	4.48e-27	137
sampleD_part3	PQ835315.1	100.000	108	0	0	385	492	7337	7444	5.63e-46	200
sampleD_part3	PQ835315.1	100.000	74	0	0	1	74	6953	7026	4.48e-27	137
sampleD_part3	PQ835314.1	100.000	108	0	0	385	492	7335	7442	5.63e-46	200
sampleD_part3	PQ835314.1	100.000	75	0	0	1	75	6951	7025	1.25e-27	139
sampleD_part3	PQ835313.1	100.000	108	0	0	385	492	7332	7439	5.63e-46	200
sampleD_part3	PQ835313.1	100.000	74	0	0	1	74	6948	7021	4.48e-27	137
sampleD_part3	PQ835312.1	100.000	108	0	0	385	492	7337	7444	5.63e-46	200
sampleD_part3	PQ835312.1	100.000	74	0	0	1	74	6953	7026	4.48e-27	137
sampleD_part3	PQ835311.1	100.000	108	0	0	385	492	7338	7445	5.63e-46	200
sampleD_part3	PQ835311.1	100.000	74	0	0	1	74	6954	7027	4.48e-27	137
sampleD_part3	PQ835310.1	100.000	108	0	0	385	492	7335	7442	5.63e-46	200
sampleD_part3	PQ835310.1	100.000	74	0	0	1	74	6951	7024	4.48e-27	137
sampleD_part3	PQ835309.1	100.000	108	0	0	385	492	7337	7444	5.63e-46	200
sampleD_part3	PQ835309.1	100.000	75	0	0	1	75	6953	7027	1.25e-27	139
sampleD_part3	PQ835308.1	100.000	108	0	0	385	492	7337	7444	5.63e-46	200
sampleD_part3	PQ835308.1	100.000	74	0	0	1	74	6953	7026	4.48e-27	137
sampleD_part3	PQ835307.1	100.000	108	0	0	385	492	7337	7444	5.63e-46	200
sampleD_part3	PQ835307.1	100.000	75	0	0	1	75	6953	7027	1.25e-27	139
sampleD_part3	PQ835306.1	100.000	108	0	0	385	492	7337	7444	5.63e-46	200
sampleD_part3	PQ835306.1	100.000	74	0	0	1	74	6953	7026	4.48e-27	137
sampleD_part3	PQ835305.1	100.000	108	0	0	385	492	7337	7444	5.63e-46	200
sampleD_part3	PQ835305.1	100.000	74	0	0	1	74	6953	7026	4.48e-27	137
sampleD_part3	PQ835304.1	100.000	108	0	0	385	492	7335	7442	5.63e-46	200
sampleD_part3	PQ835304.1	100.000	74	0	0	1	74	6951	7024	4.48e-27	137
sampleD_part3	PQ835303.1	100.000	108	0	0	385	492	7335	7442	5.63e-46	200
sampleD_part3	PQ835303.1	100.000	74	0	0	1	74	6951	7024	4.48e-27	137
sampleD_part3	PQ835302.1	100.000	108	0	0	385	492	7337	7444	5.63e-46	200
sampleD_part3	PQ835302.1	100.000	75	0	0	1	75	6953	7027	1.25e-27	139
sampleD_part3	PQ835301.1	100.000	108	0	0	385	492	7337	7444	5.63e-46	200
sampleD_part3	PQ835301.1	100.000	74	0	0	1	74	6953	7026	4.48e-27	137
sampleD_part3	PQ835300.1	100.000	108	0	0	385	492	7337	7444	5.63e-46	200
sampleD_part3	PQ835300.1	100.000	74	0	0	1	74	6953	7026	4.48e-27	137
sampleD_part3	PQ835299.1	100.000	108	0	0	385	492	7337	7444	5.63e-46	200
sampleD_part3	PQ835299.1	100.000	74	0	0	1	74	6953	7026	4.48e-27	137
sampleD_part3	PQ835298.1	100.000	108	0	0	385	492	7335	7442	5.63e-46	200
sampleD_part3	PQ835298.1	100.000	74	0	0	1	74	6951	7024	4.48e-27	137
sampleD_part3	PQ835297.1	100.000	108	0	0	385	492	7339	7446	5.63e-46	200
sampleD_part3	PQ835297.1	100.000	74	0	0	1	74	6955	7028	4.48e-27	137
sampleD_part3	PQ835295.1	100.000	108	0	0	385	492	7337	7444	5.63e-46	200
sampleD_part3	PQ835295.1	100.000	74	0	0	1	74	6953	7026	4.48e-27	137
sampleD_part3	PQ835294.1	100.000	108	0	0	385	492	7337	7444	5.63e-46	200
sampleD_part3	PQ835294.1	100.000	74	0	0	1	74	6953	7026	4.48e-27	137
sampleD_part3	PQ835293.1	100.000	108	0	0	385	492	7337	7444	5.63e-46	200
sampleD_part3	PQ835293.1	100.000	74	0	0	1	74	6953	7026	4.48e-27	137
sampleD_part3	PQ835292.1	100.000	108	0	0	385	492	7337	7444	5.63e-46	200
sampleD_part3	PQ835292.1	100.000	75	0	0	1	75	6953	7027	1.25e-27	139
sampleD_part3	PQ825734.1	100.000	108	0	0	385	492	7337	7444	5.63e-46	200
sampleD_part3	PQ825734.1	100.000	75	0	0	1	75	6953	7027	1.25e-27	139
sampleD_part3	PQ825733.1	100.000	108	0	0	385	492	7337	7444	5.63e-46	200
sampleD_part3	PQ825733.1	100.000	75	0	0	1	75	6953	7027	1.25e-27	139
sampleD_part3	PQ825732.1	100.000	108	0	0	385	492	7337	7444	5.63e-46	200
sampleD_part3	PQ825732.1	100.000	74	0	0	1	74	6953	7026	4.48e-27	137
sampleD_part3	PQ825731.1	100.000	108	0	0	385	492	7337	7444	5.63e-46	200
sampleD_part3	PQ825731.1	100.000	74	0	0	1	74	6953	7026	4.48e-27	137
sampleD_part3	PQ825730.1	100.000	108	0	0	385	492	7335	7442	5.63e-46	200
sampleD_part3	PQ825730.1	100.000	74	0	0	1	74	6951	7024	4.48e-27	137
sampleD_part3	PQ825729.1	100.000	108	0	0	385	492	7337	7444	5.63e-46	200
sampleD_part3	PQ825729.1	100.000	75	0	0	1	75	6953	7027	1.25e-27	139
sampleD_part3	PQ825728.1	100.000	108	0	0	385	492	7337	7444	5.63e-46	200
sampleD_part3	PQ825728.1	100.000	75	0	0	1	75	6953	7027	1.25e-27	139
sampleD_part3	PQ825727.1	100.000	108	0	0	385	492	7337	7444	5.63e-46	200
sampleD_part3	PQ825727.1	100.000	74	0	0	1	74	6953	7026	4.48e-27	137
sampleD_part3	PQ825726.1	100.000	108	0	0	385	492	7337	7444	5.63e-46	200
sampleD_part3	PQ825726.1	100.000	74	0	0	1	74	6953	7026	4.48e-27	137
sampleD_part3	PQ825725.1	100.000	108	0	0	385	492	7337	7444	5.63e-46	200
sampleD_part3	PQ825725.1	100.000	74	0	0	1	74	6953	7026	4.48e-27	137
sampleD_part3	PQ825724.1	100.000	108	0	0	385	492	7337	7444	5.63e-46	200
sampleD_part3	PQ825724.1	100.000	74	0	0	1	74	6953	7026	4.48e-27	137
sampleD_part3	PQ825723.1	100.000	108	0	0	385	492	7337	7444	5.63e-46	200
sampleD_part3	PQ825723.1	100.000	75	0	0	1	75	6953	7027	1.25e-27	139
sampleD_part3	PQ825722.1	100.000	108	0	0	385	492	7337	7444	5.63e-46	200
sampleD_part3	PQ825722.1	100.000	74	0	0	1	74	6953	7026	4.48e-27	137
sampleD_part3	PQ825721.1	100.000	108	0	0	385	492	7338	7445	5.63e-46	200
sampleD_part3	PQ825721.1	100.000	74	0	0	1	74	6954	7027	4.48e-27	137
sampleD_part3	PQ825719.1	100.000	108	0	0	385	492	7336	7443	5.63e-46	200
sampleD_part3	PQ825719.1	100.000	74	0	0	1	74	6952	7025	4.48e-27	137
sampleD_part3	PQ825718.1	100.000	108	0	0	385	492	7337	7444	5.63e-46	200
sampleD_part3	PQ825718.1	100.000	74	0	0	1	74	6953	7026	4.48e-27	137
sampleD_part3	PQ825717.1	100.000	108	0	0	385	492	7336	7443	5.63e-46	200
sampleD_part3	PQ825717.1	100.000	74	0	0	1	74	6952	7025	4.48e-27	137
sampleD_part3	PQ825716.1	100.000	108	0	0	385	492	7337	7444	5.63e-46	200
sampleD_part3	PQ825716.1	100.000	75	0	0	1	75	6953	7027	1.25e-27	139
sampleD_part3	PQ825715.1	100.000	108	0	0	385	492	7335	7442	5.63e-46	200
sampleD_part3	PQ825715.1	100.000	74	0	0	1	74	6951	7024	4.48e-27	137
sampleD_part3	PQ825714.1	100.000	108	0	0	385	492	7337	7444	5.63e-46	200
sampleD_part3	PQ825714.1	100.000	74	0	0	1	74	6953	7026	4.48e-27	137
sampleD_part3	PQ825713.1	100.000	108	0	0	385	492	7337	7444	5.63e-46	200
sampleD_part3	PQ825713.1	100.000	74	0	0	1	74	6953	7026	4.48e-27	137
sampleD_part3	PQ825712.1	100.000	108	0	0	385	492	7337	7444	5.63e-46	200
sampleD_part3	PQ825712.1	100.000	75	0	0	1	75	6953	7027	1.25e-27	139
sampleD_part3	PQ825711.1	100.000	108	0	0	385	492	7335	7442	5.63e-46	200
sampleD_part3	PQ825711.1	100.000	74	0	0	1	74	6951	7024	4.48e-27	137
sampleD_part3	PQ825710.1	100.000	108	0	0	385	492	7337	7444	5.63e-46	200
sampleD_part3	PQ825710.1	100.000	74	0	0	1	74	6953	7026	4.48e-27	137
sampleD_part3	PQ825709.1	100.000	108	0	0	385	492	7337	7444	5.63e-46	200
sampleD_part3	PQ825709.1	100.000	74	0	0	1	74	6953	7026	4.48e-27	137
sampleD_part3	PQ825708.1	100.000	108	0	0	385	492	7337	7444	5.63e-46	200
sampleD_part3	PQ825708.1	100.000	74	0	0	1	74	6953	7026	4.48e-27	137
sampleD_part3	PQ825707.1	100.000	108	0	0	385	492	7337	7444	5.63e-46	200
sampleD_part3	PQ825707.1	100.000	74	0	0	1	74	6953	7026	4.48e-27	137
sampleD_part3	PQ825706.1	100.000	108	0	0	385	492	7337	7444	5.63e-46	200
sampleD_part3	PQ825706.1	100.000	75	0	0	1	75	6953	7027	1.25e-27	139
sampleD_part3	PQ825704.1	100.000	108	0	0	385	492	7335	7442	5.63e-46	200
sampleD_part3	PQ825704.1	100.000	75	0	0	1	75	6951	7025	1.25e-27	139
sampleD_part3	PQ825703.1	100.000	108	0	0	385	492	7337	7444	5.63e-46	200
sampleD_part3	PQ825703.1	100.000	74	0	0	1	74	6953	7026	4.48e-27	137
sampleD_part3	PQ825702.1	100.000	108	0	0	385	492	7337	7444	5.63e-46	200
sampleD_part3	PQ825702.1	100.000	74	0	0	1	74	6953	7026	4.48e-27	137
sampleD_part3	PQ825701.1	100.000	108	0	0	385	492	7337	7444	5.63e-46	200
sampleD_part3	PQ825701.1	100.000	75	0	0	1	75	6953	7027	1.25e-27	139
sampleD_part3	PQ825700.1	100.000	108	0	0	385	492	7337	7444	5.63e-46	200
sampleD_part3	PQ825700.1	100.000	74	0	0	1	74	6953	7026	4.48e-27	137
sampleD_part3	PQ825699.1	100.000	108	0	0	385	492	7337	7444	5.63e-46	200
sampleD_part3	PQ825699.1	100.000	75	0	0	1	75	6953	7027	1.25e-27	139
sampleD_part3	PQ825698.1	100.000	108	0	0	385	492	7337	7444	5.63e-46	200
sampleD_part3	PQ825698.1	100.000	74	0	0	1	74	6953	7026	4.48e-27	137
sampleD_part3	PQ825697.1	100.000	108	0	0	385	492	7337	7444	5.63e-46	200
sampleD_part3	PQ825697.1	100.000	74	0	0	1	74	6953	7026	4.48e-27	137
sampleD_part3	PQ825696.1	100.000	108	0	0	385	492	7337	7444	5.63e-46	200
sampleD_part3	PQ825696.1	100.000	74	0	0	1	74	6953	7026	4.48e-27	137
sampleD_part3	PQ825695.1	100.000	108	0	0	385	492	7337	7444	5.63e-46	200
sampleD_part3	PQ825695.1	100.000	74	0	0	1	74	6953	7026	4.48e-27	137
sampleD_part3	PQ825694.1	100.000	108	0	0	385	492	7337	7444	5.63e-46	200
sampleD_part3	PQ825694.1	100.000	74	0	0	1	74	6953	7026	4.48e-27	137
sampleD_part3	PQ825693.1	100.000	108	0	0	385	492	7337	7444	5.63e-46	200
sampleD_part3	PQ825693.1	100.000	75	0	0	1	75	6953	7027	1.25e-27	139
sampleD_part3	PQ825692.1	100.000	108	0	0	385	492	7337	7444	5.63e-46	200
sampleD_part3	PQ825692.1	100.000	75	0	0	1	75	6953	7027	1.25e-27	139
sampleD_part3	PQ825691.1	100.000	108	0	0	385	492	7337	7444	5.63e-46	200
sampleD_part3	PQ825691.1	100.000	74	0	0	1	74	6953	7026	4.48e-27	137
sampleD_part3	PQ825690.1	100.000	108	0	0	385	492	7337	7444	5.63e-46	200
sampleD_part3	PQ825690.1	100.000	74	0	0	1	74	6953	7026	4.48e-27	137
sampleD_part3	PQ825689.1	100.000	108	0	0	385	492	7337	7444	5.63e-46	200
sampleD_part3	PQ825689.1	100.000	74	0	0	1	74	6953	7026	4.48e-27	137
sampleD_part3	PQ825688.1	100.000	108	0	0	385	492	7335	7442	5.63e-46	200
sampleD_part3	PQ825688.1	100.000	74	0	0	1	74	6951	7024	4.48e-27	137
sampleD_part3	PQ825687.1	100.000	108	0	0	385	492	7337	7444	5.63e-46	200
sampleD_part3	PQ825687.1	100.000	75	0	0	1	75	6953	7027	1.25e-27	139
sampleD_part3	PQ825686.1	100.000	108	0	0	385	492	7337	7444	5.63e-46	200
sampleD_part3	PQ825686.1	100.000	75	0	0	1	75	6953	7027	1.25e-27	139
sampleD_part3	PQ825685.1	100.000	108	0	0	385	492	7337	7444	5.63e-46	200
sampleD_part3	PQ825685.1	100.000	75	0	0	1	75	6953	7027	1.25e-27	139
sampleD_part3	PQ825684.1	100.000	108	0	0	385	492	7335	7442	5.63e-46	200
sampleD_part3	PQ825684.1	100.000	75	0	0	1	75	6951	7025	1.25e-27	139
sampleD_part3	PQ825683.1	100.000	108	0	0	385	492	7338	7445	5.63e-46	200
sampleD_part3	PQ825683.1	100.000	74	0	0	1	74	6954	7027	4.48e-27	137
sampleD_part3	PQ825682.1	100.000	108	0	0	385	492	7337	7444	5.63e-46	200
sampleD_part3	PQ825682.1	100.000	74	0	0	1	74	6953	7026	4.48e-27	137
sampleD_part3	PQ825681.1	100.000	108	0	0	385	492	7335	7442	5.63e-46	200
sampleD_part3	PQ825681.1	100.000	74	0	0	1	74	6951	7024	4.48e-27	137
sampleD_part3	PQ825680.1	100.000	108	0	0	385	492	7337	7444	5.63e-46	200
sampleD_part3	PQ825680.1	100.000	75	0	0	1	75	6953	7027	1.25e-27	139
sampleD_part3	PQ825679.1	100.000	108	0	0	385	492	7337	7444	5.63e-46	200
sampleD_part3	PQ825679.1	100.000	75	0	0	1	75	6953	7027	1.25e-27	139
sampleD_part3	PQ825678.1	100.000	108	0	0	385	492	7337	7444	5.63e-46	200
sampleD_part3	PQ825678.1	100.000	74	0	0	1	74	6953	7026	4.48e-27	137
sampleD_part3	PQ825677.1	100.000	108	0	0	385	492	7337	7444	5.63e-46	200
sampleD_part3	PQ825677.1	100.000	74	0	0	1	74	6953	7026	4.48e-27	137
sampleD_part3	PQ825676.1	100.000	108	0	0	385	492	7337	7444	5.63e-46	200
sampleD_part3	PQ825676.1	100.000	75	0	0	1	75	6953	7027	1.25e-27	139
sampleD_part3	PQ825675.1	100.000	108	0	0	385	492	7337	7444	5.63e-46	200
sampleD_part3	PQ825675.1	100.000	74	0	0	1	74	6953	7026	4.48e-27	137
sampleD_part3	PQ825673.1	100.000	108	0	0	385	492	7337	7444	5.63e-46	200
sampleD_part3	PQ825673.1	100.000	75	0	0	1	75	6953	7027	1.25e-27	139
sampleD_part3	PQ825672.1	100.000	108	0	0	385	492	7339	7446	5.63e-46	200
sampleD_part3	PQ825672.1	100.000	74	0	0	1	74	6955	7028	4.48e-27	137
sampleD_part3	PQ825671.1	100.000	108	0	0	385	492	7337	7444	5.63e-46	200
sampleD_part3	PQ825671.1	100.000	74	0	0	1	74	6953	7026	4.48e-27	137
sampleD_part3	PQ825670.1	100.000	108	0	0	385	492	7337	7444	5.63e-46	200
sampleD_part3	PQ825670.1	100.000	75	0	0	1	75	6953	7027	1.25e-27	139
sampleD_part3	PQ825669.1	100.000	108	0	0	385	492	7335	7442	5.63e-46	200
sampleD_part3	PQ825669.1	100.000	74	0	0	1	74	6951	7024	4.48e-27	137
sampleD_part3	PQ825668.1	100.000	108	0	0	385	492	7337	7444	5.63e-46	200
sampleD_part3	PQ825668.1	100.000	75	0	0	1	75	6953	7027	1.25e-27	139
sampleD_part3	PQ825667.1	100.000	108	0	0	385	492	7335	7442	5.63e-46	200
sampleD_part3	PQ825667.1	98.649	74	1	0	1	74	6951	7024	2.08e-25	132
sampleD_part3	PQ825666.1	100.000	108	0	0	385	492	7337	7444	5.63e-46	200
sampleD_part3	PQ825666.1	100.000	75	0	0	1	75	6953	7027	1.25e-27	139
sampleD_part3	PQ825665.1	100.000	108	0	0	385	492	7335	7442	5.63e-46	200
sampleD_part3	PQ825665.1	100.000	74	0	0	1	74	6951	7024	4.48e-27	137
sampleD_part3	PQ825664.1	100.000	108	0	0	385	492	7337	7444	5.63e-46	200
sampleD_part3	PQ825664.1	100.000	75	0	0	1	75	6953	7027	1.25e-27	139
sampleD_part3	PQ825663.1	100.000	108	0	0	385	492	7337	7444	5.63e-46	200
sampleD_part3	PQ825663.1	100.000	74	0	0	1	74	6953	7026	4.48e-27	137
sampleD_part3	PQ825662.1	100.000	108	0	0	385	492	7337	7444	5.63e-46	200
sampleD_part3	PQ825662.1	100.000	74	0	0	1	74	6953	7026	4.48e-27	137
sampleD_part3	PQ825661.1	100.000	108	0	0	385	492	7337	7444	5.63e-46	200
sampleD_part3	PQ825661.1	98.667	75	1	0	1	75	6953	7027	5.79e-26	134
sampleD_part3	PQ825660.1	100.000	108	0	0	385	492	7339	7446	5.63e-46	200
sampleD_part3	PQ825660.1	100.000	75	0	0	1	75	6955	7029	1.25e-27	139
sampleD_part3	PQ825659.1	100.000	108	0	0	385	492	7336	7443	5.63e-46	200
sampleD_part3	PQ825659.1	100.000	74	0	0	1	74	6952	7025	4.48e-27	137
sampleD_part3	PQ825658.1	100.000	108	0	0	385	492	7337	7444	5.63e-46	200
sampleD_part3	PQ825658.1	100.000	75	0	0	1	75	6953	7027	1.25e-27	139
sampleD_part3	PQ825657.1	100.000	108	0	0	385	492	7339	7446	5.63e-46	200
sampleD_part3	PQ825657.1	100.000	74	0	0	1	74	6955	7028	4.48e-27	137
sampleD_part3	PQ825656.1	100.000	108	0	0	385	492	7337	7444	5.63e-46	200
sampleD_part3	PQ825656.1	100.000	74	0	0	1	74	6953	7026	4.48e-27	137
sampleD_part3	PQ825655.1	100.000	108	0	0	385	492	7336	7443	5.63e-46	200
sampleD_part3	PQ825655.1	100.000	74	0	0	1	74	6952	7025	4.48e-27	137
sampleD_part3	PQ825654.1	100.000	108	0	0	385	492	7337	7444	5.63e-46	200
sampleD_part3	PQ825654.1	100.000	74	0	0	1	74	6953	7026	4.48e-27	137
sampleD_part3	PQ825653.1	100.000	108	0	0	385	492	7339	7446	5.63e-46	200
sampleD_part3	PQ825653.1	100.000	74	0	0	1	74	6955	7028	4.48e-27	137
sampleD_part3	PQ825652.1	100.000	108	0	0	385	492	7337	7444	5.63e-46	200
sampleD_part3	PQ825652.1	100.000	74	0	0	1	74	6953	7026	4.48e-27	137
sampleD_part3	PQ825651.1	100.000	108	0	0	385	492	7339	7446	5.63e-46	200
sampleD_part3	PQ825651.1	100.000	74	0	0	1	74	6955	7028	4.48e-27	137
sampleD_part3	PQ825650.1	100.000	108	0	0	385	492	7337	7444	5.63e-46	200
sampleD_part3	PQ825650.1	100.000	74	0	0	1	74	6953	7026	4.48e-27	137
sampleD_part3	PQ825649.1	100.000	108	0	0	385	492	7337	7444	5.63e-46	200
sampleD_part3	PQ825649.1	100.000	75	0	0	1	75	6953	7027	1.25e-27	139
sampleD_part3	PQ825648.1	100.000	108	0	0	385	492	7337	7444	5.63e-46	200
sampleD_part3	PQ825648.1	100.000	74	0	0	1	74	6953	7026	4.48e-27	137
sampleD_part3	PQ825647.1	100.000	108	0	0	385	492	7337	7444	5.63e-46	200
sampleD_part3	PQ825647.1	100.000	74	0	0	1	74	6953	7026	4.48e-27	137
sampleD_part3	PQ825646.1	100.000	108	0	0	385	492	7337	7444	5.63e-46	200
sampleD_part3	PQ825646.1	100.000	75	0	0	1	75	6953	7027	1.25e-27	139
sampleD_part3	PQ825645.1	100.000	108	0	0	385	492	7339	7446	5.63e-46	200
sampleD_part3	PQ825645.1	100.000	75	0	0	1	75	6955	7029	1.25e-27	139
sampleD_part3	PQ825644.1	100.000	108	0	0	385	492	7337	7444	5.63e-46	200
sampleD_part3	PQ825644.1	100.000	75	0	0	1	75	6953	7027	1.25e-27	139
sampleD_part3	PQ825643.1	100.000	108	0	0	385	492	7337	7444	5.63e-46	200
sampleD_part3	PQ825643.1	100.000	74	0	0	1	74	6953	7026	4.48e-27	137
sampleD_part3	PQ825642.1	100.000	108	0	0	385	492	7337	7444	5.63e-46	200
sampleD_part3	PQ825642.1	100.000	75	0	0	1	75	6953	7027	1.25e-27	139
sampleD_part3	PQ825641.1	100.000	108	0	0	385	492	7337	7444	5.63e-46	200
sampleD_part3	PQ825641.1	100.000	74	0	0	1	74	6953	7026	4.48e-27	137
sampleD_part3	PQ825640.1	100.000	108	0	0	385	492	7337	7444	5.63e-46	200
sampleD_part3	PQ825640.1	100.000	75	0	0	1	75	6953	7027	1.25e-27	139
sampleD_part3	PQ825639.1	100.000	108	0	0	385	492	7337	7444	5.63e-46	200
sampleD_part3	PQ825639.1	100.000	75	0	0	1	75	6953	7027	1.25e-27	139
sampleD_part3	PQ825638.1	100.000	108	0	0	385	492	7337	7444	5.63e-46	200
sampleD_part3	PQ825638.1	100.000	74	0	0	1	74	6953	7026	4.48e-27	137
sampleD_part3	PQ825637.1	100.000	108	0	0	385	492	7339	7446	5.63e-46	200
sampleD_part3	PQ825637.1	100.000	74	0	0	1	74	6955	7028	4.48e-27	137
sampleD_part3	PQ825636.1	100.000	108	0	0	385	492	7337	7444	5.63e-46	200
sampleD_part3	PQ825636.1	100.000	74	0	0	1	74	6953	7026	4.48e-27	137
sampleD_part3	PQ825635.1	100.000	108	0	0	385	492	7337	7444	5.63e-46	200
sampleD_part3	PQ825635.1	100.000	74	0	0	1	74	6953	7026	4.48e-27	137
sampleD_part3	PQ825634.1	100.000	108	0	0	385	492	7335	7442	5.63e-46	200
sampleD_part3	PQ825634.1	100.000	74	0	0	1	74	6951	7024	4.48e-27	137
sampleD_part3	PQ825633.1	100.000	108	0	0	385	492	7337	7444	5.63e-46	200
sampleD_part3	PQ825633.1	100.000	75	0	0	1	75	6953	7027	1.25e-27	139
sampleD_part3	PQ825631.1	100.000	108	0	0	385	492	7337	7444	5.63e-46	200
sampleD_part3	PQ825631.1	100.000	74	0	0	1	74	6953	7026	4.48e-27	137
sampleD_part3	PQ825630.1	100.000	108	0	0	385	492	7337	7444	5.63e-46	200
sampleD_part3	PQ825630.1	100.000	75	0	0	1	75	6953	7027	1.25e-27	139
sampleD_part3	PQ825629.1	100.000	108	0	0	385	492	7335	7442	5.63e-46	200
sampleD_part3	PQ825629.1	100.000	74	0	0	1	74	6951	7024	4.48e-27	137
sampleD_part3	PQ825628.1	100.000	108	0	0	385	492	7335	7442	5.63e-46	200
sampleD_part3	PQ825628.1	100.000	74	0	0	1	74	6951	7024	4.48e-27	137
sampleD_part3	PQ825627.1	100.000	108	0	0	385	492	7337	7444	5.63e-46	200
sampleD_part3	PQ825627.1	100.000	75	0	0	1	75	6953	7027	1.25e-27	139
sampleD_part3	PQ825626.1	100.000	108	0	0	385	492	7341	7448	5.63e-46	200
sampleD_part3	PQ825626.1	100.000	74	0	0	1	74	6957	7030	4.48e-27	137
sampleD_part3	PQ825625.1	100.000	108	0	0	385	492	7337	7444	5.63e-46	200
sampleD_part3	PQ825625.1	100.000	74	0	0	1	74	6953	7026	4.48e-27	137
sampleD_part3	PQ825624.1	100.000	108	0	0	385	492	7335	7442	5.63e-46	200
sampleD_part3	PQ825624.1	100.000	75	0	0	1	75	6951	7025	1.25e-27	139
sampleD_part3	PQ825623.1	100.000	108	0	0	385	492	7337	7444	5.63e-46	200
sampleD_part3	PQ825623.1	100.000	74	0	0	1	74	6953	7026	4.48e-27	137
sampleD_part3	PQ825622.1	100.000	108	0	0	385	492	7337	7444	5.63e-46	200
sampleD_part3	PQ825622.1	100.000	74	0	0	1	74	6953	7026	4.48e-27	137
sampleD_part3	PQ825621.1	100.000	108	0	0	385	492	7337	7444	5.63e-46	200
sampleD_part3	PQ825621.1	100.000	74	0	0	1	74	6953	7026	4.48e-27	137
sampleD_part3	PQ825620.1	100.000	108	0	0	385	492	7339	7446	5.63e-46	200
sampleD_part3	PQ825620.1	100.000	75	0	0	1	75	6955	7029	1.25e-27	139
sampleD_part3	PQ825619.1	100.000	108	0	0	385	492	7337	7444	5.63e-46	200
sampleD_part3	PQ825619.1	100.000	75	0	0	1	75	6953	7027	1.25e-27	139
sampleD_part3	PQ825618.1	100.000	108	0	0	385	492	7337	7444	5.63e-46	200
sampleD_part3	PQ825618.1	100.000	74	0	0	1	74	6953	7026	4.48e-27	137
sampleD_part3	PQ825617.1	100.000	108	0	0	385	492	7338	7445	5.63e-46	200
sampleD_part3	PQ825617.1	100.000	75	0	0	1	75	6954	7028	1.25e-27	139
sampleD_part3	PQ825603.1	100.000	108	0	0	385	492	7338	7445	5.63e-46	200
sampleD_part3	PQ825603.1	100.000	75	0	0	1	75	6954	7028	1.25e-27	139
sampleD_part3	PX251232.1	100.000	108	0	0	385	492	7342	7449	5.63e-46	200
sampleD_part3	PX251232.1	100.000	74	0	0	1	74	6958	7031	4.48e-27	137
sampleD_part3	PX238419.1	100.000	108	0	0	385	492	7338	7445	5.63e-46	200
sampleD_part3	PX238419.1	100.000	74	0	0	1	74	6954	7027	4.48e-27	137
sampleD_part3	PX114822.1	100.000	108	0	0	385	492	7338	7445	5.63e-46	200
sampleD_part3	PX114822.1	100.000	74	0	0	1	74	6954	7027	4.48e-27	137
sampleD_part3	PX070374.1	100.000	108	0	0	385	492	7338	7445	5.63e-46	200
sampleD_part3	PX070374.1	100.000	74	0	0	1	74	6954	7027	4.48e-27	137
sampleD_part3	PV955071.1	100.000	108	0	0	385	492	7337	7444	5.63e-46	200
sampleD_part3	PV955071.1	100.000	75	0	0	1	75	6953	7027	1.25e-27	139
sampleD_part3	PV992699.1	100.000	108	0	0	385	492	7339	7446	5.63e-46	200
sampleD_part3	PV992699.1	100.000	74	0	0	1	74	6955	7028	4.48e-27	137
sampleD_part3	PV982268.1	100.000	108	0	0	385	492	7339	7446	5.63e-46	200
sampleD_part3	PV982268.1	100.000	74	0	0	1	74	6955	7028	4.48e-27	137
sampleD_part3	PV621837.1	100.000	108	0	0	385	492	7338	7445	5.63e-46	200
sampleD_part3	PV621837.1	100.000	74	0	0	1	74	6954	7027	4.48e-27	137
sampleD_part3	PV621836.1	100.000	108	0	0	385	492	7338	7445	5.63e-46	200
sampleD_part3	PV621836.1	100.000	74	0	0	1	74	6954	7027	4.48e-27	137
sampleD_part3	PV621835.1	100.000	108	0	0	385	492	7338	7445	5.63e-46	200
sampleD_part3	PV621835.1	100.000	74	0	0	1	74	6954	7027	4.48e-27	137
sampleD_part3	PV621834.1	100.000	108	0	0	385	492	7338	7445	5.63e-46	200
sampleD_part3	PV621834.1	100.000	74	0	0	1	74	6954	7027	4.48e-27	137
sampleD_part3	PV621833.1	100.000	108	0	0	385	492	7338	7445	5.63e-46	200
sampleD_part3	PV621833.1	100.000	74	0	0	1	74	6954	7027	4.48e-27	137
sampleD_part3	PV621832.1	100.000	108	0	0	385	492	7338	7445	5.63e-46	200
sampleD_part3	PV621832.1	100.000	74	0	0	1	74	6954	7027	4.48e-27	137
sampleD_part3	PV621831.1	100.000	108	0	0	385	492	7338	7445	5.63e-46	200
sampleD_part3	PV621831.1	100.000	74	0	0	1	74	6954	7027	4.48e-27	137
sampleD_part3	PV621830.1	100.000	108	0	0	385	492	7338	7445	5.63e-46	200
sampleD_part3	PV621830.1	100.000	74	0	0	1	74	6954	7027	4.48e-27	137
sampleD_part3	PV621829.1	100.000	108	0	0	385	492	7338	7445	5.63e-46	200
sampleD_part3	PV621829.1	100.000	74	0	0	1	74	6954	7027	4.48e-27	137
sampleD_part3	PV621828.1	100.000	108	0	0	385	492	7338	7445	5.63e-46	200
sampleD_part3	PV621828.1	100.000	74	0	0	1	74	6954	7027	4.48e-27	137
sampleD_part3	PV621827.1	100.000	108	0	0	385	492	7338	7445	5.63e-46	200
sampleD_part3	PV621827.1	100.000	74	0	0	1	74	6954	7027	4.48e-27	137
sampleD_part3	PV621826.1	100.000	108	0	0	385	492	7338	7445	5.63e-46	200
sampleD_part3	PV621826.1	100.000	74	0	0	1	74	6954	7027	4.48e-27	137
sampleD_part3	PV621825.1	100.000	108	0	0	385	492	7338	7445	5.63e-46	200
sampleD_part3	PV621825.1	100.000	74	0	0	1	74	6954	7027	4.48e-27	137
sampleD_part3	PV621824.1	100.000	108	0	0	385	492	7338	7445	5.63e-46	200
sampleD_part3	PV621824.1	98.649	74	1	0	1	74	6954	7027	2.08e-25	132
sampleD_part3	PV621823.1	100.000	108	0	0	385	492	7338	7445	5.63e-46	200
sampleD_part3	PV621823.1	100.000	74	0	0	1	74	6954	7027	4.48e-27	137
sampleD_part3	PV621822.1	100.000	108	0	0	385	492	7338	7445	5.63e-46	200
sampleD_part3	PV621822.1	100.000	74	0	0	1	74	6954	7027	4.48e-27	137
sampleD_part3	PV621821.1	100.000	108	0	0	385	492	7338	7445	5.63e-46	200
sampleD_part3	PV621821.1	100.000	74	0	0	1	74	6954	7027	4.48e-27	137
sampleD_part3	PV621820.1	100.000	108	0	0	385	492	7338	7445	5.63e-46	200
sampleD_part3	PV621820.1	100.000	75	0	0	1	75	6954	7028	1.25e-27	139
sampleD_part3	PV621819.1	100.000	108	0	0	385	492	7338	7445	5.63e-46	200
sampleD_part3	PV621819.1	100.000	75	0	0	1	75	6954	7028	1.25e-27	139
sampleD_part3	PV621818.1	100.000	108	0	0	385	492	7338	7445	5.63e-46	200
sampleD_part3	PV621818.1	100.000	75	0	0	1	75	6954	7028	1.25e-27	139
sampleD_part3	PV621817.1	100.000	108	0	0	385	492	7338	7445	5.63e-46	200
sampleD_part3	PV621817.1	100.000	75	0	0	1	75	6954	7028	1.25e-27	139
sampleD_part3	PV621816.1	100.000	108	0	0	385	492	7338	7445	5.63e-46	200
sampleD_part3	PV621816.1	100.000	75	0	0	1	75	6954	7028	1.25e-27	139
sampleD_part3	PV621814.1	100.000	108	0	0	385	492	7338	7445	5.63e-46	200
sampleD_part3	PV621814.1	100.000	75	0	0	1	75	6954	7028	1.25e-27	139
sampleD_part3	PV621813.1	100.000	108	0	0	385	492	7338	7445	5.63e-46	200
sampleD_part3	PV621813.1	100.000	75	0	0	1	75	6954	7028	1.25e-27	139
sampleD_part3	PV621812.1	100.000	108	0	0	385	492	7338	7445	5.63e-46	200
sampleD_part3	PV621812.1	100.000	75	0	0	1	75	6954	7028	1.25e-27	139
sampleD_part3	PV621811.1	100.000	108	0	0	385	492	7338	7445	5.63e-46	200
sampleD_part3	PV621811.1	100.000	75	0	0	1	75	6954	7028	1.25e-27	139
sampleD_part3	PV621810.1	100.000	108	0	0	385	492	7338	7445	5.63e-46	200
sampleD_part3	PV621810.1	100.000	75	0	0	1	75	6954	7028	1.25e-27	139
sampleD_part3	PV621809.1	100.000	108	0	0	385	492	7338	7445	5.63e-46	200
sampleD_part3	PV621809.1	100.000	75	0	0	1	75	6954	7028	1.25e-27	139
sampleD_part3	PV621808.1	100.000	108	0	0	385	492	7338	7445	5.63e-46	200
sampleD_part3	PV621808.1	100.000	75	0	0	1	75	6954	7028	1.25e-27	139
sampleD_part3	PV621807.1	100.000	108	0	0	385	492	7338	7445	5.63e-46	200
sampleD_part3	PV621807.1	100.000	75	0	0	1	75	6954	7028	1.25e-27	139
sampleD_part3	PV621806.1	100.000	108	0	0	385	492	7338	7445	5.63e-46	200
sampleD_part3	PV621806.1	100.000	74	0	0	1	74	6954	7027	4.48e-27	137
sampleD_part3	PV621805.1	100.000	108	0	0	385	492	7338	7445	5.63e-46	200
sampleD_part3	PV621805.1	100.000	74	0	0	1	74	6954	7027	4.48e-27	137
sampleD_part3	PV621803.1	100.000	108	0	0	385	492	7338	7445	5.63e-46	200
sampleD_part3	PV621803.1	100.000	74	0	0	1	74	6954	7027	4.48e-27	137
sampleD_part3	PV621802.1	100.000	108	0	0	385	492	7338	7445	5.63e-46	200
sampleD_part3	PV621802.1	100.000	75	0	0	1	75	6954	7028	1.25e-27	139
sampleD_part3	PV621801.1	100.000	108	0	0	385	492	7338	7445	5.63e-46	200
sampleD_part3	PV621801.1	100.000	74	0	0	1	74	6954	7027	4.48e-27	137
sampleD_part3	PV621799.1	100.000	108	0	0	385	492	7338	7445	5.63e-46	200
sampleD_part3	PV621799.1	100.000	74	0	0	1	74	6954	7027	4.48e-27	137
sampleD_part3	PV692096.1	100.000	108	0	0	385	492	7338	7445	5.63e-46	200
sampleD_part3	PV692096.1	100.000	74	0	0	1	74	6954	7027	4.48e-27	137
