IQ-TREE version 3.0.1 for Linux x86 64-bit built Jul  9 2025
Developed by Bui Quang Minh, Thomas Wong, Nhan Ly-Trong, Huaiyan Ren
Contributed by Lam-Tung Nguyen, Dominik Schrempf, Chris Bielow,
Olga Chernomor, Michael Woodhams, Diep Thi Hoang, Heiko Schmidt

Host:    thecomputer2 (AVX512, FMA3, 31 GB RAM)
Command: iqtree3 -s 10_alignment_files/part2_alignment.afa -m MFP -B 1000 -bnni -T AUTO -redo
Seed:    550339 (Using SPRNG - Scalable Parallel Random Number Generator)
Time:    Fri Nov 28 12:53:16 2025
Kernel:  AVX+FMA - auto-detect threads (8 CPU cores detected)

Reading alignment file 10_alignment_files/part2_alignment.afa ... Fasta format detected
Reading fasta file: done in 8.4919e-05 secs
Alignment most likely contains protein sequences
Constructing alignment: done in 0.000200059 secs using 75.48% CPU
Alignment has 15 sequences with 176 columns, 52 distinct patterns
13 parsimony-informative, 3 singleton sites, 160 constant sites
                        Gap/Ambiguity  Composition  p-value
Analyzing sequences: done in 0.00800475 secs using 656.9% CPU
   1  sampleB                   3.98%    passed    100.00%
   2  Eubalaena_japonica        4.55%    passed    100.00%
   3  Eubalaena_glacialis       4.55%    passed    100.00%
   4  Eubalaena_australis       4.55%    passed    100.00%
   5  Balaena_mysticetus        4.55%    passed    100.00%
   6  sampleD                   3.98%    passed    100.00%
   7  sampleA                   3.41%    passed    100.00%
   8  Dermochelys_coriacea      0.57%    passed    100.00%
   9  Natator_depressa          0.57%    passed    100.00%
  10  Chelonia_mydas            0.57%    passed    100.00%
  11  Eretmochelys_imbricata    0.57%    passed    100.00%
  12  Stigmochelys_pardalis     0.57%    passed    100.00%
  13  Eschrichtius_robustus     5.11%    passed    100.00%
  14  Delphinapterus_leucas     0.00%    passed    100.00%
  15  Monodon_monoceros         0.00%    passed    100.00%
****  TOTAL                     2.50%  0 sequences failed composition chi2 test (p-value<5%; df=19)
NOTE: Eubalaena_glacialis is identical to Eubalaena_japonica but kept for subsequent analysis
NOTE: Natator_depressa is identical to Dermochelys_coriacea but kept for subsequent analysis
Checking for duplicate sequences: done in 0.00461951 secs using 736.7% CPU
Identifying sites to remove: done in 0.00015522 secs using 99.21% CPU
NOTE: 3 identical sequences (see below) will be ignored for subsequent analysis
NOTE: Eubalaena_australis (identical to Eubalaena_japonica) is ignored but added at the end
NOTE: Balaena_mysticetus (identical to Eubalaena_japonica) is ignored but added at the end
NOTE: Chelonia_mydas (identical to Dermochelys_coriacea) is ignored but added at the end
Alignment was printed to 10_alignment_files/part2_alignment.afa.uniqueseq.phy

For your convenience alignment with unique sequences printed to 10_alignment_files/part2_alignment.afa.uniqueseq.phy


Create initial parsimony tree by phylogenetic likelihood library (PLL)... 0.001 seconds
Measuring multi-threading efficiency up to 8 CPU cores
Increase to 10 rounds for branch lengths
1235 trees examined
Threads: 1 / Time: 8.003 sec / Speedup: 1.000 / Efficiency: 100% / LogL: -769
Threads: 2 / Time: 5.667 sec / Speedup: 1.412 / Efficiency: 71% / LogL: -769
Threads: 3 / Time: 4.799 sec / Speedup: 1.667 / Efficiency: 56% / LogL: -769
Threads: 4 / Time: 4.397 sec / Speedup: 1.820 / Efficiency: 45% / LogL: -769
Determining AUTO threadcount: done in 22.867 secs using 222.8% CPU
BEST NUMBER OF THREADS: 3

Perform fast likelihood tree search using LG+I+G model...
Estimate model parameters (epsilon = 5.000)
Perform nearest neighbor interchange...
Optimizing NNI: done in 0.00532857 secs using 294.9% CPU
Estimate model parameters (epsilon = 1.000)
1. Initial log-likelihood: -633.873
Optimal log-likelihood: -633.871
Proportion of invariable sites: 0.451
Gamma shape alpha: 998.440
Parameters optimization took 1 rounds (0.006 sec)
Time for fast ML tree search: 0.018 seconds

NOTE: ModelFinder requires 1 MB RAM!
ModelFinder will test up to 1232 protein models (sample size: 176 epsilon: 0.100) ...
 No. Model         -LnL         df  AIC          AICc         BIC
WARNING: Number of threads seems too high for short alignments. Use -T AUTO to determine best number of threads.
  1  LG            633.754      21  1309.508     1315.508     1376.088
WARNING: Number of threads seems too high for short alignments. Use -T AUTO to determine best number of threads.
  2  LG+I          633.741      22  1311.483     1318.097     1381.233
WARNING: Number of threads seems too high for short alignments. Use -T AUTO to determine best number of threads.
  3  LG+G4         633.741      22  1311.481     1318.096     1381.232
WARNING: Number of threads seems too high for short alignments. Use -T AUTO to determine best number of threads.
  4  LG+I+G4       633.869      23  1313.738     1321.001     1386.659
WARNING: Number of threads seems too high for short alignments. Use -T AUTO to determine best number of threads.
  5  LG+R2         633.741      23  1313.483     1320.746     1386.404
WARNING: Number of threads seems too high for short alignments. Use -T AUTO to determine best number of threads.
  6  LG+R3         633.744      25  1317.487     1326.154     1396.749
WARNING: Number of threads seems too high for short alignments. Use -T AUTO to determine best number of threads.
 14  LG+I+R2       633.930      24  1315.861     1323.808     1391.952
WARNING: Number of threads seems too high for short alignments. Use -T AUTO to determine best number of threads.
 15  LG+I+R3       633.889      26  1319.777     1329.200     1402.210
WARNING: Number of threads seems too high for short alignments. Use -T AUTO to determine best number of threads.
 23  LG+F          594.170      40  1268.339     1292.635     1395.158
WARNING: Number of threads seems too high for short alignments. Use -T AUTO to determine best number of threads.
 24  LG+F+I        594.148      41  1270.296     1295.997     1400.286
WARNING: Number of threads seems too high for short alignments. Use -T AUTO to determine best number of threads.
 25  LG+F+G4       594.147      41  1270.293     1295.995     1400.283
WARNING: Number of threads seems too high for short alignments. Use -T AUTO to determine best number of threads.
 45  WAG           634.068      21  1310.135     1316.135     1376.716
WARNING: Number of threads seems too high for short alignments. Use -T AUTO to determine best number of threads.
 46  WAG+I         634.041      22  1312.082     1318.697     1381.833
WARNING: Number of threads seems too high for short alignments. Use -T AUTO to determine best number of threads.
 47  WAG+G4        634.043      22  1312.086     1318.701     1381.837
WARNING: Number of threads seems too high for short alignments. Use -T AUTO to determine best number of threads.
 67  WAG+F         595.962      40  1271.924     1296.220     1398.743
WARNING: Number of threads seems too high for short alignments. Use -T AUTO to determine best number of threads.
 68  WAG+F+I       595.933      41  1273.866     1299.568     1403.856
WARNING: Number of threads seems too high for short alignments. Use -T AUTO to determine best number of threads.
 69  WAG+F+G4      595.935      41  1273.871     1299.572     1403.861
WARNING: Number of threads seems too high for short alignments. Use -T AUTO to determine best number of threads.
 89  JTT           633.023      21  1308.045     1314.045     1374.625
WARNING: Number of threads seems too high for short alignments. Use -T AUTO to determine best number of threads.
 90  JTT+I         632.996      22  1309.992     1316.606     1379.743
WARNING: Number of threads seems too high for short alignments. Use -T AUTO to determine best number of threads.
 91  JTT+G4        633.000      22  1309.999     1316.613     1379.750
WARNING: Number of threads seems too high for short alignments. Use -T AUTO to determine best number of threads.
111  JTT+F         595.418      40  1270.836     1295.132     1397.655
WARNING: Number of threads seems too high for short alignments. Use -T AUTO to determine best number of threads.
112  JTT+F+I       595.403      41  1272.806     1298.507     1402.795
WARNING: Number of threads seems too high for short alignments. Use -T AUTO to determine best number of threads.
113  JTT+F+G4      595.406      41  1272.812     1298.514     1402.802
WARNING: Number of threads seems too high for short alignments. Use -T AUTO to determine best number of threads.
133  Q.PFAM        633.420      21  1308.840     1314.840     1375.421
WARNING: Number of threads seems too high for short alignments. Use -T AUTO to determine best number of threads.
134  Q.PFAM+I      633.410      22  1310.820     1317.434     1380.570
WARNING: Number of threads seems too high for short alignments. Use -T AUTO to determine best number of threads.
135  Q.PFAM+G4     633.411      22  1310.822     1317.437     1380.573
WARNING: Number of threads seems too high for short alignments. Use -T AUTO to determine best number of threads.
155  Q.PFAM+F      594.420      40  1268.841     1293.137     1395.660
WARNING: Number of threads seems too high for short alignments. Use -T AUTO to determine best number of threads.
156  Q.PFAM+F+I    594.400      41  1270.800     1296.502     1400.790
WARNING: Number of threads seems too high for short alignments. Use -T AUTO to determine best number of threads.
157  Q.PFAM+F+G4   594.401      41  1270.802     1296.503     1400.791
WARNING: Number of threads seems too high for short alignments. Use -T AUTO to determine best number of threads.
177  Q.BIRD        647.754      21  1337.508     1343.508     1404.088
WARNING: Number of threads seems too high for short alignments. Use -T AUTO to determine best number of threads.
178  Q.BIRD+I      647.391      22  1338.781     1345.396     1408.532
WARNING: Number of threads seems too high for short alignments. Use -T AUTO to determine best number of threads.
179  Q.BIRD+G4     647.424      22  1338.848     1345.463     1408.599
WARNING: Number of threads seems too high for short alignments. Use -T AUTO to determine best number of threads.
199  Q.BIRD+F      601.985      40  1283.970     1308.267     1410.790
WARNING: Number of threads seems too high for short alignments. Use -T AUTO to determine best number of threads.
200  Q.BIRD+F+I    601.653      41  1285.306     1311.008     1415.296
WARNING: Number of threads seems too high for short alignments. Use -T AUTO to determine best number of threads.
201  Q.BIRD+F+G4   601.682      41  1285.364     1311.065     1415.353
WARNING: Number of threads seems too high for short alignments. Use -T AUTO to determine best number of threads.
221  Q.MAMMAL      647.661      21  1337.322     1343.322     1403.902
WARNING: Number of threads seems too high for short alignments. Use -T AUTO to determine best number of threads.
222  Q.MAMMAL+I    647.544      22  1339.088     1345.702     1408.838
WARNING: Number of threads seems too high for short alignments. Use -T AUTO to determine best number of threads.
223  Q.MAMMAL+G4   647.562      22  1339.124     1345.738     1408.874
WARNING: Number of threads seems too high for short alignments. Use -T AUTO to determine best number of threads.
243  Q.MAMMAL+F    599.726      40  1279.453     1303.749     1406.272
WARNING: Number of threads seems too high for short alignments. Use -T AUTO to determine best number of threads.
244  Q.MAMMAL+F+I  599.624      41  1281.249     1306.950     1411.239
WARNING: Number of threads seems too high for short alignments. Use -T AUTO to determine best number of threads.
245  Q.MAMMAL+F+G4 599.642      41  1281.285     1306.986     1411.275
WARNING: Number of threads seems too high for short alignments. Use -T AUTO to determine best number of threads.
265  Q.INSECT      642.714      21  1327.427     1333.427     1394.007
WARNING: Number of threads seems too high for short alignments. Use -T AUTO to determine best number of threads.
266  Q.INSECT+I    642.686      22  1329.372     1335.987     1399.123
WARNING: Number of threads seems too high for short alignments. Use -T AUTO to determine best number of threads.
267  Q.INSECT+G4   642.686      22  1329.373     1335.987     1399.123
WARNING: Number of threads seems too high for short alignments. Use -T AUTO to determine best number of threads.
287  Q.INSECT+F    594.385      40  1268.770     1293.066     1395.589
WARNING: Number of threads seems too high for short alignments. Use -T AUTO to determine best number of threads.
288  Q.INSECT+F+I  594.358      41  1270.715     1296.417     1400.705
WARNING: Number of threads seems too high for short alignments. Use -T AUTO to determine best number of threads.
289  Q.INSECT+F+G4 594.358      41  1270.716     1296.417     1400.705
WARNING: Number of threads seems too high for short alignments. Use -T AUTO to determine best number of threads.
309  Q.PLANT       637.539      21  1317.077     1323.077     1383.657
WARNING: Number of threads seems too high for short alignments. Use -T AUTO to determine best number of threads.
310  Q.PLANT+I     637.437      22  1318.873     1325.488     1388.624
WARNING: Number of threads seems too high for short alignments. Use -T AUTO to determine best number of threads.
311  Q.PLANT+G4    637.439      22  1318.879     1325.493     1388.630
WARNING: Number of threads seems too high for short alignments. Use -T AUTO to determine best number of threads.
331  Q.PLANT+F     598.086      40  1276.172     1300.468     1402.991
WARNING: Number of threads seems too high for short alignments. Use -T AUTO to determine best number of threads.
332  Q.PLANT+F+I   597.999      41  1277.998     1303.699     1407.988
WARNING: Number of threads seems too high for short alignments. Use -T AUTO to determine best number of threads.
333  Q.PLANT+F+G4  597.999      41  1277.998     1303.699     1407.987
WARNING: Number of threads seems too high for short alignments. Use -T AUTO to determine best number of threads.
353  Q.YEAST       641.895      21  1325.791     1331.791     1392.371
WARNING: Number of threads seems too high for short alignments. Use -T AUTO to determine best number of threads.
354  Q.YEAST+I     641.874      22  1327.747     1334.362     1397.498
WARNING: Number of threads seems too high for short alignments. Use -T AUTO to determine best number of threads.
355  Q.YEAST+G4    641.874      22  1327.749     1334.363     1397.499
WARNING: Number of threads seems too high for short alignments. Use -T AUTO to determine best number of threads.
375  Q.YEAST+F     593.561      40  1267.123     1291.419     1393.942
WARNING: Number of threads seems too high for short alignments. Use -T AUTO to determine best number of threads.
376  Q.YEAST+F+I   593.546      41  1269.091     1294.793     1399.081
WARNING: Number of threads seems too high for short alignments. Use -T AUTO to determine best number of threads.
377  Q.YEAST+F+G4  593.546      41  1269.092     1294.793     1399.081
WARNING: Number of threads seems too high for short alignments. Use -T AUTO to determine best number of threads.
397  JTTDCMUT      633.046      21  1308.092     1314.092     1374.672
WARNING: Number of threads seems too high for short alignments. Use -T AUTO to determine best number of threads.
398  JTTDCMUT+I    633.021      22  1310.042     1316.657     1379.793
WARNING: Number of threads seems too high for short alignments. Use -T AUTO to determine best number of threads.
399  JTTDCMUT+G4   633.024      22  1310.048     1316.662     1379.798
WARNING: Number of threads seems too high for short alignments. Use -T AUTO to determine best number of threads.
419  JTTDCMUT+F    595.256      40  1270.512     1294.808     1397.331
WARNING: Number of threads seems too high for short alignments. Use -T AUTO to determine best number of threads.
420  JTTDCMUT+F+I  595.242      41  1272.484     1298.185     1402.473
WARNING: Number of threads seems too high for short alignments. Use -T AUTO to determine best number of threads.
421  JTTDCMUT+F+G4 595.244      41  1272.489     1298.190     1402.479
WARNING: Number of threads seems too high for short alignments. Use -T AUTO to determine best number of threads.
441  DCMUT         648.799      21  1339.597     1345.597     1406.177
WARNING: Number of threads seems too high for short alignments. Use -T AUTO to determine best number of threads.
442  DCMUT+I       647.470      22  1338.939     1345.554     1408.690
WARNING: Number of threads seems too high for short alignments. Use -T AUTO to determine best number of threads.
443  DCMUT+G4      647.507      22  1339.015     1345.629     1408.765
WARNING: Number of threads seems too high for short alignments. Use -T AUTO to determine best number of threads.
463  DCMUT+F       600.963      40  1281.926     1306.222     1408.745
WARNING: Number of threads seems too high for short alignments. Use -T AUTO to determine best number of threads.
464  DCMUT+F+I     599.688      41  1281.375     1307.077     1411.365
WARNING: Number of threads seems too high for short alignments. Use -T AUTO to determine best number of threads.
465  DCMUT+F+G4    599.693      41  1281.387     1307.088     1411.376
WARNING: Number of threads seems too high for short alignments. Use -T AUTO to determine best number of threads.
485  VT            634.697      21  1311.393     1317.393     1377.974
WARNING: Number of threads seems too high for short alignments. Use -T AUTO to determine best number of threads.
486  VT+I          634.677      22  1313.354     1319.968     1383.105
WARNING: Number of threads seems too high for short alignments. Use -T AUTO to determine best number of threads.
487  VT+G4         634.679      22  1313.358     1319.973     1383.109
WARNING: Number of threads seems too high for short alignments. Use -T AUTO to determine best number of threads.
507  VT+F          596.376      40  1272.752     1297.048     1399.571
WARNING: Number of threads seems too high for short alignments. Use -T AUTO to determine best number of threads.
508  VT+F+I        596.358      41  1274.716     1300.418     1404.706
WARNING: Number of threads seems too high for short alignments. Use -T AUTO to determine best number of threads.
509  VT+F+G4       596.361      41  1274.721     1300.423     1404.711
WARNING: Number of threads seems too high for short alignments. Use -T AUTO to determine best number of threads.
529  PMB           631.371      21  1304.742     1310.742     1371.322
WARNING: Number of threads seems too high for short alignments. Use -T AUTO to determine best number of threads.
530  PMB+I         631.346      22  1306.692     1313.306     1376.442
WARNING: Number of threads seems too high for short alignments. Use -T AUTO to determine best number of threads.
531  PMB+G4        631.347      22  1306.694     1313.308     1376.444
WARNING: Number of threads seems too high for short alignments. Use -T AUTO to determine best number of threads.
551  PMB+F         597.876      40  1275.752     1300.048     1402.571
WARNING: Number of threads seems too high for short alignments. Use -T AUTO to determine best number of threads.
552  PMB+F+I       597.843      41  1277.685     1303.387     1407.675
WARNING: Number of threads seems too high for short alignments. Use -T AUTO to determine best number of threads.
553  PMB+F+G4      597.843      41  1277.686     1303.388     1407.676
WARNING: Number of threads seems too high for short alignments. Use -T AUTO to determine best number of threads.
573  BLOSUM62      630.178      21  1302.356     1308.356     1368.936
WARNING: Number of threads seems too high for short alignments. Use -T AUTO to determine best number of threads.
574  BLOSUM62+I    630.164      22  1304.328     1310.943     1374.079
WARNING: Number of threads seems too high for short alignments. Use -T AUTO to determine best number of threads.
575  BLOSUM62+G4   630.168      22  1304.335     1310.949     1374.086
WARNING: Number of threads seems too high for short alignments. Use -T AUTO to determine best number of threads.
595  BLOSUM62+F    596.220      40  1272.440     1296.736     1399.259
WARNING: Number of threads seems too high for short alignments. Use -T AUTO to determine best number of threads.
596  BLOSUM62+F+I  596.200      41  1274.401     1300.102     1404.390
WARNING: Number of threads seems too high for short alignments. Use -T AUTO to determine best number of threads.
597  BLOSUM62+F+G4 596.204      41  1274.409     1300.110     1404.399
WARNING: Number of threads seems too high for short alignments. Use -T AUTO to determine best number of threads.
617  DAYHOFF       648.561      21  1339.122     1345.122     1405.702
WARNING: Number of threads seems too high for short alignments. Use -T AUTO to determine best number of threads.
618  DAYHOFF+I     647.361      22  1338.722     1345.336     1408.472
WARNING: Number of threads seems too high for short alignments. Use -T AUTO to determine best number of threads.
619  DAYHOFF+G4    647.397      22  1338.794     1345.409     1408.545
WARNING: Number of threads seems too high for short alignments. Use -T AUTO to determine best number of threads.
639  DAYHOFF+F     600.659      40  1281.318     1305.614     1408.137
WARNING: Number of threads seems too high for short alignments. Use -T AUTO to determine best number of threads.
640  DAYHOFF+F+I   599.555      41  1281.111     1306.812     1411.101
WARNING: Number of threads seems too high for short alignments. Use -T AUTO to determine best number of threads.
641  DAYHOFF+F+G4  599.560      41  1281.120     1306.821     1411.110
WARNING: Number of threads seems too high for short alignments. Use -T AUTO to determine best number of threads.
661  MTREV         611.059      21  1264.118     1270.118     1330.699
WARNING: Number of threads seems too high for short alignments. Use -T AUTO to determine best number of threads.
662  MTREV+I       611.013      22  1266.027     1272.641     1335.778
WARNING: Number of threads seems too high for short alignments. Use -T AUTO to determine best number of threads.
663  MTREV+G4      611.023      22  1266.046     1272.661     1335.797
WARNING: Number of threads seems too high for short alignments. Use -T AUTO to determine best number of threads.
683  MTREV+F       595.522      40  1271.045     1295.341     1397.864
WARNING: Number of threads seems too high for short alignments. Use -T AUTO to determine best number of threads.
684  MTREV+F+I     595.497      41  1272.994     1298.695     1402.983
WARNING: Number of threads seems too high for short alignments. Use -T AUTO to determine best number of threads.
685  MTREV+F+G4    595.501      41  1273.002     1298.704     1402.992
WARNING: Number of threads seems too high for short alignments. Use -T AUTO to determine best number of threads.
705  MTART         610.592      21  1263.184     1269.184     1329.764
WARNING: Number of threads seems too high for short alignments. Use -T AUTO to determine best number of threads.
706  MTART+I       610.358      22  1264.716     1271.331     1334.467
WARNING: Number of threads seems too high for short alignments. Use -T AUTO to determine best number of threads.
707  MTART+G4      610.341      22  1264.683     1271.297     1334.433
WARNING: Number of threads seems too high for short alignments. Use -T AUTO to determine best number of threads.
727  MTART+F       597.055      40  1274.111     1298.407     1400.930
WARNING: Number of threads seems too high for short alignments. Use -T AUTO to determine best number of threads.
728  MTART+F+I     596.924      41  1275.849     1301.550     1405.838
WARNING: Number of threads seems too high for short alignments. Use -T AUTO to determine best number of threads.
729  MTART+F+G4    596.908      41  1275.816     1301.518     1405.806
WARNING: Number of threads seems too high for short alignments. Use -T AUTO to determine best number of threads.
749  MTZOA         604.150      21  1250.300     1256.300     1316.880
WARNING: Number of threads seems too high for short alignments. Use -T AUTO to determine best number of threads.
750  MTZOA+I       604.123      22  1252.246     1258.861     1321.997
WARNING: Number of threads seems too high for short alignments. Use -T AUTO to determine best number of threads.
751  MTZOA+G4      604.125      22  1252.250     1258.864     1322.000
WARNING: Number of threads seems too high for short alignments. Use -T AUTO to determine best number of threads.
771  MTZOA+F       593.656      40  1267.312     1291.609     1394.132
WARNING: Number of threads seems too high for short alignments. Use -T AUTO to determine best number of threads.
772  MTZOA+F+I     593.644      41  1269.287     1294.989     1399.277
WARNING: Number of threads seems too high for short alignments. Use -T AUTO to determine best number of threads.
773  MTZOA+F+G4    593.644      41  1269.288     1294.990     1399.278
WARNING: Number of threads seems too high for short alignments. Use -T AUTO to determine best number of threads.
793  MTMET         618.027      21  1278.054     1284.054     1344.634
WARNING: Number of threads seems too high for short alignments. Use -T AUTO to determine best number of threads.
794  MTMET+I       617.962      22  1279.924     1286.538     1349.675
WARNING: Number of threads seems too high for short alignments. Use -T AUTO to determine best number of threads.
795  MTMET+G4      617.972      22  1279.943     1286.557     1349.694
WARNING: Number of threads seems too high for short alignments. Use -T AUTO to determine best number of threads.
815  MTMET+F       596.438      40  1272.875     1297.172     1399.695
WARNING: Number of threads seems too high for short alignments. Use -T AUTO to determine best number of threads.
816  MTMET+F+I     596.400      41  1274.801     1300.502     1404.791
WARNING: Number of threads seems too high for short alignments. Use -T AUTO to determine best number of threads.
817  MTMET+F+G4    596.406      41  1274.811     1300.513     1404.801
WARNING: Number of threads seems too high for short alignments. Use -T AUTO to determine best number of threads.
837  MTVER         619.331      21  1280.663     1286.663     1347.243
WARNING: Number of threads seems too high for short alignments. Use -T AUTO to determine best number of threads.
838  MTVER+I       619.067      22  1282.135     1288.749     1351.885
WARNING: Number of threads seems too high for short alignments. Use -T AUTO to determine best number of threads.
839  MTVER+G4      619.097      22  1282.195     1288.809     1351.945
WARNING: Number of threads seems too high for short alignments. Use -T AUTO to determine best number of threads.
859  MTVER+F       598.460      40  1276.919     1301.216     1403.739
WARNING: Number of threads seems too high for short alignments. Use -T AUTO to determine best number of threads.
860  MTVER+F+I     598.331      41  1278.662     1304.364     1408.652
WARNING: Number of threads seems too high for short alignments. Use -T AUTO to determine best number of threads.
861  MTVER+F+G4    598.347      41  1278.693     1304.395     1408.683
WARNING: Number of threads seems too high for short alignments. Use -T AUTO to determine best number of threads.
881  MTINV         625.917      21  1293.834     1299.834     1360.415
WARNING: Number of threads seems too high for short alignments. Use -T AUTO to determine best number of threads.
882  MTINV+I       625.871      22  1295.743     1302.357     1365.493
WARNING: Number of threads seems too high for short alignments. Use -T AUTO to determine best number of threads.
883  MTINV+G4      625.873      22  1295.745     1302.359     1365.496
WARNING: Number of threads seems too high for short alignments. Use -T AUTO to determine best number of threads.
903  MTINV+F       594.791      40  1269.583     1293.879     1396.402
WARNING: Number of threads seems too high for short alignments. Use -T AUTO to determine best number of threads.
904  MTINV+F+I     594.779      41  1271.559     1297.260     1401.548
WARNING: Number of threads seems too high for short alignments. Use -T AUTO to determine best number of threads.
905  MTINV+F+G4    594.779      41  1271.559     1297.260     1401.549
WARNING: Number of threads seems too high for short alignments. Use -T AUTO to determine best number of threads.
925  MTMAM         614.825      21  1271.651     1277.651     1338.231
WARNING: Number of threads seems too high for short alignments. Use -T AUTO to determine best number of threads.
926  MTMAM+I       613.919      22  1271.838     1278.452     1341.589
WARNING: Number of threads seems too high for short alignments. Use -T AUTO to determine best number of threads.
927  MTMAM+G4      613.942      22  1271.885     1278.499     1341.636
WARNING: Number of threads seems too high for short alignments. Use -T AUTO to determine best number of threads.
947  MTMAM+F       600.547      40  1281.094     1305.391     1407.914
WARNING: Number of threads seems too high for short alignments. Use -T AUTO to determine best number of threads.
948  MTMAM+F+I     599.852      41  1281.704     1307.405     1411.693
WARNING: Number of threads seems too high for short alignments. Use -T AUTO to determine best number of threads.
949  MTMAM+F+G4    599.848      41  1281.697     1307.398     1411.687
WARNING: Number of threads seems too high for short alignments. Use -T AUTO to determine best number of threads.
969  FLAVI         634.251      21  1310.501     1316.501     1377.081
WARNING: Number of threads seems too high for short alignments. Use -T AUTO to determine best number of threads.
970  FLAVI+I       632.155      22  1308.309     1314.924     1378.060
WARNING: Number of threads seems too high for short alignments. Use -T AUTO to determine best number of threads.
971  FLAVI+G4      632.134      22  1308.269     1314.883     1378.019
WARNING: Number of threads seems too high for short alignments. Use -T AUTO to determine best number of threads.
991  FLAVI+F       607.534      40  1295.068     1319.364     1421.887
WARNING: Number of threads seems too high for short alignments. Use -T AUTO to determine best number of threads.
992  FLAVI+F+I     605.623      41  1293.247     1318.948     1423.236
WARNING: Number of threads seems too high for short alignments. Use -T AUTO to determine best number of threads.
993  FLAVI+F+G4    605.579      41  1293.159     1318.860     1423.149
WARNING: Number of threads seems too high for short alignments. Use -T AUTO to determine best number of threads.
1013  HIVB          651.144      21  1344.287     1350.287     1410.868
WARNING: Number of threads seems too high for short alignments. Use -T AUTO to determine best number of threads.
1014  HIVB+I        649.192      22  1342.384     1348.998     1412.134
WARNING: Number of threads seems too high for short alignments. Use -T AUTO to determine best number of threads.
1015  HIVB+G4       649.201      22  1342.401     1349.016     1412.152
WARNING: Number of threads seems too high for short alignments. Use -T AUTO to determine best number of threads.
1035  HIVB+F        607.442      40  1294.884     1319.181     1421.704
WARNING: Number of threads seems too high for short alignments. Use -T AUTO to determine best number of threads.
1036  HIVB+F+I      605.997      41  1293.994     1319.696     1423.984
WARNING: Number of threads seems too high for short alignments. Use -T AUTO to determine best number of threads.
1037  HIVB+F+G4     605.994      41  1293.989     1319.690     1423.979
WARNING: Number of threads seems too high for short alignments. Use -T AUTO to determine best number of threads.
1057  HIVW          663.066      21  1368.132     1374.132     1434.712
WARNING: Number of threads seems too high for short alignments. Use -T AUTO to determine best number of threads.
1058  HIVW+I        661.567      22  1367.134     1373.749     1436.885
WARNING: Number of threads seems too high for short alignments. Use -T AUTO to determine best number of threads.
1059  HIVW+G4       661.598      22  1367.196     1373.811     1436.947
WARNING: Number of threads seems too high for short alignments. Use -T AUTO to determine best number of threads.
1079  HIVW+F        607.885      40  1295.770     1320.067     1422.590
WARNING: Number of threads seems too high for short alignments. Use -T AUTO to determine best number of threads.
1080  HIVW+F+I      607.126      41  1296.251     1321.953     1426.241
WARNING: Number of threads seems too high for short alignments. Use -T AUTO to determine best number of threads.
1081  HIVW+F+G4     607.159      41  1296.318     1322.019     1426.308
WARNING: Number of threads seems too high for short alignments. Use -T AUTO to determine best number of threads.
1101  FLU           648.767      21  1339.534     1345.534     1406.114
WARNING: Number of threads seems too high for short alignments. Use -T AUTO to determine best number of threads.
1102  FLU+I         647.316      22  1338.631     1345.246     1408.382
WARNING: Number of threads seems too high for short alignments. Use -T AUTO to determine best number of threads.
1103  FLU+G4        647.336      22  1338.673     1345.287     1408.423
WARNING: Number of threads seems too high for short alignments. Use -T AUTO to determine best number of threads.
1123  FLU+F         602.992      40  1285.985     1310.281     1412.804
WARNING: Number of threads seems too high for short alignments. Use -T AUTO to determine best number of threads.
1124  FLU+F+I       601.842      41  1285.684     1311.386     1415.674
WARNING: Number of threads seems too high for short alignments. Use -T AUTO to determine best number of threads.
1125  FLU+F+G4      601.816      41  1285.631     1311.333     1415.621
WARNING: Number of threads seems too high for short alignments. Use -T AUTO to determine best number of threads.
1145  RTREV         638.061      21  1318.121     1324.121     1384.702
WARNING: Number of threads seems too high for short alignments. Use -T AUTO to determine best number of threads.
1146  RTREV+I       637.754      22  1319.509     1326.123     1389.259
WARNING: Number of threads seems too high for short alignments. Use -T AUTO to determine best number of threads.
1147  RTREV+G4      637.772      22  1319.545     1326.159     1389.295
WARNING: Number of threads seems too high for short alignments. Use -T AUTO to determine best number of threads.
1167  RTREV+F       595.300      40  1270.600     1294.896     1397.419
WARNING: Number of threads seems too high for short alignments. Use -T AUTO to determine best number of threads.
1168  RTREV+F+I     594.927      41  1271.855     1297.556     1401.844
WARNING: Number of threads seems too high for short alignments. Use -T AUTO to determine best number of threads.
1169  RTREV+F+G4    594.939      41  1271.878     1297.580     1401.868
WARNING: Number of threads seems too high for short alignments. Use -T AUTO to determine best number of threads.
1189  CPREV         629.018      21  1300.037     1306.037     1366.617
WARNING: Number of threads seems too high for short alignments. Use -T AUTO to determine best number of threads.
1190  CPREV+I       628.929      22  1301.858     1308.472     1371.609
WARNING: Number of threads seems too high for short alignments. Use -T AUTO to determine best number of threads.
1191  CPREV+G4      628.909      22  1301.818     1308.432     1371.568
WARNING: Number of threads seems too high for short alignments. Use -T AUTO to determine best number of threads.
1211  CPREV+F       598.562      40  1277.124     1301.420     1403.943
WARNING: Number of threads seems too high for short alignments. Use -T AUTO to determine best number of threads.
1212  CPREV+F+I     598.514      41  1279.027     1304.729     1409.017
WARNING: Number of threads seems too high for short alignments. Use -T AUTO to determine best number of threads.
1213  CPREV+F+G4    598.495      41  1278.989     1304.691     1408.979
Akaike Information Criterion:           MTZOA
Corrected Akaike Information Criterion: MTZOA
Bayesian Information Criterion:         MTZOA
Best-fit model: MTZOA chosen according to BIC

All model information printed to 10_alignment_files/part2_alignment.afa.model.gz
CPU time for ModelFinder: 52.994 seconds (0h:0m:52s)
Wall-clock time for ModelFinder: 23.545 seconds (0h:0m:23s)
WARNING: States(s) C rarely appear in alignment and may cause numerical problems
Generating 1000 samples for ultrafast bootstrap (seed: 550339)...

NOTE: 0 MB RAM (0 GB) is required!
WARNING: Number of threads seems too high for short alignments. Use -T AUTO to determine best number of threads.
Estimate model parameters (epsilon = 0.100)
1. Initial log-likelihood: -604.153
Optimal log-likelihood: -604.150
Parameters optimization took 1 rounds (0.001 sec)
Wrote distance file to... 
Computing ML distances based on estimated model parameters...
Calculating distance matrix: done in 0.00263629 secs using 327.1% CPU
Computing ML distances took 0.002694 sec (of wall-clock time) 0.008687 sec (of CPU time)
Setting up auxiliary I and S matrices: done in 0.000151468 secs using 243% CPU
Constructing RapidNJ tree: done in 0.00134753 secs using 62.56% CPU
Computing RapidNJ tree took 0.001581 sec (of wall-clock time) 0.001367 sec (of CPU time)
Log-likelihood of RapidNJ tree: -604.153
--------------------------------------------------------------------
|             INITIALIZING CANDIDATE TREE SET                      |
--------------------------------------------------------------------
Generating 98 parsimony trees... 0.027 second
Computing log-likelihood of 95 initial trees ... 0.042 seconds
Current best score: -604.150

Do NNI search on 20 best initial trees
Optimizing NNI: done in 0.00264228 secs using 251.1% CPU
Estimate model parameters (epsilon = 0.100)
BETTER TREE FOUND at iteration 1: -604.150
Optimizing NNI: done in 0.00282417 secs using 312.4% CPU
Optimizing NNI: done in 0.00269904 secs using 322.3% CPU
Optimizing NNI: done in 0.00266227 secs using 325.3% CPU
Optimizing NNI: done in 0.00257491 secs using 332.9% CPU
Optimizing NNI: done in 0.00278863 secs using 315.1% CPU
Optimizing NNI: done in 0.00257813 secs using 332.6% CPU
Optimizing NNI: done in 0.00273448 secs using 319.4% CPU
Optimizing NNI: done in 0.00247453 secs using 221.2% CPU
Optimizing NNI: done in 0.00242756 secs using 264.8% CPU
Iteration 10 / LogL: -604.150 / Time: 0h:0m:23s
Optimizing NNI: done in 0.00239144 secs using 309.3% CPU
Optimizing NNI: done in 0.00269656 secs using 322.5% CPU
Optimizing NNI: done in 0.0024886 secs using 220.3% CPU
Optimizing NNI: done in 0.00254665 secs using 335.6% CPU
Optimizing NNI: done in 0.00259577 secs using 331.1% CPU
Optimizing NNI: done in 0.00249213 secs using 340.6% CPU
Optimizing NNI: done in 0.00253581 secs using 257.7% CPU
Optimizing NNI: done in 0.00253597 secs using 218.3% CPU
Optimizing NNI: done in 0.00267845 secs using 323.9% CPU
Optimizing NNI: done in 0.00264331 secs using 326.9% CPU
Iteration 20 / LogL: -604.150 / Time: 0h:0m:23s
Finish initializing candidate tree set (5)
Current best tree score: -604.150 / CPU time: 0.129
Number of iterations: 20
--------------------------------------------------------------------
|               OPTIMIZING CANDIDATE TREE SET                      |
--------------------------------------------------------------------
Optimizing NNI: done in 0.00780569 secs using 266.5% CPU
Optimizing NNI: done in 0.00907445 secs using 287.3% CPU
Optimizing NNI: done in 0.00717428 secs using 295.1% CPU
Optimizing NNI: done in 0.0070127 secs using 285.5% CPU
Optimizing NNI: done in 0.0108446 secs using 293.6% CPU
Optimizing NNI: done in 0.0046744 secs using 228.1% CPU
Optimizing NNI: done in 0.00485895 secs using 305.8% CPU
Optimizing NNI: done in 0.00733977 secs using 318% CPU
Optimizing NNI: done in 0.00927493 secs using 283.3% CPU
Optimizing NNI: done in 0.00475222 secs using 289.2% CPU
Iteration 30 / LogL: -607.841 / Time: 0h:0m:23s (0h:0m:0s left)
Optimizing NNI: done in 0.00515557 secs using 293.9% CPU
UPDATE BEST LOG-LIKELIHOOD: -604.150
Optimizing NNI: done in 0.00803156 secs using 286.7% CPU
Optimizing NNI: done in 0.00461706 secs using 251.5% CPU
Optimizing NNI: done in 0.00730462 secs using 319% CPU
Optimizing NNI: done in 0.00409665 secs using 270.9% CPU
Optimizing NNI: done in 0.00751445 secs using 286.2% CPU
Optimizing NNI: done in 0.00469545 secs using 312.9% CPU
Optimizing NNI: done in 0.00241678 secs using 262.9% CPU
Optimizing NNI: done in 0.00465919 secs using 271.7% CPU
Optimizing NNI: done in 0.00225306 secs using 366.2% CPU
Iteration 40 / LogL: -604.150 / Time: 0h:0m:23s (0h:0m:0s left)
Optimizing NNI: done in 0.00487302 secs using 284.7% CPU
Optimizing NNI: done in 0.00489968 secs using 304.1% CPU
Optimizing NNI: done in 0.00716551 secs using 281.3% CPU
Optimizing NNI: done in 0.00905014 secs using 287.9% CPU
Optimizing NNI: done in 0.00684501 secs using 289.9% CPU
Optimizing NNI: done in 0.00464846 secs using 315.1% CPU
Optimizing NNI: done in 0.00483757 secs using 286.1% CPU
Optimizing NNI: done in 0.00480019 secs using 308.3% CPU
Optimizing NNI: done in 0.0091723 secs using 285.3% CPU
Optimizing NNI: done in 0.00672771 secs using 308% CPU
Iteration 50 / LogL: -604.151 / Time: 0h:0m:23s (0h:0m:0s left)
Optimizing NNI: done in 0.0061302 secs using 295.7% CPU
Optimizing NNI: done in 0.00453325 secs using 276.4% CPU
Optimizing NNI: done in 0.00478942 secs using 266.8% CPU
Optimizing NNI: done in 0.00505496 secs using 337.1% CPU
Optimizing NNI: done in 0.00922372 secs using 295.1% CPU
Optimizing NNI: done in 0.00982855 secs using 293.3% CPU
Optimizing NNI: done in 0.00524118 secs using 290.7% CPU
Optimizing NNI: done in 0.00612751 secs using 295.7% CPU
Optimizing NNI: done in 0.00519223 secs using 273.3% CPU
Optimizing NNI: done in 0.00754673 secs using 285.4% CPU
Iteration 60 / LogL: -604.151 / Time: 0h:0m:24s (0h:0m:0s left)
Optimizing NNI: done in 0.00754961 secs using 285.4% CPU
Optimizing NNI: done in 0.00719551 secs using 280.6% CPU
Optimizing NNI: done in 0.00928022 secs using 272.4% CPU
Optimizing NNI: done in 0.00557722 secs using 315.1% CPU
Optimizing NNI: done in 0.00498053 secs using 280.7% CPU
Optimizing NNI: done in 0.00936845 secs using 313.4% CPU
Optimizing NNI: done in 0.0050912 secs using 296.4% CPU
Optimizing NNI: done in 0.00923403 secs using 316.4% CPU
Optimizing NNI: done in 0.00717587 secs using 281.1% CPU
Optimizing NNI: done in 0.00520058 secs using 292.3% CPU
Iteration 70 / LogL: -604.150 / Time: 0h:0m:24s (0h:0m:0s left)
Optimizing NNI: done in 0.00563387 secs using 312.9% CPU
Optimizing NNI: done in 0.00454755 secs using 319.8% CPU
Optimizing NNI: done in 0.00513266 secs using 275.3% CPU
Optimizing NNI: done in 0.00771011 secs using 268.5% CPU
Optimizing NNI: done in 0.00494961 secs using 302% CPU
Optimizing NNI: done in 0.00485527 secs using 305.9% CPU
Optimizing NNI: done in 0.00499256 secs using 300.2% CPU
Optimizing NNI: done in 0.00505711 secs using 297.7% CPU
Optimizing NNI: done in 0.00482904 secs using 307% CPU
Optimizing NNI: done in 0.00510604 secs using 334.9% CPU
UPDATE BEST LOG-LIKELIHOOD: -604.150
Iteration 80 / LogL: -604.150 / Time: 0h:0m:24s (0h:0m:0s left)
Optimizing NNI: done in 0.0049735 secs using 301% CPU
Optimizing NNI: done in 0.0153804 secs using 301.6% CPU
Optimizing NNI: done in 0.00288849 secs using 238.3% CPU
Optimizing NNI: done in 0.00603777 secs using 282.2% CPU
Optimizing NNI: done in 0.0048952 secs using 304.2% CPU
Optimizing NNI: done in 0.00476041 secs using 289.1% CPU
Optimizing NNI: done in 0.0104577 secs using 291.2% CPU
Optimizing NNI: done in 0.00704721 secs using 298.6% CPU
Optimizing NNI: done in 0.00533248 secs using 287.5% CPU
Optimizing NNI: done in 0.00522015 secs using 290.8% CPU
Iteration 90 / LogL: -604.151 / Time: 0h:0m:24s (0h:0m:0s left)
Optimizing NNI: done in 0.00491582 secs using 303.4% CPU
Optimizing NNI: done in 0.00502135 secs using 258.6% CPU
Optimizing NNI: done in 0.00477176 secs using 288.4% CPU
UPDATE BEST LOG-LIKELIHOOD: -604.150
Optimizing NNI: done in 0.00568163 secs using 310% CPU
UPDATE BEST LOG-LIKELIHOOD: -604.150
Optimizing NNI: done in 0.00517963 secs using 331.6% CPU
Optimizing NNI: done in 0.00865021 secs using 308% CPU
Optimizing NNI: done in 0.0108621 secs using 293.3% CPU
Optimizing NNI: done in 0.00523599 secs using 290.9% CPU
Optimizing NNI: done in 0.00516697 secs using 274.2% CPU
Optimizing NNI: done in 0.00455853 secs using 275.3% CPU
Iteration 100 / LogL: -604.150 / Time: 0h:0m:24s (0h:0m:0s left)
Optimizing NNI: done in 0.00622858 secs using 324.7% CPU
Optimizing NNI: done in 0.00517015 secs using 332.1% CPU
Refining ufboot trees with NNI 1 branch...
Optimizing NNI: done in 0.000836304 secs using 339% CPU
Optimizing NNI: done in 0.000783267 secs using 355.2% CPU
Optimizing NNI: done in 0.0013073 secs using 253% CPU
Optimizing NNI: done in 0.000923262 secs using 208.1% CPU
Optimizing NNI: done in 0.000819452 secs using 343.8% CPU
Optimizing NNI: done in 0.000889833 secs using 212.6% CPU
Optimizing NNI: done in 0.000832038 secs using 340.1% CPU
Optimizing NNI: done in 0.000768367 secs using 360.4% CPU
Optimizing NNI: done in 0.000767224 secs using 99.58% CPU
Optimizing NNI: done in 0.000818532 secs using 343.9% CPU
Optimizing NNI: done in 0.000749118 secs using 99.85% CPU
Optimizing NNI: done in 0.000836385 secs using 339.2% CPU
Optimizing NNI: done in 0.000820923 secs using 222.2% CPU
Optimizing NNI: done in 0.000825833 secs using 342.2% CPU
Optimizing NNI: done in 0.000613782 secs using 425.4% CPU
Optimizing NNI: done in 0.000761145 secs using 362.6% CPU
Optimizing NNI: done in 0.000866718 secs using 330.6% CPU
Optimizing NNI: done in 0.000805764 secs using 347.9% CPU
Optimizing NNI: done in 0.00076055 secs using 99.53% CPU
Optimizing NNI: done in 0.000823626 secs using 343% CPU
Optimizing NNI: done in 0.00227703 secs using 363% CPU
Optimizing NNI: done in 0.000814387 secs using 223.2% CPU
Optimizing NNI: done in 0.000950438 secs using 310.1% CPU
Optimizing NNI: done in 0.000760474 secs using 362.9% CPU
Optimizing NNI: done in 0.000868698 secs using 330.1% CPU
Optimizing NNI: done in 0.000906783 secs using 320.6% CPU
Optimizing NNI: done in 0.000915928 secs using 209.1% CPU
Optimizing NNI: done in 0.000869064 secs using 330.1% CPU
Optimizing NNI: done in 0.000898846 secs using 322.4% CPU
Optimizing NNI: done in 0.000872484 secs using 329.3% CPU
Optimizing NNI: done in 0.000853159 secs using 334.2% CPU
Optimizing NNI: done in 0.00164759 secs using 221% CPU
Optimizing NNI: done in 0.000788468 secs using 353.5% CPU
Optimizing NNI: done in 0.00144301 secs using 308.3% CPU
Optimizing NNI: done in 0.000861563 secs using 98.89% CPU
Optimizing NNI: done in 0.000901808 secs using 321.8% CPU
Optimizing NNI: done in 0.000856353 secs using 333.7% CPU
Optimizing NNI: done in 0.000534999 secs using 473.6% CPU
Optimizing NNI: done in 0.000816702 secs using 344.6% CPU
Optimizing NNI: done in 0.000900224 secs using 322% CPU
Optimizing NNI: done in 0.000833894 secs using 339.7% CPU
Optimizing NNI: done in 0.00082834 secs using 341.4% CPU
Optimizing NNI: done in 0.000792659 secs using 352% CPU
Optimizing NNI: done in 0.000883725 secs using 326.5% CPU
Optimizing NNI: done in 0.00085184 secs using 334.6% CPU
Optimizing NNI: done in 0.000840284 secs using 337.9% CPU
Optimizing NNI: done in 0.000695663 secs using 244.7% CPU
Optimizing NNI: done in 0.000753097 secs using 98.79% CPU
Optimizing NNI: done in 0.000893326 secs using 323.7% CPU
Optimizing NNI: done in 0.000734758 secs using 99.9% CPU
Optimizing NNI: done in 0.000754922 secs using 365.1% CPU
Optimizing NNI: done in 0.000919255 secs using 317.6% CPU
Optimizing NNI: done in 0.000890332 secs using 324.5% CPU
Optimizing NNI: done in 0.000779457 secs using 356.4% CPU
Optimizing NNI: done in 0.000815611 secs using 345% CPU
Optimizing NNI: done in 0.000801286 secs using 349.6% CPU
Optimizing NNI: done in 0.000872044 secs using 329.1% CPU
Optimizing NNI: done in 0.000691002 secs using 99.57% CPU
Optimizing NNI: done in 0.000753056 secs using 99.73% CPU
Optimizing NNI: done in 0.00078188 secs using 355.4% CPU
Optimizing NNI: done in 0.000787595 secs using 99.67% CPU
Optimizing NNI: done in 0.00076069 secs using 98.73% CPU
Optimizing NNI: done in 0.000813075 secs using 99.62% CPU
Optimizing NNI: done in 0.000841912 secs using 98.7% CPU
Optimizing NNI: done in 0.000831147 secs using 340.5% CPU
Optimizing NNI: done in 0.000909819 secs using 319.6% CPU
Optimizing NNI: done in 0.000660303 secs using 402.8% CPU
Optimizing NNI: done in 0.000748067 secs using 367.2% CPU
Optimizing NNI: done in 0.000814087 secs using 345.4% CPU
Optimizing NNI: done in 0.00074158 secs using 99.79% CPU
Optimizing NNI: done in 0.000928871 secs using 314.9% CPU
Optimizing NNI: done in 0.00186425 secs using 312.6% CPU
Optimizing NNI: done in 0.000899309 secs using 97.3% CPU
Optimizing NNI: done in 0.000761169 secs using 362.7% CPU
Optimizing NNI: done in 0.00100381 secs using 299.3% CPU
Optimizing NNI: done in 0.00179634 secs using 321.7% CPU
Optimizing NNI: done in 0.000986965 secs using 302.4% CPU
Optimizing NNI: done in 0.000841669 secs using 337.7% CPU
Optimizing NNI: done in 0.00076119 secs using 362.3% CPU
Optimizing NNI: done in 0.00204149 secs using 295.8% CPU
Optimizing NNI: done in 0.000784582 secs using 99.8% CPU
Optimizing NNI: done in 0.00089294 secs using 323.8% CPU
Optimizing NNI: done in 0.000856349 secs using 333.5% CPU
Optimizing NNI: done in 0.000868029 secs using 329.9% CPU
Optimizing NNI: done in 0.00250225 secs using 259.8% CPU
Optimizing NNI: done in 0.00101229 secs using 293.3% CPU
Optimizing NNI: done in 0.00081078 secs using 99.78% CPU
Optimizing NNI: done in 0.000882167 secs using 326.5% CPU
Optimizing NNI: done in 0.000818848 secs using 343.9% CPU
Optimizing NNI: done in 0.000909498 secs using 319.6% CPU
Optimizing NNI: done in 0.000834809 secs using 339.6% CPU
Optimizing NNI: done in 0.000829671 secs using 341% CPU
Optimizing NNI: done in 0.000875441 secs using 328.5% CPU
Optimizing NNI: done in 0.000755665 secs using 364.3% CPU
Optimizing NNI: done in 0.00264724 secs using 326.6% CPU
Optimizing NNI: done in 0.000815825 secs using 345.5% CPU
Optimizing NNI: done in 0.000830295 secs using 99.48% CPU
Optimizing NNI: done in 0.000796147 secs using 99.86% CPU
Optimizing NNI: done in 0.000771355 secs using 99.82% CPU
Optimizing NNI: done in 0.000946594 secs using 311.4% CPU
100 samples done
Optimizing NNI: done in 0.00090148 secs using 99.72% CPU
Optimizing NNI: done in 0.000787414 secs using 353.7% CPU
Optimizing NNI: done in 0.000763831 secs using 98.84% CPU
Optimizing NNI: done in 0.000921402 secs using 317% CPU
Optimizing NNI: done in 0.000784414 secs using 354.7% CPU
Optimizing NNI: done in 0.000765219 secs using 361.5% CPU
Optimizing NNI: done in 0.000749213 secs using 366.9% CPU
Optimizing NNI: done in 0.000815205 secs using 345.6% CPU
Optimizing NNI: done in 0.000829763 secs using 340.8% CPU
Optimizing NNI: done in 0.000882892 secs using 326.4% CPU
Optimizing NNI: done in 0.0010154 secs using 296.8% CPU
Optimizing NNI: done in 0.000783837 secs using 99.77% CPU
Optimizing NNI: done in 0.000861181 secs using 332% CPU
Optimizing NNI: done in 0.000771436 secs using 359.2% CPU
Optimizing NNI: done in 0.000746163 secs using 99.84% CPU
Optimizing NNI: done in 0.000587325 secs using 99.77% CPU
Optimizing NNI: done in 0.000779016 secs using 356.7% CPU
Optimizing NNI: done in 0.000790136 secs using 352.9% CPU
Optimizing NNI: done in 0.000829745 secs using 340.8% CPU
Optimizing NNI: done in 0.00080709 secs using 99.37% CPU
Optimizing NNI: done in 0.00213586 secs using 380.7% CPU
Optimizing NNI: done in 0.000888782 secs using 324.8% CPU
Optimizing NNI: done in 0.000847309 secs using 218.8% CPU
Optimizing NNI: done in 0.00101246 secs using 198.7% CPU
Optimizing NNI: done in 0.000762408 secs using 231.4% CPU
Optimizing NNI: done in 0.00085925 secs using 332.8% CPU
Optimizing NNI: done in 0.0014717 secs using 235.5% CPU
Optimizing NNI: done in 0.000726908 secs using 374.9% CPU
Optimizing NNI: done in 0.00073893 secs using 99.06% CPU
Optimizing NNI: done in 0.000834321 secs using 339.7% CPU
Optimizing NNI: done in 0.000729507 secs using 99.66% CPU
Optimizing NNI: done in 0.000860209 secs using 332.6% CPU
Optimizing NNI: done in 0.000816316 secs using 99.59% CPU
Optimizing NNI: done in 0.000816927 secs using 344.7% CPU
Optimizing NNI: done in 0.000806295 secs using 347.8% CPU
Optimizing NNI: done in 0.000805626 secs using 348.7% CPU
Optimizing NNI: done in 0.000956873 secs using 308.8% CPU
Optimizing NNI: done in 0.00160032 secs using 349.8% CPU
Optimizing NNI: done in 0.000859613 secs using 332.7% CPU
Optimizing NNI: done in 0.000819556 secs using 222.7% CPU
Optimizing NNI: done in 0.000827623 secs using 341.2% CPU
Optimizing NNI: done in 0.000834628 secs using 339.4% CPU
Optimizing NNI: done in 0.000888557 secs using 212.7% CPU
Optimizing NNI: done in 0.000835615 secs using 339% CPU
Optimizing NNI: done in 0.000683287 secs using 99.81% CPU
Optimizing NNI: done in 0.000823088 secs using 342.7% CPU
Optimizing NNI: done in 0.00180627 secs using 321.3% CPU
Optimizing NNI: done in 0.000847903 secs using 335.9% CPU
Optimizing NNI: done in 0.000806351 secs using 99.83% CPU
Optimizing NNI: done in 0.000791942 secs using 352.3% CPU
Optimizing NNI: done in 0.000801965 secs using 349.4% CPU
Optimizing NNI: done in 0.00082831 secs using 341.1% CPU
Optimizing NNI: done in 0.000846509 secs using 335.8% CPU
Optimizing NNI: done in 0.000604298 secs using 431.1% CPU
Optimizing NNI: done in 0.000733605 secs using 99.24% CPU
Optimizing NNI: done in 0.000891541 secs using 323.9% CPU
Optimizing NNI: done in 0.000827418 secs using 341.5% CPU
Optimizing NNI: done in 0.000793055 secs using 352.7% CPU
Optimizing NNI: done in 0.000861532 secs using 331.9% CPU
Optimizing NNI: done in 0.000836438 secs using 338.8% CPU
Optimizing NNI: done in 0.00215491 secs using 285.5% CPU
Optimizing NNI: done in 0.000763428 secs using 361.8% CPU
Optimizing NNI: done in 0.000735099 secs using 99.85% CPU
Optimizing NNI: done in 0.000572099 secs using 99.81% CPU
Optimizing NNI: done in 0.000754744 secs using 364.8% CPU
Optimizing NNI: done in 0.00087455 secs using 328.7% CPU
Optimizing NNI: done in 0.000838479 secs using 338.4% CPU
Optimizing NNI: done in 0.0007886 secs using 99.92% CPU
Optimizing NNI: done in 0.000787201 secs using 353.1% CPU
Optimizing NNI: done in 0.00182624 secs using 318.9% CPU
Optimizing NNI: done in 0.000796396 secs using 351.1% CPU
Optimizing NNI: done in 0.00077553 secs using 99.93% CPU
Optimizing NNI: done in 0.000746264 secs using 99.83% CPU
Optimizing NNI: done in 0.000793199 secs using 99.85% CPU
Optimizing NNI: done in 0.000801121 secs using 98.49% CPU
Optimizing NNI: done in 0.000827326 secs using 341.6% CPU
Optimizing NNI: done in 0.00077223 secs using 229.3% CPU
Optimizing NNI: done in 0.000910873 secs using 319.7% CPU
Optimizing NNI: done in 0.000889058 secs using 324.6% CPU
Optimizing NNI: done in 0.000831814 secs using 340.3% CPU
Optimizing NNI: done in 0.000747041 secs using 367.6% CPU
Optimizing NNI: done in 0.000875984 secs using 328.4% CPU
Optimizing NNI: done in 0.000878885 secs using 327.3% CPU
Optimizing NNI: done in 0.000884782 secs using 326% CPU
Optimizing NNI: done in 0.000776459 secs using 356.9% CPU
Optimizing NNI: done in 0.000880539 secs using 327% CPU
Optimizing NNI: done in 0.000790242 secs using 99.59% CPU
Optimizing NNI: done in 0.000824932 secs using 342.2% CPU
Optimizing NNI: done in 0.00130095 secs using 253.5% CPU
Optimizing NNI: done in 0.00173418 secs using 215.1% CPU
Optimizing NNI: done in 0.000807861 secs using 347.3% CPU
Optimizing NNI: done in 0.000938724 secs using 99.71% CPU
Optimizing NNI: done in 0.000799121 secs using 98.73% CPU
Optimizing NNI: done in 0.000909609 secs using 319.6% CPU
Optimizing NNI: done in 0.000871067 secs using 329.5% CPU
Optimizing NNI: done in 0.000814794 secs using 345.4% CPU
Optimizing NNI: done in 0.000741916 secs using 99.74% CPU
Optimizing NNI: done in 0.00059022 secs using 98.78% CPU
Optimizing NNI: done in 0.000880132 secs using 327.1% CPU
Optimizing NNI: done in 0.000832231 secs using 99.49% CPU
200 samples done
Optimizing NNI: done in 0.000865993 secs using 330.5% CPU
Optimizing NNI: done in 0.000840597 secs using 338.1% CPU
Optimizing NNI: done in 0.000899092 secs using 322.4% CPU
Optimizing NNI: done in 0.000845234 secs using 336.6% CPU
Optimizing NNI: done in 0.000879947 secs using 327.1% CPU
Optimizing NNI: done in 0.00076793 secs using 360.2% CPU
Optimizing NNI: done in 0.000885689 secs using 99.7% CPU
Optimizing NNI: done in 0.000740077 secs using 370.1% CPU
Optimizing NNI: done in 0.000839101 secs using 338.2% CPU
Optimizing NNI: done in 0.000651375 secs using 99.79% CPU
Optimizing NNI: done in 0.000895859 secs using 322.9% CPU
Optimizing NNI: done in 0.000843568 secs using 336.9% CPU
Optimizing NNI: done in 0.000937758 secs using 313.2% CPU
Optimizing NNI: done in 0.000851591 secs using 334.7% CPU
Optimizing NNI: done in 0.000949522 secs using 310.5% CPU
Optimizing NNI: done in 0.000849128 secs using 99.63% CPU
Optimizing NNI: done in 0.00146805 secs using 236.3% CPU
Optimizing NNI: done in 0.000835026 secs using 339.7% CPU
Optimizing NNI: done in 0.00241216 secs using 343.2% CPU
Optimizing NNI: done in 0.00150202 secs using 233.1% CPU
Optimizing NNI: done in 0.000831057 secs using 99.75% CPU
Optimizing NNI: done in 0.00102199 secs using 295.6% CPU
Optimizing NNI: done in 0.00080909 secs using 346.7% CPU
Optimizing NNI: done in 0.00059033 secs using 99.94% CPU
Optimizing NNI: done in 0.000847835 secs using 99.9% CPU
Optimizing NNI: done in 0.000773079 secs using 358.7% CPU
Optimizing NNI: done in 0.000791548 secs using 226.9% CPU
Optimizing NNI: done in 0.00235653 secs using 269.5% CPU
Optimizing NNI: done in 0.000897174 secs using 322.7% CPU
Optimizing NNI: done in 0.000716644 secs using 99.91% CPU
Optimizing NNI: done in 0.0024282 secs using 255.3% CPU
Optimizing NNI: done in 0.000824771 secs using 99.79% CPU
Optimizing NNI: done in 0.00215021 secs using 285.6% CPU
Optimizing NNI: done in 0.000818207 secs using 344.5% CPU
Optimizing NNI: done in 0.000807907 secs using 224.5% CPU
Optimizing NNI: done in 0.000891475 secs using 324.4% CPU
Optimizing NNI: done in 0.000876827 secs using 327.9% CPU
Optimizing NNI: done in 0.000892755 secs using 324.1% CPU
Optimizing NNI: done in 0.00141161 secs using 241.2% CPU
Optimizing NNI: done in 0.00102119 secs using 295.7% CPU
Optimizing NNI: done in 0.000667661 secs using 399.3% CPU
Optimizing NNI: done in 0.000960626 secs using 307.8% CPU
Optimizing NNI: done in 0.0010123 secs using 297.4% CPU
Optimizing NNI: done in 0.000860593 secs using 99.7% CPU
Optimizing NNI: done in 0.000922373 secs using 316.7% CPU
Optimizing NNI: done in 0.000874645 secs using 328.8% CPU
Optimizing NNI: done in 0.000923443 secs using 316.4% CPU
Optimizing NNI: done in 0.000978663 secs using 304.3% CPU
Optimizing NNI: done in 0.000836882 secs using 338.9% CPU
Optimizing NNI: done in 0.000949265 secs using 310.6% CPU
Optimizing NNI: done in 0.000808274 secs using 347.3% CPU
Optimizing NNI: done in 0.000804942 secs using 348.3% CPU
Optimizing NNI: done in 0.000833862 secs using 99.78% CPU
Optimizing NNI: done in 0.000882629 secs using 326.6% CPU
Optimizing NNI: done in 0.000908454 secs using 319.8% CPU
Optimizing NNI: done in 0.000843758 secs using 336.9% CPU
Optimizing NNI: done in 0.000837807 secs using 338.5% CPU
Optimizing NNI: done in 0.00083864 secs using 338.4% CPU
Optimizing NNI: done in 0.000843658 secs using 332.1% CPU
Optimizing NNI: done in 0.000945228 secs using 311.7% CPU
Optimizing NNI: done in 0.000810208 secs using 99.85% CPU
Optimizing NNI: done in 0.000797482 secs using 350.6% CPU
Optimizing NNI: done in 0.00081931 secs using 340.4% CPU
Optimizing NNI: done in 0.000786926 secs using 354% CPU
Optimizing NNI: done in 0.000780222 secs using 356.1% CPU
Optimizing NNI: done in 0.00085592 secs using 332.5% CPU
Optimizing NNI: done in 0.000917921 secs using 317.6% CPU
Optimizing NNI: done in 0.000754665 secs using 364.9% CPU
Optimizing NNI: done in 0.000946907 secs using 311.1% CPU
Optimizing NNI: done in 0.000914806 secs using 318.5% CPU
Optimizing NNI: done in 0.000826041 secs using 342% CPU
Optimizing NNI: done in 0.0021758 secs using 283.6% CPU
Optimizing NNI: done in 0.000708033 secs using 382.3% CPU
Optimizing NNI: done in 0.0011767 secs using 439.5% CPU
Optimizing NNI: done in 0.00115402 secs using 441.1% CPU
Optimizing NNI: done in 0.000924901 secs using 316% CPU
Optimizing NNI: done in 0.00105726 secs using 289% CPU
Optimizing NNI: done in 0.00093082 secs using 314.6% CPU
Optimizing NNI: done in 0.000935768 secs using 313.6% CPU
Optimizing NNI: done in 0.0008296 secs using 340.8% CPU
Optimizing NNI: done in 0.000888921 secs using 324.9% CPU
Optimizing NNI: done in 0.000822909 secs using 343.2% CPU
Optimizing NNI: done in 0.000873831 secs using 328.8% CPU
Optimizing NNI: done in 0.000765661 secs using 360.9% CPU
Optimizing NNI: done in 0.000784832 secs using 354.9% CPU
Optimizing NNI: done in 0.000733024 secs using 372.2% CPU
Optimizing NNI: done in 0.000716198 secs using 99.83% CPU
Optimizing NNI: done in 0.000840285 secs using 338.3% CPU
Optimizing NNI: done in 0.000811256 secs using 344.3% CPU
Optimizing NNI: done in 0.000855168 secs using 333.7% CPU
Optimizing NNI: done in 0.000855246 secs using 333.6% CPU
Optimizing NNI: done in 0.000911765 secs using 317.6% CPU
Optimizing NNI: done in 0.000837499 secs using 338.6% CPU
Optimizing NNI: done in 0.000746293 secs using 367.7% CPU
Optimizing NNI: done in 0.000847054 secs using 335.9% CPU
Optimizing NNI: done in 0.000988854 secs using 302.1% CPU
Optimizing NNI: done in 0.000897023 secs using 322.8% CPU
Optimizing NNI: done in 0.00091533 secs using 318.4% CPU
Optimizing NNI: done in 0.000825051 secs using 342.3% CPU
Optimizing NNI: done in 0.000784317 secs using 354.8% CPU
300 samples done
Optimizing NNI: done in 0.00083905 secs using 219.9% CPU
Optimizing NNI: done in 0.000650026 secs using 407.4% CPU
Optimizing NNI: done in 0.00100735 secs using 298.4% CPU
Optimizing NNI: done in 0.000867504 secs using 330.5% CPU
Optimizing NNI: done in 0.000848217 secs using 217.9% CPU
Optimizing NNI: done in 0.000868316 secs using 330.2% CPU
Optimizing NNI: done in 0.000887609 secs using 325.1% CPU
Optimizing NNI: done in 0.000846123 secs using 336.7% CPU
Optimizing NNI: done in 0.000884765 secs using 326.2% CPU
Optimizing NNI: done in 0.000801415 secs using 348.6% CPU
Optimizing NNI: done in 0.00136679 secs using 320% CPU
Optimizing NNI: done in 0.000867066 secs using 330.4% CPU
Optimizing NNI: done in 0.000905768 secs using 320.4% CPU
Optimizing NNI: done in 0.000851166 secs using 98.69% CPU
Optimizing NNI: done in 0.00165845 secs using 281.1% CPU
Optimizing NNI: done in 0.000861213 secs using 332.1% CPU
Optimizing NNI: done in 0.000783462 secs using 355.2% CPU
Optimizing NNI: done in 0.000838188 secs using 99.26% CPU
Optimizing NNI: done in 0.000880876 secs using 99.9% CPU
Optimizing NNI: done in 0.000762944 secs using 230.9% CPU
Optimizing NNI: done in 0.000873988 secs using 328.7% CPU
Optimizing NNI: done in 0.000775145 secs using 357.7% CPU
Optimizing NNI: done in 0.00177664 secs using 325% CPU
Optimizing NNI: done in 0.00090191 secs using 321.7% CPU
Optimizing NNI: done in 0.000810333 secs using 346.5% CPU
Optimizing NNI: done in 0.0015423 secs using 359% CPU
Optimizing NNI: done in 0.000771023 secs using 358.6% CPU
Optimizing NNI: done in 0.000753898 secs using 232.8% CPU
Optimizing NNI: done in 0.000699746 secs using 386% CPU
Optimizing NNI: done in 0.000707273 secs using 382.6% CPU
Optimizing NNI: done in 0.000722922 secs using 99.87% CPU
Optimizing NNI: done in 0.0020371 secs using 296.3% CPU
Optimizing NNI: done in 0.000792591 secs using 99.8% CPU
Optimizing NNI: done in 0.000764323 secs using 99.83% CPU
Optimizing NNI: done in 0.000696991 secs using 99.86% CPU
Optimizing NNI: done in 0.000803496 secs using 99.94% CPU
Optimizing NNI: done in 0.00069683 secs using 99.88% CPU
Optimizing NNI: done in 0.000763185 secs using 99.84% CPU
Optimizing NNI: done in 0.000691061 secs using 99.85% CPU
Optimizing NNI: done in 0.00072753 secs using 99.79% CPU
Optimizing NNI: done in 0.000784213 secs using 355.1% CPU
Optimizing NNI: done in 0.000885016 secs using 326% CPU
Optimizing NNI: done in 0.000821562 secs using 343.1% CPU
Optimizing NNI: done in 0.00078117 secs using 356% CPU
Optimizing NNI: done in 0.000960224 secs using 308.2% CPU
Optimizing NNI: done in 0.000864265 secs using 99.85% CPU
Optimizing NNI: done in 0.000775476 secs using 229% CPU
Optimizing NNI: done in 0.000751997 secs using 365.6% CPU
Optimizing NNI: done in 0.000883764 secs using 326% CPU
Optimizing NNI: done in 0.000779739 secs using 356.3% CPU
Optimizing NNI: done in 0.00074469 secs using 368.2% CPU
Optimizing NNI: done in 0.000742334 secs using 99.42% CPU
Optimizing NNI: done in 0.00216042 secs using 284.9% CPU
Optimizing NNI: done in 0.000866772 secs using 330.7% CPU
Optimizing NNI: done in 0.000953348 secs using 310.2% CPU
Optimizing NNI: done in 0.000825228 secs using 342.2% CPU
Optimizing NNI: done in 0.000877182 secs using 327.6% CPU
Optimizing NNI: done in 0.00103113 secs using 293.9% CPU
Optimizing NNI: done in 0.000806187 secs using 98.49% CPU
Optimizing NNI: done in 0.000749994 secs using 99.73% CPU
Optimizing NNI: done in 0.000800616 secs using 99.67% CPU
Optimizing NNI: done in 0.000864589 secs using 330.9% CPU
Optimizing NNI: done in 0.000841166 secs using 337.5% CPU
Optimizing NNI: done in 0.000852854 secs using 334.4% CPU
Optimizing NNI: done in 0.000828943 secs using 341.2% CPU
Optimizing NNI: done in 0.000736297 secs using 99.96% CPU
Optimizing NNI: done in 0.00068279 secs using 99.88% CPU
Optimizing NNI: done in 0.000848481 secs using 335.2% CPU
Optimizing NNI: done in 0.000702959 secs using 383.9% CPU
Optimizing NNI: done in 0.00102646 secs using 489.4% CPU
Optimizing NNI: done in 0.000729327 secs using 99.82% CPU
Optimizing NNI: done in 0.00189881 secs using 310.5% CPU
Optimizing NNI: done in 0.000710077 secs using 381.2% CPU
Optimizing NNI: done in 0.000935528 secs using 313.6% CPU
Optimizing NNI: done in 0.000862648 secs using 331.7% CPU
Optimizing NNI: done in 0.0015618 secs using 355.9% CPU
Optimizing NNI: done in 0.000784581 secs using 354.7% CPU
Optimizing NNI: done in 0.000736815 secs using 370.8% CPU
Optimizing NNI: done in 0.000768445 secs using 99.03% CPU
Optimizing NNI: done in 0.000800723 secs using 98.79% CPU
Optimizing NNI: done in 0.000788764 secs using 99.52% CPU
Optimizing NNI: done in 0.000722346 secs using 99.95% CPU
Optimizing NNI: done in 0.000888607 secs using 325% CPU
Optimizing NNI: done in 0.000884913 secs using 326% CPU
Optimizing NNI: done in 0.00201737 secs using 298.1% CPU
Optimizing NNI: done in 0.000757605 secs using 99.79% CPU
Optimizing NNI: done in 0.000920356 secs using 316.9% CPU
Optimizing NNI: done in 0.00146429 secs using 236.1% CPU
Optimizing NNI: done in 0.000720589 secs using 99.64% CPU
Optimizing NNI: done in 0.000596456 secs using 99.59% CPU
Optimizing NNI: done in 0.000734687 secs using 372.3% CPU
Optimizing NNI: done in 0.000902354 secs using 321.6% CPU
Optimizing NNI: done in 0.000850747 secs using 334.9% CPU
Optimizing NNI: done in 0.000766299 secs using 360.6% CPU
Optimizing NNI: done in 0.000812482 secs using 345.9% CPU
Optimizing NNI: done in 0.000635767 secs using 98.78% CPU
Optimizing NNI: done in 0.000791042 secs using 352.7% CPU
Optimizing NNI: done in 0.000878719 secs using 327.3% CPU
Optimizing NNI: done in 0.000836052 secs using 339.2% CPU
Optimizing NNI: done in 0.000822003 secs using 343.3% CPU
400 samples done
Optimizing NNI: done in 0.000893056 secs using 323.9% CPU
Optimizing NNI: done in 0.000858848 secs using 332.8% CPU
Optimizing NNI: done in 0.000781042 secs using 355.8% CPU
Optimizing NNI: done in 0.000707872 secs using 98.75% CPU
Optimizing NNI: done in 0.000793591 secs using 351.9% CPU
Optimizing NNI: done in 0.000814537 secs using 345.6% CPU
Optimizing NNI: done in 0.000901528 secs using 321.2% CPU
Optimizing NNI: done in 0.000757925 secs using 363.8% CPU
Optimizing NNI: done in 0.00197334 secs using 302.6% CPU
Optimizing NNI: done in 0.00073737 secs using 99.81% CPU
Optimizing NNI: done in 0.000815034 secs using 98.77% CPU
Optimizing NNI: done in 0.00219644 secs using 236.5% CPU
Optimizing NNI: done in 0.000780828 secs using 356% CPU
Optimizing NNI: done in 0.000797149 secs using 350.9% CPU
Optimizing NNI: done in 0.000788765 secs using 353.1% CPU
Optimizing NNI: done in 0.000866308 secs using 330.6% CPU
Optimizing NNI: done in 0.000866175 secs using 329.1% CPU
Optimizing NNI: done in 0.000853577 secs using 334.1% CPU
Optimizing NNI: done in 0.000699189 secs using 99.83% CPU
Optimizing NNI: done in 0.000802925 secs using 349.1% CPU
Optimizing NNI: done in 0.000860362 secs using 332.3% CPU
Optimizing NNI: done in 0.000885868 secs using 325.6% CPU
Optimizing NNI: done in 0.000743786 secs using 99.89% CPU
Optimizing NNI: done in 0.000829789 secs using 341.1% CPU
Optimizing NNI: done in 0.000734219 secs using 372% CPU
Optimizing NNI: done in 0.000840067 secs using 338.1% CPU
Optimizing NNI: done in 0.000841584 secs using 219.2% CPU
Optimizing NNI: done in 0.000807687 secs using 99.67% CPU
Optimizing NNI: done in 0.00120539 secs using 265.5% CPU
Optimizing NNI: done in 0.00172733 secs using 215.6% CPU
Optimizing NNI: done in 0.000890636 secs using 324.2% CPU
Optimizing NNI: done in 0.000884902 secs using 325.8% CPU
Optimizing NNI: done in 0.000890647 secs using 324.3% CPU
Optimizing NNI: done in 0.000893929 secs using 323.3% CPU
Optimizing NNI: done in 0.000912713 secs using 318.5% CPU
Optimizing NNI: done in 0.00084938 secs using 335.4% CPU
Optimizing NNI: done in 0.000764535 secs using 361.3% CPU
Optimizing NNI: done in 0.000921199 secs using 316.8% CPU
Optimizing NNI: done in 0.000855722 secs using 333.6% CPU
Optimizing NNI: done in 0.000785873 secs using 354.5% CPU
Optimizing NNI: done in 0.00076341 secs using 231.5% CPU
Optimizing NNI: done in 0.000784858 secs using 354.7% CPU
Optimizing NNI: done in 0.000805703 secs using 224.3% CPU
Optimizing NNI: done in 0.000774248 secs using 358.3% CPU
Optimizing NNI: done in 0.00126811 secs using 257.5% CPU
Optimizing NNI: done in 0.000871874 secs using 329.5% CPU
Optimizing NNI: done in 0.000680461 secs using 99.64% CPU
Optimizing NNI: done in 0.000807135 secs using 224.1% CPU
Optimizing NNI: done in 0.000790175 secs using 353.2% CPU
Optimizing NNI: done in 0.000870903 secs using 329.7% CPU
Optimizing NNI: done in 0.000787462 secs using 353.7% CPU
Optimizing NNI: done in 0.000813761 secs using 345.7% CPU
Optimizing NNI: done in 0.000769817 secs using 359.4% CPU
Optimizing NNI: done in 0.000512341 secs using 99.74% CPU
Optimizing NNI: done in 0.000929706 secs using 315% CPU
Optimizing NNI: done in 0.000876043 secs using 214.6% CPU
Optimizing NNI: done in 0.000860793 secs using 332.4% CPU
Optimizing NNI: done in 0.000809144 secs using 347% CPU
Optimizing NNI: done in 0.000992157 secs using 301.4% CPU
Optimizing NNI: done in 0.00079523 secs using 98.84% CPU
Optimizing NNI: done in 0.000873681 secs using 328.7% CPU
Optimizing NNI: done in 0.000677301 secs using 99.96% CPU
Optimizing NNI: done in 0.000736675 secs using 371.3% CPU
Optimizing NNI: done in 0.000790486 secs using 99.81% CPU
Optimizing NNI: done in 0.000770804 secs using 359.5% CPU
Optimizing NNI: done in 0.000891743 secs using 324.4% CPU
Optimizing NNI: done in 0.000888694 secs using 324.7% CPU
Optimizing NNI: done in 0.00075389 secs using 365% CPU
Optimizing NNI: done in 0.000783012 secs using 355.4% CPU
Optimizing NNI: done in 0.000791549 secs using 352.6% CPU
Optimizing NNI: done in 0.000742798 secs using 369.1% CPU
Optimizing NNI: done in 0.00080524 secs using 347.7% CPU
Optimizing NNI: done in 0.000844038 secs using 337.5% CPU
Optimizing NNI: done in 0.00121173 secs using 429.6% CPU
Optimizing NNI: done in 0.00074443 secs using 99.67% CPU
Optimizing NNI: done in 0.00138227 secs using 244.5% CPU
Optimizing NNI: done in 0.000798467 secs using 350.2% CPU
Optimizing NNI: done in 0.000803164 secs using 348.7% CPU
Optimizing NNI: done in 0.0007517 secs using 365.6% CPU
Optimizing NNI: done in 0.000676437 secs using 395.2% CPU
Optimizing NNI: done in 0.000788901 secs using 352.5% CPU
Optimizing NNI: done in 0.00069036 secs using 389.4% CPU
Optimizing NNI: done in 0.000728451 secs using 99.8% CPU
Optimizing NNI: done in 0.000863759 secs using 331% CPU
Optimizing NNI: done in 0.00082899 secs using 340.9% CPU
Optimizing NNI: done in 0.000846372 secs using 336.3% CPU
Optimizing NNI: done in 0.000820489 secs using 343.7% CPU
Optimizing NNI: done in 0.000842761 secs using 337% CPU
Optimizing NNI: done in 0.000770334 secs using 359.7% CPU
Optimizing NNI: done in 0.000771405 secs using 99.17% CPU
Optimizing NNI: done in 0.00081605 secs using 344.7% CPU
Optimizing NNI: done in 0.00069983 secs using 385.2% CPU
Optimizing NNI: done in 0.00227527 secs using 275.7% CPU
Optimizing NNI: done in 0.00126545 secs using 415.4% CPU
Optimizing NNI: done in 0.000818009 secs using 343.5% CPU
Optimizing NNI: done in 0.000703265 secs using 382.8% CPU
Optimizing NNI: done in 0.000893207 secs using 323.7% CPU
Optimizing NNI: done in 0.000591446 secs using 99.59% CPU
Optimizing NNI: done in 0.00215082 secs using 285.8% CPU
Optimizing NNI: done in 0.000777628 secs using 357.2% CPU
500 samples done
Optimizing NNI: done in 0.000819073 secs using 344% CPU
Optimizing NNI: done in 0.00085145 secs using 335.1% CPU
Optimizing NNI: done in 0.000800047 secs using 349.9% CPU
Optimizing NNI: done in 0.000763736 secs using 361.6% CPU
Optimizing NNI: done in 0.000723072 secs using 99.85% CPU
Optimizing NNI: done in 0.000733555 secs using 99.79% CPU
Optimizing NNI: done in 0.000818069 secs using 344.3% CPU
Optimizing NNI: done in 0.00080497 secs using 224.9% CPU
Optimizing NNI: done in 0.000804753 secs using 348.4% CPU
Optimizing NNI: done in 0.000827242 secs using 341.5% CPU
Optimizing NNI: done in 0.000733319 secs using 99.55% CPU
Optimizing NNI: done in 0.000786111 secs using 98.71% CPU
Optimizing NNI: done in 0.000825839 secs using 342% CPU
Optimizing NNI: done in 0.000845723 secs using 336% CPU
Optimizing NNI: done in 0.000832372 secs using 340% CPU
Optimizing NNI: done in 0.000861565 secs using 332.1% CPU
Optimizing NNI: done in 0.0010248 secs using 294.8% CPU
Optimizing NNI: done in 0.000813299 secs using 99.35% CPU
Optimizing NNI: done in 0.000893922 secs using 323.6% CPU
Optimizing NNI: done in 0.00088946 secs using 324.7% CPU
Optimizing NNI: done in 0.000833812 secs using 339.8% CPU
Optimizing NNI: done in 0.000799638 secs using 350.2% CPU
Optimizing NNI: done in 0.000897532 secs using 322.7% CPU
Optimizing NNI: done in 0.0010366 secs using 196.8% CPU
Optimizing NNI: done in 0.000859063 secs using 332.7% CPU
Optimizing NNI: done in 0.000777387 secs using 357.2% CPU
Optimizing NNI: done in 0.00194141 secs using 305.9% CPU
Optimizing NNI: done in 0.00214176 secs using 286.6% CPU
Optimizing NNI: done in 0.000785072 secs using 354.5% CPU
Optimizing NNI: done in 0.00134283 secs using 248.8% CPU
Optimizing NNI: done in 0.000797294 secs using 99.84% CPU
Optimizing NNI: done in 0.000808802 secs using 347.1% CPU
Optimizing NNI: done in 0.000847056 secs using 336.1% CPU
Optimizing NNI: done in 0.000892302 secs using 98.73% CPU
Optimizing NNI: done in 0.000761067 secs using 99.86% CPU
Optimizing NNI: done in 0.00147408 secs using 235.4% CPU
Optimizing NNI: done in 0.0012443 secs using 260.5% CPU
Optimizing NNI: done in 0.00074451 secs using 99.93% CPU
Optimizing NNI: done in 0.000750507 secs using 366.3% CPU
Optimizing NNI: done in 0.00072318 secs using 376.4% CPU
Optimizing NNI: done in 0.000676212 secs using 99.97% CPU
Optimizing NNI: done in 0.00077684 secs using 357% CPU
Optimizing NNI: done in 0.000848273 secs using 335.5% CPU
Optimizing NNI: done in 0.000859757 secs using 332.5% CPU
Optimizing NNI: done in 0.000702123 secs using 99.7% CPU
Optimizing NNI: done in 0.000744084 secs using 368.6% CPU
Optimizing NNI: done in 0.000564389 secs using 99.93% CPU
Optimizing NNI: done in 0.000743199 secs using 99.97% CPU
Optimizing NNI: done in 0.000810152 secs using 347% CPU
Optimizing NNI: done in 0.000831096 secs using 340.6% CPU
Optimizing NNI: done in 0.000734181 secs using 372.1% CPU
Optimizing NNI: done in 0.000888534 secs using 324.7% CPU
Optimizing NNI: done in 0.00230401 secs using 273.5% CPU
Optimizing NNI: done in 0.000722635 secs using 376.8% CPU
Optimizing NNI: done in 0.0014934 secs using 233.8% CPU
Optimizing NNI: done in 0.000815345 secs using 99.84% CPU
Optimizing NNI: done in 0.000794953 secs using 98.75% CPU
Optimizing NNI: done in 0.000839283 secs using 99.85% CPU
Optimizing NNI: done in 0.000778814 secs using 99.9% CPU
Optimizing NNI: done in 0.000783531 secs using 355.3% CPU
Optimizing NNI: done in 0.000818548 secs using 222.1% CPU
Optimizing NNI: done in 0.000833935 secs using 339.8% CPU
Optimizing NNI: done in 0.000764709 secs using 361.3% CPU
Optimizing NNI: done in 0.000822172 secs using 343.2% CPU
Optimizing NNI: done in 0.0022573 secs using 232.4% CPU
Optimizing NNI: done in 0.000733447 secs using 99.94% CPU
Optimizing NNI: done in 0.000708513 secs using 381.8% CPU
Optimizing NNI: done in 0.000873819 secs using 328.6% CPU
Optimizing NNI: done in 0.000976174 secs using 304.6% CPU
Optimizing NNI: done in 0.000777527 secs using 357.3% CPU
Optimizing NNI: done in 0.000734489 secs using 372.1% CPU
Optimizing NNI: done in 0.00104872 secs using 288.5% CPU
Optimizing NNI: done in 0.000787419 secs using 227.8% CPU
Optimizing NNI: done in 0.00111663 secs using 278.9% CPU
Optimizing NNI: done in 0.000957458 secs using 308.6% CPU
Optimizing NNI: done in 0.000838703 secs using 99.68% CPU
Optimizing NNI: done in 0.000836378 secs using 338.6% CPU
Optimizing NNI: done in 0.000736858 secs using 99.88% CPU
Optimizing NNI: done in 0.000831005 secs using 99.88% CPU
Optimizing NNI: done in 0.000862078 secs using 331.9% CPU
Optimizing NNI: done in 0.000768412 secs using 360.2% CPU
Optimizing NNI: done in 0.00157605 secs using 353.7% CPU
Optimizing NNI: done in 0.000912912 secs using 319.1% CPU
Optimizing NNI: done in 0.000843234 secs using 336.9% CPU
Optimizing NNI: done in 0.000924833 secs using 316.3% CPU
Optimizing NNI: done in 0.000857222 secs using 333.2% CPU
Optimizing NNI: done in 0.000902187 secs using 321.8% CPU
Optimizing NNI: done in 0.00193875 secs using 306% CPU
Optimizing NNI: done in 0.000834225 secs using 339.7% CPU
Optimizing NNI: done in 0.00082856 secs using 99.57% CPU
Optimizing NNI: done in 0.00132701 secs using 250.6% CPU
Optimizing NNI: done in 0.00157442 secs using 291% CPU
Optimizing NNI: done in 0.000815232 secs using 345.3% CPU
Optimizing NNI: done in 0.000815136 secs using 345.2% CPU
Optimizing NNI: done in 0.000755922 secs using 364.3% CPU
Optimizing NNI: done in 0.0014652 secs using 236.4% CPU
Optimizing NNI: done in 0.000856203 secs using 333.2% CPU
Optimizing NNI: done in 0.000814271 secs using 345.3% CPU
Optimizing NNI: done in 0.0015551 secs using 357.1% CPU
Optimizing NNI: done in 0.000883881 secs using 326.2% CPU
600 samples done
Optimizing NNI: done in 0.00228285 secs using 271.7% CPU
Optimizing NNI: done in 0.000800823 secs using 99.65% CPU
Optimizing NNI: done in 0.000830617 secs using 340.7% CPU
Optimizing NNI: done in 0.000774472 secs using 99.81% CPU
Optimizing NNI: done in 0.000839395 secs using 338.1% CPU
Optimizing NNI: done in 0.000877547 secs using 327.7% CPU
Optimizing NNI: done in 0.000852453 secs using 334.3% CPU
Optimizing NNI: done in 0.000950683 secs using 310% CPU
Optimizing NNI: done in 0.000828261 secs using 341.1% CPU
Optimizing NNI: done in 0.00095647 secs using 309.1% CPU
Optimizing NNI: done in 0.000771272 secs using 359% CPU
Optimizing NNI: done in 0.000875394 secs using 328.5% CPU
Optimizing NNI: done in 0.00085285 secs using 334.3% CPU
Optimizing NNI: done in 0.0014908 secs using 368.2% CPU
Optimizing NNI: done in 0.000828535 secs using 221.1% CPU
Optimizing NNI: done in 0.00136231 secs using 393.7% CPU
Optimizing NNI: done in 0.0008267 secs using 341.6% CPU
Optimizing NNI: done in 0.000883762 secs using 320.1% CPU
Optimizing NNI: done in 0.000889284 secs using 324.4% CPU
Optimizing NNI: done in 0.000922995 secs using 316.6% CPU
Optimizing NNI: done in 0.000895928 secs using 304.4% CPU
Optimizing NNI: done in 0.00145885 secs using 306.3% CPU
Optimizing NNI: done in 0.00159311 secs using 225% CPU
Optimizing NNI: done in 0.000698447 secs using 386.1% CPU
Optimizing NNI: done in 0.000882942 secs using 213.2% CPU
Optimizing NNI: done in 0.000565354 secs using 98.7% CPU
Optimizing NNI: done in 0.000780727 secs using 356.1% CPU
Optimizing NNI: done in 0.000765118 secs using 361.5% CPU
Optimizing NNI: done in 0.000884142 secs using 326.2% CPU
Optimizing NNI: done in 0.00224635 secs using 277.9% CPU
Optimizing NNI: done in 0.000766514 secs using 99.41% CPU
Optimizing NNI: done in 0.000869475 secs using 329.7% CPU
Optimizing NNI: done in 0.000922907 secs using 316.4% CPU
Optimizing NNI: done in 0.000829213 secs using 341.4% CPU
Optimizing NNI: done in 0.000763571 secs using 99.79% CPU
Optimizing NNI: done in 0.000784344 secs using 354.4% CPU
Optimizing NNI: done in 0.000697973 secs using 386.4% CPU
Optimizing NNI: done in 0.000783357 secs using 355.3% CPU
Optimizing NNI: done in 0.000748315 secs using 99.82% CPU
Optimizing NNI: done in 0.000796828 secs using 350.6% CPU
Optimizing NNI: done in 0.000818006 secs using 344.3% CPU
Optimizing NNI: done in 0.000811855 secs using 346.1% CPU
Optimizing NNI: done in 0.00162521 secs using 222.9% CPU
Optimizing NNI: done in 0.000802082 secs using 349% CPU
Optimizing NNI: done in 0.000801091 secs using 99.86% CPU
Optimizing NNI: done in 0.00219938 secs using 372.2% CPU
Optimizing NNI: done in 0.000777911 secs using 357.1% CPU
Optimizing NNI: done in 0.000809267 secs using 347.1% CPU
Optimizing NNI: done in 0.00149964 secs using 366.6% CPU
Optimizing NNI: done in 0.000835242 secs using 99.85% CPU
Optimizing NNI: done in 0.000783892 secs using 354.8% CPU
Optimizing NNI: done in 0.00244278 secs using 345.5% CPU
Optimizing NNI: done in 0.00148892 secs using 234.2% CPU
Optimizing NNI: done in 0.000816107 secs using 344.7% CPU
Optimizing NNI: done in 0.000880845 secs using 327.1% CPU
Optimizing NNI: done in 0.000817524 secs using 344.6% CPU
Optimizing NNI: done in 0.000866467 secs using 330.8% CPU
Optimizing NNI: done in 0.000807188 secs using 347.6% CPU
Optimizing NNI: done in 0.000745285 secs using 99.83% CPU
Optimizing NNI: done in 0.000860633 secs using 332.5% CPU
Optimizing NNI: done in 0.000726566 secs using 375.2% CPU
Optimizing NNI: done in 0.000765009 secs using 361% CPU
Optimizing NNI: done in 0.000776284 secs using 357.3% CPU
Optimizing NNI: done in 0.000956248 secs using 309% CPU
Optimizing NNI: done in 0.000871853 secs using 329.3% CPU
Optimizing NNI: done in 0.000853634 secs using 334.1% CPU
Optimizing NNI: done in 0.000796371 secs using 350.8% CPU
Optimizing NNI: done in 0.00084459 secs using 336.5% CPU
Optimizing NNI: done in 0.000937267 secs using 313.1% CPU
Optimizing NNI: done in 0.000939163 secs using 312.7% CPU
Optimizing NNI: done in 0.000792841 secs using 351.9% CPU
Optimizing NNI: done in 0.001032 secs using 293.7% CPU
Optimizing NNI: done in 0.000801693 secs using 348.9% CPU
Optimizing NNI: done in 0.00222726 secs using 369.2% CPU
Optimizing NNI: done in 0.000750203 secs using 99.84% CPU
Optimizing NNI: done in 0.000871413 secs using 329.4% CPU
Optimizing NNI: done in 0.00082711 secs using 341.8% CPU
Optimizing NNI: done in 0.000879488 secs using 326.7% CPU
Optimizing NNI: done in 0.000889725 secs using 324.7% CPU
Optimizing NNI: done in 0.000807912 secs using 347.4% CPU
Optimizing NNI: done in 0.000766188 secs using 360.6% CPU
Optimizing NNI: done in 0.000939564 secs using 312.7% CPU
Optimizing NNI: done in 0.000849864 secs using 335.2% CPU
Optimizing NNI: done in 0.000945886 secs using 205.5% CPU
Optimizing NNI: done in 0.000909988 secs using 319.6% CPU
Optimizing NNI: done in 0.000796951 secs using 99.63% CPU
Optimizing NNI: done in 0.000730331 secs using 373.7% CPU
Optimizing NNI: done in 0.00080673 secs using 347.8% CPU
Optimizing NNI: done in 0.000808604 secs using 347.1% CPU
Optimizing NNI: done in 0.000787215 secs using 99.85% CPU
Optimizing NNI: done in 0.000797308 secs using 350.7% CPU
Optimizing NNI: done in 0.000598231 secs using 434.3% CPU
Optimizing NNI: done in 0.00105198 secs using 286% CPU
Optimizing NNI: done in 0.00195531 secs using 303.7% CPU
Optimizing NNI: done in 0.00106238 secs using 288% CPU
Optimizing NNI: done in 0.000763054 secs using 361.8% CPU
Optimizing NNI: done in 0.000825399 secs using 99.83% CPU
Optimizing NNI: done in 0.00193473 secs using 203.3% CPU
Optimizing NNI: done in 0.00164086 secs using 343.6% CPU
Optimizing NNI: done in 0.000815194 secs using 344.9% CPU
700 samples done
Optimizing NNI: done in 0.000936142 secs using 313.6% CPU
Optimizing NNI: done in 0.000869117 secs using 99.76% CPU
Optimizing NNI: done in 0.000609189 secs using 98.66% CPU
Optimizing NNI: done in 0.000862955 secs using 99.77% CPU
Optimizing NNI: done in 0.000881427 secs using 326.9% CPU
Optimizing NNI: done in 0.00080426 secs using 224.4% CPU
Optimizing NNI: done in 0.000835454 secs using 339.5% CPU
Optimizing NNI: done in 0.000946997 secs using 311.2% CPU
Optimizing NNI: done in 0.000756124 secs using 364.5% CPU
Optimizing NNI: done in 0.000680488 secs using 393.7% CPU
Optimizing NNI: done in 0.00088157 secs using 326.8% CPU
Optimizing NNI: done in 0.000841 secs using 337.6% CPU
Optimizing NNI: done in 0.000852446 secs using 334.4% CPU
Optimizing NNI: done in 0.000975973 secs using 303.7% CPU
Optimizing NNI: done in 0.000836607 secs using 334.7% CPU
Optimizing NNI: done in 0.000824059 secs using 342.6% CPU
Optimizing NNI: done in 0.000758666 secs using 363.4% CPU
Optimizing NNI: done in 0.000819612 secs using 343.7% CPU
Optimizing NNI: done in 0.00071701 secs using 378.5% CPU
Optimizing NNI: done in 0.000791894 secs using 352.4% CPU
Optimizing NNI: done in 0.000838177 secs using 338.6% CPU
Optimizing NNI: done in 0.000943288 secs using 312% CPU
Optimizing NNI: done in 0.0012578 secs using 258.6% CPU
Optimizing NNI: done in 0.000797459 secs using 98.81% CPU
Optimizing NNI: done in 0.000765076 secs using 361.5% CPU
Optimizing NNI: done in 0.000783984 secs using 228.3% CPU
Optimizing NNI: done in 0.00101415 secs using 296.9% CPU
Optimizing NNI: done in 0.000772683 secs using 358.5% CPU
Optimizing NNI: done in 0.000814599 secs using 345.6% CPU
Optimizing NNI: done in 0.0007963 secs using 350.9% CPU
Optimizing NNI: done in 0.000798839 secs using 99.89% CPU
Optimizing NNI: done in 0.000876646 secs using 98.67% CPU
Optimizing NNI: done in 0.000795176 secs using 351.5% CPU
Optimizing NNI: done in 0.000911029 secs using 319.7% CPU
Optimizing NNI: done in 0.000740691 secs using 99.77% CPU
Optimizing NNI: done in 0.000828068 secs using 341.3% CPU
Optimizing NNI: done in 0.000859347 secs using 98.91% CPU
Optimizing NNI: done in 0.00169944 secs using 217.6% CPU
Optimizing NNI: done in 0.000818128 secs using 344.7% CPU
Optimizing NNI: done in 0.000729551 secs using 373.7% CPU
Optimizing NNI: done in 0.000901515 secs using 320.8% CPU
Optimizing NNI: done in 0.000690657 secs using 385% CPU
Optimizing NNI: done in 0.000828083 secs using 341.5% CPU
Optimizing NNI: done in 0.000926902 secs using 371.8% CPU
Optimizing NNI: done in 0.000795285 secs using 99.84% CPU
Optimizing NNI: done in 0.000982965 secs using 303.3% CPU
Optimizing NNI: done in 0.000734545 secs using 372.3% CPU
Optimizing NNI: done in 0.000814317 secs using 345.3% CPU
Optimizing NNI: done in 0.000724453 secs using 99.25% CPU
Optimizing NNI: done in 0.000746685 secs using 368.3% CPU
Optimizing NNI: done in 0.000917885 secs using 317.9% CPU
Optimizing NNI: done in 0.000788569 secs using 99.8% CPU
Optimizing NNI: done in 0.000893823 secs using 323.4% CPU
Optimizing NNI: done in 0.000919895 secs using 317.3% CPU
Optimizing NNI: done in 0.000782953 secs using 355.1% CPU
Optimizing NNI: done in 0.000798456 secs using 99.94% CPU
Optimizing NNI: done in 0.000709449 secs using 99.8% CPU
Optimizing NNI: done in 0.000521437 secs using 483.5% CPU
Optimizing NNI: done in 0.00097498 secs using 305% CPU
Optimizing NNI: done in 0.000836551 secs using 338.9% CPU
Optimizing NNI: done in 0.000894361 secs using 323.4% CPU
Optimizing NNI: done in 0.000796937 secs using 350.8% CPU
Optimizing NNI: done in 0.00190026 secs using 310.1% CPU
Optimizing NNI: done in 0.000804731 secs using 348.4% CPU
Optimizing NNI: done in 0.000836299 secs using 99.96% CPU
Optimizing NNI: done in 0.000795178 secs using 351.4% CPU
Optimizing NNI: done in 0.000973722 secs using 305.2% CPU
Optimizing NNI: done in 0.000687449 secs using 99.93% CPU
Optimizing NNI: done in 0.000700241 secs using 385.3% CPU
Optimizing NNI: done in 0.000814917 secs using 345.1% CPU
Optimizing NNI: done in 0.000876271 secs using 327.2% CPU
Optimizing NNI: done in 0.000853709 secs using 334% CPU
Optimizing NNI: done in 0.000915451 secs using 318.4% CPU
Optimizing NNI: done in 0.000796422 secs using 350.9% CPU
Optimizing NNI: done in 0.000916848 secs using 317.9% CPU
Optimizing NNI: done in 0.000847564 secs using 335.9% CPU
Optimizing NNI: done in 0.000771472 secs using 359.1% CPU
Optimizing NNI: done in 0.000743507 secs using 99.8% CPU
Optimizing NNI: done in 0.000808562 secs using 347.4% CPU
Optimizing NNI: done in 0.000845077 secs using 336.8% CPU
Optimizing NNI: done in 0.000995018 secs using 300.8% CPU
Optimizing NNI: done in 0.00217689 secs using 283.2% CPU
Optimizing NNI: done in 0.000752703 secs using 365.5% CPU
Optimizing NNI: done in 0.000913032 secs using 318.8% CPU
Optimizing NNI: done in 0.0015173 secs using 363.4% CPU
Optimizing NNI: done in 0.000790559 secs using 352.5% CPU
Optimizing NNI: done in 0.00142605 secs using 380.4% CPU
Optimizing NNI: done in 0.000808365 secs using 347.2% CPU
Optimizing NNI: done in 0.000746807 secs using 99.76% CPU
Optimizing NNI: done in 0.0008253 secs using 99.84% CPU
Optimizing NNI: done in 0.000801416 secs using 349.6% CPU
Optimizing NNI: done in 0.000856503 secs using 333.3% CPU
Optimizing NNI: done in 0.000812563 secs using 345.9% CPU
Optimizing NNI: done in 0.000803033 secs using 348.9% CPU
Optimizing NNI: done in 0.000761182 secs using 362.6% CPU
Optimizing NNI: done in 0.000842849 secs using 99.9% CPU
Optimizing NNI: done in 0.000814294 secs using 99.84% CPU
Optimizing NNI: done in 0.00089231 secs using 212.3% CPU
Optimizing NNI: done in 0.00079623 secs using 351.2% CPU
Optimizing NNI: done in 0.00081097 secs using 346.4% CPU
800 samples done
Optimizing NNI: done in 0.000764379 secs using 361.3% CPU
Optimizing NNI: done in 0.000825751 secs using 99.67% CPU
Optimizing NNI: done in 0.000925617 secs using 316.1% CPU
Optimizing NNI: done in 0.000800099 secs using 349.8% CPU
Optimizing NNI: done in 0.000632508 secs using 416% CPU
Optimizing NNI: done in 0.000906154 secs using 320.5% CPU
Optimizing NNI: done in 0.00079498 secs using 351.5% CPU
Optimizing NNI: done in 0.000707495 secs using 382.3% CPU
Optimizing NNI: done in 0.000738809 secs using 370.3% CPU
Optimizing NNI: done in 0.000764798 secs using 360.9% CPU
Optimizing NNI: done in 0.000865022 secs using 99.42% CPU
Optimizing NNI: done in 0.000844505 secs using 336.6% CPU
Optimizing NNI: done in 0.000772202 secs using 99.84% CPU
Optimizing NNI: done in 0.000932595 secs using 99.83% CPU
Optimizing NNI: done in 0.000808334 secs using 347.1% CPU
Optimizing NNI: done in 0.00218609 secs using 282.8% CPU
Optimizing NNI: done in 0.00222614 secs using 279.7% CPU
Optimizing NNI: done in 0.000840849 secs using 337.8% CPU
Optimizing NNI: done in 0.000752548 secs using 99.93% CPU
Optimizing NNI: done in 0.000855947 secs using 333.4% CPU
Optimizing NNI: done in 0.000909529 secs using 317.3% CPU
Optimizing NNI: done in 0.00137598 secs using 245.1% CPU
Optimizing NNI: done in 0.000735692 secs using 237.1% CPU
Optimizing NNI: done in 0.000817015 secs using 344.5% CPU
Optimizing NNI: done in 0.000778451 secs using 356.5% CPU
Optimizing NNI: done in 0.00203332 secs using 296.4% CPU
Optimizing NNI: done in 0.000836216 secs using 339.1% CPU
Optimizing NNI: done in 0.00075278 secs using 365.7% CPU
Optimizing NNI: done in 0.000856941 secs using 333.3% CPU
Optimizing NNI: done in 0.000780052 secs using 356.3% CPU
Optimizing NNI: done in 0.000826883 secs using 341.9% CPU
Optimizing NNI: done in 0.000758108 secs using 363.5% CPU
Optimizing NNI: done in 0.000921361 secs using 316.7% CPU
Optimizing NNI: done in 0.000657209 secs using 99.06% CPU
Optimizing NNI: done in 0.000770092 secs using 98.82% CPU
Optimizing NNI: done in 0.000852942 secs using 334.7% CPU
Optimizing NNI: done in 0.000853504 secs using 334.2% CPU
Optimizing NNI: done in 0.000874947 secs using 328.6% CPU
Optimizing NNI: done in 0.00150098 secs using 366.4% CPU
Optimizing NNI: done in 0.000793098 secs using 99.86% CPU
Optimizing NNI: done in 0.000743926 secs using 368.9% CPU
Optimizing NNI: done in 0.000843595 secs using 337% CPU
Optimizing NNI: done in 0.000724812 secs using 375.4% CPU
Optimizing NNI: done in 0.00143227 secs using 379% CPU
Optimizing NNI: done in 0.000824744 secs using 222% CPU
Optimizing NNI: done in 0.000749313 secs using 366.3% CPU
Optimizing NNI: done in 0.000909052 secs using 319.7% CPU
Optimizing NNI: done in 0.000730542 secs using 373.6% CPU
Optimizing NNI: done in 0.000726296 secs using 375.3% CPU
Optimizing NNI: done in 0.000800914 secs using 349.5% CPU
Optimizing NNI: done in 0.000795345 secs using 342% CPU
Optimizing NNI: done in 0.000713575 secs using 379.9% CPU
Optimizing NNI: done in 0.000808156 secs using 347.5% CPU
Optimizing NNI: done in 0.000735079 secs using 372.1% CPU
Optimizing NNI: done in 0.000798066 secs using 226% CPU
Optimizing NNI: done in 0.000777879 secs using 357.1% CPU
Optimizing NNI: done in 0.000802075 secs using 349.3% CPU
Optimizing NNI: done in 0.000765994 secs using 361.2% CPU
Optimizing NNI: done in 0.000856174 secs using 333.2% CPU
Optimizing NNI: done in 0.000802896 secs using 99.51% CPU
Optimizing NNI: done in 0.00222003 secs using 280.1% CPU
Optimizing NNI: done in 0.000834034 secs using 339.8% CPU
Optimizing NNI: done in 0.000763436 secs using 231.1% CPU
Optimizing NNI: done in 0.000833353 secs using 340% CPU
Optimizing NNI: done in 0.000715974 secs using 239.7% CPU
Optimizing NNI: done in 0.000848028 secs using 335.7% CPU
Optimizing NNI: done in 0.000735071 secs using 235.9% CPU
Optimizing NNI: done in 0.000788784 secs using 98.89% CPU
Optimizing NNI: done in 0.000778299 secs using 99.7% CPU
Optimizing NNI: done in 0.000814545 secs using 99.93% CPU
Optimizing NNI: done in 0.000787024 secs using 353.7% CPU
Optimizing NNI: done in 0.000677237 secs using 99.82% CPU
Optimizing NNI: done in 0.000758027 secs using 99.86% CPU
Optimizing NNI: done in 0.000864297 secs using 331.1% CPU
Optimizing NNI: done in 0.000864343 secs using 99.84% CPU
Optimizing NNI: done in 0.000823282 secs using 99.84% CPU
Optimizing NNI: done in 0.000874268 secs using 99.85% CPU
Optimizing NNI: done in 0.000832374 secs using 340.2% CPU
Optimizing NNI: done in 0.000759218 secs using 363% CPU
Optimizing NNI: done in 0.000881827 secs using 326.5% CPU
Optimizing NNI: done in 0.000678939 secs using 98.68% CPU
Optimizing NNI: done in 0.000788805 secs using 353.4% CPU
Optimizing NNI: done in 0.000777012 secs using 357.8% CPU
Optimizing NNI: done in 0.000837815 secs using 338.6% CPU
Optimizing NNI: done in 0.000723102 secs using 376.2% CPU
Optimizing NNI: done in 0.00220696 secs using 281% CPU
Optimizing NNI: done in 0.000800201 secs using 349.9% CPU
Optimizing NNI: done in 0.000738633 secs using 370.5% CPU
Optimizing NNI: done in 0.000806653 secs using 99.92% CPU
Optimizing NNI: done in 0.000825061 secs using 99.87% CPU
Optimizing NNI: done in 0.00135032 secs using 396.1% CPU
Optimizing NNI: done in 0.000882477 secs using 326.5% CPU
Optimizing NNI: done in 0.000811912 secs using 345.7% CPU
Optimizing NNI: done in 0.00085957 secs using 216.5% CPU
Optimizing NNI: done in 0.000895502 secs using 323.2% CPU
Optimizing NNI: done in 0.00083964 secs using 338.1% CPU
Optimizing NNI: done in 0.00077551 secs using 357.6% CPU
Optimizing NNI: done in 0.000800336 secs using 349.9% CPU
Optimizing NNI: done in 0.000725551 secs using 375.2% CPU
Optimizing NNI: done in 0.00074387 secs using 368.5% CPU
900 samples done
Optimizing NNI: done in 0.000757823 secs using 363.7% CPU
Optimizing NNI: done in 0.000716356 secs using 99.67% CPU
Optimizing NNI: done in 0.000791824 secs using 99.9% CPU
Optimizing NNI: done in 0.000780262 secs using 355.4% CPU
Optimizing NNI: done in 0.000861422 secs using 332% CPU
Optimizing NNI: done in 0.000882284 secs using 326.5% CPU
Optimizing NNI: done in 0.000738121 secs using 370.5% CPU
Optimizing NNI: done in 0.000837572 secs using 338.8% CPU
Optimizing NNI: done in 0.000782085 secs using 355.5% CPU
Optimizing NNI: done in 0.00224396 secs using 277.8% CPU
Optimizing NNI: done in 0.000804724 secs using 224.8% CPU
Optimizing NNI: done in 0.000695774 secs using 99.6% CPU
Optimizing NNI: done in 0.000844698 secs using 219% CPU
Optimizing NNI: done in 0.00257998 secs using 216% CPU
Optimizing NNI: done in 0.000888619 secs using 324.7% CPU
Optimizing NNI: done in 0.000972136 secs using 305.4% CPU
Optimizing NNI: done in 0.000910929 secs using 319.5% CPU
Optimizing NNI: done in 0.000866403 secs using 330.8% CPU
Optimizing NNI: done in 0.000853586 secs using 334% CPU
Optimizing NNI: done in 0.000915402 secs using 318.7% CPU
Optimizing NNI: done in 0.000911103 secs using 319.4% CPU
Optimizing NNI: done in 0.000761896 secs using 362.4% CPU
Optimizing NNI: done in 0.000868773 secs using 329.5% CPU
Optimizing NNI: done in 0.000885116 secs using 325.9% CPU
Optimizing NNI: done in 0.000864953 secs using 331.2% CPU
Optimizing NNI: done in 0.000685014 secs using 392% CPU
Optimizing NNI: done in 0.000801493 secs using 349.2% CPU
Optimizing NNI: done in 0.000828856 secs using 341.2% CPU
Optimizing NNI: done in 0.00074075 secs using 370% CPU
Optimizing NNI: done in 0.000865039 secs using 330.7% CPU
Optimizing NNI: done in 0.000703473 secs using 383.7% CPU
Optimizing NNI: done in 0.000839835 secs using 337.4% CPU
Optimizing NNI: done in 0.000781075 secs using 99.09% CPU
Optimizing NNI: done in 0.00176492 secs using 326.5% CPU
Optimizing NNI: done in 0.000845625 secs using 336.4% CPU
Optimizing NNI: done in 0.000901033 secs using 321.7% CPU
Optimizing NNI: done in 0.000753722 secs using 365% CPU
Optimizing NNI: done in 0.000781637 secs using 228.5% CPU
Optimizing NNI: done in 0.000861322 secs using 332.2% CPU
Optimizing NNI: done in 0.00238496 secs using 267.4% CPU
Optimizing NNI: done in 0.000923187 secs using 316.4% CPU
Optimizing NNI: done in 0.000845742 secs using 335.9% CPU
Optimizing NNI: done in 0.000861086 secs using 99.76% CPU
Optimizing NNI: done in 0.000779433 secs using 356.2% CPU
Optimizing NNI: done in 0.000740155 secs using 369.8% CPU
Optimizing NNI: done in 0.000834432 secs using 339.2% CPU
Optimizing NNI: done in 0.000654516 secs using 404.9% CPU
Optimizing NNI: done in 0.000788607 secs using 353.3% CPU
Optimizing NNI: done in 0.000800087 secs using 349.7% CPU
Optimizing NNI: done in 0.000826015 secs using 341.6% CPU
Optimizing NNI: done in 0.000878265 secs using 327.6% CPU
Optimizing NNI: done in 0.00221383 secs using 280.4% CPU
Optimizing NNI: done in 0.000860376 secs using 99.49% CPU
Optimizing NNI: done in 0.000826787 secs using 341.4% CPU
Optimizing NNI: done in 0.000808242 secs using 317.4% CPU
Optimizing NNI: done in 0.000847061 secs using 335.9% CPU
Optimizing NNI: done in 0.000811166 secs using 346.4% CPU
Optimizing NNI: done in 0.000752301 secs using 99.83% CPU
Optimizing NNI: done in 0.000814792 secs using 99.9% CPU
Optimizing NNI: done in 0.000777084 secs using 99.86% CPU
Optimizing NNI: done in 0.000716424 secs using 99.94% CPU
Optimizing NNI: done in 0.000862585 secs using 99.82% CPU
Optimizing NNI: done in 0.000698932 secs using 99.87% CPU
Optimizing NNI: done in 0.000771537 secs using 99.8% CPU
Optimizing NNI: done in 0.00072452 secs using 99.93% CPU
Optimizing NNI: done in 0.000848838 secs using 99.78% CPU
Optimizing NNI: done in 0.000741631 secs using 99.78% CPU
Optimizing NNI: done in 0.000762335 secs using 98.64% CPU
Optimizing NNI: done in 0.00072953 secs using 373.8% CPU
Optimizing NNI: done in 0.00083016 secs using 99.86% CPU
Optimizing NNI: done in 0.000570262 secs using 98.55% CPU
Optimizing NNI: done in 0.000858205 secs using 333.4% CPU
Optimizing NNI: done in 0.000754538 secs using 99.93% CPU
Optimizing NNI: done in 0.000871916 secs using 329.3% CPU
Optimizing NNI: done in 0.00094925 secs using 310.7% CPU
Optimizing NNI: done in 0.000871305 secs using 214.7% CPU
Optimizing NNI: done in 0.000885259 secs using 325.7% CPU
Optimizing NNI: done in 0.000745051 secs using 99.86% CPU
Optimizing NNI: done in 0.000815616 secs using 345.1% CPU
Optimizing NNI: done in 0.000846833 secs using 336.3% CPU
Optimizing NNI: done in 0.000736905 secs using 236.1% CPU
Optimizing NNI: done in 0.000715612 secs using 99.77% CPU
Optimizing NNI: done in 0.000777234 secs using 357.3% CPU
Optimizing NNI: done in 0.000810985 secs using 223.6% CPU
Optimizing NNI: done in 0.000815501 secs using 345.1% CPU
Optimizing NNI: done in 0.000764117 secs using 361.5% CPU
Optimizing NNI: done in 0.000799225 secs using 350.1% CPU
Optimizing NNI: done in 0.000838597 secs using 99.45% CPU
Optimizing NNI: done in 0.000854532 secs using 333.7% CPU
Optimizing NNI: done in 0.000835461 secs using 339.2% CPU
Optimizing NNI: done in 0.000838344 secs using 338.4% CPU
Optimizing NNI: done in 0.000763465 secs using 99.68% CPU
Optimizing NNI: done in 0.000833707 secs using 339.6% CPU
Optimizing NNI: done in 0.000842342 secs using 219.6% CPU
Optimizing NNI: done in 0.000737558 secs using 99.11% CPU
Optimizing NNI: done in 0.000818295 secs using 344.7% CPU
Optimizing NNI: done in 0.000832464 secs using 339.8% CPU
Optimizing NNI: done in 0.000872201 secs using 329.2% CPU
Optimizing NNI: done in 0.000787558 secs using 353.8% CPU
Optimizing NNI: done in 0.000897371 secs using 211.8% CPU
1000 samples done
Total 979 ufboot trees refined
TREE SEARCH COMPLETED AFTER 102 ITERATIONS / Time: 0h:0m:28s

--------------------------------------------------------------------
|                    FINALIZING TREE SEARCH                        |
--------------------------------------------------------------------
Performs final model parameters optimization
Estimate model parameters (epsilon = 0.010)
1. Initial log-likelihood: -604.150
Optimal log-likelihood: -604.150
Parameters optimization took 1 rounds (0.001 sec)
BEST SCORE FOUND : -604.150
Creating bootstrap support values...
Split supports printed to NEXUS file 10_alignment_files/part2_alignment.afa.splits.nex
Total tree length: 0.100

Total number of iterations: 102
CPU time used for tree search: 14.839 sec (0h:0m:14s)
Wall-clock time used for tree search: 5.024 sec (0h:0m:5s)
Total CPU time used: 67.964 sec (0h:1m:7s)
Total wall-clock time used: 28.615 sec (0h:0m:28s)
UFBoot trees printed to 10_alignment_files/part2_alignment.afa.ufboot

Computing bootstrap consensus tree...
Reading input file 10_alignment_files/part2_alignment.afa.splits.nex...
12 taxa and 81 splits.
Consensus tree written to 10_alignment_files/part2_alignment.afa.contree
Reading input trees file 10_alignment_files/part2_alignment.afa.contree
Log-likelihood of consensus tree: -604.153

Analysis results written to: 
  IQ-TREE report:                10_alignment_files/part2_alignment.afa.iqtree
  Maximum-likelihood tree:       10_alignment_files/part2_alignment.afa.treefile
  Likelihood distances:          10_alignment_files/part2_alignment.afa.mldist

Ultrafast bootstrap approximation results written to:
  Split support values:          10_alignment_files/part2_alignment.afa.splits.nex
  Consensus tree:                10_alignment_files/part2_alignment.afa.contree
  UFBoot trees:                  10_alignment_files/part2_alignment.afa.ufboot
  Screen log file:               10_alignment_files/part2_alignment.afa.log

Date and Time: Fri Nov 28 12:53:45 2025
