IQ-TREE version 3.0.1 for Linux x86 64-bit built Jul  9 2025
Developed by Bui Quang Minh, Thomas Wong, Nhan Ly-Trong, Huaiyan Ren
Contributed by Lam-Tung Nguyen, Dominik Schrempf, Chris Bielow,
Olga Chernomor, Michael Woodhams, Diep Thi Hoang, Heiko Schmidt

Host:    thecomputer2 (AVX512, FMA3, 31 GB RAM)
Command: iqtree3 -s 9_alignment_files/sampleD_part2_alignment.afa -m MFP -B 1000 -bnni -nt AUTO -redo
Seed:    518005 (Using SPRNG - Scalable Parallel Random Number Generator)
Time:    Thu Nov 20 10:20:12 2025
Kernel:  AVX+FMA - auto-detect threads (8 CPU cores detected)

Reading alignment file 9_alignment_files/sampleD_part2_alignment.afa ... Fasta format detected
Reading fasta file: done in 5.8785e-05 secs using 49.33% CPU
Alignment most likely contains protein sequences
Constructing alignment: done in 0.00026862 secs using 106.5% CPU
Alignment has 12 sequences with 175 columns, 35 distinct patterns
7 parsimony-informative, 3 singleton sites, 165 constant sites
                                     Gap/Ambiguity  Composition  p-value
Analyzing sequences: done in 0.00534799 secs using 573.8% CPU
   1  OR253895.1_Sternotherus_carinatus      0.57%    passed    100.00%
   2  NC_014577.1_Kinosternon_leucostomum    0.57%    passed    100.00%
   3  sampleD_part2                          3.43%    passed    100.00%
   4  JX454980.1_Eretmochelys_imbricata      0.00%    passed    100.00%
   5  JX454979.1_Lepidochelys_olivacea       0.00%    passed    100.00%
   6  NC_018550.1_Natator_depressa           0.00%    passed    100.00%
   7  JX454969.1_Dermochelys_coriacea        0.00%    passed    100.00%
   8  FR694649.1_Caretta_caretta             0.00%    passed    100.00%
   9  JX454976.1_Chelonia_mydas              0.00%    passed    100.00%
  10  JX454982.1_Lepidochelys_kempii         0.00%    passed    100.00%
  11  DQ256378.1_Chelydra_serpentina         0.00%    passed    100.00%
  12  NC_009260.1_Macrochelys_temminckii     0.00%    passed    100.00%
****  TOTAL                                  0.38%  0 sequences failed composition chi2 test (p-value<5%; df=19)
NOTE: NC_018550.1_Natator_depressa is identical to JX454979.1_Lepidochelys_olivacea but kept for subsequent analysis
Checking for duplicate sequences: done in 0.0013826 secs using 750.2% CPU
Identifying sites to remove: done in 5.4178e-05 secs using 99.67% CPU
NOTE: 5 identical sequences (see below) will be ignored for subsequent analysis
NOTE: JX454969.1_Dermochelys_coriacea (identical to JX454979.1_Lepidochelys_olivacea) is ignored but added at the end
NOTE: FR694649.1_Caretta_caretta (identical to JX454979.1_Lepidochelys_olivacea) is ignored but added at the end
NOTE: JX454976.1_Chelonia_mydas (identical to JX454979.1_Lepidochelys_olivacea) is ignored but added at the end
NOTE: JX454982.1_Lepidochelys_kempii (identical to JX454979.1_Lepidochelys_olivacea) is ignored but added at the end
NOTE: DQ256378.1_Chelydra_serpentina (identical to JX454979.1_Lepidochelys_olivacea) is ignored but added at the end
Alignment was printed to 9_alignment_files/sampleD_part2_alignment.afa.uniqueseq.phy

For your convenience alignment with unique sequences printed to 9_alignment_files/sampleD_part2_alignment.afa.uniqueseq.phy


Create initial parsimony tree by phylogenetic likelihood library (PLL)... 0.000 seconds
Measuring multi-threading efficiency up to 8 CPU cores
Increase to 10 rounds for branch lengths
6893 trees examined
Threads: 1 / Time: 8.000 sec / Speedup: 1.000 / Efficiency: 100% / LogL: -621
Threads: 2 / Time: 6.062 sec / Speedup: 1.320 / Efficiency: 66% / LogL: -621
Threads: 3 / Time: 5.345 sec / Speedup: 1.497 / Efficiency: 50% / LogL: -621
Determining AUTO threadcount: done in 19.4079 secs using 184.7% CPU
BEST NUMBER OF THREADS: 2

Perform fast likelihood tree search using LG+I+G model...
Estimate model parameters (epsilon = 5.000)
Perform nearest neighbor interchange...
Optimizing NNI: done in 0.00221972 secs using 189.9% CPU
Estimate model parameters (epsilon = 1.000)
1. Initial log-likelihood: -590.323
Optimal log-likelihood: -590.321
Proportion of invariable sites: 0.468
Gamma shape alpha: 998.447
Parameters optimization took 1 rounds (0.002 sec)
Time for fast ML tree search: 0.008 seconds

NOTE: ModelFinder requires 0 MB RAM!
ModelFinder will test up to 1232 protein models (sample size: 175 epsilon: 0.100) ...
 No. Model         -LnL         df  AIC          AICc         BIC
WARNING: Number of threads seems too high for short alignments. Use -T AUTO to determine best number of threads.
  1  LG            590.064      11  1202.128     1203.748     1236.941
WARNING: Number of threads seems too high for short alignments. Use -T AUTO to determine best number of threads.
  2  LG+I          590.064      12  1204.128     1206.054     1242.106
WARNING: Number of threads seems too high for short alignments. Use -T AUTO to determine best number of threads.
  3  LG+G4         590.064      12  1204.129     1206.055     1242.106
WARNING: Number of threads seems too high for short alignments. Use -T AUTO to determine best number of threads.
  4  LG+I+G4       590.320      13  1206.640     1208.901     1247.782
WARNING: Number of threads seems too high for short alignments. Use -T AUTO to determine best number of threads.
  5  LG+R2         590.064      13  1206.129     1208.389     1247.271
WARNING: Number of threads seems too high for short alignments. Use -T AUTO to determine best number of threads.
  6  LG+R3         590.064      15  1210.128     1213.147     1257.600
WARNING: Number of threads seems too high for short alignments. Use -T AUTO to determine best number of threads.
 14  LG+I+R2       590.321      14  1208.642     1211.267     1252.949
WARNING: Number of threads seems too high for short alignments. Use -T AUTO to determine best number of threads.
 15  LG+I+R3       590.317      16  1212.633     1216.076     1263.270
WARNING: Number of threads seems too high for short alignments. Use -T AUTO to determine best number of threads.
 23  LG+F          551.211      30  1162.421     1175.338     1257.365
WARNING: Number of threads seems too high for short alignments. Use -T AUTO to determine best number of threads.
 24  LG+F+I        551.211      31  1164.421     1178.296     1262.530
WARNING: Number of threads seems too high for short alignments. Use -T AUTO to determine best number of threads.
 25  LG+F+G4       551.211      31  1164.422     1178.296     1262.530
WARNING: Number of threads seems too high for short alignments. Use -T AUTO to determine best number of threads.
 45  WAG           588.355      11  1198.710     1200.330     1233.523
WARNING: Number of threads seems too high for short alignments. Use -T AUTO to determine best number of threads.
 46  WAG+I         588.355      12  1200.710     1202.636     1238.688
WARNING: Number of threads seems too high for short alignments. Use -T AUTO to determine best number of threads.
 47  WAG+G4        588.355      12  1200.711     1202.637     1238.688
WARNING: Number of threads seems too high for short alignments. Use -T AUTO to determine best number of threads.
 67  WAG+F         550.832      30  1161.664     1174.581     1256.608
WARNING: Number of threads seems too high for short alignments. Use -T AUTO to determine best number of threads.
 68  WAG+F+I       550.832      31  1163.664     1177.538     1261.772
WARNING: Number of threads seems too high for short alignments. Use -T AUTO to determine best number of threads.
 69  WAG+F+G4      550.832      31  1163.664     1177.538     1261.773
WARNING: Number of threads seems too high for short alignments. Use -T AUTO to determine best number of threads.
 89  JTT           586.486      11  1194.972     1196.592     1229.785
WARNING: Number of threads seems too high for short alignments. Use -T AUTO to determine best number of threads.
 90  JTT+I         586.486      12  1196.972     1198.898     1234.949
WARNING: Number of threads seems too high for short alignments. Use -T AUTO to determine best number of threads.
 91  JTT+G4        586.486      12  1196.972     1198.898     1234.950
WARNING: Number of threads seems too high for short alignments. Use -T AUTO to determine best number of threads.
111  JTT+F         549.619      30  1159.238     1172.155     1254.182
WARNING: Number of threads seems too high for short alignments. Use -T AUTO to determine best number of threads.
112  JTT+F+I       549.619      31  1161.238     1175.112     1259.346
WARNING: Number of threads seems too high for short alignments. Use -T AUTO to determine best number of threads.
113  JTT+F+G4      549.619      31  1161.239     1175.113     1259.347
WARNING: Number of threads seems too high for short alignments. Use -T AUTO to determine best number of threads.
133  Q.PFAM        589.498      11  1200.995     1202.615     1235.808
WARNING: Number of threads seems too high for short alignments. Use -T AUTO to determine best number of threads.
134  Q.PFAM+I      589.498      12  1202.995     1204.921     1240.973
WARNING: Number of threads seems too high for short alignments. Use -T AUTO to determine best number of threads.
135  Q.PFAM+G4     589.498      12  1202.996     1204.922     1240.973
WARNING: Number of threads seems too high for short alignments. Use -T AUTO to determine best number of threads.
155  Q.PFAM+F      551.141      30  1162.282     1175.198     1257.225
WARNING: Number of threads seems too high for short alignments. Use -T AUTO to determine best number of threads.
156  Q.PFAM+F+I    551.141      31  1164.282     1178.156     1262.390
WARNING: Number of threads seems too high for short alignments. Use -T AUTO to determine best number of threads.
157  Q.PFAM+F+G4   551.141      31  1164.282     1178.156     1262.390
WARNING: Number of threads seems too high for short alignments. Use -T AUTO to determine best number of threads.
177  Q.BIRD        596.921      11  1215.842     1217.461     1250.654
WARNING: Number of threads seems too high for short alignments. Use -T AUTO to determine best number of threads.
178  Q.BIRD+I      596.921      12  1217.842     1219.768     1255.819
WARNING: Number of threads seems too high for short alignments. Use -T AUTO to determine best number of threads.
179  Q.BIRD+G4     596.921      12  1217.842     1219.768     1255.820
WARNING: Number of threads seems too high for short alignments. Use -T AUTO to determine best number of threads.
199  Q.BIRD+F      551.928      30  1163.855     1176.772     1258.799
WARNING: Number of threads seems too high for short alignments. Use -T AUTO to determine best number of threads.
200  Q.BIRD+F+I    551.928      31  1165.855     1179.730     1263.964
WARNING: Number of threads seems too high for short alignments. Use -T AUTO to determine best number of threads.
201  Q.BIRD+F+G4   551.928      31  1165.856     1179.730     1263.964
WARNING: Number of threads seems too high for short alignments. Use -T AUTO to determine best number of threads.
221  Q.MAMMAL      598.297      11  1218.594     1220.213     1253.406
WARNING: Number of threads seems too high for short alignments. Use -T AUTO to determine best number of threads.
222  Q.MAMMAL+I    598.297      12  1220.594     1222.520     1258.571
WARNING: Number of threads seems too high for short alignments. Use -T AUTO to determine best number of threads.
223  Q.MAMMAL+G4   598.297      12  1220.594     1222.520     1258.572
WARNING: Number of threads seems too high for short alignments. Use -T AUTO to determine best number of threads.
243  Q.MAMMAL+F    551.177      30  1162.353     1175.270     1257.297
WARNING: Number of threads seems too high for short alignments. Use -T AUTO to determine best number of threads.
244  Q.MAMMAL+F+I  551.177      31  1164.353     1178.227     1262.462
WARNING: Number of threads seems too high for short alignments. Use -T AUTO to determine best number of threads.
245  Q.MAMMAL+F+G4 551.177      31  1164.354     1178.228     1262.462
WARNING: Number of threads seems too high for short alignments. Use -T AUTO to determine best number of threads.
265  Q.INSECT      598.247      11  1218.494     1220.113     1253.306
WARNING: Number of threads seems too high for short alignments. Use -T AUTO to determine best number of threads.
266  Q.INSECT+I    598.247      12  1220.494     1222.420     1258.471
WARNING: Number of threads seems too high for short alignments. Use -T AUTO to determine best number of threads.
267  Q.INSECT+G4   598.247      12  1220.494     1222.420     1258.472
WARNING: Number of threads seems too high for short alignments. Use -T AUTO to determine best number of threads.
287  Q.INSECT+F    550.682      30  1161.364     1174.281     1256.308
WARNING: Number of threads seems too high for short alignments. Use -T AUTO to determine best number of threads.
288  Q.INSECT+F+I  550.682      31  1163.364     1177.239     1261.473
WARNING: Number of threads seems too high for short alignments. Use -T AUTO to determine best number of threads.
289  Q.INSECT+F+G4 550.682      31  1163.365     1177.239     1261.473
WARNING: Number of threads seems too high for short alignments. Use -T AUTO to determine best number of threads.
309  Q.PLANT       590.318      11  1202.636     1204.255     1237.448
WARNING: Number of threads seems too high for short alignments. Use -T AUTO to determine best number of threads.
310  Q.PLANT+I     590.318      12  1204.636     1206.561     1242.613
WARNING: Number of threads seems too high for short alignments. Use -T AUTO to determine best number of threads.
311  Q.PLANT+G4    590.318      12  1204.636     1206.562     1242.613
WARNING: Number of threads seems too high for short alignments. Use -T AUTO to determine best number of threads.
331  Q.PLANT+F     551.119      30  1162.239     1175.155     1257.182
WARNING: Number of threads seems too high for short alignments. Use -T AUTO to determine best number of threads.
332  Q.PLANT+F+I   551.119      31  1164.239     1178.113     1262.347
WARNING: Number of threads seems too high for short alignments. Use -T AUTO to determine best number of threads.
333  Q.PLANT+F+G4  551.120      31  1164.239     1178.113     1262.347
WARNING: Number of threads seems too high for short alignments. Use -T AUTO to determine best number of threads.
353  Q.YEAST       597.685      11  1217.370     1218.989     1252.182
WARNING: Number of threads seems too high for short alignments. Use -T AUTO to determine best number of threads.
354  Q.YEAST+I     597.685      12  1219.370     1221.295     1257.347
WARNING: Number of threads seems too high for short alignments. Use -T AUTO to determine best number of threads.
355  Q.YEAST+G4    597.685      12  1219.370     1221.296     1257.348
WARNING: Number of threads seems too high for short alignments. Use -T AUTO to determine best number of threads.
375  Q.YEAST+F     550.249      30  1160.498     1173.415     1255.442
WARNING: Number of threads seems too high for short alignments. Use -T AUTO to determine best number of threads.
376  Q.YEAST+F+I   550.249      31  1162.498     1176.372     1260.606
WARNING: Number of threads seems too high for short alignments. Use -T AUTO to determine best number of threads.
377  Q.YEAST+F+G4  550.249      31  1162.498     1176.373     1260.607
WARNING: Number of threads seems too high for short alignments. Use -T AUTO to determine best number of threads.
397  JTTDCMUT      586.772      11  1195.544     1197.163     1230.356
WARNING: Number of threads seems too high for short alignments. Use -T AUTO to determine best number of threads.
398  JTTDCMUT+I    586.772      12  1197.544     1199.469     1235.521
WARNING: Number of threads seems too high for short alignments. Use -T AUTO to determine best number of threads.
399  JTTDCMUT+G4   586.772      12  1197.544     1199.470     1235.521
WARNING: Number of threads seems too high for short alignments. Use -T AUTO to determine best number of threads.
419  JTTDCMUT+F    549.723      30  1159.447     1172.363     1254.390
WARNING: Number of threads seems too high for short alignments. Use -T AUTO to determine best number of threads.
420  JTTDCMUT+F+I  549.723      31  1161.447     1175.321     1259.555
WARNING: Number of threads seems too high for short alignments. Use -T AUTO to determine best number of threads.
421  JTTDCMUT+F+G4 549.723      31  1161.447     1175.321     1259.555
WARNING: Number of threads seems too high for short alignments. Use -T AUTO to determine best number of threads.
441  DCMUT         600.356      11  1222.712     1224.331     1257.524
WARNING: Number of threads seems too high for short alignments. Use -T AUTO to determine best number of threads.
442  DCMUT+I       599.898      12  1223.796     1225.722     1261.773
WARNING: Number of threads seems too high for short alignments. Use -T AUTO to determine best number of threads.
443  DCMUT+G4      599.901      12  1223.802     1225.728     1261.780
WARNING: Number of threads seems too high for short alignments. Use -T AUTO to determine best number of threads.
463  DCMUT+F       554.082      30  1168.163     1181.080     1263.107
WARNING: Number of threads seems too high for short alignments. Use -T AUTO to determine best number of threads.
464  DCMUT+F+I     553.547      31  1169.094     1182.968     1267.202
WARNING: Number of threads seems too high for short alignments. Use -T AUTO to determine best number of threads.
465  DCMUT+F+G4    553.542      31  1169.083     1182.957     1267.191
WARNING: Number of threads seems too high for short alignments. Use -T AUTO to determine best number of threads.
485  VT            588.771      11  1199.543     1201.162     1234.355
WARNING: Number of threads seems too high for short alignments. Use -T AUTO to determine best number of threads.
486  VT+I          588.771      12  1201.543     1203.468     1239.520
WARNING: Number of threads seems too high for short alignments. Use -T AUTO to determine best number of threads.
487  VT+G4         588.772      12  1201.543     1203.469     1239.520
WARNING: Number of threads seems too high for short alignments. Use -T AUTO to determine best number of threads.
507  VT+F          551.260      30  1162.520     1175.437     1257.464
WARNING: Number of threads seems too high for short alignments. Use -T AUTO to determine best number of threads.
508  VT+F+I        551.260      31  1164.520     1178.394     1262.628
WARNING: Number of threads seems too high for short alignments. Use -T AUTO to determine best number of threads.
509  VT+F+G4       551.260      31  1164.521     1178.395     1262.629
WARNING: Number of threads seems too high for short alignments. Use -T AUTO to determine best number of threads.
529  PMB           587.007      11  1196.013     1197.633     1230.826
WARNING: Number of threads seems too high for short alignments. Use -T AUTO to determine best number of threads.
530  PMB+I         587.007      12  1198.013     1199.939     1235.991
WARNING: Number of threads seems too high for short alignments. Use -T AUTO to determine best number of threads.
531  PMB+G4        587.007      12  1198.014     1199.940     1235.991
WARNING: Number of threads seems too high for short alignments. Use -T AUTO to determine best number of threads.
551  PMB+F         554.310      30  1168.619     1181.536     1263.563
WARNING: Number of threads seems too high for short alignments. Use -T AUTO to determine best number of threads.
552  PMB+F+I       554.310      31  1170.619     1184.494     1268.728
WARNING: Number of threads seems too high for short alignments. Use -T AUTO to determine best number of threads.
553  PMB+F+G4      554.310      31  1170.620     1184.494     1268.728
WARNING: Number of threads seems too high for short alignments. Use -T AUTO to determine best number of threads.
573  BLOSUM62      586.228      11  1194.456     1196.076     1229.269
WARNING: Number of threads seems too high for short alignments. Use -T AUTO to determine best number of threads.
574  BLOSUM62+I    586.228      12  1196.456     1198.382     1234.433
WARNING: Number of threads seems too high for short alignments. Use -T AUTO to determine best number of threads.
575  BLOSUM62+G4   586.228      12  1196.456     1198.382     1234.434
WARNING: Number of threads seems too high for short alignments. Use -T AUTO to determine best number of threads.
595  BLOSUM62+F    552.855      30  1165.710     1178.627     1260.654
WARNING: Number of threads seems too high for short alignments. Use -T AUTO to determine best number of threads.
596  BLOSUM62+F+I  552.855      31  1167.710     1181.584     1265.818
WARNING: Number of threads seems too high for short alignments. Use -T AUTO to determine best number of threads.
597  BLOSUM62+F+G4 552.855      31  1167.710     1181.585     1265.819
WARNING: Number of threads seems too high for short alignments. Use -T AUTO to determine best number of threads.
617  DAYHOFF       600.334      11  1222.667     1224.287     1257.480
WARNING: Number of threads seems too high for short alignments. Use -T AUTO to determine best number of threads.
618  DAYHOFF+I     599.875      12  1223.751     1225.677     1261.728
WARNING: Number of threads seems too high for short alignments. Use -T AUTO to determine best number of threads.
619  DAYHOFF+G4    599.879      12  1223.757     1225.683     1261.735
WARNING: Number of threads seems too high for short alignments. Use -T AUTO to determine best number of threads.
639  DAYHOFF+F     554.062      30  1168.125     1181.041     1263.068
WARNING: Number of threads seems too high for short alignments. Use -T AUTO to determine best number of threads.
640  DAYHOFF+F+I   553.528      31  1169.055     1182.930     1267.164
WARNING: Number of threads seems too high for short alignments. Use -T AUTO to determine best number of threads.
641  DAYHOFF+F+G4  553.522      31  1169.044     1182.918     1267.153
WARNING: Number of threads seems too high for short alignments. Use -T AUTO to determine best number of threads.
661  MTREV         563.758      11  1149.516     1151.135     1184.328
WARNING: Number of threads seems too high for short alignments. Use -T AUTO to determine best number of threads.
662  MTREV+I       563.758      12  1151.516     1153.442     1189.493
WARNING: Number of threads seems too high for short alignments. Use -T AUTO to determine best number of threads.
663  MTREV+G4      563.758      12  1151.516     1153.442     1189.493
WARNING: Number of threads seems too high for short alignments. Use -T AUTO to determine best number of threads.
683  MTREV+F       550.646      30  1161.293     1174.209     1256.236
WARNING: Number of threads seems too high for short alignments. Use -T AUTO to determine best number of threads.
684  MTREV+F+I     550.646      31  1163.293     1177.167     1261.401
WARNING: Number of threads seems too high for short alignments. Use -T AUTO to determine best number of threads.
685  MTREV+F+G4    550.646      31  1163.293     1177.167     1261.401
WARNING: Number of threads seems too high for short alignments. Use -T AUTO to determine best number of threads.
705  MTART         567.989      11  1157.978     1159.598     1192.791
WARNING: Number of threads seems too high for short alignments. Use -T AUTO to determine best number of threads.
706  MTART+I       567.835      12  1159.671     1161.597     1197.648
WARNING: Number of threads seems too high for short alignments. Use -T AUTO to determine best number of threads.
707  MTART+G4      567.822      12  1159.644     1161.570     1197.622
WARNING: Number of threads seems too high for short alignments. Use -T AUTO to determine best number of threads.
727  MTART+F       555.805      30  1171.609     1184.526     1266.553
WARNING: Number of threads seems too high for short alignments. Use -T AUTO to determine best number of threads.
728  MTART+F+I     555.628      31  1173.255     1187.130     1271.364
WARNING: Number of threads seems too high for short alignments. Use -T AUTO to determine best number of threads.
729  MTART+F+G4    555.615      31  1173.230     1187.104     1271.338
WARNING: Number of threads seems too high for short alignments. Use -T AUTO to determine best number of threads.
749  MTZOA         561.044      11  1144.088     1145.708     1178.901
WARNING: Number of threads seems too high for short alignments. Use -T AUTO to determine best number of threads.
750  MTZOA+I       561.044      12  1146.088     1148.014     1184.066
WARNING: Number of threads seems too high for short alignments. Use -T AUTO to determine best number of threads.
751  MTZOA+G4      561.044      12  1146.089     1148.014     1184.066
WARNING: Number of threads seems too high for short alignments. Use -T AUTO to determine best number of threads.
771  MTZOA+F       551.610      30  1163.220     1176.137     1258.164
WARNING: Number of threads seems too high for short alignments. Use -T AUTO to determine best number of threads.
772  MTZOA+F+I     551.610      31  1165.220     1179.095     1263.329
WARNING: Number of threads seems too high for short alignments. Use -T AUTO to determine best number of threads.
773  MTZOA+F+G4    551.610      31  1165.221     1179.095     1263.329
WARNING: Number of threads seems too high for short alignments. Use -T AUTO to determine best number of threads.
793  MTMET         571.838      11  1165.676     1167.296     1200.489
WARNING: Number of threads seems too high for short alignments. Use -T AUTO to determine best number of threads.
794  MTMET+I       571.838      12  1167.676     1169.602     1205.654
WARNING: Number of threads seems too high for short alignments. Use -T AUTO to determine best number of threads.
795  MTMET+G4      571.838      12  1167.677     1169.603     1205.654
WARNING: Number of threads seems too high for short alignments. Use -T AUTO to determine best number of threads.
815  MTMET+F       551.436      30  1162.872     1175.789     1257.816
WARNING: Number of threads seems too high for short alignments. Use -T AUTO to determine best number of threads.
816  MTMET+F+I     551.436      31  1164.872     1178.746     1262.981
WARNING: Number of threads seems too high for short alignments. Use -T AUTO to determine best number of threads.
817  MTMET+F+G4    551.436      31  1164.873     1178.747     1262.981
WARNING: Number of threads seems too high for short alignments. Use -T AUTO to determine best number of threads.
837  MTVER         570.878      11  1163.757     1165.376     1198.569
WARNING: Number of threads seems too high for short alignments. Use -T AUTO to determine best number of threads.
838  MTVER+I       570.878      12  1165.757     1167.683     1203.734
WARNING: Number of threads seems too high for short alignments. Use -T AUTO to determine best number of threads.
839  MTVER+G4      570.879      12  1165.757     1167.683     1203.735
WARNING: Number of threads seems too high for short alignments. Use -T AUTO to determine best number of threads.
859  MTVER+F       551.985      30  1163.970     1176.887     1258.913
WARNING: Number of threads seems too high for short alignments. Use -T AUTO to determine best number of threads.
860  MTVER+F+I     551.985      31  1165.970     1179.844     1264.078
WARNING: Number of threads seems too high for short alignments. Use -T AUTO to determine best number of threads.
861  MTVER+F+G4    551.985      31  1165.970     1179.844     1264.079
WARNING: Number of threads seems too high for short alignments. Use -T AUTO to determine best number of threads.
881  MTINV         581.299      11  1184.599     1186.218     1219.411
WARNING: Number of threads seems too high for short alignments. Use -T AUTO to determine best number of threads.
882  MTINV+I       581.299      12  1186.599     1188.525     1224.576
WARNING: Number of threads seems too high for short alignments. Use -T AUTO to determine best number of threads.
883  MTINV+G4      581.299      12  1186.599     1188.525     1224.576
WARNING: Number of threads seems too high for short alignments. Use -T AUTO to determine best number of threads.
903  MTINV+F       551.069      30  1162.138     1175.055     1257.082
WARNING: Number of threads seems too high for short alignments. Use -T AUTO to determine best number of threads.
904  MTINV+F+I     551.069      31  1164.138     1178.012     1262.246
WARNING: Number of threads seems too high for short alignments. Use -T AUTO to determine best number of threads.
905  MTINV+F+G4    551.069      31  1164.138     1178.012     1262.247
WARNING: Number of threads seems too high for short alignments. Use -T AUTO to determine best number of threads.
925  MTMAM         567.197      11  1156.394     1158.013     1191.206
WARNING: Number of threads seems too high for short alignments. Use -T AUTO to determine best number of threads.
926  MTMAM+I       566.686      12  1157.371     1159.297     1195.349
WARNING: Number of threads seems too high for short alignments. Use -T AUTO to determine best number of threads.
927  MTMAM+G4      566.674      12  1157.348     1159.274     1195.325
WARNING: Number of threads seems too high for short alignments. Use -T AUTO to determine best number of threads.
947  MTMAM+F       554.872      30  1169.744     1182.661     1264.688
WARNING: Number of threads seems too high for short alignments. Use -T AUTO to determine best number of threads.
948  MTMAM+F+I     554.269      31  1170.539     1184.413     1268.647
WARNING: Number of threads seems too high for short alignments. Use -T AUTO to determine best number of threads.
949  MTMAM+F+G4    554.256      31  1170.512     1184.386     1268.621
WARNING: Number of threads seems too high for short alignments. Use -T AUTO to determine best number of threads.
969  FLAVI         583.770      11  1189.540     1191.159     1224.352
WARNING: Number of threads seems too high for short alignments. Use -T AUTO to determine best number of threads.
970  FLAVI+I       583.227      12  1190.453     1192.379     1228.431
WARNING: Number of threads seems too high for short alignments. Use -T AUTO to determine best number of threads.
971  FLAVI+G4      583.225      12  1190.449     1192.375     1228.427
WARNING: Number of threads seems too high for short alignments. Use -T AUTO to determine best number of threads.
991  FLAVI+F       556.358      30  1172.716     1185.633     1267.660
WARNING: Number of threads seems too high for short alignments. Use -T AUTO to determine best number of threads.
992  FLAVI+F+I     555.674      31  1173.348     1187.222     1271.456
WARNING: Number of threads seems too high for short alignments. Use -T AUTO to determine best number of threads.
993  FLAVI+F+G4    555.672      31  1173.344     1187.218     1271.452
WARNING: Number of threads seems too high for short alignments. Use -T AUTO to determine best number of threads.
1013  HIVB          598.319      11  1218.638     1220.257     1253.450
WARNING: Number of threads seems too high for short alignments. Use -T AUTO to determine best number of threads.
1014  HIVB+I        598.129      12  1220.257     1222.183     1258.235
WARNING: Number of threads seems too high for short alignments. Use -T AUTO to determine best number of threads.
1015  HIVB+G4       598.137      12  1220.274     1222.200     1258.252
WARNING: Number of threads seems too high for short alignments. Use -T AUTO to determine best number of threads.
1035  HIVB+F        555.883      30  1171.765     1184.682     1266.709
WARNING: Number of threads seems too high for short alignments. Use -T AUTO to determine best number of threads.
1036  HIVB+F+I      555.703      31  1173.406     1187.280     1271.514
WARNING: Number of threads seems too high for short alignments. Use -T AUTO to determine best number of threads.
1037  HIVB+F+G4     555.702      31  1173.404     1187.278     1271.512
WARNING: Number of threads seems too high for short alignments. Use -T AUTO to determine best number of threads.
1057  HIVW          610.368      11  1242.736     1244.356     1277.549
WARNING: Number of threads seems too high for short alignments. Use -T AUTO to determine best number of threads.
1058  HIVW+I        610.155      12  1244.310     1246.236     1282.288
WARNING: Number of threads seems too high for short alignments. Use -T AUTO to determine best number of threads.
1059  HIVW+G4       610.164      12  1244.327     1246.253     1282.305
WARNING: Number of threads seems too high for short alignments. Use -T AUTO to determine best number of threads.
1079  HIVW+F        555.870      30  1171.739     1184.656     1266.683
WARNING: Number of threads seems too high for short alignments. Use -T AUTO to determine best number of threads.
1080  HIVW+F+I      555.613      31  1173.225     1187.099     1271.334
WARNING: Number of threads seems too high for short alignments. Use -T AUTO to determine best number of threads.
1081  HIVW+F+G4     555.615      31  1173.231     1187.105     1271.339
WARNING: Number of threads seems too high for short alignments. Use -T AUTO to determine best number of threads.
1101  FLU           600.507      11  1223.014     1224.634     1257.827
WARNING: Number of threads seems too high for short alignments. Use -T AUTO to determine best number of threads.
1102  FLU+I         600.210      12  1224.420     1226.346     1262.397
WARNING: Number of threads seems too high for short alignments. Use -T AUTO to determine best number of threads.
1103  FLU+G4        600.211      12  1224.422     1226.348     1262.400
WARNING: Number of threads seems too high for short alignments. Use -T AUTO to determine best number of threads.
1123  FLU+F         554.303      30  1168.606     1181.522     1263.549
WARNING: Number of threads seems too high for short alignments. Use -T AUTO to determine best number of threads.
1124  FLU+F+I       553.818      31  1169.635     1183.509     1267.743
WARNING: Number of threads seems too high for short alignments. Use -T AUTO to determine best number of threads.
1125  FLU+F+G4      553.812      31  1169.625     1183.499     1267.733
WARNING: Number of threads seems too high for short alignments. Use -T AUTO to determine best number of threads.
1145  RTREV         592.018      11  1206.036     1207.656     1240.849
WARNING: Number of threads seems too high for short alignments. Use -T AUTO to determine best number of threads.
1146  RTREV+I       592.018      12  1208.036     1209.962     1246.014
WARNING: Number of threads seems too high for short alignments. Use -T AUTO to determine best number of threads.
1147  RTREV+G4      592.018      12  1208.037     1209.963     1246.014
WARNING: Number of threads seems too high for short alignments. Use -T AUTO to determine best number of threads.
1167  RTREV+F       550.669      30  1161.338     1174.255     1256.282
WARNING: Number of threads seems too high for short alignments. Use -T AUTO to determine best number of threads.
1168  RTREV+F+I     550.669      31  1163.338     1177.213     1261.447
WARNING: Number of threads seems too high for short alignments. Use -T AUTO to determine best number of threads.
1169  RTREV+F+G4    550.669      31  1163.339     1177.213     1261.447
WARNING: Number of threads seems too high for short alignments. Use -T AUTO to determine best number of threads.
1189  CPREV         582.937      11  1187.874     1189.494     1222.687
WARNING: Number of threads seems too high for short alignments. Use -T AUTO to determine best number of threads.
1190  CPREV+I       582.937      12  1189.874     1191.800     1227.851
WARNING: Number of threads seems too high for short alignments. Use -T AUTO to determine best number of threads.
1191  CPREV+G4      582.937      12  1189.874     1191.800     1227.852
WARNING: Number of threads seems too high for short alignments. Use -T AUTO to determine best number of threads.
1211  CPREV+F       553.975      30  1167.950     1180.867     1262.894
WARNING: Number of threads seems too high for short alignments. Use -T AUTO to determine best number of threads.
1212  CPREV+F+I     553.975      31  1169.950     1183.825     1268.059
WARNING: Number of threads seems too high for short alignments. Use -T AUTO to determine best number of threads.
1213  CPREV+F+G4    553.975      31  1169.951     1183.825     1268.059
Akaike Information Criterion:           MTZOA
Corrected Akaike Information Criterion: MTZOA
Bayesian Information Criterion:         MTZOA
Best-fit model: MTZOA chosen according to BIC

All model information printed to 9_alignment_files/sampleD_part2_alignment.afa.model.gz
CPU time for ModelFinder: 36.719 seconds (0h:0m:36s)
Wall-clock time for ModelFinder: 19.828 seconds (0h:0m:19s)
WARNING: States(s) C rarely appear in alignment and may cause numerical problems
Generating 1000 samples for ultrafast bootstrap (seed: 518005)...

NOTE: 0 MB RAM (0 GB) is required!
WARNING: Number of threads seems too high for short alignments. Use -T AUTO to determine best number of threads.
Estimate model parameters (epsilon = 0.100)
1. Initial log-likelihood: -561.045
Optimal log-likelihood: -561.044
Parameters optimization took 1 rounds (0.000 sec)
Wrote distance file to... 
Computing ML distances based on estimated model parameters...
Calculating distance matrix: done in 0.00149646 secs using 236.6% CPU
Computing ML distances took 0.001548 sec (of wall-clock time) 0.003595 sec (of CPU time)
Setting up auxiliary I and S matrices: done in 8.1384e-05 secs using 174.5% CPU
Constructing RapidNJ tree: done in 0.000396594 secs using 144% CPU
Computing RapidNJ tree took 0.000537 sec (of wall-clock time) 0.000803 sec (of CPU time)
Log-likelihood of RapidNJ tree: -561.045
--------------------------------------------------------------------
|             INITIALIZING CANDIDATE TREE SET                      |
--------------------------------------------------------------------
Generating 98 parsimony trees... 0.015 second
Computing log-likelihood of 53 initial trees ... 0.012 seconds
Current best score: -561.044

Do NNI search on 20 best initial trees
Optimizing NNI: done in 0.0009923 secs using 200.6% CPU
Estimate model parameters (epsilon = 0.100)
BETTER TREE FOUND at iteration 1: -561.044
Optimizing NNI: done in 0.00125846 secs using 180.1% CPU
Optimizing NNI: done in 0.0012312 secs using 180.9% CPU
Optimizing NNI: done in 0.00111091 secs using 189.8% CPU
Optimizing NNI: done in 0.0014565 secs using 168.5% CPU
Optimizing NNI: done in 0.00111127 secs using 189.9% CPU
Optimizing NNI: done in 0.00144633 secs using 238.2% CPU
Optimizing NNI: done in 0.00113233 secs using 188.1% CPU
Optimizing NNI: done in 0.00123407 secs using 262% CPU
Optimizing NNI: done in 0.00118323 secs using 100.4% CPU
Iteration 10 / LogL: -561.044 / Time: 0h:0m:19s
Optimizing NNI: done in 0.00140447 secs using 242.3% CPU
Optimizing NNI: done in 0.0010665 secs using 193.7% CPU
Optimizing NNI: done in 0.00135729 secs using 173.5% CPU
Optimizing NNI: done in 0.00120147 secs using 266.2% CPU
Optimizing NNI: done in 0.00119965 secs using 100.4% CPU
Optimizing NNI: done in 0.00250654 secs using 219.5% CPU
Optimizing NNI: done in 0.00234593 secs using 185.2% CPU
Optimizing NNI: done in 0.00244087 secs using 222.8% CPU
Optimizing NNI: done in 0.00238287 secs using 183.9% CPU
Optimizing NNI: done in 0.00261067 secs using 176.5% CPU
Iteration 20 / LogL: -561.044 / Time: 0h:0m:19s
Finish initializing candidate tree set (7)
Current best tree score: -561.044 / CPU time: 0.065
Number of iterations: 20
--------------------------------------------------------------------
|               OPTIMIZING CANDIDATE TREE SET                      |
--------------------------------------------------------------------
Optimizing NNI: done in 0.00232187 secs using 229.1% CPU
Optimizing NNI: done in 0.003428 secs using 187.4% CPU
Optimizing NNI: done in 0.00427727 secs using 216.8% CPU
Optimizing NNI: done in 0.00211438 secs using 241.8% CPU
Optimizing NNI: done in 0.00108721 secs using 191.7% CPU
UPDATE BEST LOG-LIKELIHOOD: -561.044
Optimizing NNI: done in 0.00230932 secs using 186.5% CPU
Optimizing NNI: done in 0.00101174 secs using 198.7% CPU
Optimizing NNI: done in 0.00119922 secs using 183.5% CPU
Optimizing NNI: done in 0.00463596 secs using 164.8% CPU
Optimizing NNI: done in 0.00107929 secs using 192.5% CPU
Iteration 30 / LogL: -561.044 / Time: 0h:0m:19s (0h:0m:0s left)
Optimizing NNI: done in 0.00104993 secs using 195.1% CPU
Optimizing NNI: done in 0.00327265 secs using 222.2% CPU
Optimizing NNI: done in 0.00202584 secs using 198.6% CPU
Optimizing NNI: done in 0.00362643 secs using 210.2% CPU
Optimizing NNI: done in 0.00221974 secs using 190% CPU
Optimizing NNI: done in 0.00250398 secs using 179.7% CPU
Optimizing NNI: done in 0.00216118 secs using 189% CPU
Optimizing NNI: done in 0.00122763 secs using 181.2% CPU
Optimizing NNI: done in 0.00216321 secs using 146.4% CPU
Optimizing NNI: done in 0.00149842 secs using 233.2% CPU
Iteration 40 / LogL: -561.044 / Time: 0h:0m:20s (0h:0m:0s left)
Optimizing NNI: done in 0.0013652 secs using 173% CPU
Optimizing NNI: done in 0.00272607 secs using 209.9% CPU
Optimizing NNI: done in 0.00135632 secs using 173.5% CPU
Optimizing NNI: done in 0.00279789 secs using 207.1% CPU
Optimizing NNI: done in 0.00251013 secs using 180.5% CPU
Optimizing NNI: done in 0.00412708 secs using 196.8% CPU
Optimizing NNI: done in 0.00410075 secs using 197.3% CPU
Optimizing NNI: done in 0.00246071 secs using 181.2% CPU
Optimizing NNI: done in 0.00288471 secs using 191.7% CPU
Optimizing NNI: done in 0.00209815 secs using 242.9% CPU
Iteration 50 / LogL: -561.044 / Time: 0h:0m:20s (0h:0m:0s left)
Optimizing NNI: done in 0.00381735 secs using 204.7% CPU
Optimizing NNI: done in 0.00133508 secs using 178.3% CPU
Optimizing NNI: done in 0.00196641 secs using 150.9% CPU
Optimizing NNI: done in 0.00114943 secs using 273.8% CPU
Optimizing NNI: done in 0.00208452 secs using 195.8% CPU
Optimizing NNI: done in 0.00225771 secs using 187.8% CPU
Optimizing NNI: done in 0.00148658 secs using 234.3% CPU
Optimizing NNI: done in 0.00132395 secs using 176.1% CPU
Optimizing NNI: done in 0.00206609 secs using 245.1% CPU
Optimizing NNI: done in 0.00116046 secs using 97.98% CPU
Iteration 60 / LogL: -561.044 / Time: 0h:0m:20s (0h:0m:0s left)
Optimizing NNI: done in 0.00148676 secs using 167.2% CPU
Optimizing NNI: done in 0.00284123 secs using 170.4% CPU
Optimizing NNI: done in 0.00107488 secs using 193% CPU
Optimizing NNI: done in 0.00209877 secs using 193.5% CPU
Optimizing NNI: done in 0.00196559 secs using 201.7% CPU
Optimizing NNI: done in 0.00218559 secs using 191.3% CPU
Optimizing NNI: done in 0.00106428 secs using 193.8% CPU
Optimizing NNI: done in 0.00217882 secs using 192.2% CPU
Optimizing NNI: done in 0.00196167 secs using 201.9% CPU
Optimizing NNI: done in 0.00190408 secs using 204.9% CPU
Iteration 70 / LogL: -561.044 / Time: 0h:0m:20s (0h:0m:0s left)
Optimizing NNI: done in 0.00214882 secs using 192.9% CPU
Optimizing NNI: done in 0.00129313 secs using 254.6% CPU
Optimizing NNI: done in 0.00207448 secs using 244.5% CPU
Optimizing NNI: done in 0.00118415 secs using 184.2% CPU
Optimizing NNI: done in 0.00297928 secs using 200.6% CPU
Optimizing NNI: done in 0.00110982 secs using 190% CPU
Optimizing NNI: done in 0.00112827 secs using 185.2% CPU
Optimizing NNI: done in 0.00212493 secs using 194% CPU
Optimizing NNI: done in 0.00111479 secs using 189.5% CPU
Optimizing NNI: done in 0.00185609 secs using 207.6% CPU
Iteration 80 / LogL: -561.044 / Time: 0h:0m:20s (0h:0m:0s left)
Optimizing NNI: done in 0.00373989 secs using 205.7% CPU
Optimizing NNI: done in 0.0015849 secs using 225.9% CPU
Optimizing NNI: done in 0.00415934 secs using 196.4% CPU
Optimizing NNI: done in 0.00369521 secs using 180.3% CPU
Optimizing NNI: done in 0.00118199 secs using 184.5% CPU
Optimizing NNI: done in 0.00225471 secs using 187.9% CPU
Optimizing NNI: done in 0.00420973 secs using 171.4% CPU
Optimizing NNI: done in 0.00287853 secs using 134.4% CPU
Optimizing NNI: done in 0.00233464 secs using 185.9% CPU
Optimizing NNI: done in 0.00111288 secs using 189.9% CPU
Iteration 90 / LogL: -561.044 / Time: 0h:0m:20s (0h:0m:0s left)
Optimizing NNI: done in 0.0020267 secs using 198.5% CPU
Optimizing NNI: done in 0.00105747 secs using 194.3% CPU
Optimizing NNI: done in 0.00196458 secs using 201.6% CPU
Optimizing NNI: done in 0.00375441 secs using 179.9% CPU
Optimizing NNI: done in 0.00546541 secs using 209.1% CPU
Optimizing NNI: done in 0.00404539 secs using 198.8% CPU
Optimizing NNI: done in 0.0018217 secs using 154.9% CPU
Optimizing NNI: done in 0.00412685 secs using 194.4% CPU
Optimizing NNI: done in 0.00112546 secs using 188.8% CPU
Optimizing NNI: done in 0.00122729 secs using 181% CPU
Iteration 100 / LogL: -561.044 / Time: 0h:0m:20s (0h:0m:0s left)
Optimizing NNI: done in 0.00329669 secs using 191.2% CPU
Optimizing NNI: done in 0.00212344 secs using 194% CPU
Refining ufboot trees with NNI 1 branch...
Optimizing NNI: done in 0.000409071 secs using 344% CPU
Optimizing NNI: done in 0.000384278 secs using 99.41% CPU
Optimizing NNI: done in 0.000408221 secs using 344.7% CPU
Optimizing NNI: done in 0.000440309 secs using 327% CPU
Optimizing NNI: done in 0.000345834 secs using 99.76% CPU
Optimizing NNI: done in 0.000436577 secs using 99.64% CPU
Optimizing NNI: done in 0.000406113 secs using 99.23% CPU
Optimizing NNI: done in 0.000356961 secs using 98.33% CPU
Optimizing NNI: done in 0.000405946 secs using 346.4% CPU
Optimizing NNI: done in 0.000355103 secs using 99.69% CPU
Optimizing NNI: done in 0.00050262 secs using 99.48% CPU
Optimizing NNI: done in 0.000268239 secs using 98.05% CPU
Optimizing NNI: done in 0.000236656 secs using 98.46% CPU
Optimizing NNI: done in 0.000369653 secs using 365.2% CPU
Optimizing NNI: done in 0.00033725 secs using 99.63% CPU
Optimizing NNI: done in 0.000475653 secs using 309.7% CPU
Optimizing NNI: done in 0.000406095 secs using 345.7% CPU
Optimizing NNI: done in 0.000329039 secs using 403.6% CPU
Optimizing NNI: done in 0.0004579 secs using 88.23% CPU
Optimizing NNI: done in 0.000477424 secs using 309.2% CPU
Optimizing NNI: done in 0.000327014 secs using 99.38% CPU
Optimizing NNI: done in 0.000359798 secs using 98.67% CPU
Optimizing NNI: done in 0.000367694 secs using 99.54% CPU
Optimizing NNI: done in 0.000358888 secs using 98.92% CPU
Optimizing NNI: done in 0.000475501 secs using 309.8% CPU
Optimizing NNI: done in 0.00055318 secs using 99.61% CPU
Optimizing NNI: done in 0.000344801 secs using 389.5% CPU
Optimizing NNI: done in 0.000379749 secs using 363.1% CPU
Optimizing NNI: done in 0.000462422 secs using 99.48% CPU
Optimizing NNI: done in 0.00037816 secs using 99.43% CPU
Optimizing NNI: done in 0.000297488 secs using 99.5% CPU
Optimizing NNI: done in 0.000445527 secs using 99.88% CPU
Optimizing NNI: done in 0.00044739 secs using 323.2% CPU
Optimizing NNI: done in 0.000285096 secs using 99.26% CPU
Optimizing NNI: done in 0.000423654 secs using 99.61% CPU
Optimizing NNI: done in 0.000242722 secs using 99.7% CPU
Optimizing NNI: done in 0.000399388 secs using 99.65% CPU
Optimizing NNI: done in 0.000390087 secs using 99.72% CPU
Optimizing NNI: done in 0.000419656 secs using 99.37% CPU
Optimizing NNI: done in 0.000323875 secs using 98.19% CPU
Optimizing NNI: done in 0.000365458 secs using 99.05% CPU
Optimizing NNI: done in 0.000416248 secs using 339.9% CPU
Optimizing NNI: done in 0.000393793 secs using 99.54% CPU
Optimizing NNI: done in 0.000380993 secs using 99.48% CPU
Optimizing NNI: done in 0.00038743 secs using 357.5% CPU
Optimizing NNI: done in 0.000321937 secs using 99.71% CPU
Optimizing NNI: done in 0.000448612 secs using 322.6% CPU
Optimizing NNI: done in 0.000408993 secs using 344% CPU
Optimizing NNI: done in 0.000365634 secs using 99.55% CPU
Optimizing NNI: done in 0.000420131 secs using 337.8% CPU
Optimizing NNI: done in 0.000390236 secs using 99.68% CPU
Optimizing NNI: done in 0.000477892 secs using 99.39% CPU
Optimizing NNI: done in 0.000361918 secs using 99.47% CPU
Optimizing NNI: done in 0.000378665 secs using 99.56% CPU
Optimizing NNI: done in 0.000371261 secs using 369.3% CPU
Optimizing NNI: done in 0.000411845 secs using 98.34% CPU
Optimizing NNI: done in 0.000355794 secs using 99.78% CPU
Optimizing NNI: done in 0.00038652 secs using 358.3% CPU
Optimizing NNI: done in 0.000250691 secs using 497.8% CPU
Optimizing NNI: done in 0.000339759 secs using 393.8% CPU
Optimizing NNI: done in 0.000466224 secs using 314.4% CPU
Optimizing NNI: done in 0.000417068 secs using 99.5% CPU
Optimizing NNI: done in 0.000333271 secs using 99.62% CPU
Optimizing NNI: done in 0.000330645 secs using 99.5% CPU
Optimizing NNI: done in 0.000380259 secs using 362.6% CPU
Optimizing NNI: done in 0.000464409 secs using 99.27% CPU
Optimizing NNI: done in 0.000306579 secs using 99.48% CPU
Optimizing NNI: done in 0.000401058 secs using 99.74% CPU
Optimizing NNI: done in 0.000270836 secs using 99.32% CPU
Optimizing NNI: done in 0.000303197 secs using 99.28% CPU
Optimizing NNI: done in 0.000458034 secs using 99.34% CPU
Optimizing NNI: done in 0.000369989 secs using 99.73% CPU
Optimizing NNI: done in 0.000379188 secs using 363.4% CPU
Optimizing NNI: done in 0.000353056 secs using 382.9% CPU
Optimizing NNI: done in 0.000528587 secs using 286.4% CPU
Optimizing NNI: done in 0.00039542 secs using 352.5% CPU
Optimizing NNI: done in 0.000390774 secs using 99.55% CPU
Optimizing NNI: done in 0.000345212 secs using 389.3% CPU
Optimizing NNI: done in 0.00037852 secs using 99.6% CPU
Optimizing NNI: done in 0.000495209 secs using 301.5% CPU
Optimizing NNI: done in 0.000268566 secs using 99.42% CPU
Optimizing NNI: done in 0.000372727 secs using 368.1% CPU
Optimizing NNI: done in 0.000238362 secs using 99.43% CPU
Optimizing NNI: done in 0.000439745 secs using 99.6% CPU
Optimizing NNI: done in 0.000386646 secs using 358% CPU
Optimizing NNI: done in 0.00039677 secs using 351.8% CPU
Optimizing NNI: done in 0.000337256 secs using 99.92% CPU
Optimizing NNI: done in 0.000415955 secs using 340.2% CPU
Optimizing NNI: done in 0.000484312 secs using 306% CPU
Optimizing NNI: done in 0.000403767 secs using 99.56% CPU
Optimizing NNI: done in 0.000359401 secs using 99.61% CPU
Optimizing NNI: done in 0.000323236 secs using 99.62% CPU
Optimizing NNI: done in 0.000349545 secs using 385.6% CPU
Optimizing NNI: done in 0.000308947 secs using 98.72% CPU
Optimizing NNI: done in 0.000320809 secs using 411.1% CPU
Optimizing NNI: done in 0.000353675 secs using 99.81% CPU
Optimizing NNI: done in 0.00022614 secs using 99.05% CPU
Optimizing NNI: done in 0.000315253 secs using 99.6% CPU
Optimizing NNI: done in 0.000340172 secs using 99.36% CPU
Optimizing NNI: done in 0.000339726 secs using 99.79% CPU
100 samples done
Optimizing NNI: done in 0.000279604 secs using 99.78% CPU
Optimizing NNI: done in 0.000362759 secs using 99.79% CPU
Optimizing NNI: done in 0.000364268 secs using 99.38% CPU
Optimizing NNI: done in 0.000379725 secs using 99.55% CPU
Optimizing NNI: done in 0.000466491 secs using 99.47% CPU
Optimizing NNI: done in 0.000341577 secs using 392.3% CPU
Optimizing NNI: done in 0.000314554 secs using 99.82% CPU
Optimizing NNI: done in 0.000365087 secs using 99.43% CPU
Optimizing NNI: done in 0.000326047 secs using 99.07% CPU
Optimizing NNI: done in 0.000330966 secs using 99.41% CPU
Optimizing NNI: done in 0.000455053 secs using 99.77% CPU
Optimizing NNI: done in 0.000198316 secs using 99.34% CPU
Optimizing NNI: done in 0.000446714 secs using 99.62% CPU
Optimizing NNI: done in 0.000429561 secs using 99.4% CPU
Optimizing NNI: done in 0.000305761 secs using 99.75% CPU
Optimizing NNI: done in 0.000352128 secs using 99.68% CPU
Optimizing NNI: done in 0.00036341 secs using 99.61% CPU
Optimizing NNI: done in 0.000375708 secs using 366% CPU
Optimizing NNI: done in 0.000377207 secs using 99.68% CPU
Optimizing NNI: done in 0.000489149 secs using 99.56% CPU
Optimizing NNI: done in 0.000314541 secs using 99.51% CPU
Optimizing NNI: done in 0.000363979 secs using 374.5% CPU
Optimizing NNI: done in 0.000438312 secs using 328.1% CPU
Optimizing NNI: done in 0.000337877 secs using 395.4% CPU
Optimizing NNI: done in 0.000398848 secs using 350.3% CPU
Optimizing NNI: done in 0.000391803 secs using 99.8% CPU
Optimizing NNI: done in 0.000414521 secs using 99.63% CPU
Optimizing NNI: done in 0.000282781 secs using 99.72% CPU
Optimizing NNI: done in 0.000409972 secs using 99.76% CPU
Optimizing NNI: done in 0.000220253 secs using 99.43% CPU
Optimizing NNI: done in 0.000417873 secs using 338.9% CPU
Optimizing NNI: done in 0.000395018 secs using 352.9% CPU
Optimizing NNI: done in 0.000501496 secs using 299.3% CPU
Optimizing NNI: done in 0.000362805 secs using 375.4% CPU
Optimizing NNI: done in 0.00049279 secs using 298.7% CPU
Optimizing NNI: done in 0.00032566 secs using 99.49% CPU
Optimizing NNI: done in 0.00023285 secs using 99.63% CPU
Optimizing NNI: done in 0.000335298 secs using 99.61% CPU
Optimizing NNI: done in 0.000350747 secs using 99.5% CPU
Optimizing NNI: done in 0.000450737 secs using 99.61% CPU
Optimizing NNI: done in 0.000410303 secs using 343.2% CPU
Optimizing NNI: done in 0.000442682 secs using 99.85% CPU
Optimizing NNI: done in 0.000392269 secs using 99.68% CPU
Optimizing NNI: done in 0.000422598 secs using 336.3% CPU
Optimizing NNI: done in 0.000219428 secs using 99.8% CPU
Optimizing NNI: done in 0.000355363 secs using 99.9% CPU
Optimizing NNI: done in 0.000371722 secs using 99.54% CPU
Optimizing NNI: done in 0.000421954 secs using 99.54% CPU
Optimizing NNI: done in 0.000449255 secs using 99.5% CPU
Optimizing NNI: done in 0.000410513 secs using 343.2% CPU
Optimizing NNI: done in 0.000466013 secs using 306.6% CPU
Optimizing NNI: done in 0.000385534 secs using 99.86% CPU
Optimizing NNI: done in 0.00030822 secs using 424% CPU
Optimizing NNI: done in 0.000321241 secs using 99.61% CPU
Optimizing NNI: done in 0.000329978 secs using 99.7% CPU
Optimizing NNI: done in 0.000234853 secs using 99.21% CPU
Optimizing NNI: done in 0.000464511 secs using 315.2% CPU
Optimizing NNI: done in 0.000393535 secs using 353.5% CPU
Optimizing NNI: done in 0.000327104 secs using 99.66% CPU
Optimizing NNI: done in 0.000214007 secs using 99.53% CPU
Optimizing NNI: done in 0.000345151 secs using 99.67% CPU
Optimizing NNI: done in 0.0003532 secs using 99.66% CPU
Optimizing NNI: done in 0.000312605 secs using 419.4% CPU
Optimizing NNI: done in 0.00032667 secs using 99.49% CPU
Optimizing NNI: done in 0.000321412 secs using 99.87% CPU
Optimizing NNI: done in 0.000342987 secs using 99.71% CPU
Optimizing NNI: done in 0.000352863 secs using 99.47% CPU
Optimizing NNI: done in 0.000331769 secs using 99.47% CPU
Optimizing NNI: done in 0.000459885 secs using 316.6% CPU
Optimizing NNI: done in 0.000410371 secs using 343.6% CPU
Optimizing NNI: done in 0.000348416 secs using 99.59% CPU
Optimizing NNI: done in 0.000461674 secs using 99.64% CPU
Optimizing NNI: done in 0.000368802 secs using 99.51% CPU
Optimizing NNI: done in 0.00034984 secs using 99.76% CPU
Optimizing NNI: done in 0.000443678 secs using 99.62% CPU
Optimizing NNI: done in 0.000343019 secs using 391.2% CPU
Optimizing NNI: done in 0.000441142 secs using 326.4% CPU
Optimizing NNI: done in 0.000411788 secs using 342.4% CPU
Optimizing NNI: done in 0.000359022 secs using 99.72% CPU
Optimizing NNI: done in 0.000243665 secs using 98.5% CPU
Optimizing NNI: done in 0.000438275 secs using 327.6% CPU
Optimizing NNI: done in 0.000247616 secs using 502.8% CPU
Optimizing NNI: done in 0.000423525 secs using 336% CPU
Optimizing NNI: done in 0.000463329 secs using 315.3% CPU
Optimizing NNI: done in 0.000351685 secs using 99.81% CPU
Optimizing NNI: done in 0.000252022 secs using 99.59% CPU
Optimizing NNI: done in 0.000439278 secs using 326.9% CPU
Optimizing NNI: done in 0.000302476 secs using 99.51% CPU
Optimizing NNI: done in 0.000396707 secs using 99.82% CPU
Optimizing NNI: done in 0.000390426 secs using 99.38% CPU
Optimizing NNI: done in 0.000370881 secs using 99.49% CPU
Optimizing NNI: done in 0.000390221 secs using 356.5% CPU
Optimizing NNI: done in 0.000234357 secs using 99.42% CPU
Optimizing NNI: done in 0.000360417 secs using 98.77% CPU
Optimizing NNI: done in 0.000361503 secs using 376.5% CPU
Optimizing NNI: done in 0.000396518 secs using 99.87% CPU
Optimizing NNI: done in 0.000356178 secs using 98.55% CPU
Optimizing NNI: done in 0.000284778 secs using 99.02% CPU
Optimizing NNI: done in 0.000421062 secs using 337.2% CPU
Optimizing NNI: done in 0.000245212 secs using 99.1% CPU
200 samples done
Optimizing NNI: done in 0.000425191 secs using 99.48% CPU
Optimizing NNI: done in 0.000501509 secs using 298.9% CPU
Optimizing NNI: done in 0.000377905 secs using 99.5% CPU
Optimizing NNI: done in 0.000421128 secs using 99.49% CPU
Optimizing NNI: done in 0.000222539 secs using 99.31% CPU
Optimizing NNI: done in 0.000397876 secs using 99.53% CPU
Optimizing NNI: done in 0.000382659 secs using 99.57% CPU
Optimizing NNI: done in 0.000463173 secs using 315.2% CPU
Optimizing NNI: done in 0.00048686 secs using 99.62% CPU
Optimizing NNI: done in 0.000362647 secs using 99.55% CPU
Optimizing NNI: done in 0.000391407 secs using 355.6% CPU
Optimizing NNI: done in 0.000405038 secs using 99.74% CPU
Optimizing NNI: done in 0.000420795 secs using 337% CPU
Optimizing NNI: done in 0.000262732 secs using 99.72% CPU
Optimizing NNI: done in 0.000390665 secs using 355.8% CPU
Optimizing NNI: done in 0.000451487 secs using 99.89% CPU
Optimizing NNI: done in 0.000409171 secs using 344.1% CPU
Optimizing NNI: done in 0.000235647 secs using 99.3% CPU
Optimizing NNI: done in 0.0004884 secs using 304.9% CPU
Optimizing NNI: done in 0.000356503 secs using 99.86% CPU
Optimizing NNI: done in 0.000507354 secs using 99.54% CPU
Optimizing NNI: done in 0.000456234 secs using 318.7% CPU
Optimizing NNI: done in 0.000383179 secs using 99.69% CPU
Optimizing NNI: done in 0.000355384 secs using 99.33% CPU
Optimizing NNI: done in 0.00034987 secs using 98.32% CPU
Optimizing NNI: done in 0.000369877 secs using 99.76% CPU
Optimizing NNI: done in 0.000413606 secs using 99.61% CPU
Optimizing NNI: done in 0.000408506 secs using 344.7% CPU
Optimizing NNI: done in 0.000375823 secs using 99.78% CPU
Optimizing NNI: done in 0.000373131 secs using 99.7% CPU
Optimizing NNI: done in 0.000236048 secs using 521.1% CPU
Optimizing NNI: done in 0.000395175 secs using 99.7% CPU
Optimizing NNI: done in 0.0003976 secs using 99.6% CPU
Optimizing NNI: done in 0.000368034 secs using 98.63% CPU
Optimizing NNI: done in 0.00044968 secs using 98.29% CPU
Optimizing NNI: done in 0.000512595 secs using 294.2% CPU
Optimizing NNI: done in 0.000473897 secs using 99.6% CPU
Optimizing NNI: done in 0.000363295 secs using 99.64% CPU
Optimizing NNI: done in 0.000286208 secs using 447.9% CPU
Optimizing NNI: done in 0.000386751 secs using 99.81% CPU
Optimizing NNI: done in 0.000385651 secs using 99.57% CPU
Optimizing NNI: done in 0.000343978 secs using 99.72% CPU
Optimizing NNI: done in 0.000270105 secs using 470.2% CPU
Optimizing NNI: done in 0.000319121 secs using 413% CPU
Optimizing NNI: done in 0.000285255 secs using 99.21% CPU
Optimizing NNI: done in 0.000375574 secs using 99.85% CPU
Optimizing NNI: done in 0.000342457 secs using 391.9% CPU
Optimizing NNI: done in 0.000309964 secs using 99.69% CPU
Optimizing NNI: done in 0.000442376 secs using 99.46% CPU
Optimizing NNI: done in 0.000528898 secs using 288.5% CPU
Optimizing NNI: done in 0.000448804 secs using 99.6% CPU
Optimizing NNI: done in 0.000465586 secs using 314.7% CPU
Optimizing NNI: done in 0.000342482 secs using 99.57% CPU
Optimizing NNI: done in 0.000392211 secs using 99.44% CPU
Optimizing NNI: done in 0.000341 secs using 393% CPU
Optimizing NNI: done in 0.00034603 secs using 98.26% CPU
Optimizing NNI: done in 0.000269565 secs using 98.31% CPU
Optimizing NNI: done in 0.000374238 secs using 367.1% CPU
Optimizing NNI: done in 0.00049702 secs using 300.6% CPU
Optimizing NNI: done in 0.000317145 secs using 99.32% CPU
Optimizing NNI: done in 0.000395868 secs using 99.53% CPU
Optimizing NNI: done in 0.000205342 secs using 99.35% CPU
Optimizing NNI: done in 0.000341395 secs using 98.42% CPU
Optimizing NNI: done in 0.000272126 secs using 98.85% CPU
Optimizing NNI: done in 0.000376743 secs using 99.54% CPU
Optimizing NNI: done in 0.000368939 secs using 99.2% CPU
Optimizing NNI: done in 0.000372503 secs using 99.6% CPU
Optimizing NNI: done in 0.000313369 secs using 99.56% CPU
Optimizing NNI: done in 0.000357315 secs using 99.63% CPU
Optimizing NNI: done in 0.000268564 secs using 472.1% CPU
Optimizing NNI: done in 0.000357756 secs using 99.51% CPU
Optimizing NNI: done in 0.000337172 secs using 99.65% CPU
Optimizing NNI: done in 0.000486962 secs using 305.2% CPU
Optimizing NNI: done in 0.000352392 secs using 99.6% CPU
Optimizing NNI: done in 0.000233437 secs using 98.96% CPU
Optimizing NNI: done in 0.000393375 secs using 99.65% CPU
Optimizing NNI: done in 0.000341132 secs using 393.4% CPU
Optimizing NNI: done in 0.000436516 secs using 99.65% CPU
Optimizing NNI: done in 0.000375677 secs using 99.55% CPU
Optimizing NNI: done in 0.000399076 secs using 99.73% CPU
Optimizing NNI: done in 0.000303189 secs using 99.94% CPU
Optimizing NNI: done in 0.000435369 secs using 329.6% CPU
Optimizing NNI: done in 0.000326375 secs using 405.7% CPU
Optimizing NNI: done in 0.000387838 secs using 99.53% CPU
Optimizing NNI: done in 0.000421728 secs using 337.2% CPU
Optimizing NNI: done in 0.000333787 secs using 99.76% CPU
Optimizing NNI: done in 0.000341713 secs using 99.5% CPU
Optimizing NNI: done in 0.000430684 secs using 331.6% CPU
Optimizing NNI: done in 0.000270687 secs using 98.27% CPU
Optimizing NNI: done in 0.000323229 secs using 98.38% CPU
Optimizing NNI: done in 0.000349167 secs using 102.2% CPU
Optimizing NNI: done in 0.000302114 secs using 98.97% CPU
Optimizing NNI: done in 0.000365714 secs using 99.26% CPU
Optimizing NNI: done in 0.000347799 secs using 98.33% CPU
Optimizing NNI: done in 0.000444994 secs using 99.55% CPU
Optimizing NNI: done in 0.000325675 secs using 99.79% CPU
Optimizing NNI: done in 0.000344258 secs using 390.4% CPU
Optimizing NNI: done in 0.000470485 secs using 99.47% CPU
Optimizing NNI: done in 0.000372883 secs using 367.7% CPU
Optimizing NNI: done in 0.000354307 secs using 381.9% CPU
300 samples done
Optimizing NNI: done in 0.000456737 secs using 318.6% CPU
Optimizing NNI: done in 0.000480601 secs using 99.67% CPU
Optimizing NNI: done in 0.000387876 secs using 357.1% CPU
Optimizing NNI: done in 0.000353843 secs using 99.76% CPU
Optimizing NNI: done in 0.000231225 secs using 99.47% CPU
Optimizing NNI: done in 0.000310209 secs using 99.93% CPU
Optimizing NNI: done in 0.000382273 secs using 99.67% CPU
Optimizing NNI: done in 0.000425841 secs using 99.57% CPU
Optimizing NNI: done in 0.000447745 secs using 323% CPU
Optimizing NNI: done in 0.000318712 secs using 98.52% CPU
Optimizing NNI: done in 0.000228638 secs using 98.41% CPU
Optimizing NNI: done in 0.000423725 secs using 99.59% CPU
Optimizing NNI: done in 0.000499447 secs using 99.11% CPU
Optimizing NNI: done in 0.000323828 secs using 408.2% CPU
Optimizing NNI: done in 0.000349505 secs using 99.86% CPU
Optimizing NNI: done in 0.000517952 secs using 292.7% CPU
Optimizing NNI: done in 0.000444604 secs using 98.29% CPU
Optimizing NNI: done in 0.000302666 secs using 99.12% CPU
Optimizing NNI: done in 0.000362317 secs using 375.6% CPU
Optimizing NNI: done in 0.000417794 secs using 99.81% CPU
Optimizing NNI: done in 0.000487442 secs using 99.5% CPU
Optimizing NNI: done in 0.000348541 secs using 99.56% CPU
Optimizing NNI: done in 0.000252567 secs using 98.19% CPU
Optimizing NNI: done in 0.000499439 secs using 292.9% CPU
Optimizing NNI: done in 0.000306247 secs using 99.59% CPU
Optimizing NNI: done in 0.000373593 secs using 367.2% CPU
Optimizing NNI: done in 0.000330964 secs using 99.41% CPU
Optimizing NNI: done in 0.000362084 secs using 99.7% CPU
Optimizing NNI: done in 0.000205771 secs using 99.63% CPU
Optimizing NNI: done in 0.000342943 secs using 391.3% CPU
Optimizing NNI: done in 0.000323869 secs using 99.73% CPU
Optimizing NNI: done in 0.000232861 secs using 529.5% CPU
Optimizing NNI: done in 0.000324826 secs using 99.75% CPU
Optimizing NNI: done in 0.000368648 secs using 99.82% CPU
Optimizing NNI: done in 0.000326649 secs using 405.9% CPU
Optimizing NNI: done in 0.000344406 secs using 98.72% CPU
Optimizing NNI: done in 0.000343144 secs using 391.1% CPU
Optimizing NNI: done in 0.000318626 secs using 99.49% CPU
Optimizing NNI: done in 0.000314073 secs using 99.66% CPU
Optimizing NNI: done in 0.000355896 secs using 380.7% CPU
Optimizing NNI: done in 0.0003433 secs using 98.46% CPU
Optimizing NNI: done in 0.000366742 secs using 372.5% CPU
Optimizing NNI: done in 0.000345381 secs using 99.6% CPU
Optimizing NNI: done in 0.000347098 secs using 99.4% CPU
Optimizing NNI: done in 0.000353281 secs using 383% CPU
Optimizing NNI: done in 0.000347042 secs using 99.7% CPU
Optimizing NNI: done in 0.00033952 secs using 394.4% CPU
Optimizing NNI: done in 0.000343973 secs using 99.72% CPU
Optimizing NNI: done in 0.000332575 secs using 99.53% CPU
Optimizing NNI: done in 0.000352173 secs using 383.6% CPU
Optimizing NNI: done in 0.000353948 secs using 99.73% CPU
Optimizing NNI: done in 0.000350603 secs using 384.8% CPU
Optimizing NNI: done in 0.000335718 secs using 99.79% CPU
Optimizing NNI: done in 0.000333802 secs using 99.76% CPU
Optimizing NNI: done in 0.000349396 secs using 386.1% CPU
Optimizing NNI: done in 0.00035548 secs using 99.58% CPU
Optimizing NNI: done in 0.000336613 secs using 397.2% CPU
Optimizing NNI: done in 0.000315864 secs using 99.73% CPU
Optimizing NNI: done in 0.00031639 secs using 99.88% CPU
Optimizing NNI: done in 0.000357799 secs using 102.3% CPU
Optimizing NNI: done in 0.000226551 secs using 98.43% CPU
Optimizing NNI: done in 0.00022889 secs using 98.3% CPU
Optimizing NNI: done in 0.000186519 secs using 98.65% CPU
Optimizing NNI: done in 0.000200262 secs using 98.87% CPU
Optimizing NNI: done in 0.000193796 secs using 98.04% CPU
Optimizing NNI: done in 0.000217012 secs using 98.61% CPU
Optimizing NNI: done in 0.00032291 secs using 409.7% CPU
Optimizing NNI: done in 0.000326892 secs using 99.73% CPU
Optimizing NNI: done in 0.000333022 secs using 99.69% CPU
Optimizing NNI: done in 0.000376855 secs using 98.71% CPU
Optimizing NNI: done in 0.000335174 secs using 98.16% CPU
Optimizing NNI: done in 0.000314308 secs using 99.58% CPU
Optimizing NNI: done in 0.000196946 secs using 99.52% CPU
Optimizing NNI: done in 0.000328819 secs using 403.9% CPU
Optimizing NNI: done in 0.000346874 secs using 99.75% CPU
Optimizing NNI: done in 0.000331489 secs using 401.5% CPU
Optimizing NNI: done in 0.0003548 secs using 99.77% CPU
Optimizing NNI: done in 0.000346353 secs using 99.32% CPU
Optimizing NNI: done in 0.000356573 secs using 380.6% CPU
Optimizing NNI: done in 0.000323842 secs using 99.74% CPU
Optimizing NNI: done in 0.000337649 secs using 395.7% CPU
Optimizing NNI: done in 0.000345244 secs using 99.93% CPU
Optimizing NNI: done in 0.000202282 secs using 99.37% CPU
Optimizing NNI: done in 0.000339 secs using 394.4% CPU
Optimizing NNI: done in 0.000342199 secs using 99.65% CPU
Optimizing NNI: done in 0.000363725 secs using 374.7% CPU
Optimizing NNI: done in 0.000335676 secs using 99.8% CPU
Optimizing NNI: done in 0.000207138 secs using 99.45% CPU
Optimizing NNI: done in 0.000345386 secs using 389.1% CPU
Optimizing NNI: done in 0.000210736 secs using 99.65% CPU
Optimizing NNI: done in 0.000348995 secs using 99.43% CPU
Optimizing NNI: done in 0.000338112 secs using 395.4% CPU
Optimizing NNI: done in 0.000345935 secs using 99.73% CPU
Optimizing NNI: done in 0.000379747 secs using 103.2% CPU
Optimizing NNI: done in 0.000183726 secs using 97.97% CPU
Optimizing NNI: done in 0.000361518 secs using 98.47% CPU
Optimizing NNI: done in 0.000352331 secs using 383.4% CPU
Optimizing NNI: done in 0.000331176 secs using 99.64% CPU
Optimizing NNI: done in 0.000366879 secs using 99.22% CPU
Optimizing NNI: done in 0.000228256 secs using 99.45% CPU
400 samples done
Optimizing NNI: done in 0.000359142 secs using 99.68% CPU
Optimizing NNI: done in 0.000330866 secs using 402% CPU
Optimizing NNI: done in 0.000331194 secs using 99.64% CPU
Optimizing NNI: done in 0.000343329 secs using 99.61% CPU
Optimizing NNI: done in 0.000325261 secs using 99.61% CPU
Optimizing NNI: done in 0.000331585 secs using 99.82% CPU
Optimizing NNI: done in 0.000340107 secs using 394% CPU
Optimizing NNI: done in 0.00033636 secs using 99.6% CPU
Optimizing NNI: done in 0.000205537 secs using 99.74% CPU
Optimizing NNI: done in 0.000349427 secs using 385.8% CPU
Optimizing NNI: done in 0.000200244 secs using 98.38% CPU
Optimizing NNI: done in 0.000320329 secs using 98.34% CPU
Optimizing NNI: done in 0.000317427 secs using 98.29% CPU
Optimizing NNI: done in 0.000222594 secs using 99.28% CPU
Optimizing NNI: done in 0.000346781 secs using 99.77% CPU
Optimizing NNI: done in 0.000342373 secs using 391.4% CPU
Optimizing NNI: done in 0.000344375 secs using 98.44% CPU
Optimizing NNI: done in 0.000209518 secs using 98.32% CPU
Optimizing NNI: done in 0.000218733 secs using 556.8% CPU
Optimizing NNI: done in 0.000197464 secs using 99.26% CPU
Optimizing NNI: done in 0.00034713 secs using 99.67% CPU
Optimizing NNI: done in 0.000226169 secs using 542.1% CPU
Optimizing NNI: done in 0.000332442 secs using 99.57% CPU
Optimizing NNI: done in 0.000361891 secs using 99.75% CPU
Optimizing NNI: done in 0.000325643 secs using 99.8% CPU
Optimizing NNI: done in 0.000339364 secs using 99.89% CPU
Optimizing NNI: done in 0.000336644 secs using 396.9% CPU
Optimizing NNI: done in 0.000338203 secs using 99.94% CPU
Optimizing NNI: done in 0.000321253 secs using 99.61% CPU
Optimizing NNI: done in 0.000226319 secs using 541.3% CPU
Optimizing NNI: done in 0.000330978 secs using 99.7% CPU
Optimizing NNI: done in 0.000209277 secs using 99.39% CPU
Optimizing NNI: done in 0.000335478 secs using 397.9% CPU
Optimizing NNI: done in 0.000328652 secs using 99.5% CPU
Optimizing NNI: done in 0.000357763 secs using 99.23% CPU
Optimizing NNI: done in 0.000220536 secs using 99.3% CPU
Optimizing NNI: done in 0.000329384 secs using 99.88% CPU
Optimizing NNI: done in 0.000340032 secs using 393.8% CPU
Optimizing NNI: done in 0.000329002 secs using 99.7% CPU
Optimizing NNI: done in 0.000216016 secs using 99.53% CPU
Optimizing NNI: done in 0.000345338 secs using 389.2% CPU
Optimizing NNI: done in 0.000358237 secs using 99.93% CPU
Optimizing NNI: done in 0.00033585 secs using 397.8% CPU
Optimizing NNI: done in 0.000314186 secs using 99.94% CPU
Optimizing NNI: done in 0.000337529 secs using 99.84% CPU
Optimizing NNI: done in 0.000331142 secs using 401.6% CPU
Optimizing NNI: done in 0.000341815 secs using 99.76% CPU
Optimizing NNI: done in 0.000337102 secs using 99.67% CPU
Optimizing NNI: done in 0.000342045 secs using 392.1% CPU
Optimizing NNI: done in 0.000206975 secs using 99.53% CPU
Optimizing NNI: done in 0.000213835 secs using 99.61% CPU
Optimizing NNI: done in 0.000324294 secs using 99.6% CPU
Optimizing NNI: done in 0.000332705 secs using 400.4% CPU
Optimizing NNI: done in 0.000193696 secs using 99.12% CPU
Optimizing NNI: done in 0.000336718 secs using 99.49% CPU
Optimizing NNI: done in 0.000345298 secs using 99.91% CPU
Optimizing NNI: done in 0.000350258 secs using 99.64% CPU
Optimizing NNI: done in 0.000197736 secs using 99.63% CPU
Optimizing NNI: done in 0.000352943 secs using 383.3% CPU
Optimizing NNI: done in 0.0003322 secs using 99.64% CPU
Optimizing NNI: done in 0.000333307 secs using 399.9% CPU
Optimizing NNI: done in 0.000332026 secs using 99.69% CPU
Optimizing NNI: done in 0.000213062 secs using 99.03% CPU
Optimizing NNI: done in 0.000353791 secs using 382.1% CPU
Optimizing NNI: done in 0.000343376 secs using 99.89% CPU
Optimizing NNI: done in 0.000336312 secs using 99.61% CPU
Optimizing NNI: done in 0.000340049 secs using 394.1% CPU
Optimizing NNI: done in 0.000190211 secs using 99.36% CPU
Optimizing NNI: done in 0.000201732 secs using 96.66% CPU
Optimizing NNI: done in 0.000338384 secs using 395.4% CPU
Optimizing NNI: done in 0.000342213 secs using 99.94% CPU
Optimizing NNI: done in 0.000365137 secs using 373.6% CPU
Optimizing NNI: done in 0.000330144 secs using 99.65% CPU
Optimizing NNI: done in 0.000194253 secs using 99.87% CPU
Optimizing NNI: done in 0.000357409 secs using 379.7% CPU
Optimizing NNI: done in 0.000355875 secs using 99.75% CPU
Optimizing NNI: done in 0.000326918 secs using 405.3% CPU
Optimizing NNI: done in 0.000220784 secs using 99.64% CPU
Optimizing NNI: done in 0.000367587 secs using 99.84% CPU
Optimizing NNI: done in 0.000345516 secs using 389% CPU
Optimizing NNI: done in 0.000332308 secs using 99.91% CPU
Optimizing NNI: done in 0.000339719 secs using 99.49% CPU
Optimizing NNI: done in 0.00037586 secs using 365.8% CPU
Optimizing NNI: done in 0.000347507 secs using 99.57% CPU
Optimizing NNI: done in 0.00021356 secs using 568% CPU
Optimizing NNI: done in 0.000305055 secs using 99.65% CPU
Optimizing NNI: done in 0.000339049 secs using 99.99% CPU
Optimizing NNI: done in 0.000355734 secs using 380.9% CPU
Optimizing NNI: done in 0.00033747 secs using 99.86% CPU
Optimizing NNI: done in 0.000349423 secs using 385.8% CPU
Optimizing NNI: done in 0.000347443 secs using 99.87% CPU
Optimizing NNI: done in 0.000339062 secs using 99.98% CPU
Optimizing NNI: done in 0.000359743 secs using 377.8% CPU
Optimizing NNI: done in 0.000356694 secs using 99.81% CPU
Optimizing NNI: done in 0.000214737 secs using 565.8% CPU
Optimizing NNI: done in 0.000345439 secs using 99.58% CPU
Optimizing NNI: done in 0.00020871 secs using 99.18% CPU
Optimizing NNI: done in 0.000343759 secs using 99.78% CPU
Optimizing NNI: done in 0.000211391 secs using 99.34% CPU
Optimizing NNI: done in 0.000333064 secs using 99.68% CPU
500 samples done
Optimizing NNI: done in 0.000376108 secs using 99.71% CPU
Optimizing NNI: done in 0.000348334 secs using 99.9% CPU
Optimizing NNI: done in 0.00035444 secs using 99.88% CPU
Optimizing NNI: done in 0.000346202 secs using 99.65% CPU
Optimizing NNI: done in 0.00037365 secs using 99.56% CPU
Optimizing NNI: done in 0.000365794 secs using 98.69% CPU
Optimizing NNI: done in 0.000219975 secs using 98.19% CPU
Optimizing NNI: done in 0.000341598 secs using 99.53% CPU
Optimizing NNI: done in 0.000323361 secs using 99.58% CPU
Optimizing NNI: done in 0.000347621 secs using 387.2% CPU
Optimizing NNI: done in 0.000349462 secs using 99.87% CPU
Optimizing NNI: done in 0.000226929 secs using 540.3% CPU
Optimizing NNI: done in 0.000314846 secs using 99.73% CPU
Optimizing NNI: done in 0.000208715 secs using 99.66% CPU
Optimizing NNI: done in 0.00022327 secs using 99.43% CPU
Optimizing NNI: done in 0.000330787 secs using 99.46% CPU
Optimizing NNI: done in 0.000365994 secs using 373% CPU
Optimizing NNI: done in 0.000352464 secs using 98.73% CPU
Optimizing NNI: done in 0.00035319 secs using 382.5% CPU
Optimizing NNI: done in 0.000342573 secs using 99.83% CPU
Optimizing NNI: done in 0.000341078 secs using 392.6% CPU
Optimizing NNI: done in 0.000368884 secs using 99.49% CPU
Optimizing NNI: done in 0.000346341 secs using 99.61% CPU
Optimizing NNI: done in 0.000237744 secs using 98% CPU
Optimizing NNI: done in 0.000372395 secs using 368.2% CPU
Optimizing NNI: done in 0.000356674 secs using 380.2% CPU
Optimizing NNI: done in 0.000361183 secs using 98.56% CPU
Optimizing NNI: done in 0.000350113 secs using 385.3% CPU
Optimizing NNI: done in 0.000335194 secs using 98.45% CPU
Optimizing NNI: done in 0.000344116 secs using 98.22% CPU
Optimizing NNI: done in 0.00036057 secs using 373.3% CPU
Optimizing NNI: done in 0.000332818 secs using 97.95% CPU
Optimizing NNI: done in 0.000357495 secs using 98.46% CPU
Optimizing NNI: done in 0.000366565 secs using 368% CPU
Optimizing NNI: done in 0.000345617 secs using 99.53% CPU
Optimizing NNI: done in 0.000340436 secs using 99.28% CPU
Optimizing NNI: done in 0.000337698 secs using 99.2% CPU
Optimizing NNI: done in 0.000332704 secs using 98.59% CPU
Optimizing NNI: done in 0.000358941 secs using 99.46% CPU
Optimizing NNI: done in 0.000358856 secs using 374.2% CPU
Optimizing NNI: done in 0.000351565 secs using 99.55% CPU
Optimizing NNI: done in 0.00034663 secs using 99.53% CPU
Optimizing NNI: done in 0.000352056 secs using 99.7% CPU
Optimizing NNI: done in 0.000358183 secs using 99.67% CPU
Optimizing NNI: done in 0.000352702 secs using 383.3% CPU
Optimizing NNI: done in 0.00021075 secs using 99.64% CPU
Optimizing NNI: done in 0.000338172 secs using 99.95% CPU
Optimizing NNI: done in 0.000332683 secs using 99.79% CPU
Optimizing NNI: done in 0.000341009 secs using 99.7% CPU
Optimizing NNI: done in 0.000321645 secs using 99.8% CPU
Optimizing NNI: done in 0.000350538 secs using 99.56% CPU
Optimizing NNI: done in 0.000351043 secs using 99.7% CPU
Optimizing NNI: done in 0.000359703 secs using 99.8% CPU
Optimizing NNI: done in 0.000310376 secs using 422.1% CPU
Optimizing NNI: done in 0.000321413 secs using 99.56% CPU
Optimizing NNI: done in 0.000370092 secs using 369.9% CPU
Optimizing NNI: done in 0.000328786 secs using 98.54% CPU
Optimizing NNI: done in 0.00031287 secs using 98.44% CPU
Optimizing NNI: done in 0.000353038 secs using 382.1% CPU
Optimizing NNI: done in 0.000349983 secs using 99.43% CPU
Optimizing NNI: done in 0.000360318 secs using 377.2% CPU
Optimizing NNI: done in 0.000355014 secs using 99.71% CPU
Optimizing NNI: done in 0.000368798 secs using 370.9% CPU
Optimizing NNI: done in 0.000349313 secs using 99.62% CPU
Optimizing NNI: done in 0.000334169 secs using 399.2% CPU
Optimizing NNI: done in 0.000328849 secs using 99.74% CPU
Optimizing NNI: done in 0.000335915 secs using 397.4% CPU
Optimizing NNI: done in 0.000333495 secs using 99.85% CPU
Optimizing NNI: done in 0.000216799 secs using 99.17% CPU
Optimizing NNI: done in 0.000311309 secs using 99.58% CPU
Optimizing NNI: done in 0.000419002 secs using 338.4% CPU
Optimizing NNI: done in 0.000353495 secs using 99.86% CPU
Optimizing NNI: done in 0.00047735 secs using 99.51% CPU
Optimizing NNI: done in 0.000423485 secs using 336.7% CPU
Optimizing NNI: done in 0.000224826 secs using 99.63% CPU
Optimizing NNI: done in 0.0003641 secs using 99.42% CPU
Optimizing NNI: done in 0.00024941 secs using 99.43% CPU
Optimizing NNI: done in 0.000328598 secs using 99.21% CPU
Optimizing NNI: done in 0.000346899 secs using 99.16% CPU
Optimizing NNI: done in 0.000312187 secs using 419.9% CPU
Optimizing NNI: done in 0.000312947 secs using 99.7% CPU
Optimizing NNI: done in 0.000479589 secs using 308.2% CPU
Optimizing NNI: done in 0.000215076 secs using 99.03% CPU
Optimizing NNI: done in 0.000339719 secs using 99.49% CPU
Optimizing NNI: done in 0.000285079 secs using 99.62% CPU
Optimizing NNI: done in 0.000488175 secs using 304.4% CPU
Optimizing NNI: done in 0.000380832 secs using 99.52% CPU
Optimizing NNI: done in 0.000270188 secs using 99.56% CPU
Optimizing NNI: done in 0.000345496 secs using 388.7% CPU
Optimizing NNI: done in 0.00035162 secs using 105.8% CPU
Optimizing NNI: done in 0.000493954 secs using 301.4% CPU
Optimizing NNI: done in 0.000311191 secs using 99.62% CPU
Optimizing NNI: done in 0.000475296 secs using 309.5% CPU
Optimizing NNI: done in 0.000430502 secs using 102.4% CPU
Optimizing NNI: done in 0.00038833 secs using 98.37% CPU
Optimizing NNI: done in 0.000432016 secs using 330.5% CPU
Optimizing NNI: done in 0.000334597 secs using 99.82% CPU
Optimizing NNI: done in 0.00022546 secs using 99.35% CPU
Optimizing NNI: done in 0.000267242 secs using 99.54% CPU
Optimizing NNI: done in 0.000451191 secs using 98.85% CPU
600 samples done
Optimizing NNI: done in 0.000349158 secs using 385.8% CPU
Optimizing NNI: done in 0.00046041 secs using 99.26% CPU
Optimizing NNI: done in 0.000371147 secs using 99.69% CPU
Optimizing NNI: done in 0.000402735 secs using 347.6% CPU
Optimizing NNI: done in 0.000383209 secs using 99.68% CPU
Optimizing NNI: done in 0.000406193 secs using 99.46% CPU
Optimizing NNI: done in 0.000377483 secs using 99.87% CPU
Optimizing NNI: done in 0.000386546 secs using 99.6% CPU
Optimizing NNI: done in 0.000468965 secs using 313.2% CPU
Optimizing NNI: done in 0.00026401 secs using 98.86% CPU
Optimizing NNI: done in 0.000464093 secs using 99.33% CPU
Optimizing NNI: done in 0.000497879 secs using 98.22% CPU
Optimizing NNI: done in 0.000384966 secs using 99.49% CPU
Optimizing NNI: done in 0.000411076 secs using 98.28% CPU
Optimizing NNI: done in 0.000257246 secs using 99.13% CPU
Optimizing NNI: done in 0.000405829 secs using 346% CPU
Optimizing NNI: done in 0.000258783 secs using 98.15% CPU
Optimizing NNI: done in 0.000431382 secs using 98.75% CPU
Optimizing NNI: done in 0.000399184 secs using 98.95% CPU
Optimizing NNI: done in 0.000404358 secs using 99.66% CPU
Optimizing NNI: done in 0.000392416 secs using 99.38% CPU
Optimizing NNI: done in 0.000390981 secs using 355.3% CPU
Optimizing NNI: done in 0.000260787 secs using 97.78% CPU
Optimizing NNI: done in 0.000270435 secs using 99.1% CPU
Optimizing NNI: done in 0.000371981 secs using 368.8% CPU
Optimizing NNI: done in 0.000474673 secs using 310.3% CPU
Optimizing NNI: done in 0.000456573 secs using 318.5% CPU
Optimizing NNI: done in 0.000337779 secs using 99.77% CPU
Optimizing NNI: done in 0.000403439 secs using 99.64% CPU
Optimizing NNI: done in 0.00032017 secs using 98.39% CPU
Optimizing NNI: done in 0.000397322 secs using 98.41% CPU
Optimizing NNI: done in 0.000411388 secs using 99.42% CPU
Optimizing NNI: done in 0.000391683 secs using 98.8% CPU
Optimizing NNI: done in 0.000344679 secs using 389.6% CPU
Optimizing NNI: done in 0.000303504 secs using 99.5% CPU
Optimizing NNI: done in 0.000383329 secs using 99.65% CPU
Optimizing NNI: done in 0.000430729 secs using 331.5% CPU
Optimizing NNI: done in 0.000357698 secs using 99.53% CPU
Optimizing NNI: done in 0.000326291 secs using 99.3% CPU
Optimizing NNI: done in 0.0002585 secs using 103.7% CPU
Optimizing NNI: done in 0.000404659 secs using 346.7% CPU
Optimizing NNI: done in 0.00031006 secs using 99.34% CPU
Optimizing NNI: done in 0.000334376 secs using 98.99% CPU
Optimizing NNI: done in 0.000360486 secs using 98.48% CPU
Optimizing NNI: done in 0.000356798 secs using 380% CPU
Optimizing NNI: done in 0.000468999 secs using 313% CPU
Optimizing NNI: done in 0.000287978 secs using 99.31% CPU
Optimizing NNI: done in 0.000420001 secs using 99.52% CPU
Optimizing NNI: done in 0.00031931 secs using 99.59% CPU
Optimizing NNI: done in 0.000351249 secs using 384.6% CPU
Optimizing NNI: done in 0.000450157 secs using 99.52% CPU
Optimizing NNI: done in 0.000358265 secs using 99.65% CPU
Optimizing NNI: done in 0.000398714 secs using 350.4% CPU
Optimizing NNI: done in 0.000337918 secs using 395.7% CPU
Optimizing NNI: done in 0.000536939 secs using 99.64% CPU
Optimizing NNI: done in 0.000378267 secs using 364% CPU
Optimizing NNI: done in 0.000368588 secs using 98.48% CPU
Optimizing NNI: done in 0.000492519 secs using 98.88% CPU
Optimizing NNI: done in 0.000366092 secs using 99.16% CPU
Optimizing NNI: done in 0.000366949 secs using 99.74% CPU
Optimizing NNI: done in 0.000409368 secs using 99.18% CPU
Optimizing NNI: done in 0.000320339 secs using 99.58% CPU
Optimizing NNI: done in 0.000391838 secs using 355.2% CPU
Optimizing NNI: done in 0.000396639 secs using 352% CPU
Optimizing NNI: done in 0.000399842 secs using 99.54% CPU
Optimizing NNI: done in 0.000364911 secs using 99.2% CPU
Optimizing NNI: done in 0.000528183 secs using 288.9% CPU
Optimizing NNI: done in 0.00035118 secs using 98.52% CPU
Optimizing NNI: done in 0.000235036 secs using 98.28% CPU
Optimizing NNI: done in 0.000417242 secs using 339.4% CPU
Optimizing NNI: done in 0.000394813 secs using 352.3% CPU
Optimizing NNI: done in 0.000361572 secs using 99.84% CPU
Optimizing NNI: done in 0.000325996 secs using 99.69% CPU
Optimizing NNI: done in 0.000381406 secs using 99.63% CPU
Optimizing NNI: done in 0.000419164 secs using 99.25% CPU
Optimizing NNI: done in 0.000356495 secs using 380.1% CPU
Optimizing NNI: done in 0.000361556 secs using 99.85% CPU
Optimizing NNI: done in 0.000416791 secs using 91.41% CPU
Optimizing NNI: done in 0.000358367 secs using 378.9% CPU
Optimizing NNI: done in 0.000386618 secs using 99.32% CPU
Optimizing NNI: done in 0.000273559 secs using 99.8% CPU
Optimizing NNI: done in 0.000353872 secs using 99.47% CPU
Optimizing NNI: done in 0.000236898 secs using 99.62% CPU
Optimizing NNI: done in 0.000340535 secs using 99.84% CPU
Optimizing NNI: done in 0.000256405 secs using 99.45% CPU
Optimizing NNI: done in 0.000344591 secs using 99.83% CPU
Optimizing NNI: done in 0.000406866 secs using 99.54% CPU
Optimizing NNI: done in 0.000239918 secs using 99.62% CPU
Optimizing NNI: done in 0.000294775 secs using 439.7% CPU
Optimizing NNI: done in 0.000349159 secs using 99.38% CPU
Optimizing NNI: done in 0.00034293 secs using 391.3% CPU
Optimizing NNI: done in 0.000511747 secs using 295.3% CPU
Optimizing NNI: done in 0.000313911 secs using 418.3% CPU
Optimizing NNI: done in 0.00042709 secs using 99.51% CPU
Optimizing NNI: done in 0.000453251 secs using 319.7% CPU
Optimizing NNI: done in 0.000481686 secs using 99.44% CPU
Optimizing NNI: done in 0.000582941 secs using 99.5% CPU
Optimizing NNI: done in 0.000516328 secs using 293.2% CPU
Optimizing NNI: done in 0.000466077 secs using 99.34% CPU
Optimizing NNI: done in 0.000484478 secs using 99.49% CPU
700 samples done
Optimizing NNI: done in 0.000460242 secs using 99.51% CPU
Optimizing NNI: done in 0.000579938 secs using 91.91% CPU
Optimizing NNI: done in 0.000511922 secs using 98.26% CPU
Optimizing NNI: done in 0.000494507 secs using 99.49% CPU
Optimizing NNI: done in 0.000436478 secs using 99.43% CPU
Optimizing NNI: done in 0.000473516 secs using 99.47% CPU
Optimizing NNI: done in 0.000478014 secs using 98.95% CPU
Optimizing NNI: done in 0.00030242 secs using 99.2% CPU
Optimizing NNI: done in 0.000275711 secs using 461.7% CPU
Optimizing NNI: done in 0.000401419 secs using 348.5% CPU
Optimizing NNI: done in 0.000453543 secs using 101% CPU
Optimizing NNI: done in 0.000444655 secs using 324.3% CPU
Optimizing NNI: done in 0.000432001 secs using 331% CPU
Optimizing NNI: done in 0.000354404 secs using 99.89% CPU
Optimizing NNI: done in 0.000445157 secs using 99.74% CPU
Optimizing NNI: done in 0.000399978 secs using 99.51% CPU
Optimizing NNI: done in 0.000398707 secs using 99.57% CPU
Optimizing NNI: done in 0.000349867 secs using 99.75% CPU
Optimizing NNI: done in 0.000361945 secs using 375.7% CPU
Optimizing NNI: done in 0.000432581 secs using 330.8% CPU
Optimizing NNI: done in 0.000339343 secs using 99.6% CPU
Optimizing NNI: done in 0.000347157 secs using 99.67% CPU
Optimizing NNI: done in 0.000434855 secs using 99.57% CPU
Optimizing NNI: done in 0.000313984 secs using 99.69% CPU
Optimizing NNI: done in 0.00040642 secs using 101.9% CPU
Optimizing NNI: done in 0.000240103 secs using 98.29% CPU
Optimizing NNI: done in 0.000340857 secs using 98.28% CPU
Optimizing NNI: done in 0.000378886 secs using 364% CPU
Optimizing NNI: done in 0.000243844 secs using 99.24% CPU
Optimizing NNI: done in 0.000396122 secs using 349.6% CPU
Optimizing NNI: done in 0.000253698 secs using 493.1% CPU
Optimizing NNI: done in 0.00034393 secs using 390.5% CPU
Optimizing NNI: done in 0.000399387 secs using 99.4% CPU
Optimizing NNI: done in 0.000421562 secs using 99.39% CPU
Optimizing NNI: done in 0.000390332 secs using 99.66% CPU
Optimizing NNI: done in 0.000228179 secs using 99.48% CPU
Optimizing NNI: done in 0.000332881 secs using 99.43% CPU
Optimizing NNI: done in 0.000387418 secs using 99.63% CPU
Optimizing NNI: done in 0.000414436 secs using 98.21% CPU
Optimizing NNI: done in 0.000390026 secs using 99.48% CPU
Optimizing NNI: done in 0.000241788 secs using 99.26% CPU
Optimizing NNI: done in 0.000377701 secs using 364% CPU
Optimizing NNI: done in 0.000463179 secs using 315.6% CPU
Optimizing NNI: done in 0.00042908 secs using 332.6% CPU
Optimizing NNI: done in 0.000351626 secs using 383.6% CPU
Optimizing NNI: done in 0.000273667 secs using 98.66% CPU
Optimizing NNI: done in 0.000420071 secs using 98.55% CPU
Optimizing NNI: done in 0.000453651 secs using 99.2% CPU
Optimizing NNI: done in 0.000441567 secs using 325% CPU
Optimizing NNI: done in 0.000298856 secs using 434.3% CPU
Optimizing NNI: done in 0.000391922 secs using 99.76% CPU
Optimizing NNI: done in 0.000359236 secs using 99.66% CPU
Optimizing NNI: done in 0.000373011 secs using 99.73% CPU
Optimizing NNI: done in 0.000485845 secs using 99.62% CPU
Optimizing NNI: done in 0.000345239 secs using 99.64% CPU
Optimizing NNI: done in 0.000382612 secs using 99.84% CPU
Optimizing NNI: done in 0.000386246 secs using 99.68% CPU
Optimizing NNI: done in 0.000328476 secs using 98.33% CPU
Optimizing NNI: done in 0.000277736 secs using 99.37% CPU
Optimizing NNI: done in 0.000237129 secs using 99.52% CPU
Optimizing NNI: done in 0.000232498 secs using 99.79% CPU
Optimizing NNI: done in 0.000329086 secs using 99.97% CPU
Optimizing NNI: done in 0.00045592 secs using 99.58% CPU
Optimizing NNI: done in 0.000580975 secs using 271.8% CPU
Optimizing NNI: done in 0.000427156 secs using 99.03% CPU
Optimizing NNI: done in 0.0003699 secs using 98.68% CPU
Optimizing NNI: done in 0.000344688 secs using 98.93% CPU
Optimizing NNI: done in 0.000304917 secs using 99.7% CPU
Optimizing NNI: done in 0.000362425 secs using 99.61% CPU
Optimizing NNI: done in 0.00034535 secs using 99.03% CPU
Optimizing NNI: done in 0.000250153 secs using 99.54% CPU
Optimizing NNI: done in 0.000359548 secs using 99.85% CPU
Optimizing NNI: done in 0.000412808 secs using 99.8% CPU
Optimizing NNI: done in 0.00037153 secs using 99.59% CPU
Optimizing NNI: done in 0.000368791 secs using 370.9% CPU
Optimizing NNI: done in 0.000351052 secs using 99.7% CPU
Optimizing NNI: done in 0.000440447 secs using 99.44% CPU
Optimizing NNI: done in 0.000378188 secs using 99.42% CPU
Optimizing NNI: done in 0.000390353 secs using 99.4% CPU
Optimizing NNI: done in 0.000389597 secs using 356.5% CPU
Optimizing NNI: done in 0.000372075 secs using 368.5% CPU
Optimizing NNI: done in 0.000428077 secs using 99.51% CPU
Optimizing NNI: done in 0.000381148 secs using 361.5% CPU
Optimizing NNI: done in 0.000384192 secs using 360.5% CPU
Optimizing NNI: done in 0.000316782 secs using 99.75% CPU
Optimizing NNI: done in 0.000311358 secs using 99.89% CPU
Optimizing NNI: done in 0.000359958 secs using 99.46% CPU
Optimizing NNI: done in 0.000373699 secs using 367.4% CPU
Optimizing NNI: done in 0.000331133 secs using 99.66% CPU
Optimizing NNI: done in 0.000234075 secs using 99.54% CPU
Optimizing NNI: done in 0.000351985 secs using 99.72% CPU
Optimizing NNI: done in 0.000437913 secs using 327.7% CPU
Optimizing NNI: done in 0.000342516 secs using 99.56% CPU
Optimizing NNI: done in 0.000372333 secs using 368.2% CPU
Optimizing NNI: done in 0.000338602 secs using 99.82% CPU
Optimizing NNI: done in 0.00023204 secs using 99.55% CPU
Optimizing NNI: done in 0.000423589 secs using 335.7% CPU
Optimizing NNI: done in 0.000364595 secs using 98.47% CPU
Optimizing NNI: done in 0.000437799 secs using 328.2% CPU
Optimizing NNI: done in 0.000360523 secs using 377% CPU
800 samples done
Optimizing NNI: done in 0.00039166 secs using 99.83% CPU
Optimizing NNI: done in 0.000424364 secs using 99.21% CPU
Optimizing NNI: done in 0.000356131 secs using 98.56% CPU
Optimizing NNI: done in 0.0003571 secs using 98.85% CPU
Optimizing NNI: done in 0.000325535 secs using 99.84% CPU
Optimizing NNI: done in 0.000445284 secs using 324.5% CPU
Optimizing NNI: done in 0.000319574 secs using 102.3% CPU
Optimizing NNI: done in 0.000199746 secs using 98.63% CPU
Optimizing NNI: done in 0.000352332 secs using 98.49% CPU
Optimizing NNI: done in 0.000253518 secs using 99.01% CPU
Optimizing NNI: done in 0.000405345 secs using 99.42% CPU
Optimizing NNI: done in 0.000375413 secs using 365.7% CPU
Optimizing NNI: done in 0.000243735 secs using 99.29% CPU
Optimizing NNI: done in 0.000335806 secs using 99.46% CPU
Optimizing NNI: done in 0.000374279 secs using 99.66% CPU
Optimizing NNI: done in 0.000517662 secs using 284.7% CPU
Optimizing NNI: done in 0.000382702 secs using 360.9% CPU
Optimizing NNI: done in 0.000393708 secs using 99.57% CPU
Optimizing NNI: done in 0.00035922 secs using 99.66% CPU
Optimizing NNI: done in 0.000343208 secs using 99.65% CPU
Optimizing NNI: done in 0.000255754 secs using 98.92% CPU
Optimizing NNI: done in 0.000377697 secs using 98.49% CPU
Optimizing NNI: done in 0.000456783 secs using 99.39% CPU
Optimizing NNI: done in 0.000402879 secs using 99.78% CPU
Optimizing NNI: done in 0.000350525 secs using 99.85% CPU
Optimizing NNI: done in 0.000393021 secs using 99.74% CPU
Optimizing NNI: done in 0.000342713 secs using 99.21% CPU
Optimizing NNI: done in 0.000337031 secs using 396.4% CPU
Optimizing NNI: done in 0.000351318 secs using 99.62% CPU
Optimizing NNI: done in 0.000361237 secs using 99.66% CPU
Optimizing NNI: done in 0.000281674 secs using 99.41% CPU
Optimizing NNI: done in 0.000400936 secs using 348.7% CPU
Optimizing NNI: done in 0.000200774 secs using 99.12% CPU
Optimizing NNI: done in 0.00043568 secs using 329.1% CPU
Optimizing NNI: done in 0.000354418 secs using 382% CPU
Optimizing NNI: done in 0.000439363 secs using 99.92% CPU
Optimizing NNI: done in 0.00042418 secs using 99.72% CPU
Optimizing NNI: done in 0.000388433 secs using 99.63% CPU
Optimizing NNI: done in 0.000324603 secs using 99.51% CPU
Optimizing NNI: done in 0.000344837 secs using 99.76% CPU
Optimizing NNI: done in 0.000265769 secs using 99.33% CPU
Optimizing NNI: done in 0.000425332 secs using 334.6% CPU
Optimizing NNI: done in 0.000452881 secs using 320.6% CPU
Optimizing NNI: done in 0.000194585 secs using 99.7% CPU
Optimizing NNI: done in 0.000356705 secs using 380.1% CPU
Optimizing NNI: done in 0.00038105 secs using 361.6% CPU
Optimizing NNI: done in 0.000378309 secs using 364.3% CPU
Optimizing NNI: done in 0.000350739 secs using 99.5% CPU
Optimizing NNI: done in 0.000273314 secs using 99.89% CPU
Optimizing NNI: done in 0.000353243 secs using 99.65% CPU
Optimizing NNI: done in 0.000457477 secs using 101.4% CPU
Optimizing NNI: done in 0.000377212 secs using 98.35% CPU
Optimizing NNI: done in 0.000484742 secs using 305.9% CPU
Optimizing NNI: done in 0.00035459 secs using 382.1% CPU
Optimizing NNI: done in 0.00035389 secs using 382.6% CPU
Optimizing NNI: done in 0.000408734 secs using 99.33% CPU
Optimizing NNI: done in 0.000215296 secs using 99.4% CPU
Optimizing NNI: done in 0.000474827 secs using 99.4% CPU
Optimizing NNI: done in 0.000238786 secs using 98.41% CPU
Optimizing NNI: done in 0.000390955 secs using 98.48% CPU
Optimizing NNI: done in 0.000351821 secs using 98.35% CPU
Optimizing NNI: done in 0.000340681 secs using 386.9% CPU
Optimizing NNI: done in 0.000365745 secs using 373.5% CPU
Optimizing NNI: done in 0.000370538 secs using 369.7% CPU
Optimizing NNI: done in 0.000257949 secs using 99.63% CPU
Optimizing NNI: done in 0.000453912 secs using 99.58% CPU
Optimizing NNI: done in 0.000349929 secs using 98.31% CPU
Optimizing NNI: done in 0.000349704 secs using 98.94% CPU
Optimizing NNI: done in 0.000336378 secs using 99.59% CPU
Optimizing NNI: done in 0.000336769 secs using 99.77% CPU
Optimizing NNI: done in 0.000378815 secs using 99.78% CPU
Optimizing NNI: done in 0.000361169 secs using 99.68% CPU
Optimizing NNI: done in 0.000355111 secs using 99.41% CPU
Optimizing NNI: done in 0.000374529 secs using 367.1% CPU
Optimizing NNI: done in 0.000363415 secs using 99.61% CPU
Optimizing NNI: done in 0.000360535 secs using 377.5% CPU
Optimizing NNI: done in 0.000297659 secs using 99.44% CPU
Optimizing NNI: done in 0.000360652 secs using 99.82% CPU
Optimizing NNI: done in 0.000342788 secs using 99.77% CPU
Optimizing NNI: done in 0.000367146 secs using 99.69% CPU
Optimizing NNI: done in 0.000445335 secs using 324.5% CPU
Optimizing NNI: done in 0.000382787 secs using 361% CPU
Optimizing NNI: done in 0.000416652 secs using 340.1% CPU
Optimizing NNI: done in 0.000364213 secs using 374.5% CPU
Optimizing NNI: done in 0.000372422 secs using 102% CPU
Optimizing NNI: done in 0.000467032 secs using 98.92% CPU
Optimizing NNI: done in 0.000197546 secs using 99.22% CPU
Optimizing NNI: done in 0.000388088 secs using 99.46% CPU
Optimizing NNI: done in 0.000345243 secs using 99.06% CPU
Optimizing NNI: done in 0.000223973 secs using 99.57% CPU
Optimizing NNI: done in 0.000527591 secs using 289% CPU
Optimizing NNI: done in 0.000377128 secs using 364.9% CPU
Optimizing NNI: done in 0.000459236 secs using 99.73% CPU
Optimizing NNI: done in 0.000447057 secs using 323.4% CPU
Optimizing NNI: done in 0.000330224 secs using 402.2% CPU
Optimizing NNI: done in 0.000489995 secs using 302.9% CPU
Optimizing NNI: done in 0.000398045 secs using 351.2% CPU
Optimizing NNI: done in 0.000370666 secs using 99.55% CPU
Optimizing NNI: done in 0.000472847 secs using 311.1% CPU
Optimizing NNI: done in 0.000336346 secs using 99.6% CPU
900 samples done
Optimizing NNI: done in 0.00035383 secs using 99.48% CPU
Optimizing NNI: done in 0.00037243 secs using 367.9% CPU
Optimizing NNI: done in 0.000362432 secs using 375.8% CPU
Optimizing NNI: done in 0.000351749 secs using 384.1% CPU
Optimizing NNI: done in 0.000495201 secs using 298.5% CPU
Optimizing NNI: done in 0.000397994 secs using 350.5% CPU
Optimizing NNI: done in 0.000229506 secs using 99.34% CPU
Optimizing NNI: done in 0.000365652 secs using 99.82% CPU
Optimizing NNI: done in 0.00025076 secs using 99.7% CPU
Optimizing NNI: done in 0.000449796 secs using 99.6% CPU
Optimizing NNI: done in 0.000361532 secs using 99.3% CPU
Optimizing NNI: done in 0.000383181 secs using 360.4% CPU
Optimizing NNI: done in 0.000333179 secs using 99.65% CPU
Optimizing NNI: done in 0.000331288 secs using 98.71% CPU
Optimizing NNI: done in 0.000338278 secs using 395.2% CPU
Optimizing NNI: done in 0.000348912 secs using 99.45% CPU
Optimizing NNI: done in 0.000359154 secs using 377.8% CPU
Optimizing NNI: done in 0.000374944 secs using 366.5% CPU
Optimizing NNI: done in 0.000472883 secs using 308.7% CPU
Optimizing NNI: done in 0.000443982 secs using 99.55% CPU
Optimizing NNI: done in 0.000373399 secs using 99.36% CPU
Optimizing NNI: done in 0.000232505 secs using 98.49% CPU
Optimizing NNI: done in 0.000373959 secs using 98.41% CPU
Optimizing NNI: done in 0.000421578 secs using 336.8% CPU
Optimizing NNI: done in 0.000515575 secs using 294% CPU
Optimizing NNI: done in 0.000330526 secs using 402.4% CPU
Optimizing NNI: done in 0.000417326 secs using 99.68% CPU
Optimizing NNI: done in 0.000259451 secs using 485.3% CPU
Optimizing NNI: done in 0.000228712 secs using 99.69% CPU
Optimizing NNI: done in 0.000441726 secs using 99.38% CPU
Optimizing NNI: done in 0.000425686 secs using 334.5% CPU
Optimizing NNI: done in 0.000226105 secs using 99.51% CPU
Optimizing NNI: done in 0.000338545 secs using 99.54% CPU
Optimizing NNI: done in 0.000442622 secs using 99.63% CPU
Optimizing NNI: done in 0.000410102 secs using 99.49% CPU
Optimizing NNI: done in 0.000347727 secs using 102.4% CPU
Optimizing NNI: done in 0.000337718 secs using 98.31% CPU
Optimizing NNI: done in 0.000406178 secs using 98.48% CPU
Optimizing NNI: done in 0.000393144 secs using 98.18% CPU
Optimizing NNI: done in 0.000432037 secs using 330.8% CPU
Optimizing NNI: done in 0.000441271 secs using 99.71% CPU
Optimizing NNI: done in 0.00042997 secs using 99.77% CPU
Optimizing NNI: done in 0.000364252 secs using 99.66% CPU
Optimizing NNI: done in 0.000470995 secs using 100.6% CPU
Optimizing NNI: done in 0.000383064 secs using 98.42% CPU
Optimizing NNI: done in 0.000368227 secs using 99.67% CPU
Optimizing NNI: done in 0.000371827 secs using 99.78% CPU
Optimizing NNI: done in 0.000391971 secs using 354.9% CPU
Optimizing NNI: done in 0.000487088 secs using 304.7% CPU
Optimizing NNI: done in 0.000264303 secs using 99.13% CPU
Optimizing NNI: done in 0.000232524 secs using 99.34% CPU
Optimizing NNI: done in 0.000214827 secs using 99.15% CPU
Optimizing NNI: done in 0.000362869 secs using 375.3% CPU
Optimizing NNI: done in 0.000386068 secs using 99.72% CPU
Optimizing NNI: done in 0.000413993 secs using 99.52% CPU
Optimizing NNI: done in 0.000255133 secs using 99.95% CPU
Optimizing NNI: done in 0.000374777 secs using 99.79% CPU
Optimizing NNI: done in 0.000380173 secs using 99.69% CPU
Optimizing NNI: done in 0.000411209 secs using 99.46% CPU
Optimizing NNI: done in 0.000424373 secs using 99.21% CPU
Optimizing NNI: done in 0.000256321 secs using 99.87% CPU
Optimizing NNI: done in 0.000308518 secs using 99.83% CPU
Optimizing NNI: done in 0.000346623 secs using 99.82% CPU
Optimizing NNI: done in 0.000175708 secs using 99.03% CPU
Optimizing NNI: done in 0.000309706 secs using 422.3% CPU
Optimizing NNI: done in 0.00028629 secs using 99.55% CPU
Optimizing NNI: done in 0.000351649 secs using 99.82% CPU
Optimizing NNI: done in 0.000214364 secs using 98.43% CPU
Optimizing NNI: done in 0.000320146 secs using 99.33% CPU
Optimizing NNI: done in 0.000409689 secs using 343.7% CPU
Optimizing NNI: done in 0.000398202 secs using 99.7% CPU
Optimizing NNI: done in 0.000337594 secs using 99.82% CPU
Optimizing NNI: done in 0.00021601 secs using 99.53% CPU
Optimizing NNI: done in 0.000343831 secs using 99.76% CPU
Optimizing NNI: done in 0.000419699 secs using 99.6% CPU
Optimizing NNI: done in 0.00043775 secs using 99.6% CPU
Optimizing NNI: done in 0.000387887 secs using 356.8% CPU
Optimizing NNI: done in 0.000385971 secs using 358.8% CPU
Optimizing NNI: done in 0.000348981 secs using 99.72% CPU
Optimizing NNI: done in 0.000226295 secs using 99.43% CPU
Optimizing NNI: done in 0.000391206 secs using 355.3% CPU
Optimizing NNI: done in 0.00035689 secs using 379.9% CPU
Optimizing NNI: done in 0.000327109 secs using 99.66% CPU
Optimizing NNI: done in 0.000307563 secs using 99.49% CPU
Optimizing NNI: done in 0.00036269 secs using 99.53% CPU
Optimizing NNI: done in 0.000229733 secs using 98.81% CPU
Optimizing NNI: done in 0.00039768 secs using 99.83% CPU
Optimizing NNI: done in 0.000403386 secs using 99.9% CPU
Optimizing NNI: done in 0.000391016 secs using 99.74% CPU
Optimizing NNI: done in 0.000426858 secs using 98.39% CPU
Optimizing NNI: done in 0.000509535 secs using 295.2% CPU
Optimizing NNI: done in 0.00042918 secs using 98.56% CPU
Optimizing NNI: done in 0.00044307 secs using 99.31% CPU
Optimizing NNI: done in 0.000392947 secs using 99% CPU
Optimizing NNI: done in 0.000493613 secs using 99.47% CPU
Optimizing NNI: done in 0.000378838 secs using 102.7% CPU
Optimizing NNI: done in 0.000423939 secs using 98.6% CPU
Optimizing NNI: done in 0.000354222 secs using 382% CPU
Optimizing NNI: done in 0.000364381 secs using 373.8% CPU
Optimizing NNI: done in 0.000506337 secs using 99.34% CPU
1000 samples done
Total 841 ufboot trees refined
TREE SEARCH COMPLETED AFTER 102 ITERATIONS / Time: 0h:0m:23s

--------------------------------------------------------------------
|                    FINALIZING TREE SEARCH                        |
--------------------------------------------------------------------
Performs final model parameters optimization
Estimate model parameters (epsilon = 0.010)
1. Initial log-likelihood: -561.044
Optimal log-likelihood: -561.044
Parameters optimization took 1 rounds (0.000 sec)
BEST SCORE FOUND : -561.044
Creating bootstrap support values...
Split supports printed to NEXUS file 9_alignment_files/sampleD_part2_alignment.afa.splits.nex
Total tree length: 0.059

Total number of iterations: 102
CPU time used for tree search: 7.955 sec (0h:0m:7s)
Wall-clock time used for tree search: 4.039 sec (0h:0m:4s)
Total CPU time used: 44.738 sec (0h:0m:44s)
Total wall-clock time used: 23.900 sec (0h:0m:23s)
UFBoot trees printed to 9_alignment_files/sampleD_part2_alignment.afa.ufboot

Computing bootstrap consensus tree...
Reading input file 9_alignment_files/sampleD_part2_alignment.afa.splits.nex...
7 taxa and 31 splits.
Consensus tree written to 9_alignment_files/sampleD_part2_alignment.afa.contree
Reading input trees file 9_alignment_files/sampleD_part2_alignment.afa.contree
Log-likelihood of consensus tree: -561.046

Analysis results written to: 
  IQ-TREE report:                9_alignment_files/sampleD_part2_alignment.afa.iqtree
  Maximum-likelihood tree:       9_alignment_files/sampleD_part2_alignment.afa.treefile
  Likelihood distances:          9_alignment_files/sampleD_part2_alignment.afa.mldist

Ultrafast bootstrap approximation results written to:
  Split support values:          9_alignment_files/sampleD_part2_alignment.afa.splits.nex
  Consensus tree:                9_alignment_files/sampleD_part2_alignment.afa.contree
  UFBoot trees:                  9_alignment_files/sampleD_part2_alignment.afa.ufboot
  Screen log file:               9_alignment_files/sampleD_part2_alignment.afa.log

Date and Time: Thu Nov 20 10:20:36 2025
