IQ-TREE version 3.0.1 for Linux x86 64-bit built Jul  9 2025
Developed by Bui Quang Minh, Thomas Wong, Nhan Ly-Trong, Huaiyan Ren
Contributed by Lam-Tung Nguyen, Dominik Schrempf, Chris Bielow,
Olga Chernomor, Michael Woodhams, Diep Thi Hoang, Heiko Schmidt

Host:    thecomputer2 (AVX512, FMA3, 31 GB RAM)
Command: iqtree3 -s 9_alignment_files/sampleC_part3_alignment.afa -m MFP -B 1000 -bnni -T AUTO -redo
Seed:    757343 (Using SPRNG - Scalable Parallel Random Number Generator)
Time:    Sat Nov 22 14:58:14 2025
Kernel:  AVX+FMA - auto-detect threads (8 CPU cores detected)

Reading alignment file 9_alignment_files/sampleC_part3_alignment.afa ... Fasta format detected
Reading fasta file: done in 9.8432e-05 secs using 49.78% CPU
Alignment most likely contains protein sequences
Constructing alignment: done in 0.000150083 secs using 2243% CPU
WARNING: 15 sites contain only gaps or ambiguous characters.
Alignment has 16 sequences with 167 columns, 58 distinct patterns
12 parsimony-informative, 1 singleton sites, 154 constant sites
                                         Gap/Ambiguity  Composition  p-value
Analyzing sequences: done in 1.5879e-05 secs using 88.17% CPU
   1  AP012949.1_Sarda_orientalis               22.16%    passed    100.00%
   2  NC_021392.1_Scomberomorus_munroi          22.16%    passed    100.00%
   3  NC_021391.1_Scomberomorus_semifasciatus   22.16%    passed    100.00%
   4  NC_005313.1_Auxis_rochei                  20.96%    passed    100.00%
   5  KU955343.1_Thunnus_atlanticus             20.96%    passed    100.00%
   6  GU799568.1_Thunnus_tonggol                20.96%    passed    100.00%
   7  KR023718.1_Thunnus_alalunga               20.96%    passed    100.00%
   8  KM588080.1_Thunnus_albacares              20.96%    passed    100.00%
   9  JN086149.1_Thunnus_thynnus                20.96%    passed    100.00%
  10  JN086150.1_Thunnus_maccoyii               20.96%    passed    100.00%
  11  NC_016420.1_Scomberomorus_niphonius       20.96%    passed    100.00%
  12  NC_013485.1_Rastrelliger_brachysoma       20.96%    passed    100.00%
  13  OM460829.1_Rastrelliger_kanagurta         20.96%    passed    100.00%
  14  sampleC_part3                             17.96%    passed     55.95%
  15  NC_052756.1_Sarda_sarda                   21.56%    passed    100.00%
  16  GU256524.1_Thunnus_orientalis             21.56%    passed    100.00%
****  TOTAL                                     21.07%  0 sequences failed composition chi2 test (p-value<5%; df=19)
NOTE: NC_021391.1_Scomberomorus_semifasciatus is identical to NC_021392.1_Scomberomorus_munroi but kept for subsequent analysis
NOTE: KU955343.1_Thunnus_atlanticus is identical to NC_005313.1_Auxis_rochei but kept for subsequent analysis
NOTE: OM460829.1_Rastrelliger_kanagurta is identical to NC_013485.1_Rastrelliger_brachysoma but kept for subsequent analysis
NOTE: GU256524.1_Thunnus_orientalis is identical to NC_052756.1_Sarda_sarda but kept for subsequent analysis
Checking for duplicate sequences: done in 0.000381226 secs using 95.74% CPU
Identifying sites to remove: done in 5.8871e-05 secs using 86.63% CPU
NOTE: 5 identical sequences (see below) will be ignored for subsequent analysis
NOTE: GU799568.1_Thunnus_tonggol (identical to NC_005313.1_Auxis_rochei) is ignored but added at the end
NOTE: KR023718.1_Thunnus_alalunga (identical to NC_005313.1_Auxis_rochei) is ignored but added at the end
NOTE: KM588080.1_Thunnus_albacares (identical to NC_005313.1_Auxis_rochei) is ignored but added at the end
NOTE: JN086149.1_Thunnus_thynnus (identical to NC_005313.1_Auxis_rochei) is ignored but added at the end
NOTE: JN086150.1_Thunnus_maccoyii (identical to NC_005313.1_Auxis_rochei) is ignored but added at the end
Alignment was printed to 9_alignment_files/sampleC_part3_alignment.afa.uniqueseq.phy

For your convenience alignment with unique sequences printed to 9_alignment_files/sampleC_part3_alignment.afa.uniqueseq.phy


Create initial parsimony tree by phylogenetic likelihood library (PLL)... 0.001 seconds
Measuring multi-threading efficiency up to 8 CPU cores
Increase to 10 rounds for branch lengths
1400 trees examined
Threads: 1 / Time: 8.010 sec / Speedup: 1.000 / Efficiency: 100% / LogL: -623
Threads: 2 / Time: 5.441 sec / Speedup: 1.472 / Efficiency: 74% / LogL: -623
Threads: 3 / Time: 4.557 sec / Speedup: 1.758 / Efficiency: 59% / LogL: -623
Threads: 4 / Time: 4.353 sec / Speedup: 1.840 / Efficiency: 46% / LogL: -623
Determining AUTO threadcount: done in 22.3614 secs using 222% CPU
BEST NUMBER OF THREADS: 3

Perform fast likelihood tree search using LG+I+G model...
Estimate model parameters (epsilon = 5.000)
Perform nearest neighbor interchange...
Optimizing NNI: done in 0.00480774 secs using 266.2% CPU
Estimate model parameters (epsilon = 1.000)
1. Initial log-likelihood: -553.771
Optimal log-likelihood: -553.771
Proportion of invariable sites: 0.460
Gamma shape alpha: 0.410
Parameters optimization took 1 rounds (0.003 sec)
Time for fast ML tree search: 0.016 seconds

NOTE: ModelFinder requires 1 MB RAM!
ModelFinder will test up to 1232 protein models (sample size: 167 epsilon: 0.100) ...
 No. Model         -LnL         df  AIC          AICc         BIC
WARNING: Number of threads seems too high for short alignments. Use -T AUTO to determine best number of threads.
  1  LG            556.267      19  1150.535     1155.705     1209.777
WARNING: Number of threads seems too high for short alignments. Use -T AUTO to determine best number of threads.
  2  LG+I          553.769      20  1147.538     1153.291     1209.897
WARNING: Number of threads seems too high for short alignments. Use -T AUTO to determine best number of threads.
  3  LG+G4         553.776      20  1147.551     1153.305     1209.911
WARNING: Number of threads seems too high for short alignments. Use -T AUTO to determine best number of threads.
  4  LG+I+G4       553.771      21  1149.542     1155.915     1215.020
WARNING: Number of threads seems too high for short alignments. Use -T AUTO to determine best number of threads.
  5  LG+R2         554.608      21  1151.215     1157.588     1216.693
WARNING: Number of threads seems too high for short alignments. Use -T AUTO to determine best number of threads.
  6  LG+R3         554.066      23  1154.131     1161.852     1225.845
WARNING: Number of threads seems too high for short alignments. Use -T AUTO to determine best number of threads.
 14  LG+I+R2       553.797      22  1151.594     1158.622     1220.190
WARNING: Number of threads seems too high for short alignments. Use -T AUTO to determine best number of threads.
 15  LG+I+R3       553.885      24  1155.770     1164.220     1230.601
WARNING: Number of threads seems too high for short alignments. Use -T AUTO to determine best number of threads.
 23  LG+F          531.155      38  1138.311     1161.467     1256.795
WARNING: Number of threads seems too high for short alignments. Use -T AUTO to determine best number of threads.
 24  LG+F+I        528.547      39  1135.094     1159.661     1256.696
WARNING: Number of threads seems too high for short alignments. Use -T AUTO to determine best number of threads.
 25  LG+F+G4       528.560      39  1135.120     1159.687     1256.722
WARNING: Number of threads seems too high for short alignments. Use -T AUTO to determine best number of threads.
 26  LG+F+I+G4     528.502      40  1137.005     1163.037     1261.725
WARNING: Number of threads seems too high for short alignments. Use -T AUTO to determine best number of threads.
 27  LG+F+R2       529.402      40  1138.805     1164.837     1263.525
WARNING: Number of threads seems too high for short alignments. Use -T AUTO to determine best number of threads.
 45  WAG           553.259      19  1144.519     1149.689     1203.761
WARNING: Number of threads seems too high for short alignments. Use -T AUTO to determine best number of threads.
 46  WAG+I         550.700      20  1141.401     1147.154     1203.761
WARNING: Number of threads seems too high for short alignments. Use -T AUTO to determine best number of threads.
 47  WAG+G4        550.713      20  1141.426     1147.179     1203.786
WARNING: Number of threads seems too high for short alignments. Use -T AUTO to determine best number of threads.
 48  WAG+I+G4      550.714      21  1143.429     1149.801     1208.907
WARNING: Number of threads seems too high for short alignments. Use -T AUTO to determine best number of threads.
 49  WAG+R2        551.486      21  1144.972     1151.344     1210.450
WARNING: Number of threads seems too high for short alignments. Use -T AUTO to determine best number of threads.
 67  WAG+F         531.773      38  1139.547     1162.703     1258.030
WARNING: Number of threads seems too high for short alignments. Use -T AUTO to determine best number of threads.
 68  WAG+F+I       529.166      39  1136.332     1160.899     1257.934
WARNING: Number of threads seems too high for short alignments. Use -T AUTO to determine best number of threads.
 69  WAG+F+G4      529.182      39  1136.363     1160.930     1257.965
WARNING: Number of threads seems too high for short alignments. Use -T AUTO to determine best number of threads.
 70  WAG+F+I+G4    529.117      40  1138.235     1164.266     1262.954
WARNING: Number of threads seems too high for short alignments. Use -T AUTO to determine best number of threads.
 71  WAG+F+R2      529.928      40  1139.856     1165.888     1264.576
WARNING: Number of threads seems too high for short alignments. Use -T AUTO to determine best number of threads.
 89  JTT           553.314      19  1144.629     1149.799     1203.871
WARNING: Number of threads seems too high for short alignments. Use -T AUTO to determine best number of threads.
 90  JTT+I         550.906      20  1141.812     1147.565     1204.172
WARNING: Number of threads seems too high for short alignments. Use -T AUTO to determine best number of threads.
 91  JTT+G4        550.906      20  1141.813     1147.566     1204.173
WARNING: Number of threads seems too high for short alignments. Use -T AUTO to determine best number of threads.
 92  JTT+I+G4      550.827      21  1143.653     1150.026     1209.131
WARNING: Number of threads seems too high for short alignments. Use -T AUTO to determine best number of threads.
 93  JTT+R2        551.496      21  1144.993     1151.365     1210.470
WARNING: Number of threads seems too high for short alignments. Use -T AUTO to determine best number of threads.
111  JTT+F         530.029      38  1136.059     1159.215     1254.543
WARNING: Number of threads seems too high for short alignments. Use -T AUTO to determine best number of threads.
112  JTT+F+I       527.738      39  1133.476     1158.043     1255.077
WARNING: Number of threads seems too high for short alignments. Use -T AUTO to determine best number of threads.
113  JTT+F+G4      527.726      39  1133.452     1158.019     1255.054
WARNING: Number of threads seems too high for short alignments. Use -T AUTO to determine best number of threads.
114  JTT+F+I+G4    527.614      40  1135.228     1161.260     1259.948
WARNING: Number of threads seems too high for short alignments. Use -T AUTO to determine best number of threads.
115  JTT+F+R2      528.217      40  1136.434     1162.466     1261.154
WARNING: Number of threads seems too high for short alignments. Use -T AUTO to determine best number of threads.
133  Q.PFAM        555.072      19  1148.144     1153.314     1207.385
WARNING: Number of threads seems too high for short alignments. Use -T AUTO to determine best number of threads.
134  Q.PFAM+I      552.650      20  1145.300     1151.053     1207.660
WARNING: Number of threads seems too high for short alignments. Use -T AUTO to determine best number of threads.
135  Q.PFAM+G4     552.652      20  1145.305     1151.058     1207.665
WARNING: Number of threads seems too high for short alignments. Use -T AUTO to determine best number of threads.
136  Q.PFAM+I+G4   552.635      21  1147.271     1153.643     1212.749
WARNING: Number of threads seems too high for short alignments. Use -T AUTO to determine best number of threads.
137  Q.PFAM+R2     553.167      21  1148.333     1154.706     1213.811
WARNING: Number of threads seems too high for short alignments. Use -T AUTO to determine best number of threads.
155  Q.PFAM+F      531.474      38  1138.949     1162.105     1257.433
WARNING: Number of threads seems too high for short alignments. Use -T AUTO to determine best number of threads.
156  Q.PFAM+F+I    528.926      39  1135.852     1160.419     1257.454
WARNING: Number of threads seems too high for short alignments. Use -T AUTO to determine best number of threads.
157  Q.PFAM+F+G4   528.933      39  1135.865     1160.432     1257.467
WARNING: Number of threads seems too high for short alignments. Use -T AUTO to determine best number of threads.
158  Q.PFAM+F+I+G4 528.854      40  1137.708     1163.740     1262.428
WARNING: Number of threads seems too high for short alignments. Use -T AUTO to determine best number of threads.
159  Q.PFAM+F+R2   529.452      40  1138.904     1164.936     1263.624
WARNING: Number of threads seems too high for short alignments. Use -T AUTO to determine best number of threads.
177  Q.BIRD        558.957      19  1155.915     1161.085     1215.156
WARNING: Number of threads seems too high for short alignments. Use -T AUTO to determine best number of threads.
178  Q.BIRD+I      555.852      20  1151.703     1157.457     1214.063
WARNING: Number of threads seems too high for short alignments. Use -T AUTO to determine best number of threads.
179  Q.BIRD+G4     555.880      20  1151.761     1157.514     1214.121
WARNING: Number of threads seems too high for short alignments. Use -T AUTO to determine best number of threads.
180  Q.BIRD+I+G4   555.496      21  1152.992     1159.364     1218.469
WARNING: Number of threads seems too high for short alignments. Use -T AUTO to determine best number of threads.
181  Q.BIRD+R2     556.458      21  1154.917     1161.289     1220.395
WARNING: Number of threads seems too high for short alignments. Use -T AUTO to determine best number of threads.
199  Q.BIRD+F      530.642      38  1137.284     1160.440     1255.768
WARNING: Number of threads seems too high for short alignments. Use -T AUTO to determine best number of threads.
200  Q.BIRD+F+I    527.766      39  1133.532     1158.099     1255.134
WARNING: Number of threads seems too high for short alignments. Use -T AUTO to determine best number of threads.
201  Q.BIRD+F+G4   527.717      39  1133.434     1158.001     1255.036
WARNING: Number of threads seems too high for short alignments. Use -T AUTO to determine best number of threads.
202  Q.BIRD+F+I+G4 527.339      40  1134.679     1160.711     1259.399
WARNING: Number of threads seems too high for short alignments. Use -T AUTO to determine best number of threads.
203  Q.BIRD+F+R2   528.150      40  1136.299     1162.331     1261.019
WARNING: Number of threads seems too high for short alignments. Use -T AUTO to determine best number of threads.
221  Q.MAMMAL      559.261      19  1156.523     1161.693     1215.765
WARNING: Number of threads seems too high for short alignments. Use -T AUTO to determine best number of threads.
222  Q.MAMMAL+I    556.585      20  1153.170     1158.923     1215.530
WARNING: Number of threads seems too high for short alignments. Use -T AUTO to determine best number of threads.
223  Q.MAMMAL+G4   556.593      20  1153.185     1158.938     1215.545
WARNING: Number of threads seems too high for short alignments. Use -T AUTO to determine best number of threads.
224  Q.MAMMAL+I+G4 556.362      21  1154.723     1161.096     1220.201
WARNING: Number of threads seems too high for short alignments. Use -T AUTO to determine best number of threads.
225  Q.MAMMAL+R2   556.939      21  1155.879     1162.251     1221.357
WARNING: Number of threads seems too high for short alignments. Use -T AUTO to determine best number of threads.
243  Q.MAMMAL+F    530.265      38  1136.530     1159.686     1255.013
WARNING: Number of threads seems too high for short alignments. Use -T AUTO to determine best number of threads.
244  Q.MAMMAL+F+I  527.682      39  1133.363     1157.930     1254.965
WARNING: Number of threads seems too high for short alignments. Use -T AUTO to determine best number of threads.
245  Q.MAMMAL+F+G4 527.649      39  1133.299     1157.866     1254.901
WARNING: Number of threads seems too high for short alignments. Use -T AUTO to determine best number of threads.
246  Q.MAMMAL+F+I+G4 527.384      40  1134.767     1160.799     1259.487
WARNING: Number of threads seems too high for short alignments. Use -T AUTO to determine best number of threads.
247  Q.MAMMAL+F+R2 527.922      40  1135.844     1161.876     1260.564
WARNING: Number of threads seems too high for short alignments. Use -T AUTO to determine best number of threads.
265  Q.INSECT      562.176      19  1162.351     1167.521     1221.593
WARNING: Number of threads seems too high for short alignments. Use -T AUTO to determine best number of threads.
266  Q.INSECT+I    559.739      20  1159.479     1165.232     1221.839
WARNING: Number of threads seems too high for short alignments. Use -T AUTO to determine best number of threads.
267  Q.INSECT+G4   559.744      20  1159.487     1165.241     1221.847
WARNING: Number of threads seems too high for short alignments. Use -T AUTO to determine best number of threads.
268  Q.INSECT+I+G4 559.710      21  1161.420     1167.792     1226.898
WARNING: Number of threads seems too high for short alignments. Use -T AUTO to determine best number of threads.
269  Q.INSECT+R2   559.959      21  1161.917     1168.290     1227.395
WARNING: Number of threads seems too high for short alignments. Use -T AUTO to determine best number of threads.
287  Q.INSECT+F    530.788      38  1137.576     1160.732     1256.060
WARNING: Number of threads seems too high for short alignments. Use -T AUTO to determine best number of threads.
288  Q.INSECT+F+I  528.168      39  1134.336     1158.902     1255.937
WARNING: Number of threads seems too high for short alignments. Use -T AUTO to determine best number of threads.
289  Q.INSECT+F+G4 528.183      39  1134.366     1158.933     1255.967
WARNING: Number of threads seems too high for short alignments. Use -T AUTO to determine best number of threads.
290  Q.INSECT+F+I+G4 528.098      40  1136.197     1162.229     1260.917
WARNING: Number of threads seems too high for short alignments. Use -T AUTO to determine best number of threads.
291  Q.INSECT+F+R2 528.410      40  1136.819     1162.851     1261.539
WARNING: Number of threads seems too high for short alignments. Use -T AUTO to determine best number of threads.
309  Q.PLANT       555.761      19  1149.522     1154.692     1208.764
WARNING: Number of threads seems too high for short alignments. Use -T AUTO to determine best number of threads.
310  Q.PLANT+I     552.946      20  1145.893     1151.646     1208.252
WARNING: Number of threads seems too high for short alignments. Use -T AUTO to determine best number of threads.
311  Q.PLANT+G4    552.979      20  1145.958     1151.712     1208.318
WARNING: Number of threads seems too high for short alignments. Use -T AUTO to determine best number of threads.
312  Q.PLANT+I+G4  552.750      21  1147.500     1153.872     1212.977
WARNING: Number of threads seems too high for short alignments. Use -T AUTO to determine best number of threads.
313  Q.PLANT+R2    553.207      21  1148.414     1154.786     1213.892
WARNING: Number of threads seems too high for short alignments. Use -T AUTO to determine best number of threads.
331  Q.PLANT+F     531.777      38  1139.554     1162.710     1258.037
WARNING: Number of threads seems too high for short alignments. Use -T AUTO to determine best number of threads.
332  Q.PLANT+F+I   528.986      39  1135.972     1160.539     1257.574
WARNING: Number of threads seems too high for short alignments. Use -T AUTO to determine best number of threads.
333  Q.PLANT+F+G4  529.009      39  1136.019     1160.586     1257.621
WARNING: Number of threads seems too high for short alignments. Use -T AUTO to determine best number of threads.
334  Q.PLANT+F+I+G4 528.757      40  1137.515     1163.546     1262.234
WARNING: Number of threads seems too high for short alignments. Use -T AUTO to determine best number of threads.
335  Q.PLANT+F+R2  529.185      40  1138.369     1164.401     1263.089
WARNING: Number of threads seems too high for short alignments. Use -T AUTO to determine best number of threads.
353  Q.YEAST       561.755      19  1161.511     1166.681     1220.753
WARNING: Number of threads seems too high for short alignments. Use -T AUTO to determine best number of threads.
354  Q.YEAST+I     559.491      20  1158.981     1164.735     1221.341
WARNING: Number of threads seems too high for short alignments. Use -T AUTO to determine best number of threads.
355  Q.YEAST+G4    559.491      20  1158.981     1164.735     1221.341
WARNING: Number of threads seems too high for short alignments. Use -T AUTO to determine best number of threads.
356  Q.YEAST+I+G4  559.493      21  1160.985     1167.358     1226.463
WARNING: Number of threads seems too high for short alignments. Use -T AUTO to determine best number of threads.
357  Q.YEAST+R2    559.550      21  1161.100     1167.472     1226.578
WARNING: Number of threads seems too high for short alignments. Use -T AUTO to determine best number of threads.
375  Q.YEAST+F     529.871      38  1135.742     1158.898     1254.226
WARNING: Number of threads seems too high for short alignments. Use -T AUTO to determine best number of threads.
376  Q.YEAST+F+I   527.476      39  1132.952     1157.519     1254.554
WARNING: Number of threads seems too high for short alignments. Use -T AUTO to determine best number of threads.
377  Q.YEAST+F+G4  527.476      39  1132.953     1157.520     1254.555
WARNING: Number of threads seems too high for short alignments. Use -T AUTO to determine best number of threads.
378  Q.YEAST+F+I+G4 527.426      40  1134.853     1160.885     1259.573
WARNING: Number of threads seems too high for short alignments. Use -T AUTO to determine best number of threads.
379  Q.YEAST+F+R2  527.545      40  1135.090     1161.122     1259.810
WARNING: Number of threads seems too high for short alignments. Use -T AUTO to determine best number of threads.
397  JTTDCMUT      553.404      19  1144.808     1149.978     1204.050
WARNING: Number of threads seems too high for short alignments. Use -T AUTO to determine best number of threads.
398  JTTDCMUT+I    550.983      20  1141.965     1147.718     1204.325
WARNING: Number of threads seems too high for short alignments. Use -T AUTO to determine best number of threads.
399  JTTDCMUT+G4   550.984      20  1141.968     1147.721     1204.328
WARNING: Number of threads seems too high for short alignments. Use -T AUTO to determine best number of threads.
400  JTTDCMUT+I+G4 550.907      21  1143.814     1150.187     1209.292
WARNING: Number of threads seems too high for short alignments. Use -T AUTO to determine best number of threads.
401  JTTDCMUT+R2   551.045      21  1144.091     1150.463     1209.568
WARNING: Number of threads seems too high for short alignments. Use -T AUTO to determine best number of threads.
419  JTTDCMUT+F    530.153      38  1136.306     1159.462     1254.790
WARNING: Number of threads seems too high for short alignments. Use -T AUTO to determine best number of threads.
420  JTTDCMUT+F+I  527.843      39  1133.686     1158.253     1255.288
WARNING: Number of threads seems too high for short alignments. Use -T AUTO to determine best number of threads.
421  JTTDCMUT+F+G4 527.833      39  1133.666     1158.233     1255.268
WARNING: Number of threads seems too high for short alignments. Use -T AUTO to determine best number of threads.
422  JTTDCMUT+F+I+G4 527.722      40  1135.443     1161.475     1260.163
WARNING: Number of threads seems too high for short alignments. Use -T AUTO to determine best number of threads.
423  JTTDCMUT+F+R2 527.875      40  1135.750     1161.781     1260.469
WARNING: Number of threads seems too high for short alignments. Use -T AUTO to determine best number of threads.
441  DCMUT         555.589      19  1149.179     1154.349     1208.421
WARNING: Number of threads seems too high for short alignments. Use -T AUTO to determine best number of threads.
442  DCMUT+I       553.139      20  1146.278     1152.032     1208.638
WARNING: Number of threads seems too high for short alignments. Use -T AUTO to determine best number of threads.
443  DCMUT+G4      553.140      20  1146.280     1152.034     1208.640
WARNING: Number of threads seems too high for short alignments. Use -T AUTO to determine best number of threads.
444  DCMUT+I+G4    553.165      21  1148.330     1154.703     1213.808
WARNING: Number of threads seems too high for short alignments. Use -T AUTO to determine best number of threads.
445  DCMUT+R2      553.179      21  1148.357     1154.730     1213.835
WARNING: Number of threads seems too high for short alignments. Use -T AUTO to determine best number of threads.
463  DCMUT+F       529.122      38  1134.244     1157.400     1252.727
WARNING: Number of threads seems too high for short alignments. Use -T AUTO to determine best number of threads.
464  DCMUT+F+I     526.901      39  1131.801     1156.368     1253.403
WARNING: Number of threads seems too high for short alignments. Use -T AUTO to determine best number of threads.
465  DCMUT+F+G4    526.896      39  1131.792     1156.359     1253.394
WARNING: Number of threads seems too high for short alignments. Use -T AUTO to determine best number of threads.
466  DCMUT+F+I+G4  526.855      40  1133.710     1159.742     1258.430
WARNING: Number of threads seems too high for short alignments. Use -T AUTO to determine best number of threads.
467  DCMUT+F+R2    526.912      40  1133.824     1159.855     1258.543
WARNING: Number of threads seems too high for short alignments. Use -T AUTO to determine best number of threads.
485  VT            554.744      19  1147.487     1152.658     1206.729
WARNING: Number of threads seems too high for short alignments. Use -T AUTO to determine best number of threads.
486  VT+I          552.512      20  1145.024     1150.778     1207.384
WARNING: Number of threads seems too high for short alignments. Use -T AUTO to determine best number of threads.
487  VT+G4         552.512      20  1145.024     1150.778     1207.384
WARNING: Number of threads seems too high for short alignments. Use -T AUTO to determine best number of threads.
488  VT+I+G4       552.534      21  1147.068     1153.441     1212.546
WARNING: Number of threads seems too high for short alignments. Use -T AUTO to determine best number of threads.
489  VT+R2         552.526      21  1147.053     1153.425     1212.531
WARNING: Number of threads seems too high for short alignments. Use -T AUTO to determine best number of threads.
507  VT+F          530.940      38  1137.880     1161.036     1256.363
WARNING: Number of threads seems too high for short alignments. Use -T AUTO to determine best number of threads.
508  VT+F+I        528.708      39  1135.415     1159.982     1257.017
WARNING: Number of threads seems too high for short alignments. Use -T AUTO to determine best number of threads.
509  VT+F+G4       528.707      39  1135.413     1159.980     1257.015
WARNING: Number of threads seems too high for short alignments. Use -T AUTO to determine best number of threads.
510  VT+F+I+G4     528.688      40  1137.376     1163.408     1262.096
WARNING: Number of threads seems too high for short alignments. Use -T AUTO to determine best number of threads.
511  VT+F+R2       528.718      40  1137.436     1163.468     1262.156
WARNING: Number of threads seems too high for short alignments. Use -T AUTO to determine best number of threads.
529  PMB           550.706      19  1139.411     1144.582     1198.653
WARNING: Number of threads seems too high for short alignments. Use -T AUTO to determine best number of threads.
530  PMB+I         548.368      20  1136.735     1142.489     1199.095
WARNING: Number of threads seems too high for short alignments. Use -T AUTO to determine best number of threads.
531  PMB+G4        548.369      20  1136.738     1142.491     1199.098
WARNING: Number of threads seems too high for short alignments. Use -T AUTO to determine best number of threads.
532  PMB+I+G4      548.396      21  1138.791     1145.164     1204.269
WARNING: Number of threads seems too high for short alignments. Use -T AUTO to determine best number of threads.
533  PMB+R2        548.387      21  1138.773     1145.146     1204.251
WARNING: Number of threads seems too high for short alignments. Use -T AUTO to determine best number of threads.
551  PMB+F         532.944      38  1141.888     1165.044     1260.372
WARNING: Number of threads seems too high for short alignments. Use -T AUTO to determine best number of threads.
552  PMB+F+I       530.496      39  1138.992     1163.559     1260.594
WARNING: Number of threads seems too high for short alignments. Use -T AUTO to determine best number of threads.
553  PMB+F+G4      530.500      39  1139.001     1163.568     1260.603
WARNING: Number of threads seems too high for short alignments. Use -T AUTO to determine best number of threads.
554  PMB+F+I+G4    530.483      40  1140.967     1166.999     1265.687
WARNING: Number of threads seems too high for short alignments. Use -T AUTO to determine best number of threads.
555  PMB+F+R2      530.519      40  1141.037     1167.069     1265.757
WARNING: Number of threads seems too high for short alignments. Use -T AUTO to determine best number of threads.
573  BLOSUM62      552.640      19  1143.280     1148.450     1202.521
WARNING: Number of threads seems too high for short alignments. Use -T AUTO to determine best number of threads.
574  BLOSUM62+I    550.344      20  1140.688     1146.441     1203.048
WARNING: Number of threads seems too high for short alignments. Use -T AUTO to determine best number of threads.
575  BLOSUM62+G4   550.344      20  1140.688     1146.441     1203.048
WARNING: Number of threads seems too high for short alignments. Use -T AUTO to determine best number of threads.
576  BLOSUM62+I+G4 550.384      21  1142.768     1149.140     1208.246
WARNING: Number of threads seems too high for short alignments. Use -T AUTO to determine best number of threads.
577  BLOSUM62+R2   550.351      21  1142.702     1149.074     1208.180
WARNING: Number of threads seems too high for short alignments. Use -T AUTO to determine best number of threads.
595  BLOSUM62+F    532.123      38  1140.245     1163.402     1258.729
WARNING: Number of threads seems too high for short alignments. Use -T AUTO to determine best number of threads.
596  BLOSUM62+F+I  529.712      39  1137.425     1161.992     1259.026
WARNING: Number of threads seems too high for short alignments. Use -T AUTO to determine best number of threads.
597  BLOSUM62+F+G4 529.715      39  1137.429     1161.996     1259.031
WARNING: Number of threads seems too high for short alignments. Use -T AUTO to determine best number of threads.
598  BLOSUM62+F+I+G4 529.720      40  1139.439     1165.471     1264.159
WARNING: Number of threads seems too high for short alignments. Use -T AUTO to determine best number of threads.
599  BLOSUM62+F+R2 529.724      40  1139.448     1165.480     1264.168
WARNING: Number of threads seems too high for short alignments. Use -T AUTO to determine best number of threads.
617  DAYHOFF       555.590      19  1149.180     1154.350     1208.422
WARNING: Number of threads seems too high for short alignments. Use -T AUTO to determine best number of threads.
618  DAYHOFF+I     553.134      20  1146.268     1152.022     1208.628
WARNING: Number of threads seems too high for short alignments. Use -T AUTO to determine best number of threads.
619  DAYHOFF+G4    553.135      20  1146.270     1152.024     1208.630
WARNING: Number of threads seems too high for short alignments. Use -T AUTO to determine best number of threads.
620  DAYHOFF+I+G4  553.159      21  1148.318     1154.690     1213.796
WARNING: Number of threads seems too high for short alignments. Use -T AUTO to determine best number of threads.
621  DAYHOFF+R2    553.141      21  1148.281     1154.654     1213.759
WARNING: Number of threads seems too high for short alignments. Use -T AUTO to determine best number of threads.
639  DAYHOFF+F     529.120      38  1134.240     1157.396     1252.723
WARNING: Number of threads seems too high for short alignments. Use -T AUTO to determine best number of threads.
640  DAYHOFF+F+I   526.896      39  1131.793     1156.360     1253.395
WARNING: Number of threads seems too high for short alignments. Use -T AUTO to determine best number of threads.
641  DAYHOFF+F+G4  526.892      39  1131.783     1156.350     1253.385
WARNING: Number of threads seems too high for short alignments. Use -T AUTO to determine best number of threads.
642  DAYHOFF+F+I+G4 526.850      40  1133.700     1159.731     1258.419
WARNING: Number of threads seems too high for short alignments. Use -T AUTO to determine best number of threads.
643  DAYHOFF+F+R2  526.896      40  1133.793     1159.824     1258.512
WARNING: Number of threads seems too high for short alignments. Use -T AUTO to determine best number of threads.
661  MTREV         546.004      19  1130.008     1135.178     1189.250
WARNING: Number of threads seems too high for short alignments. Use -T AUTO to determine best number of threads.
662  MTREV+I       543.890      20  1127.779     1133.533     1190.139
WARNING: Number of threads seems too high for short alignments. Use -T AUTO to determine best number of threads.
663  MTREV+G4      543.860      20  1127.719     1133.473     1190.079
WARNING: Number of threads seems too high for short alignments. Use -T AUTO to determine best number of threads.
664  MTREV+I+G4    543.771      21  1129.543     1135.915     1195.021
WARNING: Number of threads seems too high for short alignments. Use -T AUTO to determine best number of threads.
665  MTREV+R2      543.898      21  1129.796     1136.169     1195.274
WARNING: Number of threads seems too high for short alignments. Use -T AUTO to determine best number of threads.
683  MTREV+F       529.352      38  1134.703     1157.860     1253.187
WARNING: Number of threads seems too high for short alignments. Use -T AUTO to determine best number of threads.
684  MTREV+F+I     527.046      39  1132.093     1156.659     1253.694
WARNING: Number of threads seems too high for short alignments. Use -T AUTO to determine best number of threads.
685  MTREV+F+G4    527.025      39  1132.051     1156.618     1253.653
WARNING: Number of threads seems too high for short alignments. Use -T AUTO to determine best number of threads.
686  MTREV+F+I+G4  526.921      40  1133.842     1159.873     1258.561
WARNING: Number of threads seems too high for short alignments. Use -T AUTO to determine best number of threads.
687  MTREV+F+R2    527.046      40  1134.093     1160.125     1258.813
WARNING: Number of threads seems too high for short alignments. Use -T AUTO to determine best number of threads.
705  MTART         544.743      19  1127.486     1132.656     1186.728
WARNING: Number of threads seems too high for short alignments. Use -T AUTO to determine best number of threads.
706  MTART+I       542.345      20  1124.690     1130.443     1187.050
WARNING: Number of threads seems too high for short alignments. Use -T AUTO to determine best number of threads.
707  MTART+G4      542.322      20  1124.644     1130.397     1187.004
WARNING: Number of threads seems too high for short alignments. Use -T AUTO to determine best number of threads.
708  MTART+I+G4    542.203      21  1126.405     1132.778     1191.883
WARNING: Number of threads seems too high for short alignments. Use -T AUTO to determine best number of threads.
709  MTART+R2      542.345      21  1126.690     1133.063     1192.168
WARNING: Number of threads seems too high for short alignments. Use -T AUTO to determine best number of threads.
727  MTART+F       530.670      38  1137.341     1160.497     1255.825
WARNING: Number of threads seems too high for short alignments. Use -T AUTO to determine best number of threads.
728  MTART+F+I     528.172      39  1134.343     1158.910     1255.945
WARNING: Number of threads seems too high for short alignments. Use -T AUTO to determine best number of threads.
729  MTART+F+G4    528.152      39  1134.303     1158.870     1255.905
WARNING: Number of threads seems too high for short alignments. Use -T AUTO to determine best number of threads.
730  MTART+F+I+G4  528.024      40  1136.049     1162.081     1260.769
WARNING: Number of threads seems too high for short alignments. Use -T AUTO to determine best number of threads.
731  MTART+F+R2    528.172      40  1136.344     1162.375     1261.063
WARNING: Number of threads seems too high for short alignments. Use -T AUTO to determine best number of threads.
749  MTZOA         536.985      19  1111.970     1117.140     1171.212
WARNING: Number of threads seems too high for short alignments. Use -T AUTO to determine best number of threads.
750  MTZOA+I       534.947      20  1109.894     1115.648     1172.254
WARNING: Number of threads seems too high for short alignments. Use -T AUTO to determine best number of threads.
751  MTZOA+G4      534.916      20  1109.833     1115.586     1172.193
WARNING: Number of threads seems too high for short alignments. Use -T AUTO to determine best number of threads.
752  MTZOA+I+G4    534.849      21  1111.697     1118.069     1177.175
WARNING: Number of threads seems too high for short alignments. Use -T AUTO to determine best number of threads.
753  MTZOA+R2      534.964      21  1111.928     1118.301     1177.406
WARNING: Number of threads seems too high for short alignments. Use -T AUTO to determine best number of threads.
771  MTZOA+F       528.218      38  1132.436     1155.592     1250.920
WARNING: Number of threads seems too high for short alignments. Use -T AUTO to determine best number of threads.
772  MTZOA+F+I     526.072      39  1130.145     1154.711     1251.746
WARNING: Number of threads seems too high for short alignments. Use -T AUTO to determine best number of threads.
773  MTZOA+F+G4    526.045      39  1130.089     1154.656     1251.691
WARNING: Number of threads seems too high for short alignments. Use -T AUTO to determine best number of threads.
774  MTZOA+F+I+G4  525.968      40  1131.937     1157.968     1256.656
WARNING: Number of threads seems too high for short alignments. Use -T AUTO to determine best number of threads.
775  MTZOA+F+R2    526.078      40  1132.156     1158.188     1256.876
WARNING: Number of threads seems too high for short alignments. Use -T AUTO to determine best number of threads.
793  MTMET         549.889      19  1137.778     1142.949     1197.020
WARNING: Number of threads seems too high for short alignments. Use -T AUTO to determine best number of threads.
794  MTMET+I       548.150      20  1136.300     1142.053     1198.660
WARNING: Number of threads seems too high for short alignments. Use -T AUTO to determine best number of threads.
795  MTMET+G4      548.104      20  1136.208     1141.961     1198.568
WARNING: Number of threads seems too high for short alignments. Use -T AUTO to determine best number of threads.
796  MTMET+I+G4    548.047      21  1138.094     1144.466     1203.572
WARNING: Number of threads seems too high for short alignments. Use -T AUTO to determine best number of threads.
797  MTMET+R2      548.191      21  1138.381     1144.754     1203.859
WARNING: Number of threads seems too high for short alignments. Use -T AUTO to determine best number of threads.
815  MTMET+F       526.246      38  1128.492     1151.648     1246.976
WARNING: Number of threads seems too high for short alignments. Use -T AUTO to determine best number of threads.
816  MTMET+F+I     524.449      39  1126.899     1151.466     1248.500
WARNING: Number of threads seems too high for short alignments. Use -T AUTO to determine best number of threads.
817  MTMET+F+G4    524.402      39  1126.805     1151.371     1248.406
WARNING: Number of threads seems too high for short alignments. Use -T AUTO to determine best number of threads.
818  MTMET+F+I+G4  524.339      40  1128.679     1154.710     1253.398
WARNING: Number of threads seems too high for short alignments. Use -T AUTO to determine best number of threads.
819  MTMET+F+R2    524.476      40  1128.951     1154.983     1253.671
WARNING: Number of threads seems too high for short alignments. Use -T AUTO to determine best number of threads.
837  MTVER         550.520      19  1139.040     1144.210     1198.281
WARNING: Number of threads seems too high for short alignments. Use -T AUTO to determine best number of threads.
838  MTVER+I       548.572      20  1137.144     1142.897     1199.504
WARNING: Number of threads seems too high for short alignments. Use -T AUTO to determine best number of threads.
839  MTVER+G4      548.486      20  1136.973     1142.726     1199.333
WARNING: Number of threads seems too high for short alignments. Use -T AUTO to determine best number of threads.
840  MTVER+I+G4    548.343      21  1138.685     1145.058     1204.163
WARNING: Number of threads seems too high for short alignments. Use -T AUTO to determine best number of threads.
841  MTVER+R2      548.583      21  1139.165     1145.537     1204.643
WARNING: Number of threads seems too high for short alignments. Use -T AUTO to determine best number of threads.
859  MTVER+F       528.679      38  1133.359     1156.515     1251.843
WARNING: Number of threads seems too high for short alignments. Use -T AUTO to determine best number of threads.
860  MTVER+F+I     526.357      39  1130.713     1155.280     1252.315
WARNING: Number of threads seems too high for short alignments. Use -T AUTO to determine best number of threads.
861  MTVER+F+G4    526.305      39  1130.609     1155.176     1252.211
WARNING: Number of threads seems too high for short alignments. Use -T AUTO to determine best number of threads.
862  MTVER+F+I+G4  526.090      40  1132.181     1158.213     1256.901
WARNING: Number of threads seems too high for short alignments. Use -T AUTO to determine best number of threads.
863  MTVER+F+R2    526.362      40  1132.723     1158.755     1257.443
WARNING: Number of threads seems too high for short alignments. Use -T AUTO to determine best number of threads.
881  MTINV         560.827      19  1159.655     1164.825     1218.897
WARNING: Number of threads seems too high for short alignments. Use -T AUTO to determine best number of threads.
882  MTINV+I       558.975      20  1157.950     1163.703     1220.310
WARNING: Number of threads seems too high for short alignments. Use -T AUTO to determine best number of threads.
883  MTINV+G4      558.959      20  1157.918     1163.672     1220.278
WARNING: Number of threads seems too high for short alignments. Use -T AUTO to determine best number of threads.
884  MTINV+I+G4    558.932      21  1159.863     1166.236     1225.341
WARNING: Number of threads seems too high for short alignments. Use -T AUTO to determine best number of threads.
885  MTINV+R2      558.983      21  1159.965     1166.338     1225.443
WARNING: Number of threads seems too high for short alignments. Use -T AUTO to determine best number of threads.
903  MTINV+F       526.891      38  1129.781     1152.937     1248.265
WARNING: Number of threads seems too high for short alignments. Use -T AUTO to determine best number of threads.
904  MTINV+F+I     525.022      39  1128.045     1152.612     1249.647
WARNING: Number of threads seems too high for short alignments. Use -T AUTO to determine best number of threads.
905  MTINV+F+G4    525.008      39  1128.015     1152.582     1249.617
WARNING: Number of threads seems too high for short alignments. Use -T AUTO to determine best number of threads.
906  MTINV+F+I+G4  524.982      40  1129.964     1155.996     1254.684
WARNING: Number of threads seems too high for short alignments. Use -T AUTO to determine best number of threads.
907  MTINV+F+R2    525.029      40  1130.057     1156.089     1254.777
WARNING: Number of threads seems too high for short alignments. Use -T AUTO to determine best number of threads.
925  MTMAM         547.204      19  1132.408     1137.578     1191.650
WARNING: Number of threads seems too high for short alignments. Use -T AUTO to determine best number of threads.
926  MTMAM+I       545.136      20  1130.272     1136.025     1192.632
WARNING: Number of threads seems too high for short alignments. Use -T AUTO to determine best number of threads.
927  MTMAM+G4      545.033      20  1130.067     1135.820     1192.427
WARNING: Number of threads seems too high for short alignments. Use -T AUTO to determine best number of threads.
928  MTMAM+I+G4    544.858      21  1131.717     1138.089     1197.195
WARNING: Number of threads seems too high for short alignments. Use -T AUTO to determine best number of threads.
929  MTMAM+R2      545.142      21  1132.284     1138.657     1197.762
WARNING: Number of threads seems too high for short alignments. Use -T AUTO to determine best number of threads.
947  MTMAM+F       531.313      38  1138.625     1161.781     1257.109
WARNING: Number of threads seems too high for short alignments. Use -T AUTO to determine best number of threads.
948  MTMAM+F+I     528.860      39  1135.720     1160.287     1257.322
WARNING: Number of threads seems too high for short alignments. Use -T AUTO to determine best number of threads.
949  MTMAM+F+G4    528.805      39  1135.610     1160.177     1257.212
WARNING: Number of threads seems too high for short alignments. Use -T AUTO to determine best number of threads.
950  MTMAM+F+I+G4  528.584      40  1137.167     1163.199     1261.887
WARNING: Number of threads seems too high for short alignments. Use -T AUTO to determine best number of threads.
951  MTMAM+F+R2    528.868      40  1137.735     1163.767     1262.455
WARNING: Number of threads seems too high for short alignments. Use -T AUTO to determine best number of threads.
969  FLAVI         559.881      19  1157.762     1162.932     1217.004
WARNING: Number of threads seems too high for short alignments. Use -T AUTO to determine best number of threads.
970  FLAVI+I       554.194      20  1148.389     1154.142     1210.748
WARNING: Number of threads seems too high for short alignments. Use -T AUTO to determine best number of threads.
971  FLAVI+G4      554.507      20  1149.014     1154.768     1211.374
WARNING: Number of threads seems too high for short alignments. Use -T AUTO to determine best number of threads.
972  FLAVI+I+G4    553.525      21  1149.049     1155.422     1214.527
WARNING: Number of threads seems too high for short alignments. Use -T AUTO to determine best number of threads.
973  FLAVI+R2      554.352      21  1150.703     1157.076     1216.181
WARNING: Number of threads seems too high for short alignments. Use -T AUTO to determine best number of threads.
991  FLAVI+F       539.442      38  1154.885     1178.041     1273.369
WARNING: Number of threads seems too high for short alignments. Use -T AUTO to determine best number of threads.
992  FLAVI+F+I     533.715      39  1145.429     1169.996     1267.031
WARNING: Number of threads seems too high for short alignments. Use -T AUTO to determine best number of threads.
993  FLAVI+F+G4    534.055      39  1146.110     1170.677     1267.712
WARNING: Number of threads seems too high for short alignments. Use -T AUTO to determine best number of threads.
994  FLAVI+F+I+G4  533.029      40  1146.058     1172.090     1270.778
WARNING: Number of threads seems too high for short alignments. Use -T AUTO to determine best number of threads.
995  FLAVI+F+R2    533.770      40  1147.541     1173.573     1272.261
WARNING: Number of threads seems too high for short alignments. Use -T AUTO to determine best number of threads.
1013  HIVB          565.602      19  1169.204     1174.374     1228.446
WARNING: Number of threads seems too high for short alignments. Use -T AUTO to determine best number of threads.
1014  HIVB+I        560.568      20  1161.136     1166.890     1223.496
WARNING: Number of threads seems too high for short alignments. Use -T AUTO to determine best number of threads.
1015  HIVB+G4       560.913      20  1161.825     1167.579     1224.185
WARNING: Number of threads seems too high for short alignments. Use -T AUTO to determine best number of threads.
1016  HIVB+I+G4     560.109      21  1162.218     1168.591     1227.696
WARNING: Number of threads seems too high for short alignments. Use -T AUTO to determine best number of threads.
1017  HIVB+R2       560.605      21  1163.209     1169.582     1228.687
WARNING: Number of threads seems too high for short alignments. Use -T AUTO to determine best number of threads.
1035  HIVB+F        535.047      38  1146.093     1169.250     1264.577
WARNING: Number of threads seems too high for short alignments. Use -T AUTO to determine best number of threads.
1036  HIVB+F+I      530.461      39  1138.923     1163.490     1260.525
WARNING: Number of threads seems too high for short alignments. Use -T AUTO to determine best number of threads.
1037  HIVB+F+G4     530.674      39  1139.347     1163.914     1260.949
WARNING: Number of threads seems too high for short alignments. Use -T AUTO to determine best number of threads.
1038  HIVB+F+I+G4   529.948      40  1139.895     1165.927     1264.615
WARNING: Number of threads seems too high for short alignments. Use -T AUTO to determine best number of threads.
1039  HIVB+F+R2     530.463      40  1140.927     1166.959     1265.647
WARNING: Number of threads seems too high for short alignments. Use -T AUTO to determine best number of threads.
1057  HIVW          577.682      19  1193.364     1198.534     1252.606
WARNING: Number of threads seems too high for short alignments. Use -T AUTO to determine best number of threads.
1058  HIVW+I        571.001      20  1182.001     1187.755     1244.361
WARNING: Number of threads seems too high for short alignments. Use -T AUTO to determine best number of threads.
1059  HIVW+G4       571.563      20  1183.127     1188.880     1245.487
WARNING: Number of threads seems too high for short alignments. Use -T AUTO to determine best number of threads.
1060  HIVW+I+G4     570.606      21  1183.212     1189.584     1248.690
WARNING: Number of threads seems too high for short alignments. Use -T AUTO to determine best number of threads.
1061  HIVW+R2       571.039      21  1184.079     1190.451     1249.557
WARNING: Number of threads seems too high for short alignments. Use -T AUTO to determine best number of threads.
1079  HIVW+F        536.592      38  1149.183     1172.340     1267.667
WARNING: Number of threads seems too high for short alignments. Use -T AUTO to determine best number of threads.
1080  HIVW+F+I      531.137      39  1140.275     1164.841     1261.876
WARNING: Number of threads seems too high for short alignments. Use -T AUTO to determine best number of threads.
1081  HIVW+F+G4     531.407      39  1140.814     1165.380     1262.415
WARNING: Number of threads seems too high for short alignments. Use -T AUTO to determine best number of threads.
1082  HIVW+F+I+G4   530.596      40  1141.192     1167.224     1265.912
WARNING: Number of threads seems too high for short alignments. Use -T AUTO to determine best number of threads.
1083  HIVW+F+R2     531.137      40  1142.275     1168.306     1266.994
WARNING: Number of threads seems too high for short alignments. Use -T AUTO to determine best number of threads.
1101  FLU           559.773      19  1157.545     1162.715     1216.787
WARNING: Number of threads seems too high for short alignments. Use -T AUTO to determine best number of threads.
1102  FLU+I         556.992      20  1153.984     1159.737     1216.344
WARNING: Number of threads seems too high for short alignments. Use -T AUTO to determine best number of threads.
1103  FLU+G4        557.008      20  1154.016     1159.769     1216.376
WARNING: Number of threads seems too high for short alignments. Use -T AUTO to determine best number of threads.
1104  FLU+I+G4      556.804      21  1155.608     1161.980     1221.085
WARNING: Number of threads seems too high for short alignments. Use -T AUTO to determine best number of threads.
1105  FLU+R2        557.058      21  1156.116     1162.489     1221.594
WARNING: Number of threads seems too high for short alignments. Use -T AUTO to determine best number of threads.
1123  FLU+F         530.032      38  1136.065     1159.221     1254.549
WARNING: Number of threads seems too high for short alignments. Use -T AUTO to determine best number of threads.
1124  FLU+F+I       527.281      39  1132.562     1157.129     1254.164
WARNING: Number of threads seems too high for short alignments. Use -T AUTO to determine best number of threads.
1125  FLU+F+G4      527.271      39  1132.542     1157.108     1254.143
WARNING: Number of threads seems too high for short alignments. Use -T AUTO to determine best number of threads.
1126  FLU+F+I+G4    527.009      40  1134.018     1160.050     1258.738
WARNING: Number of threads seems too high for short alignments. Use -T AUTO to determine best number of threads.
1127  FLU+F+R2      527.347      40  1134.694     1160.726     1259.414
WARNING: Number of threads seems too high for short alignments. Use -T AUTO to determine best number of threads.
1145  RTREV         560.774      19  1159.548     1164.718     1218.789
WARNING: Number of threads seems too high for short alignments. Use -T AUTO to determine best number of threads.
1146  RTREV+I       558.159      20  1156.317     1162.071     1218.677
WARNING: Number of threads seems too high for short alignments. Use -T AUTO to determine best number of threads.
1147  RTREV+G4      558.172      20  1156.343     1162.097     1218.703
WARNING: Number of threads seems too high for short alignments. Use -T AUTO to determine best number of threads.
1148  RTREV+I+G4    558.175      21  1158.350     1164.722     1223.827
WARNING: Number of threads seems too high for short alignments. Use -T AUTO to determine best number of threads.
1149  RTREV+R2      558.182      21  1158.364     1164.736     1223.841
WARNING: Number of threads seems too high for short alignments. Use -T AUTO to determine best number of threads.
1167  RTREV+F       531.717      38  1139.433     1162.590     1257.917
WARNING: Number of threads seems too high for short alignments. Use -T AUTO to determine best number of threads.
1168  RTREV+F+I     528.876      39  1135.752     1160.319     1257.354
WARNING: Number of threads seems too high for short alignments. Use -T AUTO to determine best number of threads.
1169  RTREV+F+G4    528.912      39  1135.824     1160.390     1257.425
WARNING: Number of threads seems too high for short alignments. Use -T AUTO to determine best number of threads.
1170  RTREV+F+I+G4  528.845      40  1137.690     1163.722     1262.410
WARNING: Number of threads seems too high for short alignments. Use -T AUTO to determine best number of threads.
1171  RTREV+F+R2    528.881      40  1137.761     1163.793     1262.481
WARNING: Number of threads seems too high for short alignments. Use -T AUTO to determine best number of threads.
1189  CPREV         548.547      19  1135.094     1140.264     1194.336
WARNING: Number of threads seems too high for short alignments. Use -T AUTO to determine best number of threads.
1190  CPREV+I       545.924      20  1131.847     1137.601     1194.207
WARNING: Number of threads seems too high for short alignments. Use -T AUTO to determine best number of threads.
1191  CPREV+G4      545.933      20  1131.867     1137.620     1194.227
WARNING: Number of threads seems too high for short alignments. Use -T AUTO to determine best number of threads.
1192  CPREV+I+G4    545.935      21  1133.870     1140.243     1199.348
WARNING: Number of threads seems too high for short alignments. Use -T AUTO to determine best number of threads.
1193  CPREV+R2      545.940      21  1133.880     1140.252     1199.358
WARNING: Number of threads seems too high for short alignments. Use -T AUTO to determine best number of threads.
1211  CPREV+F       529.955      38  1135.910     1159.067     1254.394
WARNING: Number of threads seems too high for short alignments. Use -T AUTO to determine best number of threads.
1212  CPREV+F+I     527.447      39  1132.894     1157.461     1254.495
WARNING: Number of threads seems too high for short alignments. Use -T AUTO to determine best number of threads.
1213  CPREV+F+G4    527.449      39  1132.899     1157.466     1254.500
WARNING: Number of threads seems too high for short alignments. Use -T AUTO to determine best number of threads.
1214  CPREV+F+I+G4  527.416      40  1134.832     1160.863     1259.551
WARNING: Number of threads seems too high for short alignments. Use -T AUTO to determine best number of threads.
1215  CPREV+F+R2    527.468      40  1134.936     1160.968     1259.656
Akaike Information Criterion:           MTZOA+G4
Corrected Akaike Information Criterion: MTZOA+G4
Bayesian Information Criterion:         MTZOA
Best-fit model: MTZOA chosen according to BIC

All model information printed to 9_alignment_files/sampleC_part3_alignment.afa.model.gz
CPU time for ModelFinder: 53.130 seconds (0h:0m:53s)
Wall-clock time for ModelFinder: 23.514 seconds (0h:0m:23s)
Generating 1000 samples for ultrafast bootstrap (seed: 757343)...

NOTE: 0 MB RAM (0 GB) is required!
WARNING: Number of threads seems too high for short alignments. Use -T AUTO to determine best number of threads.
Estimate model parameters (epsilon = 0.100)
1. Initial log-likelihood: -537.073
Optimal log-likelihood: -536.985
Parameters optimization took 1 rounds (0.001 sec)
Wrote distance file to... 
Computing ML distances based on estimated model parameters...
Calculating distance matrix: done in 0.00242632 secs using 298% CPU
Computing ML distances took 0.002484 sec (of wall-clock time) 0.009290 sec (of CPU time)
Setting up auxiliary I and S matrices: done in 0.00014162 secs using 242.2% CPU
Constructing RapidNJ tree: done in 0.00109322 secs using 267.7% CPU
Computing RapidNJ tree took 0.001285 sec (of wall-clock time) 0.003377 sec (of CPU time)
Log-likelihood of RapidNJ tree: -537.815
--------------------------------------------------------------------
|             INITIALIZING CANDIDATE TREE SET                      |
--------------------------------------------------------------------
Generating 98 parsimony trees... 0.022 second
Computing log-likelihood of 98 initial trees ... 0.042 seconds
Current best score: -536.985

Do NNI search on 20 best initial trees
Optimizing NNI: done in 0.00290342 secs using 306.6% CPU
Estimate model parameters (epsilon = 0.100)
BETTER TREE FOUND at iteration 1: -536.985
Optimizing NNI: done in 0.0025517 secs using 256.5% CPU
Optimizing NNI: done in 0.00235089 secs using 270.1% CPU
Optimizing NNI: done in 0.00228664 secs using 274.9% CPU
Optimizing NNI: done in 0.00223135 secs using 279.2% CPU
Optimizing NNI: done in 0.00233987 secs using 228.2% CPU
Optimizing NNI: done in 0.00235351 secs using 354.9% CPU
Optimizing NNI: done in 0.00222064 secs using 280.1% CPU
Optimizing NNI: done in 0.00229044 secs using 361.9% CPU
Optimizing NNI: done in 0.00229336 secs using 273.9% CPU
Iteration 10 / LogL: -536.985 / Time: 0h:0m:23s
Optimizing NNI: done in 0.00227514 secs using 320% CPU
Optimizing NNI: done in 0.00240843 secs using 265.9% CPU
Optimizing NNI: done in 0.00237746 secs using 352.3% CPU
Optimizing NNI: done in 0.00232871 secs using 271.7% CPU
Optimizing NNI: done in 0.00223822 secs using 278.7% CPU
Optimizing NNI: done in 0.00232109 secs using 272.4% CPU
Optimizing NNI: done in 0.00240769 secs using 266.1% CPU
Optimizing NNI: done in 0.00226531 secs using 276.5% CPU
Optimizing NNI: done in 0.00249435 secs using 260.3% CPU
Optimizing NNI: done in 0.00238564 secs using 351.5% CPU
Iteration 20 / LogL: -536.985 / Time: 0h:0m:23s
Finish initializing candidate tree set (18)
Current best tree score: -536.985 / CPU time: 0.119
Number of iterations: 20
--------------------------------------------------------------------
|               OPTIMIZING CANDIDATE TREE SET                      |
--------------------------------------------------------------------
Optimizing NNI: done in 0.00248509 secs using 260.8% CPU
Optimizing NNI: done in 0.00825318 secs using 281.7% CPU
Optimizing NNI: done in 0.0041633 secs using 292.1% CPU
Optimizing NNI: done in 0.00234911 secs using 355.3% CPU
Optimizing NNI: done in 0.00407608 secs using 296.2% CPU
Optimizing NNI: done in 0.00601804 secs using 282.7% CPU
Optimizing NNI: done in 0.0041287 secs using 269.5% CPU
Optimizing NNI: done in 0.00239061 secs using 309.3% CPU
Optimizing NNI: done in 0.00883169 secs using 303.8% CPU
Optimizing NNI: done in 0.00541971 secs using 266% CPU
Iteration 30 / LogL: -536.985 / Time: 0h:0m:23s (0h:0m:0s left)
Optimizing NNI: done in 0.00243905 secs using 223.1% CPU
Optimizing NNI: done in 0.00388296 secs using 306% CPU
Optimizing NNI: done in 0.00241543 secs using 348.3% CPU
Optimizing NNI: done in 0.00261424 secs using 329.9% CPU
Optimizing NNI: done in 0.00429331 secs using 285.7% CPU
Optimizing NNI: done in 0.00442137 secs using 280.8% CPU
Optimizing NNI: done in 0.00466977 secs using 249.9% CPU
Optimizing NNI: done in 0.0022367 secs using 278.7% CPU
Optimizing NNI: done in 0.00419511 secs using 290.8% CPU
Optimizing NNI: done in 0.00418946 secs using 267% CPU
Iteration 40 / LogL: -536.985 / Time: 0h:0m:23s (0h:0m:0s left)
Optimizing NNI: done in 0.0111583 secs using 288.2% CPU
Optimizing NNI: done in 0.00852115 secs using 287.7% CPU
Estimate model parameters (epsilon = 0.100)
BETTER TREE FOUND at iteration 42: -534.788
Optimizing NNI: done in 0.00470139 secs using 312.4% CPU
Optimizing NNI: done in 0.00346345 secs using 330.9% CPU
Optimizing NNI: done in 0.00390017 secs using 305% CPU
Optimizing NNI: done in 0.00636123 secs using 303.8% CPU
BETTER TREE FOUND at iteration 46: -534.787
Optimizing NNI: done in 0.00445711 secs using 324.3% CPU
UPDATE BEST LOG-LIKELIHOOD: -534.787
Optimizing NNI: done in 0.00434283 secs using 330.2% CPU
Optimizing NNI: done in 0.00879258 secs using 292.6% CPU
Optimizing NNI: done in 0.0074616 secs using 287.6% CPU
Iteration 50 / LogL: -534.788 / Time: 0h:0m:23s (0h:0m:0s left)
Optimizing NNI: done in 0.0078892 secs using 290.1% CPU
Optimizing NNI: done in 0.00413448 secs using 341.8% CPU
Optimizing NNI: done in 0.00594865 secs using 251.3% CPU
Optimizing NNI: done in 0.00451316 secs using 321.5% CPU
Optimizing NNI: done in 0.00847478 secs using 288% CPU
Optimizing NNI: done in 0.00241589 secs using 265.5% CPU
Optimizing NNI: done in 0.00431187 secs using 315% CPU
Optimizing NNI: done in 0.00614642 secs using 327.7% CPU
Optimizing NNI: done in 0.00422596 secs using 288.6% CPU
UPDATE BEST LOG-LIKELIHOOD: -534.787
Optimizing NNI: done in 0.00460441 secs using 295.7% CPU
Iteration 60 / LogL: -534.787 / Time: 0h:0m:23s (0h:0m:0s left)
Optimizing NNI: done in 0.00348775 secs using 328.2% CPU
Optimizing NNI: done in 0.00766285 secs using 308.2% CPU
UPDATE BEST LOG-LIKELIHOOD: -534.787
Optimizing NNI: done in 0.0043674 secs using 328.9% CPU
Optimizing NNI: done in 0.00852223 secs using 299% CPU
Optimizing NNI: done in 0.0145606 secs using 298.7% CPU
Optimizing NNI: done in 0.00252589 secs using 337.3% CPU
Optimizing NNI: done in 0.00341167 secs using 305.3% CPU
Optimizing NNI: done in 0.00536886 secs using 322.4% CPU
Optimizing NNI: done in 0.00228722 secs using 362.2% CPU
Optimizing NNI: done in 0.00232713 secs using 228.9% CPU
Iteration 70 / LogL: -534.787 / Time: 0h:0m:24s (0h:0m:0s left)
Optimizing NNI: done in 0.0138095 secs using 280.6% CPU
UPDATE BEST LOG-LIKELIHOOD: -534.787
Optimizing NNI: done in 0.0105132 secs using 308.9% CPU
Optimizing NNI: done in 0.00340683 secs using 305.5% CPU
Optimizing NNI: done in 0.00632149 secs using 305.2% CPU
Optimizing NNI: done in 0.00439023 secs using 327.7% CPU
Optimizing NNI: done in 0.0060454 secs using 298.4% CPU
Optimizing NNI: done in 0.00608808 secs using 280.6% CPU
Optimizing NNI: done in 0.00425436 secs using 335% CPU
Optimizing NNI: done in 0.00425165 secs using 287.3% CPU
Optimizing NNI: done in 0.00750497 secs using 286.5% CPU
Iteration 80 / LogL: -534.788 / Time: 0h:0m:24s (0h:0m:0s left)
Optimizing NNI: done in 0.00250152 secs using 338.2% CPU
Optimizing NNI: done in 0.00811096 secs using 284.9% CPU
Optimizing NNI: done in 0.00228961 secs using 274.5% CPU
Optimizing NNI: done in 0.00793792 secs using 301.2% CPU
UPDATE BEST LOG-LIKELIHOOD: -534.787
Optimizing NNI: done in 0.00449899 secs using 277.9% CPU
Optimizing NNI: done in 0.00838732 secs using 289.7% CPU
Optimizing NNI: done in 0.00343529 secs using 274.6% CPU
Optimizing NNI: done in 0.0078146 secs using 304.2% CPU
Optimizing NNI: done in 0.0141826 secs using 297.2% CPU
Optimizing NNI: done in 0.00230555 secs using 230.2% CPU
Iteration 90 / LogL: -534.787 / Time: 0h:0m:24s (0h:0m:0s left)
Optimizing NNI: done in 0.00434489 secs using 330.1% CPU
Optimizing NNI: done in 0.0037101 secs using 314.3% CPU
Optimizing NNI: done in 0.00625256 secs using 291.9% CPU
Optimizing NNI: done in 0.00352003 secs using 270.2% CPU
Optimizing NNI: done in 0.00446171 secs using 275.1% CPU
Optimizing NNI: done in 0.0116301 secs using 280% CPU
Optimizing NNI: done in 0.00705718 secs using 284% CPU
Optimizing NNI: done in 0.00239521 secs using 266.9% CPU
Optimizing NNI: done in 0.00437768 secs using 282.6% CPU
Optimizing NNI: done in 0.00226257 secs using 276.6% CPU
Iteration 100 / LogL: -534.788 / Time: 0h:0m:24s (0h:0m:0s left)
Optimizing NNI: done in 0.0061041 secs using 296.5% CPU
Optimizing NNI: done in 0.00589202 secs using 286.7% CPU
Optimizing NNI: done in 0.00602708 secs using 299% CPU
Optimizing NNI: done in 0.00856551 secs using 310.1% CPU
Optimizing NNI: done in 0.00825529 secs using 263% CPU
Optimizing NNI: done in 0.00336989 secs using 248.3% CPU
Optimizing NNI: done in 0.00225853 secs using 277% CPU
Optimizing NNI: done in 0.00424571 secs using 264.9% CPU
Optimizing NNI: done in 0.0080799 secs using 298.1% CPU
Optimizing NNI: done in 0.00777433 secs using 267.2% CPU
Iteration 110 / LogL: -534.788 / Time: 0h:0m:24s (0h:0m:0s left)
Optimizing NNI: done in 0.00352984 secs using 326.6% CPU
Optimizing NNI: done in 0.00733014 secs using 277.3% CPU
Optimizing NNI: done in 0.00547636 secs using 318.7% CPU
Optimizing NNI: done in 0.0084739 secs using 288.8% CPU
Optimizing NNI: done in 0.0107198 secs using 277.2% CPU
Optimizing NNI: done in 0.00418111 secs using 291.3% CPU
Optimizing NNI: done in 0.0022909 secs using 274.5% CPU
Optimizing NNI: done in 0.00447276 secs using 323.5% CPU
Optimizing NNI: done in 0.005021 secs using 279.2% CPU
Optimizing NNI: done in 0.00854024 secs using 298.4% CPU
Iteration 120 / LogL: -534.800 / Time: 0h:0m:24s (0h:0m:0s left)
Optimizing NNI: done in 0.00419283 secs using 290.7% CPU
Optimizing NNI: done in 0.00368717 secs using 235.5% CPU
Optimizing NNI: done in 0.00435579 secs using 283.6% CPU
Optimizing NNI: done in 0.0088048 secs using 303.9% CPU
Optimizing NNI: done in 0.00432641 secs using 284.8% CPU
Optimizing NNI: done in 0.00357112 secs using 323.9% CPU
Optimizing NNI: done in 0.00432594 secs using 261.8% CPU
Optimizing NNI: done in 0.00814141 secs using 296.5% CPU
Optimizing NNI: done in 0.00677892 secs using 291.8% CPU
Optimizing NNI: done in 0.00525304 secs using 328.4% CPU
Iteration 130 / LogL: -534.787 / Time: 0h:0m:24s (0h:0m:0s left)
Optimizing NNI: done in 0.00649188 secs using 315.1% CPU
Optimizing NNI: done in 0.00730605 secs using 290.8% CPU
Optimizing NNI: done in 0.00631062 secs using 290.1% CPU
Optimizing NNI: done in 0.00573532 secs using 274.3% CPU
Optimizing NNI: done in 0.0112078 secs using 287.4% CPU
UPDATE BEST LOG-LIKELIHOOD: -534.787
Optimizing NNI: done in 0.00983126 secs using 283% CPU
Optimizing NNI: done in 0.0083899 secs using 278.7% CPU
Optimizing NNI: done in 0.0033681 secs using 278.1% CPU
Optimizing NNI: done in 0.00461778 secs using 294.9% CPU
Optimizing NNI: done in 0.00312095 secs using 292.1% CPU
Iteration 140 / LogL: -534.787 / Time: 0h:0m:24s (0h:0m:0s left)
Optimizing NNI: done in 0.0059552 secs using 301.4% CPU
UPDATE BEST LOG-LIKELIHOOD: -534.787
Optimizing NNI: done in 0.0111148 secs using 306.5% CPU
Optimizing NNI: done in 0.00776511 secs using 306% CPU
Optimizing NNI: done in 0.0035952 secs using 239.1% CPU
Optimizing NNI: done in 0.00639456 secs using 271.4% CPU
Optimizing NNI: done in 0.00432031 secs using 262% CPU
Optimizing NNI: done in 0.00421215 secs using 289.7% CPU
Refining ufboot trees with NNI 1 branch...
Optimizing NNI: done in 0.000800975 secs using 349.3% CPU
Optimizing NNI: done in 0.000998374 secs using 296.9% CPU
Optimizing NNI: done in 0.000831404 secs using 99.83% CPU
Optimizing NNI: done in 0.00094929 secs using 99.76% CPU
Optimizing NNI: done in 0.000808694 secs using 347.2% CPU
Optimizing NNI: done in 0.000819129 secs using 344.1% CPU
Optimizing NNI: done in 0.000781376 secs using 355.9% CPU
Optimizing NNI: done in 0.000896759 secs using 322.8% CPU
Optimizing NNI: done in 0.000846612 secs using 336% CPU
Optimizing NNI: done in 0.000647508 secs using 404% CPU
Optimizing NNI: done in 0.000795499 secs using 351.2% CPU
Optimizing NNI: done in 0.000861256 secs using 216.5% CPU
Optimizing NNI: done in 0.000929132 secs using 315% CPU
Optimizing NNI: done in 0.000772962 secs using 358.4% CPU
Optimizing NNI: done in 0.000889188 secs using 324.8% CPU
Optimizing NNI: done in 0.000848594 secs using 99.93% CPU
Optimizing NNI: done in 0.000879217 secs using 327.5% CPU
Optimizing NNI: done in 0.000764678 secs using 361.6% CPU
Optimizing NNI: done in 0.000890824 secs using 324.4% CPU
Optimizing NNI: done in 0.000578001 secs using 446% CPU
Optimizing NNI: done in 0.000568554 secs using 452% CPU
Optimizing NNI: done in 0.000788628 secs using 353.7% CPU
Optimizing NNI: done in 0.000789256 secs using 353.4% CPU
Optimizing NNI: done in 0.000758298 secs using 363.4% CPU
Optimizing NNI: done in 0.000756956 secs using 99.87% CPU
Optimizing NNI: done in 0.000559966 secs using 457.3% CPU
Optimizing NNI: done in 0.000714647 secs using 379.3% CPU
Optimizing NNI: done in 0.000759071 secs using 99.99% CPU
Optimizing NNI: done in 0.00362282 secs using 265.5% CPU
Optimizing NNI: done in 0.000865212 secs using 98.94% CPU
Optimizing NNI: done in 0.000843799 secs using 99.79% CPU
Optimizing NNI: done in 0.000793344 secs using 352.1% CPU
Optimizing NNI: done in 0.000780469 secs using 356.3% CPU
Optimizing NNI: done in 0.000789929 secs using 353.2% CPU
Optimizing NNI: done in 0.000866803 secs using 99.91% CPU
Optimizing NNI: done in 0.000547056 secs using 465.6% CPU
Optimizing NNI: done in 0.000752189 secs using 99.97% CPU
Optimizing NNI: done in 0.00138659 secs using 386.1% CPU
Optimizing NNI: done in 0.000761801 secs using 99.89% CPU
Optimizing NNI: done in 0.000738371 secs using 370.8% CPU
Optimizing NNI: done in 0.00083302 secs using 340% CPU
Optimizing NNI: done in 0.000548858 secs using 464.2% CPU
Optimizing NNI: done in 0.000826511 secs using 341.7% CPU
Optimizing NNI: done in 0.000753726 secs using 365.1% CPU
Optimizing NNI: done in 0.000735047 secs using 371.4% CPU
Optimizing NNI: done in 0.00103916 secs using 292% CPU
Optimizing NNI: done in 0.00226687 secs using 275.1% CPU
Optimizing NNI: done in 0.000779946 secs using 356.6% CPU
Optimizing NNI: done in 0.000566348 secs using 277.7% CPU
Optimizing NNI: done in 0.000802621 secs using 349% CPU
Optimizing NNI: done in 0.000780459 secs using 99.04% CPU
Optimizing NNI: done in 0.000834889 secs using 335.9% CPU
Optimizing NNI: done in 0.00151009 secs using 364.7% CPU
Optimizing NNI: done in 0.00071049 secs using 99.79% CPU
Optimizing NNI: done in 0.00092693 secs using 315.8% CPU
Optimizing NNI: done in 0.000536719 secs using 472.5% CPU
Optimizing NNI: done in 0.000794748 secs using 347.9% CPU
Optimizing NNI: done in 0.000584467 secs using 442.1% CPU
Optimizing NNI: done in 0.000788076 secs using 353.8% CPU
Optimizing NNI: done in 0.000610523 secs using 427.8% CPU
Optimizing NNI: done in 0.000747817 secs using 99.89% CPU
Optimizing NNI: done in 0.000552603 secs using 462.2% CPU
Optimizing NNI: done in 0.000577299 secs using 99.95% CPU
Optimizing NNI: done in 0.000763234 secs using 362% CPU
Optimizing NNI: done in 0.000822194 secs using 343.1% CPU
Optimizing NNI: done in 0.000792193 secs using 352.2% CPU
Optimizing NNI: done in 0.000788541 secs using 353.7% CPU
Optimizing NNI: done in 0.00089576 secs using 323.1% CPU
Optimizing NNI: done in 0.000741129 secs using 369.7% CPU
Optimizing NNI: done in 0.000818481 secs using 345.3% CPU
Optimizing NNI: done in 0.00143271 secs using 239.4% CPU
Optimizing NNI: done in 0.000734731 secs using 371.8% CPU
Optimizing NNI: done in 0.000749603 secs using 366.2% CPU
Optimizing NNI: done in 0.000836828 secs using 339% CPU
Optimizing NNI: done in 0.000830112 secs using 340.7% CPU
Optimizing NNI: done in 0.000769871 secs using 359.4% CPU
Optimizing NNI: done in 0.000773175 secs using 98.94% CPU
Optimizing NNI: done in 0.000811662 secs using 346.4% CPU
Optimizing NNI: done in 0.000815721 secs using 345.2% CPU
Optimizing NNI: done in 0.000893311 secs using 212.5% CPU
Optimizing NNI: done in 0.000561391 secs using 99.22% CPU
Optimizing NNI: done in 0.00083712 secs using 338.9% CPU
Optimizing NNI: done in 0.000831227 secs using 340.5% CPU
Optimizing NNI: done in 0.000789155 secs using 353.3% CPU
Optimizing NNI: done in 0.000695347 secs using 99.95% CPU
Optimizing NNI: done in 0.000843625 secs using 336.9% CPU
Optimizing NNI: done in 0.000577095 secs using 446.4% CPU
Optimizing NNI: done in 0.000786592 secs using 354.1% CPU
Optimizing NNI: done in 0.000739506 secs using 99.8% CPU
Optimizing NNI: done in 0.000790601 secs using 99.8% CPU
Optimizing NNI: done in 0.000784143 secs using 355% CPU
Optimizing NNI: done in 0.000904465 secs using 321.2% CPU
Optimizing NNI: done in 0.000827217 secs using 341.5% CPU
Optimizing NNI: done in 0.000793647 secs using 99.79% CPU
Optimizing NNI: done in 0.000845305 secs using 336.7% CPU
Optimizing NNI: done in 0.000774354 secs using 358.2% CPU
Optimizing NNI: done in 0.000787001 secs using 99.87% CPU
Optimizing NNI: done in 0.000819103 secs using 344.2% CPU
Optimizing NNI: done in 0.000883057 secs using 326.1% CPU
Optimizing NNI: done in 0.000793596 secs using 351.6% CPU
100 samples done
Optimizing NNI: done in 0.000798843 secs using 96.14% CPU
Optimizing NNI: done in 0.00082324 secs using 343% CPU
Optimizing NNI: done in 0.00178646 secs using 322.9% CPU
Optimizing NNI: done in 0.000845442 secs using 336.4% CPU
Optimizing NNI: done in 0.000913015 secs using 335.8% CPU
Optimizing NNI: done in 0.00100723 secs using 298.4% CPU
Optimizing NNI: done in 0.000720797 secs using 99.89% CPU
Optimizing NNI: done in 0.000796917 secs using 350.9% CPU
Optimizing NNI: done in 0.000781763 secs using 355.7% CPU
Optimizing NNI: done in 0.000886703 secs using 213.5% CPU
Optimizing NNI: done in 0.000814244 secs using 345.2% CPU
Optimizing NNI: done in 0.00178847 secs using 267.6% CPU
Optimizing NNI: done in 0.000882641 secs using 326.5% CPU
Optimizing NNI: done in 0.000901296 secs using 321.6% CPU
Optimizing NNI: done in 0.000821229 secs using 343.4% CPU
Optimizing NNI: done in 0.000922837 secs using 316.5% CPU
Optimizing NNI: done in 0.000818932 secs using 344.4% CPU
Optimizing NNI: done in 0.000844752 secs using 336.7% CPU
Optimizing NNI: done in 0.00057625 secs using 447% CPU
Optimizing NNI: done in 0.000791139 secs using 352.7% CPU
Optimizing NNI: done in 0.000691325 secs using 99.37% CPU
Optimizing NNI: done in 0.000760968 secs using 99.87% CPU
Optimizing NNI: done in 0.00076779 secs using 360.6% CPU
Optimizing NNI: done in 0.000770342 secs using 359.7% CPU
Optimizing NNI: done in 0.000882702 secs using 326.6% CPU
Optimizing NNI: done in 0.00301796 secs using 298.7% CPU
Optimizing NNI: done in 0.000779944 secs using 356.4% CPU
Optimizing NNI: done in 0.000871435 secs using 329.2% CPU
Optimizing NNI: done in 0.000714365 secs using 379.6% CPU
Optimizing NNI: done in 0.000847734 secs using 335.8% CPU
Optimizing NNI: done in 0.000729252 secs using 99.83% CPU
Optimizing NNI: done in 0.000702117 secs using 384.6% CPU
Optimizing NNI: done in 0.000763512 secs using 361.5% CPU
Optimizing NNI: done in 0.000802634 secs using 347.9% CPU
Optimizing NNI: done in 0.000787381 secs using 99.82% CPU
Optimizing NNI: done in 0.000784939 secs using 354.4% CPU
Optimizing NNI: done in 0.00140641 secs using 242% CPU
Optimizing NNI: done in 0.000776794 secs using 357.1% CPU
Optimizing NNI: done in 0.000511159 secs using 489.7% CPU
Optimizing NNI: done in 0.00102294 secs using 295.5% CPU
Optimizing NNI: done in 0.00112359 secs using 278% CPU
Optimizing NNI: done in 0.000852672 secs using 334.6% CPU
Optimizing NNI: done in 0.000833908 secs using 339.5% CPU
Optimizing NNI: done in 0.000960102 secs using 308.1% CPU
Optimizing NNI: done in 0.000709956 secs using 99.72% CPU
Optimizing NNI: done in 0.000794793 secs using 351.8% CPU
Optimizing NNI: done in 0.00192687 secs using 307.4% CPU
Optimizing NNI: done in 0.00252507 secs using 258.6% CPU
Optimizing NNI: done in 0.000719418 secs using 98.97% CPU
Optimizing NNI: done in 0.000722632 secs using 99.91% CPU
Optimizing NNI: done in 0.000898058 secs using 322.7% CPU
Optimizing NNI: done in 0.000560926 secs using 456.7% CPU
Optimizing NNI: done in 0.000523471 secs using 99.91% CPU
Optimizing NNI: done in 0.000897679 secs using 322.9% CPU
Optimizing NNI: done in 0.00156972 secs using 354.6% CPU
Optimizing NNI: done in 0.000855574 secs using 99.93% CPU
Optimizing NNI: done in 0.000801989 secs using 349.4% CPU
Optimizing NNI: done in 0.000844419 secs using 336.8% CPU
Optimizing NNI: done in 0.000774738 secs using 357.8% CPU
Optimizing NNI: done in 0.000734079 secs using 98.9% CPU
Optimizing NNI: done in 0.000756912 secs using 99.75% CPU
Optimizing NNI: done in 0.000837835 secs using 338.8% CPU
Optimizing NNI: done in 0.00112037 secs using 278.5% CPU
Optimizing NNI: done in 0.000845705 secs using 336.6% CPU
Optimizing NNI: done in 0.000810669 secs using 346.9% CPU
Optimizing NNI: done in 0.000866965 secs using 329.5% CPU
Optimizing NNI: done in 0.00074215 secs using 369.2% CPU
Optimizing NNI: done in 0.000731169 secs using 99.84% CPU
Optimizing NNI: done in 0.000867553 secs using 186.4% CPU
Optimizing NNI: done in 0.000653541 secs using 406.1% CPU
Optimizing NNI: done in 0.000754792 secs using 364.7% CPU
Optimizing NNI: done in 0.000512309 secs using 489.9% CPU
Optimizing NNI: done in 0.000788135 secs using 353.5% CPU
Optimizing NNI: done in 0.000765854 secs using 360.8% CPU
Optimizing NNI: done in 0.000704967 secs using 99.86% CPU
Optimizing NNI: done in 0.00114622 secs using 274.5% CPU
Optimizing NNI: done in 0.000874783 secs using 328.8% CPU
Optimizing NNI: done in 0.000795249 secs using 351.6% CPU
Optimizing NNI: done in 0.000784612 secs using 354.7% CPU
Optimizing NNI: done in 0.000778383 secs using 356.5% CPU
Optimizing NNI: done in 0.000841706 secs using 337.3% CPU
Optimizing NNI: done in 0.000778767 secs using 99.9% CPU
Optimizing NNI: done in 0.00078981 secs using 353.1% CPU
Optimizing NNI: done in 0.000929121 secs using 315.2% CPU
Optimizing NNI: done in 0.000836589 secs using 219.5% CPU
Optimizing NNI: done in 0.000722096 secs using 238.6% CPU
Optimizing NNI: done in 0.000720478 secs using 377.2% CPU
Optimizing NNI: done in 0.000725943 secs using 375% CPU
Optimizing NNI: done in 0.00078913 secs using 353.4% CPU
Optimizing NNI: done in 0.000884891 secs using 326% CPU
Optimizing NNI: done in 0.00119912 secs using 266.5% CPU
Optimizing NNI: done in 0.000820986 secs using 343.6% CPU
Optimizing NNI: done in 0.00180844 secs using 210.7% CPU
Optimizing NNI: done in 0.000760765 secs using 362.4% CPU
Optimizing NNI: done in 0.00077866 secs using 356.5% CPU
Optimizing NNI: done in 0.000766453 secs using 98.9% CPU
Optimizing NNI: done in 0.000761763 secs using 99.77% CPU
Optimizing NNI: done in 0.000810668 secs using 346.8% CPU
Optimizing NNI: done in 0.000794932 secs using 351.6% CPU
Optimizing NNI: done in 0.000804775 secs using 348.5% CPU
200 samples done
Optimizing NNI: done in 0.000832534 secs using 220.8% CPU
Optimizing NNI: done in 0.000798517 secs using 350.1% CPU
Optimizing NNI: done in 0.000776404 secs using 99.3% CPU
Optimizing NNI: done in 0.000811348 secs using 346.7% CPU
Optimizing NNI: done in 0.000808526 secs using 347.3% CPU
Optimizing NNI: done in 0.000508652 secs using 99.87% CPU
Optimizing NNI: done in 0.000867196 secs using 330.8% CPU
Optimizing NNI: done in 0.000811596 secs using 346.5% CPU
Optimizing NNI: done in 0.000498896 secs using 99.82% CPU
Optimizing NNI: done in 0.000793471 secs using 352.1% CPU
Optimizing NNI: done in 0.000775295 secs using 358.6% CPU
Optimizing NNI: done in 0.000807084 secs using 347.5% CPU
Optimizing NNI: done in 0.000844114 secs using 336.4% CPU
Optimizing NNI: done in 0.000587675 secs using 440% CPU
Optimizing NNI: done in 0.000811508 secs using 346.4% CPU
Optimizing NNI: done in 0.000759411 secs using 363.2% CPU
Optimizing NNI: done in 0.000739665 secs using 99.91% CPU
Optimizing NNI: done in 0.00250666 secs using 259.4% CPU
Optimizing NNI: done in 0.000848087 secs using 335.7% CPU
Optimizing NNI: done in 0.000876478 secs using 328.1% CPU
Optimizing NNI: done in 0.000769691 secs using 359.6% CPU
Optimizing NNI: done in 0.000862699 secs using 215.8% CPU
Optimizing NNI: done in 0.00167719 secs using 218.8% CPU
Optimizing NNI: done in 0.000923328 secs using 208.1% CPU
Optimizing NNI: done in 0.000900173 secs using 321.8% CPU
Optimizing NNI: done in 0.000988244 secs using 301.9% CPU
Optimizing NNI: done in 0.000990117 secs using 301.9% CPU
Optimizing NNI: done in 0.000868492 secs using 330.1% CPU
Optimizing NNI: done in 0.000834606 secs using 339.6% CPU
Optimizing NNI: done in 0.00079273 secs using 352.2% CPU
Optimizing NNI: done in 0.000896251 secs using 323% CPU
Optimizing NNI: done in 0.000542454 secs using 99.18% CPU
Optimizing NNI: done in 0.000756251 secs using 233.5% CPU
Optimizing NNI: done in 0.000851088 secs using 334.6% CPU
Optimizing NNI: done in 0.00109446 secs using 191.2% CPU
Optimizing NNI: done in 0.000797934 secs using 99.38% CPU
Optimizing NNI: done in 0.000801492 secs using 349.1% CPU
Optimizing NNI: done in 0.000652395 secs using 406% CPU
Optimizing NNI: done in 0.000792556 secs using 352.2% CPU
Optimizing NNI: done in 0.000873796 secs using 328.6% CPU
Optimizing NNI: done in 0.000780349 secs using 99.7% CPU
Optimizing NNI: done in 0.000933553 secs using 314.2% CPU
Optimizing NNI: done in 0.000828605 secs using 99.81% CPU
Optimizing NNI: done in 0.00076603 secs using 360.7% CPU
Optimizing NNI: done in 0.000802817 secs using 99.9% CPU
Optimizing NNI: done in 0.000842591 secs using 99.93% CPU
Optimizing NNI: done in 0.000853311 secs using 99.85% CPU
Optimizing NNI: done in 0.000773374 secs using 358.4% CPU
Optimizing NNI: done in 0.000787408 secs using 353.6% CPU
Optimizing NNI: done in 0.000701096 secs using 99.84% CPU
Optimizing NNI: done in 0.000975617 secs using 304.8% CPU
Optimizing NNI: done in 0.000784572 secs using 99.93% CPU
Optimizing NNI: done in 0.000771802 secs using 99.9% CPU
Optimizing NNI: done in 0.000868287 secs using 330.4% CPU
Optimizing NNI: done in 0.000838822 secs using 338.3% CPU
Optimizing NNI: done in 0.000844898 secs using 218.7% CPU
Optimizing NNI: done in 0.00108423 secs using 284.4% CPU
Optimizing NNI: done in 0.000850539 secs using 335.2% CPU
Optimizing NNI: done in 0.000833606 secs using 339.8% CPU
Optimizing NNI: done in 0.000852162 secs using 334.4% CPU
Optimizing NNI: done in 0.000554235 secs using 99.78% CPU
Optimizing NNI: done in 0.000513125 secs using 489.7% CPU
Optimizing NNI: done in 0.000832236 secs using 220.5% CPU
Optimizing NNI: done in 0.000847143 secs using 335.7% CPU
Optimizing NNI: done in 0.000884677 secs using 326% CPU
Optimizing NNI: done in 0.000824854 secs using 342.4% CPU
Optimizing NNI: done in 0.000803126 secs using 348.9% CPU
Optimizing NNI: done in 0.000774717 secs using 98.87% CPU
Optimizing NNI: done in 0.000744301 secs using 99.56% CPU
Optimizing NNI: done in 0.000846141 secs using 336.2% CPU
Optimizing NNI: done in 0.000908493 secs using 320% CPU
Optimizing NNI: done in 0.000671581 secs using 99.76% CPU
Optimizing NNI: done in 0.00084698 secs using 335.8% CPU
Optimizing NNI: done in 0.000763462 secs using 362.2% CPU
Optimizing NNI: done in 0.000850415 secs using 334.9% CPU
Optimizing NNI: done in 0.00081335 secs using 345.7% CPU
Optimizing NNI: done in 0.000581706 secs using 443.7% CPU
Optimizing NNI: done in 0.000746723 secs using 367.9% CPU
Optimizing NNI: done in 0.00106175 secs using 476.6% CPU
Optimizing NNI: done in 0.000841713 secs using 337.5% CPU
Optimizing NNI: done in 0.000839462 secs using 99.83% CPU
Optimizing NNI: done in 0.000829401 secs using 340.7% CPU
Optimizing NNI: done in 0.000826847 secs using 341.7% CPU
Optimizing NNI: done in 0.000829324 secs using 341.1% CPU
Optimizing NNI: done in 0.00126525 secs using 257.8% CPU
Optimizing NNI: done in 0.00085396 secs using 333.9% CPU
Optimizing NNI: done in 0.000808169 secs using 347.2% CPU
Optimizing NNI: done in 0.000918343 secs using 317.4% CPU
Optimizing NNI: done in 0.000798777 secs using 302.3% CPU
Optimizing NNI: done in 0.000808069 secs using 99.74% CPU
Optimizing NNI: done in 0.000862678 secs using 331.5% CPU
Optimizing NNI: done in 0.00078872 secs using 227.8% CPU
Optimizing NNI: done in 0.000751251 secs using 366.2% CPU
Optimizing NNI: done in 0.000771282 secs using 99.44% CPU
Optimizing NNI: done in 0.00077078 secs using 359.8% CPU
Optimizing NNI: done in 0.00133443 secs using 249.8% CPU
Optimizing NNI: done in 0.000758882 secs using 99.88% CPU
Optimizing NNI: done in 0.000810552 secs using 346.8% CPU
Optimizing NNI: done in 0.000689263 secs using 390% CPU
Optimizing NNI: done in 0.000741569 secs using 99.79% CPU
300 samples done
Optimizing NNI: done in 0.00198664 secs using 300% CPU
Optimizing NNI: done in 0.000776976 secs using 99.87% CPU
Optimizing NNI: done in 0.000844538 secs using 99.94% CPU
Optimizing NNI: done in 0.000791711 secs using 352.5% CPU
Optimizing NNI: done in 0.00186159 secs using 261.1% CPU
Optimizing NNI: done in 0.000874151 secs using 328.7% CPU
Optimizing NNI: done in 0.000556733 secs using 98.97% CPU
Optimizing NNI: done in 0.000762371 secs using 362.4% CPU
Optimizing NNI: done in 0.000801286 secs using 349.4% CPU
Optimizing NNI: done in 0.00131095 secs using 252.4% CPU
Optimizing NNI: done in 0.000758093 secs using 363.7% CPU
Optimizing NNI: done in 0.000833476 secs using 339.8% CPU
Optimizing NNI: done in 0.000773531 secs using 358.1% CPU
Optimizing NNI: done in 0.000813545 secs using 345.6% CPU
Optimizing NNI: done in 0.000862815 secs using 316.9% CPU
Optimizing NNI: done in 0.00300653 secs using 299.4% CPU
Optimizing NNI: done in 0.000920538 secs using 317.1% CPU
Optimizing NNI: done in 0.000883677 secs using 99.81% CPU
Optimizing NNI: done in 0.000788431 secs using 353.4% CPU
Optimizing NNI: done in 0.000856978 secs using 333% CPU
Optimizing NNI: done in 0.00125315 secs using 419.1% CPU
Optimizing NNI: done in 0.000828338 secs using 341.4% CPU
Optimizing NNI: done in 0.000752459 secs using 365.7% CPU
Optimizing NNI: done in 0.00087395 secs using 182.7% CPU
Optimizing NNI: done in 0.000769224 secs using 360% CPU
Optimizing NNI: done in 0.000752487 secs using 365.6% CPU
Optimizing NNI: done in 0.000807467 secs using 347.5% CPU
Optimizing NNI: done in 0.000817274 secs using 99.84% CPU
Optimizing NNI: done in 0.000854597 secs using 333.8% CPU
Optimizing NNI: done in 0.00176518 secs using 326.5% CPU
Optimizing NNI: done in 0.000782964 secs using 355.2% CPU
Optimizing NNI: done in 0.000792011 secs using 99.87% CPU
Optimizing NNI: done in 0.000765032 secs using 361.2% CPU
Optimizing NNI: done in 0.000765363 secs using 99.43% CPU
Optimizing NNI: done in 0.000790761 secs using 352.6% CPU
Optimizing NNI: done in 0.000772078 secs using 356.2% CPU
Optimizing NNI: done in 0.000760263 secs using 362.9% CPU
Optimizing NNI: done in 0.000808316 secs using 347.3% CPU
Optimizing NNI: done in 0.000811934 secs using 346.1% CPU
Optimizing NNI: done in 0.000820051 secs using 343.6% CPU
Optimizing NNI: done in 0.000923663 secs using 316.6% CPU
Optimizing NNI: done in 0.000816106 secs using 344.8% CPU
Optimizing NNI: done in 0.00153269 secs using 230.3% CPU
Optimizing NNI: done in 0.000777558 secs using 356.9% CPU
Optimizing NNI: done in 0.00226722 secs using 276.2% CPU
Optimizing NNI: done in 0.000789149 secs using 353.2% CPU
Optimizing NNI: done in 0.000834831 secs using 339.5% CPU
Optimizing NNI: done in 0.000778665 secs using 356.8% CPU
Optimizing NNI: done in 0.00160314 secs using 224.6% CPU
Optimizing NNI: done in 0.000837613 secs using 338.8% CPU
Optimizing NNI: done in 0.000849941 secs using 335.3% CPU
Optimizing NNI: done in 0.000536417 secs using 472.8% CPU
Optimizing NNI: done in 0.000752639 secs using 99.78% CPU
Optimizing NNI: done in 0.00075109 secs using 366.4% CPU
Optimizing NNI: done in 0.00071703 secs using 378.9% CPU
Optimizing NNI: done in 0.00087756 secs using 327.8% CPU
Optimizing NNI: done in 0.000775823 secs using 357.6% CPU
Optimizing NNI: done in 0.000785936 secs using 354% CPU
Optimizing NNI: done in 0.000739186 secs using 370.3% CPU
Optimizing NNI: done in 0.000713429 secs using 379.9% CPU
Optimizing NNI: done in 0.000808567 secs using 347% CPU
Optimizing NNI: done in 0.000834994 secs using 339.2% CPU
Optimizing NNI: done in 0.000735641 secs using 99.78% CPU
Optimizing NNI: done in 0.00080191 secs using 100% CPU
Optimizing NNI: done in 0.00157327 secs using 354.1% CPU
Optimizing NNI: done in 0.000819615 secs using 343.6% CPU
Optimizing NNI: done in 0.000805188 secs using 99.85% CPU
Optimizing NNI: done in 0.000764044 secs using 361.9% CPU
Optimizing NNI: done in 0.000837753 secs using 338.6% CPU
Optimizing NNI: done in 0.000817319 secs using 344.7% CPU
Optimizing NNI: done in 0.000605022 secs using 266.6% CPU
Optimizing NNI: done in 0.000786424 secs using 354% CPU
Optimizing NNI: done in 0.000558232 secs using 98.7% CPU
Optimizing NNI: done in 0.000906378 secs using 210.4% CPU
Optimizing NNI: done in 0.000799393 secs using 350.1% CPU
Optimizing NNI: done in 0.00086739 secs using 330.4% CPU
Optimizing NNI: done in 0.000822885 secs using 342.8% CPU
Optimizing NNI: done in 0.000811307 secs using 346.5% CPU
Optimizing NNI: done in 0.000806425 secs using 347.7% CPU
Optimizing NNI: done in 0.000573256 secs using 99.43% CPU
Optimizing NNI: done in 0.000889338 secs using 324.7% CPU
Optimizing NNI: done in 0.000888533 secs using 325% CPU
Optimizing NNI: done in 0.000881911 secs using 327.2% CPU
Optimizing NNI: done in 0.000771401 secs using 99.82% CPU
Optimizing NNI: done in 0.000837872 secs using 99.9% CPU
Optimizing NNI: done in 0.000736902 secs using 99.88% CPU
Optimizing NNI: done in 0.00144478 secs using 376.7% CPU
Optimizing NNI: done in 0.000804294 secs using 348.5% CPU
Optimizing NNI: done in 0.000787315 secs using 353.7% CPU
Optimizing NNI: done in 0.000871522 secs using 329.2% CPU
Optimizing NNI: done in 0.000829734 secs using 340.7% CPU
Optimizing NNI: done in 0.000814111 secs using 345.4% CPU
Optimizing NNI: done in 0.000836319 secs using 338.9% CPU
Optimizing NNI: done in 0.000766644 secs using 99.26% CPU
Optimizing NNI: done in 0.000795046 secs using 99.87% CPU
Optimizing NNI: done in 0.000836921 secs using 339% CPU
Optimizing NNI: done in 0.000855376 secs using 333.5% CPU
Optimizing NNI: done in 0.000818215 secs using 344.2% CPU
Optimizing NNI: done in 0.000753889 secs using 365.2% CPU
Optimizing NNI: done in 0.000833415 secs using 339.6% CPU
400 samples done
Optimizing NNI: done in 0.000721325 secs using 376.8% CPU
Optimizing NNI: done in 0.00152277 secs using 231% CPU
Optimizing NNI: done in 0.000829929 secs using 341% CPU
Optimizing NNI: done in 0.000836999 secs using 338.8% CPU
Optimizing NNI: done in 0.000838247 secs using 338.4% CPU
Optimizing NNI: done in 0.000772385 secs using 358.6% CPU
Optimizing NNI: done in 0.000759226 secs using 363.1% CPU
Optimizing NNI: done in 0.000781814 secs using 355.5% CPU
Optimizing NNI: done in 0.000923117 secs using 316.3% CPU
Optimizing NNI: done in 0.000748483 secs using 367.3% CPU
Optimizing NNI: done in 0.000828997 secs using 341.1% CPU
Optimizing NNI: done in 0.000829212 secs using 341.2% CPU
Optimizing NNI: done in 0.000846678 secs using 218.5% CPU
Optimizing NNI: done in 0.000564311 secs using 98.88% CPU
Optimizing NNI: done in 0.000830384 secs using 99.95% CPU
Optimizing NNI: done in 0.00083934 secs using 99.84% CPU
Optimizing NNI: done in 0.000781548 secs using 98.91% CPU
Optimizing NNI: done in 0.00081491 secs using 99.89% CPU
Optimizing NNI: done in 0.000776381 secs using 357.4% CPU
Optimizing NNI: done in 0.000861925 secs using 332% CPU
Optimizing NNI: done in 0.000783179 secs using 355.2% CPU
Optimizing NNI: done in 0.000900784 secs using 319.3% CPU
Optimizing NNI: done in 0.0016694 secs using 339.5% CPU
Optimizing NNI: done in 0.00157468 secs using 226.9% CPU
Optimizing NNI: done in 0.000847023 secs using 336.1% CPU
Optimizing NNI: done in 0.000776927 secs using 357.3% CPU
Optimizing NNI: done in 0.000764729 secs using 361.4% CPU
Optimizing NNI: done in 0.000754035 secs using 99.33% CPU
Optimizing NNI: done in 0.000862689 secs using 331.8% CPU
Optimizing NNI: done in 0.000893115 secs using 323.8% CPU
Optimizing NNI: done in 0.000747688 secs using 367.1% CPU
Optimizing NNI: done in 0.000790472 secs using 99.81% CPU
Optimizing NNI: done in 0.00129402 secs using 408.9% CPU
Optimizing NNI: done in 0.000951985 secs using 337.2% CPU
Optimizing NNI: done in 0.00072137 secs using 376.8% CPU
Optimizing NNI: done in 0.00135711 secs using 394.5% CPU
Optimizing NNI: done in 0.000734013 secs using 372.3% CPU
Optimizing NNI: done in 0.000782802 secs using 355.3% CPU
Optimizing NNI: done in 0.000763209 secs using 99.97% CPU
Optimizing NNI: done in 0.00078656 secs using 354.1% CPU
Optimizing NNI: done in 0.000847174 secs using 335.8% CPU
Optimizing NNI: done in 0.000821529 secs using 99.57% CPU
Optimizing NNI: done in 0.000801826 secs using 349.1% CPU
Optimizing NNI: done in 0.000819057 secs using 343.9% CPU
Optimizing NNI: done in 0.000779415 secs using 356.5% CPU
Optimizing NNI: done in 0.00108751 secs using 283.6% CPU
Optimizing NNI: done in 0.000809412 secs using 346.8% CPU
Optimizing NNI: done in 0.0021738 secs using 375.8% CPU
Optimizing NNI: done in 0.000833666 secs using 339.7% CPU
Optimizing NNI: done in 0.00094819 secs using 310.8% CPU
Optimizing NNI: done in 0.00105255 secs using 289.9% CPU
Optimizing NNI: done in 0.000691482 secs using 99.79% CPU
Optimizing NNI: done in 0.0008719 secs using 329.2% CPU
Optimizing NNI: done in 0.0012076 secs using 265.6% CPU
Optimizing NNI: done in 0.000781083 secs using 355.8% CPU
Optimizing NNI: done in 0.000810698 secs using 346.5% CPU
Optimizing NNI: done in 0.00085453 secs using 334.1% CPU
Optimizing NNI: done in 0.000800722 secs using 349.7% CPU
Optimizing NNI: done in 0.000786774 secs using 353.9% CPU
Optimizing NNI: done in 0.00086434 secs using 331.4% CPU
Optimizing NNI: done in 0.000864925 secs using 331.4% CPU
Optimizing NNI: done in 0.000764991 secs using 361.2% CPU
Optimizing NNI: done in 0.000479188 secs using 99.75% CPU
Optimizing NNI: done in 0.000747165 secs using 234.6% CPU
Optimizing NNI: done in 0.000952628 secs using 309.8% CPU
Optimizing NNI: done in 0.000920523 secs using 316.8% CPU
Optimizing NNI: done in 0.00154804 secs using 294% CPU
Optimizing NNI: done in 0.000966208 secs using 306.8% CPU
Optimizing NNI: done in 0.00082329 secs using 99.72% CPU
Optimizing NNI: done in 0.00075906 secs using 363.2% CPU
Optimizing NNI: done in 0.000585112 secs using 99.81% CPU
Optimizing NNI: done in 0.000869772 secs using 329.6% CPU
Optimizing NNI: done in 0.000859153 secs using 332.8% CPU
Optimizing NNI: done in 0.000799725 secs using 99.78% CPU
Optimizing NNI: done in 0.000770853 secs using 359.2% CPU
Optimizing NNI: done in 0.000836888 secs using 339% CPU
Optimizing NNI: done in 0.000806575 secs using 99.93% CPU
Optimizing NNI: done in 0.00082235 secs using 343% CPU
Optimizing NNI: done in 0.000924505 secs using 316.4% CPU
Optimizing NNI: done in 0.000825376 secs using 342% CPU
Optimizing NNI: done in 0.00089 secs using 324.7% CPU
Optimizing NNI: done in 0.000865298 secs using 327.2% CPU
Optimizing NNI: done in 0.000836705 secs using 99.56% CPU
Optimizing NNI: done in 0.00110537 secs using 280.8% CPU
Optimizing NNI: done in 0.00193743 secs using 254.7% CPU
Optimizing NNI: done in 0.000774662 secs using 229.5% CPU
Optimizing NNI: done in 0.000794924 secs using 99.38% CPU
Optimizing NNI: done in 0.000526291 secs using 99.75% CPU
Optimizing NNI: done in 0.000817167 secs using 344.8% CPU
Optimizing NNI: done in 0.00165953 secs using 340.9% CPU
Optimizing NNI: done in 0.00188562 secs using 311.9% CPU
Optimizing NNI: done in 0.000793392 secs using 351.8% CPU
Optimizing NNI: done in 0.000744558 secs using 368.4% CPU
Optimizing NNI: done in 0.000747898 secs using 367.2% CPU
Optimizing NNI: done in 0.000779837 secs using 99.64% CPU
Optimizing NNI: done in 0.000806106 secs using 347.7% CPU
Optimizing NNI: done in 0.000892675 secs using 323.9% CPU
Optimizing NNI: done in 0.000811002 secs using 99.63% CPU
Optimizing NNI: done in 0.000790157 secs using 352.8% CPU
Optimizing NNI: done in 0.000728731 secs using 374.2% CPU
500 samples done
Optimizing NNI: done in 0.000747635 secs using 99.92% CPU
Optimizing NNI: done in 0.000868213 secs using 330.2% CPU
Optimizing NNI: done in 0.000902169 secs using 321.3% CPU
Optimizing NNI: done in 0.000814369 secs using 99.83% CPU
Optimizing NNI: done in 0.00101778 secs using 296.3% CPU
Optimizing NNI: done in 0.000820576 secs using 343.4% CPU
Optimizing NNI: done in 0.000797149 secs using 225.6% CPU
Optimizing NNI: done in 0.000886364 secs using 318.7% CPU
Optimizing NNI: done in 0.000826647 secs using 341.9% CPU
Optimizing NNI: done in 0.000815237 secs using 344.9% CPU
Optimizing NNI: done in 0.000871552 secs using 329.4% CPU
Optimizing NNI: done in 0.000747371 secs using 99.68% CPU
Optimizing NNI: done in 0.000876247 secs using 328.1% CPU
Optimizing NNI: done in 0.000789877 secs using 353.1% CPU
Optimizing NNI: done in 0.000533654 secs using 99.88% CPU
Optimizing NNI: done in 0.000932029 secs using 314.5% CPU
Optimizing NNI: done in 0.000792554 secs using 352.2% CPU
Optimizing NNI: done in 0.000806302 secs using 347.8% CPU
Optimizing NNI: done in 0.00211278 secs using 289.1% CPU
Optimizing NNI: done in 0.000894952 secs using 323.6% CPU
Optimizing NNI: done in 0.000806648 secs using 347.9% CPU
Optimizing NNI: done in 0.000864641 secs using 331.2% CPU
Optimizing NNI: done in 0.000776693 secs using 99.01% CPU
Optimizing NNI: done in 0.000866294 secs using 330.5% CPU
Optimizing NNI: done in 0.000921719 secs using 316.9% CPU
Optimizing NNI: done in 0.00081857 secs using 99.81% CPU
Optimizing NNI: done in 0.00132914 secs using 250.4% CPU
Optimizing NNI: done in 0.00083181 secs using 340.2% CPU
Optimizing NNI: done in 0.000726455 secs using 375% CPU
Optimizing NNI: done in 0.000783146 secs using 355.4% CPU
Optimizing NNI: done in 0.0007634 secs using 361.9% CPU
Optimizing NNI: done in 0.000793687 secs using 99.79% CPU
Optimizing NNI: done in 0.000849483 secs using 335.1% CPU
Optimizing NNI: done in 0.000818919 secs using 344.1% CPU
Optimizing NNI: done in 0.000833067 secs using 339.8% CPU
Optimizing NNI: done in 0.000757373 secs using 99.82% CPU
Optimizing NNI: done in 0.0013804 secs using 244.7% CPU
Optimizing NNI: done in 0.000935137 secs using 313.9% CPU
Optimizing NNI: done in 0.000508331 secs using 99.74% CPU
Optimizing NNI: done in 0.00078304 secs using 355% CPU
Optimizing NNI: done in 0.000851674 secs using 334.5% CPU
Optimizing NNI: done in 0.000836335 secs using 219.9% CPU
Optimizing NNI: done in 0.000837114 secs using 338.5% CPU
Optimizing NNI: done in 0.000831238 secs using 314.4% CPU
Optimizing NNI: done in 0.00156426 secs using 355.5% CPU
Optimizing NNI: done in 0.000815257 secs using 344.8% CPU
Optimizing NNI: done in 0.00083783 secs using 338.5% CPU
Optimizing NNI: done in 0.000833268 secs using 339.6% CPU
Optimizing NNI: done in 0.000775196 secs using 229.4% CPU
Optimizing NNI: done in 0.000819202 secs using 99.49% CPU
Optimizing NNI: done in 0.00122257 secs using 263.4% CPU
Optimizing NNI: done in 0.000582548 secs using 99.91% CPU
Optimizing NNI: done in 0.00079271 secs using 352.2% CPU
Optimizing NNI: done in 0.000800294 secs using 99.84% CPU
Optimizing NNI: done in 0.000792021 secs using 226.5% CPU
Optimizing NNI: done in 0.000569583 secs using 451.2% CPU
Optimizing NNI: done in 0.000815093 secs using 345.1% CPU
Optimizing NNI: done in 0.00090863 secs using 320% CPU
Optimizing NNI: done in 0.00061225 secs using 426.8% CPU
Optimizing NNI: done in 0.000777781 secs using 357.3% CPU
Optimizing NNI: done in 0.000883604 secs using 326.2% CPU
Optimizing NNI: done in 0.000726471 secs using 375% CPU
Optimizing NNI: done in 0.000806832 secs using 99.77% CPU
Optimizing NNI: done in 0.000817048 secs using 344.8% CPU
Optimizing NNI: done in 0.000764137 secs using 231.1% CPU
Optimizing NNI: done in 0.000768602 secs using 285.3% CPU
Optimizing NNI: done in 0.000639649 secs using 412.6% CPU
Optimizing NNI: done in 0.000874314 secs using 328.6% CPU
Optimizing NNI: done in 0.000797866 secs using 350.3% CPU
Optimizing NNI: done in 0.000866218 secs using 99.86% CPU
Optimizing NNI: done in 0.000930318 secs using 207.9% CPU
Optimizing NNI: done in 0.000866679 secs using 330.7% CPU
Optimizing NNI: done in 0.000701346 secs using 99.81% CPU
Optimizing NNI: done in 0.000767562 secs using 99.8% CPU
Optimizing NNI: done in 0.000818968 secs using 344.3% CPU
Optimizing NNI: done in 0.000848342 secs using 335.6% CPU
Optimizing NNI: done in 0.00089039 secs using 324.5% CPU
Optimizing NNI: done in 0.000577622 secs using 445.8% CPU
Optimizing NNI: done in 0.000755185 secs using 364.5% CPU
Optimizing NNI: done in 0.000809714 secs using 346.7% CPU
Optimizing NNI: done in 0.000828294 secs using 99.84% CPU
Optimizing NNI: done in 0.000804494 secs using 348.8% CPU
Optimizing NNI: done in 0.000734311 secs using 372.2% CPU
Optimizing NNI: done in 0.000863831 secs using 331.3% CPU
Optimizing NNI: done in 0.000887116 secs using 325.3% CPU
Optimizing NNI: done in 0.000831638 secs using 340.4% CPU
Optimizing NNI: done in 0.000818957 secs using 99.88% CPU
Optimizing NNI: done in 0.000799758 secs using 350% CPU
Optimizing NNI: done in 0.00078936 secs using 227.3% CPU
Optimizing NNI: done in 0.000765126 secs using 360.9% CPU
Optimizing NNI: done in 0.000748126 secs using 99.18% CPU
Optimizing NNI: done in 0.000747902 secs using 99.88% CPU
Optimizing NNI: done in 0.000826737 secs using 341.8% CPU
Optimizing NNI: done in 0.000857883 secs using 333% CPU
Optimizing NNI: done in 0.000769384 secs using 359.8% CPU
Optimizing NNI: done in 0.000855456 secs using 333.7% CPU
Optimizing NNI: done in 0.00083254 secs using 339.8% CPU
Optimizing NNI: done in 0.000909235 secs using 319.8% CPU
Optimizing NNI: done in 0.000841525 secs using 337.5% CPU
Optimizing NNI: done in 0.000601707 secs using 432.3% CPU
600 samples done
Optimizing NNI: done in 0.000835015 secs using 339.3% CPU
Optimizing NNI: done in 0.000809765 secs using 224.4% CPU
Optimizing NNI: done in 0.000824971 secs using 342.2% CPU
Optimizing NNI: done in 0.000847796 secs using 99.08% CPU
Optimizing NNI: done in 0.000822552 secs using 99.69% CPU
Optimizing NNI: done in 0.000792853 secs using 352.5% CPU
Optimizing NNI: done in 0.000803888 secs using 348.9% CPU
Optimizing NNI: done in 0.000815975 secs using 345% CPU
Optimizing NNI: done in 0.000630779 secs using 417.1% CPU
Optimizing NNI: done in 0.000929291 secs using 315.2% CPU
Optimizing NNI: done in 0.000866243 secs using 330.7% CPU
Optimizing NNI: done in 0.00076945 secs using 359.9% CPU
Optimizing NNI: done in 0.00147314 secs using 303.9% CPU
Optimizing NNI: done in 0.00081189 secs using 99.27% CPU
Optimizing NNI: done in 0.000866252 secs using 99.86% CPU
Optimizing NNI: done in 0.00132559 secs using 401.6% CPU
Optimizing NNI: done in 0.00182635 secs using 318.9% CPU
Optimizing NNI: done in 0.000895175 secs using 323.4% CPU
Optimizing NNI: done in 0.00088753 secs using 325.2% CPU
Optimizing NNI: done in 0.000756825 secs using 364% CPU
Optimizing NNI: done in 0.000837364 secs using 338.6% CPU
Optimizing NNI: done in 0.00083366 secs using 99.92% CPU
Optimizing NNI: done in 0.000875905 secs using 328.3% CPU
Optimizing NNI: done in 0.000890395 secs using 324.5% CPU
Optimizing NNI: done in 0.000838481 secs using 99.82% CPU
Optimizing NNI: done in 0.000722817 secs using 376.2% CPU
Optimizing NNI: done in 0.000775113 secs using 357.8% CPU
Optimizing NNI: done in 0.00113421 secs using 276.1% CPU
Optimizing NNI: done in 0.000858368 secs using 332.6% CPU
Optimizing NNI: done in 0.000805911 secs using 99.89% CPU
Optimizing NNI: done in 0.000809261 secs using 98.86% CPU
Optimizing NNI: done in 0.000731818 secs using 99.89% CPU
Optimizing NNI: done in 0.00150254 secs using 366% CPU
Optimizing NNI: done in 0.000863035 secs using 331.6% CPU
Optimizing NNI: done in 0.000859109 secs using 332.4% CPU
Optimizing NNI: done in 0.000884821 secs using 325.9% CPU
Optimizing NNI: done in 0.000810823 secs using 99.9% CPU
Optimizing NNI: done in 0.000784308 secs using 355% CPU
Optimizing NNI: done in 0.00075627 secs using 364.3% CPU
Optimizing NNI: done in 0.000823916 secs using 342.4% CPU
Optimizing NNI: done in 0.000818315 secs using 344.1% CPU
Optimizing NNI: done in 0.000899981 secs using 321.9% CPU
Optimizing NNI: done in 0.000902842 secs using 321.3% CPU
Optimizing NNI: done in 0.000863388 secs using 331.5% CPU
Optimizing NNI: done in 0.00082774 secs using 341.5% CPU
Optimizing NNI: done in 0.000826969 secs using 341.6% CPU
Optimizing NNI: done in 0.000832224 secs using 339.9% CPU
Optimizing NNI: done in 0.000817369 secs using 344.4% CPU
Optimizing NNI: done in 0.0012486 secs using 259.8% CPU
Optimizing NNI: done in 0.000822863 secs using 99.77% CPU
Optimizing NNI: done in 0.00075185 secs using 99.89% CPU
Optimizing NNI: done in 0.000711861 secs using 99.74% CPU
Optimizing NNI: done in 0.00149383 secs using 300.7% CPU
Optimizing NNI: done in 0.000911469 secs using 319.3% CPU
Optimizing NNI: done in 0.000801573 secs using 349.6% CPU
Optimizing NNI: done in 0.00208497 secs using 291.7% CPU
Optimizing NNI: done in 0.000844374 secs using 336.7% CPU
Optimizing NNI: done in 0.000746792 secs using 367.7% CPU
Optimizing NNI: done in 0.000862635 secs using 331.7% CPU
Optimizing NNI: done in 0.000776561 secs using 357.3% CPU
Optimizing NNI: done in 0.000765651 secs using 361% CPU
Optimizing NNI: done in 0.000748486 secs using 99.94% CPU
Optimizing NNI: done in 0.00164831 secs using 342.6% CPU
Optimizing NNI: done in 0.000927483 secs using 315.5% CPU
Optimizing NNI: done in 0.00091841 secs using 306.9% CPU
Optimizing NNI: done in 0.000807381 secs using 347.4% CPU
Optimizing NNI: done in 0.000596072 secs using 435.4% CPU
Optimizing NNI: done in 0.000894046 secs using 323.5% CPU
Optimizing NNI: done in 0.000839695 secs using 337.7% CPU
Optimizing NNI: done in 0.000830184 secs using 340.5% CPU
Optimizing NNI: done in 0.000758285 secs using 99.96% CPU
Optimizing NNI: done in 0.000870783 secs using 98.88% CPU
Optimizing NNI: done in 0.00054481 secs using 99.85% CPU
Optimizing NNI: done in 0.000816138 secs using 344.9% CPU
Optimizing NNI: done in 0.00083529 secs using 339.3% CPU
Optimizing NNI: done in 0.000760277 secs using 305.2% CPU
Optimizing NNI: done in 0.000591133 secs using 438% CPU
Optimizing NNI: done in 0.000760127 secs using 363.5% CPU
Optimizing NNI: done in 0.000832245 secs using 340% CPU
Optimizing NNI: done in 0.000798764 secs using 350.2% CPU
Optimizing NNI: done in 0.0016176 secs using 347.1% CPU
Optimizing NNI: done in 0.00108038 secs using 284.9% CPU
Optimizing NNI: done in 0.000743623 secs using 99.38% CPU
Optimizing NNI: done in 0.000772469 secs using 99.81% CPU
Optimizing NNI: done in 0.000813969 secs using 345.3% CPU
Optimizing NNI: done in 0.000821369 secs using 350.5% CPU
Optimizing NNI: done in 0.000684716 secs using 98.87% CPU
Optimizing NNI: done in 0.000794505 secs using 351.9% CPU
Optimizing NNI: done in 0.000813398 secs using 345.7% CPU
Optimizing NNI: done in 0.000752152 secs using 365.5% CPU
Optimizing NNI: done in 0.000794607 secs using 99.67% CPU
Optimizing NNI: done in 0.000801042 secs using 98.87% CPU
Optimizing NNI: done in 0.000936874 secs using 313.4% CPU
Optimizing NNI: done in 0.000809692 secs using 346.8% CPU
Optimizing NNI: done in 0.000853746 secs using 334.4% CPU
Optimizing NNI: done in 0.000774693 secs using 357.9% CPU
Optimizing NNI: done in 0.00079156 secs using 352.2% CPU
Optimizing NNI: done in 0.000870012 secs using 329.8% CPU
Optimizing NNI: done in 0.000765329 secs using 99.83% CPU
Optimizing NNI: done in 0.00328446 secs using 340.8% CPU
700 samples done
Optimizing NNI: done in 0.000737893 secs using 370.8% CPU
Optimizing NNI: done in 0.000773904 secs using 357.9% CPU
Optimizing NNI: done in 0.000781604 secs using 99.16% CPU
Optimizing NNI: done in 0.000836438 secs using 338.6% CPU
Optimizing NNI: done in 0.000800722 secs using 99.91% CPU
Optimizing NNI: done in 0.000753244 secs using 98.91% CPU
Optimizing NNI: done in 0.000967816 secs using 306.3% CPU
Optimizing NNI: done in 0.000887276 secs using 325.2% CPU
Optimizing NNI: done in 0.00090371 secs using 321% CPU
Optimizing NNI: done in 0.000922142 secs using 316.7% CPU
Optimizing NNI: done in 0.000884054 secs using 213.2% CPU
Optimizing NNI: done in 0.000866154 secs using 330.8% CPU
Optimizing NNI: done in 0.000569453 secs using 450.8% CPU
Optimizing NNI: done in 0.000844169 secs using 336.9% CPU
Optimizing NNI: done in 0.000851095 secs using 335% CPU
Optimizing NNI: done in 0.000841667 secs using 337.4% CPU
Optimizing NNI: done in 0.000773951 secs using 230% CPU
Optimizing NNI: done in 0.000859079 secs using 332.9% CPU
Optimizing NNI: done in 0.000844701 secs using 336.8% CPU
Optimizing NNI: done in 0.000766461 secs using 360.9% CPU
Optimizing NNI: done in 0.00121478 secs using 264.4% CPU
Optimizing NNI: done in 0.000754692 secs using 364.8% CPU
Optimizing NNI: done in 0.000618847 secs using 99.22% CPU
Optimizing NNI: done in 0.000859935 secs using 332.5% CPU
Optimizing NNI: done in 0.000772426 secs using 99.82% CPU
Optimizing NNI: done in 0.000930661 secs using 316.8% CPU
Optimizing NNI: done in 0.000854228 secs using 333.9% CPU
Optimizing NNI: done in 0.00091638 secs using 318.1% CPU
Optimizing NNI: done in 0.000834773 secs using 99.91% CPU
Optimizing NNI: done in 0.000846947 secs using 335.9% CPU
Optimizing NNI: done in 0.000807449 secs using 347.5% CPU
Optimizing NNI: done in 0.000902904 secs using 321.4% CPU
Optimizing NNI: done in 0.00077771 secs using 356.7% CPU
Optimizing NNI: done in 0.000877762 secs using 327.8% CPU
Optimizing NNI: done in 0.000909059 secs using 271.4% CPU
Optimizing NNI: done in 0.00138123 secs using 389.4% CPU
Optimizing NNI: done in 0.00076534 secs using 360.9% CPU
Optimizing NNI: done in 0.000873799 secs using 99.91% CPU
Optimizing NNI: done in 0.000708153 secs using 99.84% CPU
Optimizing NNI: done in 0.00116239 secs using 272% CPU
Optimizing NNI: done in 0.00077345 secs using 358.5% CPU
Optimizing NNI: done in 0.000810193 secs using 346.8% CPU
Optimizing NNI: done in 0.000754522 secs using 99.8% CPU
Optimizing NNI: done in 0.000948803 secs using 310.8% CPU
Optimizing NNI: done in 0.000980835 secs using 303.9% CPU
Optimizing NNI: done in 0.000765905 secs using 361% CPU
Optimizing NNI: done in 0.00067648 secs using 395.3% CPU
Optimizing NNI: done in 0.000744267 secs using 99.83% CPU
Optimizing NNI: done in 0.000898969 secs using 307.2% CPU
Optimizing NNI: done in 0.000868214 secs using 216.4% CPU
Optimizing NNI: done in 0.00071438 secs using 379.6% CPU
Optimizing NNI: done in 0.000766886 secs using 360.5% CPU
Optimizing NNI: done in 0.000779107 secs using 99.47% CPU
Optimizing NNI: done in 0.000846865 secs using 99.9% CPU
Optimizing NNI: done in 0.000766709 secs using 361% CPU
Optimizing NNI: done in 0.000813445 secs using 345.9% CPU
Optimizing NNI: done in 0.000837169 secs using 219.5% CPU
Optimizing NNI: done in 0.000967679 secs using 306.6% CPU
Optimizing NNI: done in 0.000835483 secs using 339.6% CPU
Optimizing NNI: done in 0.00076259 secs using 362.1% CPU
Optimizing NNI: done in 0.000800163 secs using 349.7% CPU
Optimizing NNI: done in 0.000786187 secs using 354% CPU
Optimizing NNI: done in 0.000773147 secs using 99.2% CPU
Optimizing NNI: done in 0.000819261 secs using 222.5% CPU
Optimizing NNI: done in 0.000831811 secs using 340.6% CPU
Optimizing NNI: done in 0.000504063 secs using 496.2% CPU
Optimizing NNI: done in 0.00078662 secs using 99.79% CPU
Optimizing NNI: done in 0.000825065 secs using 342.4% CPU
Optimizing NNI: done in 0.000785821 secs using 354.2% CPU
Optimizing NNI: done in 0.000490334 secs using 507% CPU
Optimizing NNI: done in 0.000824889 secs using 221.7% CPU
Optimizing NNI: done in 0.000747617 secs using 367.2% CPU
Optimizing NNI: done in 0.000697481 secs using 386.1% CPU
Optimizing NNI: done in 0.0019338 secs using 306.4% CPU
Optimizing NNI: done in 0.000710816 secs using 99.04% CPU
Optimizing NNI: done in 0.00082983 secs using 340.7% CPU
Optimizing NNI: done in 0.000838247 secs using 99.02% CPU
Optimizing NNI: done in 0.00080227 secs using 349.3% CPU
Optimizing NNI: done in 0.000807628 secs using 347.4% CPU
Optimizing NNI: done in 0.000859498 secs using 217% CPU
Optimizing NNI: done in 0.000818149 secs using 344.1% CPU
Optimizing NNI: done in 0.000811768 secs using 99.17% CPU
Optimizing NNI: done in 0.000879071 secs using 327.5% CPU
Optimizing NNI: done in 0.000864891 secs using 331.4% CPU
Optimizing NNI: done in 0.000727317 secs using 374.9% CPU
Optimizing NNI: done in 0.000803447 secs using 348.7% CPU
Optimizing NNI: done in 0.000532661 secs using 288.9% CPU
Optimizing NNI: done in 0.000759644 secs using 363.3% CPU
Optimizing NNI: done in 0.000741178 secs using 369.5% CPU
Optimizing NNI: done in 0.000762106 secs using 362.3% CPU
Optimizing NNI: done in 0.000777949 secs using 356.7% CPU
Optimizing NNI: done in 0.000777543 secs using 99.29% CPU
Optimizing NNI: done in 0.000772174 secs using 359% CPU
Optimizing NNI: done in 0.000831284 secs using 340.6% CPU
Optimizing NNI: done in 0.000784137 secs using 227.9% CPU
Optimizing NNI: done in 0.000817032 secs using 344.4% CPU
Optimizing NNI: done in 0.000755048 secs using 99.07% CPU
Optimizing NNI: done in 0.00080789 secs using 347.7% CPU
Optimizing NNI: done in 0.000802555 secs using 349.1% CPU
Optimizing NNI: done in 0.000751942 secs using 365.6% CPU
800 samples done
Optimizing NNI: done in 0.000844073 secs using 336.7% CPU
Optimizing NNI: done in 0.000486143 secs using 99.97% CPU
Optimizing NNI: done in 0.00158579 secs using 289.3% CPU
Optimizing NNI: done in 0.000780552 secs using 356% CPU
Optimizing NNI: done in 0.000543226 secs using 99.59% CPU
Optimizing NNI: done in 0.000746897 secs using 367.4% CPU
Optimizing NNI: done in 0.000747782 secs using 367.1% CPU
Optimizing NNI: done in 0.000856994 secs using 98.95% CPU
Optimizing NNI: done in 0.00075279 secs using 365.7% CPU
Optimizing NNI: done in 0.000719756 secs using 377.6% CPU
Optimizing NNI: done in 0.00076193 secs using 362.1% CPU
Optimizing NNI: done in 0.000730238 secs using 373.4% CPU
Optimizing NNI: done in 0.000746455 secs using 99.67% CPU
Optimizing NNI: done in 0.00082174 secs using 99.79% CPU
Optimizing NNI: done in 0.0012988 secs using 331.5% CPU
Optimizing NNI: done in 0.000800218 secs using 98.97% CPU
Optimizing NNI: done in 0.000779528 secs using 356.5% CPU
Optimizing NNI: done in 0.000779328 secs using 356.5% CPU
Optimizing NNI: done in 0.000767867 secs using 360.2% CPU
Optimizing NNI: done in 0.000811594 secs using 346.1% CPU
Optimizing NNI: done in 0.00139659 secs using 242.9% CPU
Optimizing NNI: done in 0.000765752 secs using 361.1% CPU
Optimizing NNI: done in 0.000847811 secs using 335.6% CPU
Optimizing NNI: done in 0.000849391 secs using 335.2% CPU
Optimizing NNI: done in 0.000796092 secs using 350.6% CPU
Optimizing NNI: done in 0.000845868 secs using 336.1% CPU
Optimizing NNI: done in 0.000813127 secs using 99.86% CPU
Optimizing NNI: done in 0.000809738 secs using 347% CPU
Optimizing NNI: done in 0.000757697 secs using 364% CPU
Optimizing NNI: done in 0.000824794 secs using 342.3% CPU
Optimizing NNI: done in 0.000741926 secs using 99.47% CPU
Optimizing NNI: done in 0.000758705 secs using 232.2% CPU
Optimizing NNI: done in 0.000792611 secs using 352.1% CPU
Optimizing NNI: done in 0.000705293 secs using 383.2% CPU
Optimizing NNI: done in 0.000777156 secs using 357.5% CPU
Optimizing NNI: done in 0.000823874 secs using 342.6% CPU
Optimizing NNI: done in 0.000724657 secs using 375.8% CPU
Optimizing NNI: done in 0.000527165 secs using 99.78% CPU
Optimizing NNI: done in 0.000760249 secs using 363% CPU
Optimizing NNI: done in 0.000835933 secs using 339.1% CPU
Optimizing NNI: done in 0.00074087 secs using 366.6% CPU
Optimizing NNI: done in 0.000727723 secs using 99.76% CPU
Optimizing NNI: done in 0.000561445 secs using 456.5% CPU
Optimizing NNI: done in 0.000792436 secs using 352.2% CPU
Optimizing NNI: done in 0.000868881 secs using 329.8% CPU
Optimizing NNI: done in 0.000863 secs using 331.3% CPU
Optimizing NNI: done in 0.000770157 secs using 359.8% CPU
Optimizing NNI: done in 0.000773691 secs using 358.4% CPU
Optimizing NNI: done in 0.000765366 secs using 361% CPU
Optimizing NNI: done in 0.000722851 secs using 99.33% CPU
Optimizing NNI: done in 0.000783786 secs using 355.3% CPU
Optimizing NNI: done in 0.000754096 secs using 364.7% CPU
Optimizing NNI: done in 0.000979333 secs using 303.8% CPU
Optimizing NNI: done in 0.00104596 secs using 290.7% CPU
Optimizing NNI: done in 0.0007937 secs using 351.9% CPU
Optimizing NNI: done in 0.00088937 secs using 324.9% CPU
Optimizing NNI: done in 0.00079684 secs using 350% CPU
Optimizing NNI: done in 0.000892554 secs using 323.9% CPU
Optimizing NNI: done in 0.000718363 secs using 99.67% CPU
Optimizing NNI: done in 0.000874117 secs using 328.7% CPU
Optimizing NNI: done in 0.000860957 secs using 332.2% CPU
Optimizing NNI: done in 0.000843939 secs using 99.77% CPU
Optimizing NNI: done in 0.000575856 secs using 99.85% CPU
Optimizing NNI: done in 0.00084521 secs using 336.4% CPU
Optimizing NNI: done in 0.000710861 secs using 380.9% CPU
Optimizing NNI: done in 0.00080427 secs using 348.4% CPU
Optimizing NNI: done in 0.000880151 secs using 327.2% CPU
Optimizing NNI: done in 0.000848921 secs using 335.4% CPU
Optimizing NNI: done in 0.0009641 secs using 307.3% CPU
Optimizing NNI: done in 0.000936203 secs using 350.9% CPU
Optimizing NNI: done in 0.000780162 secs using 356.3% CPU
Optimizing NNI: done in 0.000875202 secs using 328.3% CPU
Optimizing NNI: done in 0.000528095 secs using 99.41% CPU
Optimizing NNI: done in 0.000860919 secs using 99.89% CPU
Optimizing NNI: done in 0.000869312 secs using 99.85% CPU
Optimizing NNI: done in 0.000829835 secs using 99.78% CPU
Optimizing NNI: done in 0.000550755 secs using 99.68% CPU
Optimizing NNI: done in 0.000868455 secs using 330.1% CPU
Optimizing NNI: done in 0.00126845 secs using 415.2% CPU
Optimizing NNI: done in 0.000776242 secs using 357.4% CPU
Optimizing NNI: done in 0.000602241 secs using 431.9% CPU
Optimizing NNI: done in 0.000724548 secs using 99.92% CPU
Optimizing NNI: done in 0.000846283 secs using 336.4% CPU
Optimizing NNI: done in 0.000802005 secs using 349.2% CPU
Optimizing NNI: done in 0.000699372 secs using 99.8% CPU
Optimizing NNI: done in 0.000847894 secs using 335.7% CPU
Optimizing NNI: done in 0.000834615 secs using 339.6% CPU
Optimizing NNI: done in 0.000792669 secs using 99.79% CPU
Optimizing NNI: done in 0.00077622 secs using 229.4% CPU
Optimizing NNI: done in 0.000851961 secs using 334.8% CPU
Optimizing NNI: done in 0.000858196 secs using 332.8% CPU
Optimizing NNI: done in 0.00172507 secs using 327.5% CPU
Optimizing NNI: done in 0.00087975 secs using 327.3% CPU
Optimizing NNI: done in 0.000786152 secs using 354.1% CPU
Optimizing NNI: done in 0.000802679 secs using 348.8% CPU
Optimizing NNI: done in 0.00121588 secs using 428.8% CPU
Optimizing NNI: done in 0.000872982 secs using 329% CPU
Optimizing NNI: done in 0.000771861 secs using 99.89% CPU
Optimizing NNI: done in 0.000821279 secs using 343.1% CPU
Optimizing NNI: done in 0.0007869 secs using 353.9% CPU
900 samples done
Optimizing NNI: done in 0.000823025 secs using 99.75% CPU
Optimizing NNI: done in 0.00290838 secs using 304.3% CPU
Optimizing NNI: done in 0.000872258 secs using 329.1% CPU
Optimizing NNI: done in 0.000897064 secs using 323.1% CPU
Optimizing NNI: done in 0.000835601 secs using 338.8% CPU
Optimizing NNI: done in 0.000699188 secs using 385.4% CPU
Optimizing NNI: done in 0.000545818 secs using 99.85% CPU
Optimizing NNI: done in 0.00072942 secs using 99.94% CPU
Optimizing NNI: done in 0.000767 secs using 99.74% CPU
Optimizing NNI: done in 0.00199113 secs using 248.4% CPU
Optimizing NNI: done in 0.000963831 secs using 307.3% CPU
Optimizing NNI: done in 0.000766936 secs using 360.8% CPU
Optimizing NNI: done in 0.000807153 secs using 347.9% CPU
Optimizing NNI: done in 0.000796595 secs using 99.93% CPU
Optimizing NNI: done in 0.000728038 secs using 99.86% CPU
Optimizing NNI: done in 0.000792845 secs using 352% CPU
Optimizing NNI: done in 0.000881372 secs using 282.9% CPU
Optimizing NNI: done in 0.000845717 secs using 336.4% CPU
Optimizing NNI: done in 0.000873065 secs using 329% CPU
Optimizing NNI: done in 0.000859227 secs using 186.8% CPU
Optimizing NNI: done in 0.000941276 secs using 312.1% CPU
Optimizing NNI: done in 0.000827978 secs using 341.3% CPU
Optimizing NNI: done in 0.000730422 secs using 99.81% CPU
Optimizing NNI: done in 0.000789583 secs using 353% CPU
Optimizing NNI: done in 0.00155684 secs using 228.3% CPU
Optimizing NNI: done in 0.000758909 secs using 363.3% CPU
Optimizing NNI: done in 0.000882118 secs using 326.7% CPU
Optimizing NNI: done in 0.00105986 secs using 288.6% CPU
Optimizing NNI: done in 0.000791324 secs using 99.83% CPU
Optimizing NNI: done in 0.000838866 secs using 151.4% CPU
Optimizing NNI: done in 0.000813166 secs using 345.7% CPU
Optimizing NNI: done in 0.00167633 secs using 218.1% CPU
Optimizing NNI: done in 0.000791642 secs using 352.4% CPU
Optimizing NNI: done in 0.000936318 secs using 315.2% CPU
Optimizing NNI: done in 0.000846175 secs using 99.86% CPU
Optimizing NNI: done in 0.000798451 secs using 225.3% CPU
Optimizing NNI: done in 0.000808858 secs using 347.2% CPU
Optimizing NNI: done in 0.000821909 secs using 343.1% CPU
Optimizing NNI: done in 0.000841458 secs using 337.6% CPU
Optimizing NNI: done in 0.000874722 secs using 282.1% CPU
Optimizing NNI: done in 0.000777758 secs using 99.77% CPU
Optimizing NNI: done in 0.000793035 secs using 227.4% CPU
Optimizing NNI: done in 0.000842397 secs using 337.3% CPU
Optimizing NNI: done in 0.000836439 secs using 338.9% CPU
Optimizing NNI: done in 0.000834081 secs using 99.51% CPU
Optimizing NNI: done in 0.00097274 secs using 302.3% CPU
Optimizing NNI: done in 0.000824773 secs using 341.4% CPU
Optimizing NNI: done in 0.000854935 secs using 333.8% CPU
Optimizing NNI: done in 0.000819562 secs using 344% CPU
Optimizing NNI: done in 0.00061629 secs using 424.2% CPU
Optimizing NNI: done in 0.00144983 secs using 375.8% CPU
Optimizing NNI: done in 0.000928962 secs using 315.3% CPU
Optimizing NNI: done in 0.000819893 secs using 343.6% CPU
Optimizing NNI: done in 0.000800011 secs using 99.75% CPU
Optimizing NNI: done in 0.000914781 secs using 318.1% CPU
Optimizing NNI: done in 0.000509714 secs using 491.8% CPU
Optimizing NNI: done in 0.00096573 secs using 203.6% CPU
Optimizing NNI: done in 0.00102187 secs using 295.6% CPU
Optimizing NNI: done in 0.00085763 secs using 99.81% CPU
Optimizing NNI: done in 0.000698258 secs using 386.1% CPU
Optimizing NNI: done in 0.000826219 secs using 99.85% CPU
Optimizing NNI: done in 0.000855423 secs using 333.5% CPU
Optimizing NNI: done in 0.000810395 secs using 223.3% CPU
Optimizing NNI: done in 0.000851966 secs using 334.5% CPU
Optimizing NNI: done in 0.000782615 secs using 355.5% CPU
Optimizing NNI: done in 0.00122904 secs using 262.2% CPU
Optimizing NNI: done in 0.00158178 secs using 226.3% CPU
Optimizing NNI: done in 0.00111573 secs using 278.8% CPU
Optimizing NNI: done in 0.00107794 secs using 471% CPU
Optimizing NNI: done in 0.000879654 secs using 326.9% CPU
Optimizing NNI: done in 0.00076717 secs using 360.5% CPU
Optimizing NNI: done in 0.000878728 secs using 323.3% CPU
Optimizing NNI: done in 0.000837849 secs using 338.5% CPU
Optimizing NNI: done in 0.000730997 secs using 98.91% CPU
Optimizing NNI: done in 0.000826925 secs using 99.77% CPU
Optimizing NNI: done in 0.000590113 secs using 438.4% CPU
Optimizing NNI: done in 0.000886321 secs using 325.3% CPU
Optimizing NNI: done in 0.000859588 secs using 99.82% CPU
Optimizing NNI: done in 0.000787067 secs using 354% CPU
Optimizing NNI: done in 0.000837492 secs using 338.6% CPU
Optimizing NNI: done in 0.000843486 secs using 99.82% CPU
Optimizing NNI: done in 0.000836714 secs using 99.91% CPU
Optimizing NNI: done in 0.000820899 secs using 99.89% CPU
Optimizing NNI: done in 0.000577857 secs using 446.1% CPU
Optimizing NNI: done in 0.000884157 secs using 326.2% CPU
Optimizing NNI: done in 0.000807529 secs using 347.6% CPU
Optimizing NNI: done in 0.00171149 secs using 333.6% CPU
Optimizing NNI: done in 0.000870498 secs using 329.5% CPU
Optimizing NNI: done in 0.000753547 secs using 365.2% CPU
Optimizing NNI: done in 0.000763902 secs using 361.3% CPU
Optimizing NNI: done in 0.000764505 secs using 99.93% CPU
Optimizing NNI: done in 0.000800639 secs using 349.5% CPU
Optimizing NNI: done in 0.00164173 secs using 221.3% CPU
Optimizing NNI: done in 0.000807561 secs using 347.3% CPU
Optimizing NNI: done in 0.00087759 secs using 327.8% CPU
Optimizing NNI: done in 0.000836233 secs using 338.8% CPU
Optimizing NNI: done in 0.000825265 secs using 342.2% CPU
Optimizing NNI: done in 0.000809651 secs using 98.93% CPU
Optimizing NNI: done in 0.00094804 secs using 311% CPU
Optimizing NNI: done in 0.000885126 secs using 325.9% CPU
1000 samples done
Total 933 ufboot trees refined
TREE SEARCH COMPLETED AFTER 147 ITERATIONS / Time: 0h:0m:28s

--------------------------------------------------------------------
|                    FINALIZING TREE SEARCH                        |
--------------------------------------------------------------------
Performs final model parameters optimization
Estimate model parameters (epsilon = 0.010)
1. Initial log-likelihood: -534.787
Optimal log-likelihood: -534.787
Parameters optimization took 1 rounds (0.001 sec)
BEST SCORE FOUND : -534.787
Creating bootstrap support values...
Split supports printed to NEXUS file 9_alignment_files/sampleC_part3_alignment.afa.splits.nex
Total tree length: 0.135

Total number of iterations: 147
CPU time used for tree search: 15.664 sec (0h:0m:15s)
Wall-clock time used for tree search: 5.290 sec (0h:0m:5s)
Total CPU time used: 68.930 sec (0h:1m:8s)
Total wall-clock time used: 28.850 sec (0h:0m:28s)
UFBoot trees printed to 9_alignment_files/sampleC_part3_alignment.afa.ufboot

Computing bootstrap consensus tree...
Reading input file 9_alignment_files/sampleC_part3_alignment.afa.splits.nex...
11 taxa and 113 splits.
Consensus tree written to 9_alignment_files/sampleC_part3_alignment.afa.contree
Reading input trees file 9_alignment_files/sampleC_part3_alignment.afa.contree
Log-likelihood of consensus tree: -536.785

Analysis results written to: 
  IQ-TREE report:                9_alignment_files/sampleC_part3_alignment.afa.iqtree
  Maximum-likelihood tree:       9_alignment_files/sampleC_part3_alignment.afa.treefile
  Likelihood distances:          9_alignment_files/sampleC_part3_alignment.afa.mldist

Ultrafast bootstrap approximation results written to:
  Split support values:          9_alignment_files/sampleC_part3_alignment.afa.splits.nex
  Consensus tree:                9_alignment_files/sampleC_part3_alignment.afa.contree
  UFBoot trees:                  9_alignment_files/sampleC_part3_alignment.afa.ufboot
  Screen log file:               9_alignment_files/sampleC_part3_alignment.afa.log

Date and Time: Sat Nov 22 14:58:43 2025
