IQ-TREE version 3.0.1 for Linux x86 64-bit built Jul  9 2025
Developed by Bui Quang Minh, Thomas Wong, Nhan Ly-Trong, Huaiyan Ren
Contributed by Lam-Tung Nguyen, Dominik Schrempf, Chris Bielow,
Olga Chernomor, Michael Woodhams, Diep Thi Hoang, Heiko Schmidt

Host:    thecomputer2 (AVX512, FMA3, 31 GB RAM)
Command: iqtree3 -s 10_alignment_files/part1_alignment.afa -m MFP -B 1000 -bnni -T AUTO -redo
Seed:    510167 (Using SPRNG - Scalable Parallel Random Number Generator)
Time:    Tue Nov 25 16:21:37 2025
Kernel:  AVX+FMA - auto-detect threads (8 CPU cores detected)

Reading alignment file 10_alignment_files/part1_alignment.afa ... Fasta format detected
Reading fasta file: done in 0.000955975 secs using 50.52% CPU
Alignment most likely contains protein sequences
Constructing alignment: done in 0.000546547 secs using 90.2% CPU
WARNING: 1 sites contain only gaps or ambiguous characters.
Alignment has 45 sequences with 183 columns, 116 distinct patterns
19 parsimony-informative, 26 singleton sites, 138 constant sites
                                       Gap/Ambiguity  Composition  p-value
Analyzing sequences: done in 0.00898524 secs using 588.2% CPU
   1  OZ223967.1_Natator_depressus             7.65%    passed    100.00%
   2  sampleC_part1                           32.24%    passed     97.76%
   3  sampleD_part1                            9.84%    passed     93.83%
   4  KU254594.1_Eretmochelys_imbricata       10.38%    passed    100.00%
   5  JX454970.1_Eretmochelys_imbricata        8.20%    passed    100.00%
   6  JX454977.1_Caretta_caretta               8.20%    passed    100.00%
   7  JQ026233.1_Chelonia_mydas                8.20%    passed    100.00%
   8  JX454979.1_Lepidochelys_olivacea         8.20%    passed    100.00%
   9  JX454981.1_Lepidochelys_kempii           8.20%    passed    100.00%
  10  AB201257.1_Balaenoptera_omurai           4.92%    passed    100.00%
  11  AP006468.1_Balaenoptera_acutorostrata    4.92%    passed    100.00%
  12  NC_009260.1_Macrochelys_temminckii       7.10%    passed    100.00%
  13  DQ256378.1_Chelydra_serpentina           7.10%    passed    100.00%
  14  KF369191.1_Thunnus_sp.                  39.89%    passed     99.99%
  15  KJ531382.1_Thunnus_sp.                  39.89%    passed     99.99%
  16  KT719293.1_Thunnus_sp.                  39.89%    passed     99.99%
  17  KY018834.1_Thunnus_sp.                  39.89%    passed     99.99%
  18  KY438800.1_Thunnus_environmental        39.89%    passed     99.99%
  19  MG204905.1_Thunnus_sp.                  39.89%    passed     99.99%
  20  KY676041.1_Thunnus_tonggol              39.89%    passed     99.99%
  21  MZ892564.1_Thunnus_albacares            39.89%    passed     99.99%
  22  DQ107585.1_Thunnus_thynnus              39.89%    passed     99.99%
  23  JN097817.1_Thunnus_orientalis           39.89%    passed     99.99%
  24  PP661813.1_Thunnus_sp.                  39.89%    passed     99.99%
  25  KF925362.1_Thunnus_maccoyii             39.89%    passed     99.99%
  26  KP975906.1_Thunnus_obesus               39.89%    passed     99.99%
  27  AB097669.1_Thunnus_thynnus              39.89%    passed     99.99%
  28  GQ152876.1_Dermochelys_coriacea          8.74%    passed    100.00%
  29  sampleA_part1                            7.10%    passed    100.00%
  30  sampleB_part1                            8.74%    passed    100.00%
  31  EU496283.1_Balaenoptera_ricei            6.56%    passed    100.00%
  32  MT251226.1_Monodon_monoceros             5.46%    passed    100.00%
  33  DQ095155.1_Eubalaena_australis           4.37%    passed    100.00%
  34  AB201259.1_Balaenoptera_brydei           4.37%    passed    100.00%
  35  AP006472.1_Balaena_mysticetus            4.37%    passed    100.00%
  36  AP006475.1_Caperea_marginata             4.37%    passed    100.00%
  37  DQ095154.1_Eubalaena_glacialis           4.37%    passed    100.00%
  38  NC_006931.1_Eubalaena_japonica           4.37%    passed    100.00%
  39  NC_006926.1_Balaenoptera_bonaerensis     4.37%    passed    100.00%
  40  MF409248.1_Balaenoptera_borealis         4.37%    passed    100.00%
  41  MW984423.1_Balaenoptera_edeni            4.37%    passed    100.00%
  42  AP006471.1_Eschrichtius_robustus         4.37%    passed    100.00%
  43  KC572709.1_Balaenoptera_physalus         4.37%    passed    100.00%
  44  MF409242.1_Balaenoptera_musculus         4.37%    passed    100.00%
  45  EU496288.1_Delphinapterus_leucas         7.10%    passed    100.00%
****  TOTAL                                   17.33%  0 sequences failed composition chi2 test (p-value<5%; df=19)
NOTE: JX454977.1_Caretta_caretta is identical to JX454970.1_Eretmochelys_imbricata but kept for subsequent analysis
NOTE: JX454981.1_Lepidochelys_kempii is identical to JX454979.1_Lepidochelys_olivacea but kept for subsequent analysis
NOTE: KJ531382.1_Thunnus_sp. is identical to KF369191.1_Thunnus_sp. but kept for subsequent analysis
NOTE: AB201259.1_Balaenoptera_brydei is identical to DQ095155.1_Eubalaena_australis but kept for subsequent analysis
NOTE: MF409242.1_Balaenoptera_musculus is identical to KC572709.1_Balaenoptera_physalus but kept for subsequent analysis
Checking for duplicate sequences: done in 0.00670556 secs using 627.9% CPU
Identifying sites to remove: done in 0.000177103 secs using 97.68% CPU
NOTE: 20 identical sequences (see below) will be ignored for subsequent analysis
NOTE: JQ026233.1_Chelonia_mydas (identical to JX454970.1_Eretmochelys_imbricata) is ignored but added at the end
NOTE: KT719293.1_Thunnus_sp. (identical to KF369191.1_Thunnus_sp.) is ignored but added at the end
NOTE: KY018834.1_Thunnus_sp. (identical to KF369191.1_Thunnus_sp.) is ignored but added at the end
NOTE: KY438800.1_Thunnus_environmental (identical to KF369191.1_Thunnus_sp.) is ignored but added at the end
NOTE: MG204905.1_Thunnus_sp. (identical to KF369191.1_Thunnus_sp.) is ignored but added at the end
NOTE: KY676041.1_Thunnus_tonggol (identical to KF369191.1_Thunnus_sp.) is ignored but added at the end
NOTE: MZ892564.1_Thunnus_albacares (identical to KF369191.1_Thunnus_sp.) is ignored but added at the end
NOTE: DQ107585.1_Thunnus_thynnus (identical to KF369191.1_Thunnus_sp.) is ignored but added at the end
NOTE: JN097817.1_Thunnus_orientalis (identical to KF369191.1_Thunnus_sp.) is ignored but added at the end
NOTE: PP661813.1_Thunnus_sp. (identical to KF369191.1_Thunnus_sp.) is ignored but added at the end
NOTE: KF925362.1_Thunnus_maccoyii (identical to KF369191.1_Thunnus_sp.) is ignored but added at the end
NOTE: KP975906.1_Thunnus_obesus (identical to KF369191.1_Thunnus_sp.) is ignored but added at the end
NOTE: AB097669.1_Thunnus_thynnus (identical to KF369191.1_Thunnus_sp.) is ignored but added at the end
NOTE: AP006472.1_Balaena_mysticetus (identical to DQ095155.1_Eubalaena_australis) is ignored but added at the end
NOTE: AP006475.1_Caperea_marginata (identical to DQ095155.1_Eubalaena_australis) is ignored but added at the end
NOTE: DQ095154.1_Eubalaena_glacialis (identical to DQ095155.1_Eubalaena_australis) is ignored but added at the end
NOTE: NC_006931.1_Eubalaena_japonica (identical to DQ095155.1_Eubalaena_australis) is ignored but added at the end
NOTE: NC_006926.1_Balaenoptera_bonaerensis (identical to DQ095155.1_Eubalaena_australis) is ignored but added at the end
NOTE: MF409248.1_Balaenoptera_borealis (identical to DQ095155.1_Eubalaena_australis) is ignored but added at the end
NOTE: MW984423.1_Balaenoptera_edeni (identical to DQ095155.1_Eubalaena_australis) is ignored but added at the end
Alignment was printed to 10_alignment_files/part1_alignment.afa.uniqueseq.phy

For your convenience alignment with unique sequences printed to 10_alignment_files/part1_alignment.afa.uniqueseq.phy


Create initial parsimony tree by phylogenetic likelihood library (PLL)... 0.002 seconds
Measuring multi-threading efficiency up to 8 CPU cores
Increase to 10 rounds for branch lengths
157 trees examined
Threads: 1 / Time: 8.042 sec / Speedup: 1.000 / Efficiency: 100% / LogL: -1221
Threads: 2 / Time: 4.978 sec / Speedup: 1.615 / Efficiency: 81% / LogL: -1221
Threads: 3 / Time: 3.928 sec / Speedup: 2.047 / Efficiency: 68% / LogL: -1221
Threads: 4 / Time: 3.363 sec / Speedup: 2.391 / Efficiency: 60% / LogL: -1221
Threads: 5 / Time: 3.540 sec / Speedup: 2.272 / Efficiency: 45% / LogL: -1221
Determining AUTO threadcount: done in 23.8514 secs using 254.3% CPU
BEST NUMBER OF THREADS: 4

Perform fast likelihood tree search using LG+I+G model...
Estimate model parameters (epsilon = 5.000)
Perform nearest neighbor interchange...
Optimizing NNI: done in 0.0495199 secs using 394.9% CPU
Estimate model parameters (epsilon = 1.000)
1. Initial log-likelihood: -880.868
Optimal log-likelihood: -880.803
Proportion of invariable sites: 0.373
Gamma shape alpha: 6.078
Parameters optimization took 1 rounds (0.018 sec)
Time for fast ML tree search: 0.109 seconds

NOTE: ModelFinder requires 5 MB RAM!
ModelFinder will test up to 1232 protein models (sample size: 183 epsilon: 0.100) ...
 No. Model         -LnL         df  AIC          AICc         BIC
  1  LG            883.205      47  1860.409     1893.831     2011.255
  2  LG+I          880.834      48  1857.669     1892.773     2011.724
  3  LG+G4         880.821      48  1857.642     1892.747     2011.698
  4  LG+I+G4       880.802      49  1859.604     1896.446     2016.869
  5  LG+R2         880.989      49  1859.977     1896.820     2017.242
  6  LG+R3         880.864      51  1863.728     1904.217     2027.412
 14  LG+I+R2       880.854      50  1861.707     1900.344     2022.181
 15  LG+I+R3       880.807      52  1865.613     1908.013     2032.507
 23  LG+F          848.579      66  1829.158     1905.399     2040.984
 24  LG+F+I        845.984      67  1825.968     1905.202     2041.003
 25  LG+F+G4       846.131      67  1826.263     1905.497     2041.298
 26  LG+F+I+G4     846.001      68  1828.002     1910.318     2046.247
 27  LG+F+R2       846.235      68  1828.470     1910.786     2046.715
 45  WAG           881.713      47  1857.426     1890.848     2008.272
 46  WAG+I         879.892      48  1855.783     1890.888     2009.839
 47  WAG+G4        879.718      48  1855.437     1890.541     2009.492
 48  WAG+I+G4      879.834      49  1857.668     1894.511     2014.933
 49  WAG+R2        879.821      49  1857.642     1894.484     2014.906
 67  WAG+F         845.102      66  1822.204     1898.445     2034.030
 68  WAG+F+I       843.356      67  1820.712     1899.947     2035.748
 69  WAG+F+G4      843.373      67  1820.746     1899.981     2035.782
 70  WAG+F+I+G4    843.348      68  1822.696     1905.012     2040.941
 71  WAG+F+R2      843.375      68  1822.750     1905.066     2040.995
 89  JTT           880.247      47  1854.494     1887.917     2005.340
 90  JTT+I         878.301      48  1852.603     1887.707     2006.658
 91  JTT+G4        878.176      48  1852.351     1887.456     2006.406
 92  JTT+I+G4      878.251      49  1854.501     1891.343     2011.766
 93  JTT+R2        878.258      49  1854.517     1891.359     2011.782
111  JTT+F         847.641      66  1827.282     1903.523     2039.108
112  JTT+F+I       845.985      67  1825.970     1905.205     2041.005
113  JTT+F+G4      845.982      67  1825.963     1905.198     2040.999
114  JTT+F+I+G4    845.979      68  1827.959     1910.274     2046.204
115  JTT+F+R2      845.975      68  1827.951     1910.266     2046.196
133  Q.PFAM        881.536      47  1857.071     1890.493     2007.917
134  Q.PFAM+I      879.282      48  1854.565     1889.669     2008.620
135  Q.PFAM+G4     879.340      48  1854.680     1889.784     2008.735
136  Q.PFAM+I+G4   879.275      49  1856.550     1893.392     2013.814
137  Q.PFAM+R2     879.376      49  1856.752     1893.594     2014.017
155  Q.PFAM+F      848.883      66  1829.766     1906.007     2041.592
156  Q.PFAM+F+I    846.322      67  1826.644     1905.879     2041.680
157  Q.PFAM+F+G4   846.543      67  1827.087     1906.322     2042.122
158  Q.PFAM+F+I+G4 846.357      68  1828.714     1911.029     2046.959
159  Q.PFAM+F+R2   846.537      68  1829.073     1911.389     2047.318
177  Q.BIRD        901.961      47  1897.922     1931.344     2048.768
178  Q.BIRD+I      898.579      48  1893.159     1928.263     2047.214
179  Q.BIRD+G4     898.563      48  1893.126     1928.231     2047.182
180  Q.BIRD+I+G4   898.532      49  1895.064     1931.906     2052.329
181  Q.BIRD+R2     898.807      49  1895.615     1932.457     2052.880
199  Q.BIRD+F      865.087      66  1862.174     1938.415     2074.000
200  Q.BIRD+F+I    862.348      67  1858.695     1937.930     2073.731
201  Q.BIRD+F+G4   862.367      67  1858.734     1937.969     2073.769
202  Q.BIRD+F+I+G4 862.308      68  1860.616     1942.932     2078.862
203  Q.BIRD+F+R2   862.423      68  1860.845     1943.161     2079.090
221  Q.MAMMAL      897.692      47  1889.385     1922.807     2040.231
222  Q.MAMMAL+I    895.247      48  1886.494     1921.599     2040.550
223  Q.MAMMAL+G4   895.227      48  1886.455     1921.559     2040.510
224  Q.MAMMAL+I+G4 895.214      49  1888.429     1925.271     2045.694
225  Q.MAMMAL+R2   895.272      49  1888.544     1925.386     2045.809
243  Q.MAMMAL+F    859.087      66  1850.174     1926.415     2062.000
244  Q.MAMMAL+F+I  856.977      67  1847.954     1927.189     2062.990
245  Q.MAMMAL+F+G4 857.084      67  1848.169     1927.403     2063.204
246  Q.MAMMAL+F+I+G4 856.977      68  1849.954     1932.269     2068.199
247  Q.MAMMAL+F+R2 857.054      68  1850.108     1932.424     2068.353
265  Q.INSECT      890.777      47  1875.553     1908.975     2026.399
266  Q.INSECT+I    888.679      48  1873.359     1908.463     2027.414
267  Q.INSECT+G4   888.668      48  1873.335     1908.440     2027.391
268  Q.INSECT+I+G4 888.651      49  1875.302     1912.144     2032.566
269  Q.INSECT+R2   888.679      49  1875.358     1912.200     2032.623
287  Q.INSECT+F    848.383      66  1828.766     1905.008     2040.593
288  Q.INSECT+F+I  846.257      67  1826.513     1905.748     2041.549
289  Q.INSECT+F+G4 846.346      67  1826.692     1905.927     2041.727
290  Q.INSECT+F+I+G4 846.256      68  1828.512     1910.828     2046.757
291  Q.INSECT+F+R2 846.318      68  1828.636     1910.952     2046.881
309  Q.PLANT       888.506      47  1871.011     1904.434     2021.857
310  Q.PLANT+I     885.535      48  1867.069     1902.173     2021.124
311  Q.PLANT+G4    885.390      48  1866.780     1901.884     2020.835
312  Q.PLANT+I+G4  885.426      49  1868.852     1905.694     2026.117
313  Q.PLANT+R2    885.519      49  1869.039     1905.881     2026.304
331  Q.PLANT+F     855.240      66  1842.481     1918.722     2054.307
332  Q.PLANT+F+I   852.384      67  1838.767     1918.002     2053.803
333  Q.PLANT+F+G4  852.411      67  1838.822     1918.056     2053.857
334  Q.PLANT+F+I+G4 852.360      68  1840.720     1923.035     2058.965
335  Q.PLANT+F+R2  852.429      68  1840.859     1923.174     2059.104
353  Q.YEAST       890.434      47  1874.868     1908.290     2025.713
354  Q.YEAST+I     887.912      48  1871.823     1906.928     2025.879
355  Q.YEAST+G4    887.956      48  1871.912     1907.016     2025.967
356  Q.YEAST+I+G4  887.900      49  1873.800     1910.643     2031.065
357  Q.YEAST+R2    887.957      49  1873.914     1910.756     2031.179
375  Q.YEAST+F     848.632      66  1829.263     1905.505     2041.090
376  Q.YEAST+F+I   846.054      67  1826.108     1905.343     2041.144
377  Q.YEAST+F+G4  846.234      67  1826.468     1905.703     2041.504
378  Q.YEAST+F+I+G4 846.087      68  1828.173     1910.489     2046.418
379  Q.YEAST+F+R2  846.184      68  1828.367     1910.683     2046.612
397  JTTDCMUT      880.363      47  1854.727     1888.149     2005.572
398  JTTDCMUT+I    878.483      48  1852.967     1888.071     2007.022
399  JTTDCMUT+G4   878.343      48  1852.687     1887.791     2006.742
400  JTTDCMUT+I+G4 878.431      49  1854.862     1891.704     2012.127
401  JTTDCMUT+R2   878.377      49  1854.754     1891.596     2012.018
419  JTTDCMUT+F    847.217      66  1826.434     1902.675     2038.260
420  JTTDCMUT+F+I  845.628      67  1825.255     1904.490     2040.291
421  JTTDCMUT+F+G4 845.612      67  1825.223     1904.458     2040.259
422  JTTDCMUT+F+I+G4 845.623      68  1827.246     1909.562     2045.491
423  JTTDCMUT+F+R2 845.621      68  1827.241     1909.557     2045.486
441  DCMUT         895.972      47  1885.944     1919.366     2036.789
442  DCMUT+I       892.901      48  1881.803     1916.907     2035.858
443  DCMUT+G4      892.677      48  1881.353     1916.458     2035.409
444  DCMUT+I+G4    892.741      49  1883.483     1920.325     2040.748
445  DCMUT+R2      892.840      49  1883.679     1920.522     2040.944
463  DCMUT+F       849.763      66  1831.526     1907.767     2043.352
464  DCMUT+F+I     847.215      67  1828.431     1907.666     2043.466
465  DCMUT+F+G4    847.222      67  1828.443     1907.678     2043.479
466  DCMUT+F+I+G4  847.185      68  1830.371     1912.687     2048.616
467  DCMUT+F+R2    847.234      68  1830.468     1912.784     2048.713
485  VT            877.459      47  1848.918     1882.341     1999.764
486  VT+I          875.992      48  1847.983     1883.088     2002.038
487  VT+G4         875.903      48  1847.805     1882.910     2001.861
488  VT+I+G4       875.976      49  1849.952     1886.794     2007.217
489  VT+R2         875.934      49  1849.869     1886.711     2007.134
507  VT+F          844.527      66  1821.054     1897.296     2032.880
508  VT+F+I        843.162      67  1820.325     1899.560     2035.360
509  VT+F+G4       843.172      67  1820.344     1899.578     2035.379
510  VT+F+I+G4     843.164      68  1822.327     1904.643     2040.572
511  VT+F+R2       843.181      68  1822.363     1904.679     2040.608
529  PMB           876.041      47  1846.082     1879.504     1996.928
530  PMB+I         874.777      48  1845.554     1880.659     1999.610
531  PMB+G4        874.680      48  1845.360     1880.465     1999.416
532  PMB+I+G4      874.777      49  1847.554     1884.396     2004.819
533  PMB+R2        874.715      49  1847.429     1884.271     2004.694
551  PMB+F         845.030      66  1822.061     1898.302     2033.887
552  PMB+F+I       843.640      67  1821.279     1900.514     2036.315
553  PMB+F+G4      843.624      67  1821.248     1900.483     2036.284
554  PMB+F+I+G4    843.637      68  1823.274     1905.590     2041.519
555  PMB+F+R2      843.634      68  1823.267     1905.583     2041.512
573  BLOSUM62      877.300      47  1848.599     1882.021     1999.445
574  BLOSUM62+I    875.717      48  1847.434     1882.538     2001.489
575  BLOSUM62+G4   875.673      48  1847.347     1882.451     2001.402
576  BLOSUM62+I+G4 875.697      49  1849.394     1886.236     2006.659
577  BLOSUM62+R2   875.689      49  1849.377     1886.220     2006.642
595  BLOSUM62+F    845.058      66  1822.116     1898.358     2033.942
596  BLOSUM62+F+I  843.411      67  1820.821     1900.056     2035.857
597  BLOSUM62+F+G4 843.440      67  1820.880     1900.114     2035.915
598  BLOSUM62+F+I+G4 843.402      68  1822.804     1905.120     2041.049
599  BLOSUM62+F+R2 843.438      68  1822.876     1905.192     2041.121
617  DAYHOFF       896.054      47  1886.109     1919.531     2036.955
618  DAYHOFF+I     892.951      48  1881.903     1917.007     2035.958
619  DAYHOFF+G4    892.729      48  1881.458     1916.563     2035.513
620  DAYHOFF+I+G4  892.786      49  1883.572     1920.414     2040.837
621  DAYHOFF+R2    892.892      49  1883.784     1920.626     2041.049
639  DAYHOFF+F     849.843      66  1831.686     1907.927     2043.512
640  DAYHOFF+F+I   847.267      67  1828.533     1907.768     2043.569
641  DAYHOFF+F+G4  847.278      67  1828.556     1907.791     2043.592
642  DAYHOFF+F+I+G4 847.238      68  1830.476     1912.792     2048.721
643  DAYHOFF+F+R2  847.293      68  1830.587     1912.903     2048.832
661  MTREV         863.598      47  1821.196     1854.619     1972.042
662  MTREV+I       860.255      48  1816.511     1851.615     1970.566
663  MTREV+G4      860.030      48  1816.059     1851.164     1970.115
664  MTREV+I+G4    860.051      49  1818.103     1854.945     1975.368
665  MTREV+R2      860.180      49  1818.359     1855.201     1975.624
683  MTREV+F       855.364      66  1842.728     1918.969     2054.554
684  MTREV+F+I     852.660      67  1839.321     1918.556     2054.356
685  MTREV+F+G4    852.270      67  1838.540     1917.775     2053.576
686  MTREV+F+I+G4  852.411      68  1840.821     1923.137     2059.066
687  MTREV+F+R2    852.399      68  1840.799     1923.115     2059.044
705  MTART         873.583      47  1841.166     1874.589     1992.012
706  MTART+I       866.057      48  1828.113     1863.218     1982.169
707  MTART+G4      865.951      48  1827.902     1863.006     1981.957
708  MTART+I+G4    865.623      49  1829.246     1866.089     1986.511
709  MTART+R2      866.376      49  1830.753     1867.595     1988.018
727  MTART+F       863.681      66  1859.361     1935.603     2071.187
728  MTART+F+I     856.403      67  1846.806     1926.041     2061.842
729  MTART+F+G4    856.257      67  1846.514     1925.749     2061.549
730  MTART+F+I+G4  855.970      68  1847.940     1930.256     2066.185
731  MTART+F+R2    856.589      68  1849.179     1931.494     2067.424
749  MTZOA         862.426      47  1818.852     1852.274     1969.698
750  MTZOA+I       858.259      48  1812.518     1847.623     1966.574
751  MTZOA+G4      858.475      48  1812.951     1848.055     1967.006
752  MTZOA+I+G4    858.269      49  1814.538     1851.381     1971.803
753  MTZOA+R2      858.585      49  1815.170     1852.012     1972.435
771  MTZOA+F       856.021      66  1844.041     1920.283     2055.868
772  MTZOA+F+I     851.878      67  1837.756     1916.991     2052.792
773  MTZOA+F+G4    851.843      67  1837.685     1916.920     2052.721
774  MTZOA+F+I+G4  851.699      68  1839.398     1921.714     2057.643
775  MTZOA+F+R2    851.965      68  1839.930     1922.246     2058.175
793  MTMET         874.708      47  1843.415     1876.837     1994.261
794  MTMET+I       871.531      48  1839.062     1874.167     1993.117
795  MTMET+G4      871.674      48  1839.348     1874.452     1993.403
796  MTMET+I+G4    871.539      49  1841.077     1877.919     1998.342
797  MTMET+R2      871.724      49  1841.447     1878.289     1998.712
815  MTMET+F       856.436      66  1844.873     1921.114     2056.699
816  MTMET+F+I     853.879      67  1841.758     1920.993     2056.794
817  MTMET+F+G4    853.825      67  1841.650     1920.885     2056.686
818  MTMET+F+I+G4  853.810      68  1843.620     1925.936     2061.865
819  MTMET+F+R2    853.895      68  1843.790     1926.106     2062.035
837  MTVER         877.790      47  1849.580     1883.003     2000.426
838  MTVER+I       872.851      48  1841.702     1876.807     1995.758
839  MTVER+G4      873.151      48  1842.302     1877.406     1996.357
840  MTVER+I+G4    872.937      49  1843.874     1880.716     2001.139
841  MTVER+R2      873.256      49  1844.511     1881.353     2001.776
859  MTVER+F       865.293      66  1862.586     1938.827     2074.412
860  MTVER+F+I     861.572      67  1857.144     1936.379     2072.180
861  MTVER+F+G4    861.562      67  1857.125     1936.360     2072.160
862  MTVER+F+I+G4  861.466      68  1858.931     1941.247     2077.176
863  MTVER+F+R2    861.659      68  1859.319     1941.635     2077.564
881  MTINV         881.273      47  1856.545     1889.968     2007.391
882  MTINV+I       878.858      48  1853.715     1888.820     2007.771
883  MTINV+G4      878.868      48  1853.736     1888.840     2007.791
884  MTINV+I+G4    878.824      49  1855.647     1892.489     2012.912
885  MTINV+R2      878.926      49  1855.853     1892.695     2013.118
903  MTINV+F       849.938      66  1831.875     1908.117     2043.701
904  MTINV+F+I     847.632      67  1829.263     1908.498     2044.299
905  MTINV+F+G4    847.621      67  1829.242     1908.477     2044.278
906  MTINV+F+I+G4  847.596      68  1831.191     1913.507     2049.436
907  MTINV+F+R2    847.663      68  1831.326     1913.642     2049.572
925  MTMAM         886.715      47  1867.430     1900.852     2018.276
926  MTMAM+I       876.565      48  1849.130     1884.235     2003.186
927  MTMAM+G4      877.269      48  1850.538     1885.642     2004.593
928  MTMAM+I+G4    876.759      49  1851.518     1888.360     2008.783
929  MTMAM+R2      877.754      49  1853.507     1890.349     2010.772
947  MTMAM+F       878.348      66  1888.695     1964.937     2100.521
948  MTMAM+F+I     869.363      67  1872.725     1951.960     2087.761
949  MTMAM+F+G4    869.881      67  1873.761     1952.996     2088.797
950  MTMAM+F+I+G4  869.365      68  1874.730     1957.046     2092.975
951  MTMAM+F+R2    870.234      68  1876.467     1958.783     2094.712
969  FLAVI         895.961      47  1885.922     1919.344     2036.768
970  FLAVI+I       891.625      48  1879.250     1914.355     2033.306
971  FLAVI+G4      891.889      48  1879.779     1914.883     2033.834
972  FLAVI+I+G4    891.741      49  1881.482     1918.324     2038.747
973  FLAVI+R2      891.820      49  1881.641     1918.483     2038.906
991  FLAVI+F       873.182      66  1878.363     1954.605     2090.189
992  FLAVI+F+I     869.008      67  1872.017     1951.251     2087.052
993  FLAVI+F+G4    869.127      67  1872.253     1951.488     2087.289
994  FLAVI+F+I+G4  869.002      68  1874.003     1956.319     2092.248
995  FLAVI+F+R2    869.146      68  1874.293     1956.609     2092.538
1013  HIVB          907.424      47  1908.848     1942.270     2059.694
1014  HIVB+I        903.053      48  1902.105     1937.210     2056.161
1015  HIVB+G4       902.799      48  1901.597     1936.702     2055.653
1016  HIVB+I+G4     902.791      49  1903.582     1940.424     2060.847
1017  HIVB+R2       902.888      49  1903.776     1940.618     2061.041
1035  HIVB+F        867.820      66  1867.640     1943.881     2079.466
1036  HIVB+F+I      864.459      67  1862.917     1942.152     2077.953
1037  HIVB+F+G4     864.049      67  1862.098     1941.332     2077.133
1038  HIVB+F+I+G4   864.158      68  1864.316     1946.632     2082.561
1039  HIVB+F+R2     864.155      68  1864.310     1946.626     2082.555
1057  HIVW          929.847      47  1953.694     1987.117     2104.540
1058  HIVW+I        920.912      48  1937.824     1972.929     2091.880
1059  HIVW+G4       920.593      48  1937.186     1972.290     2091.241
1060  HIVW+I+G4     920.472      49  1938.944     1975.786     2096.209
1061  HIVW+R2       920.758      49  1939.516     1976.358     2096.781
1079  HIVW+F        876.384      66  1884.767     1961.009     2096.594
1080  HIVW+F+I      869.988      67  1873.977     1953.212     2089.012
1081  HIVW+F+G4     869.568      67  1873.137     1952.372     2088.173
1082  HIVW+F+I+G4   869.480      68  1874.959     1957.275     2093.204
1083  HIVW+F+R2     869.665      68  1875.329     1957.645     2093.574
1101  FLU           896.870      47  1887.741     1921.163     2038.586
1102  FLU+I         892.374      48  1880.748     1915.853     2034.804
1103  FLU+G4        892.516      48  1881.032     1916.136     2035.087
1104  FLU+I+G4      892.416      49  1882.833     1919.675     2040.097
1105  FLU+R2        892.564      49  1883.128     1919.970     2040.392
1123  FLU+F         856.468      66  1844.936     1921.178     2056.763
1124  FLU+F+I       852.048      67  1838.096     1917.331     2053.132
1125  FLU+F+G4      852.331      67  1838.661     1917.896     2053.697
1126  FLU+F+I+G4    852.123      68  1840.246     1922.562     2058.491
1127  FLU+F+R2      852.425      68  1840.850     1923.166     2059.095
1145  RTREV         891.891      47  1877.783     1911.205     2028.629
1146  RTREV+I       888.593      48  1873.187     1908.291     2027.242
1147  RTREV+G4      888.601      48  1873.201     1908.306     2027.256
1148  RTREV+I+G4    888.548      49  1875.096     1911.938     2032.361
1149  RTREV+R2      888.653      49  1875.306     1912.148     2032.570
1167  RTREV+F       851.141      66  1834.281     1910.523     2046.107
1168  RTREV+F+I     847.699      67  1829.397     1908.632     2044.433
1169  RTREV+F+G4    847.741      67  1829.481     1908.716     2044.517
1170  RTREV+F+I+G4  847.660      68  1831.320     1913.636     2049.565
1171  RTREV+F+R2    847.790      68  1831.581     1913.896     2049.826
1189  CPREV         868.892      47  1831.784     1865.206     1982.630
1190  CPREV+I       867.542      48  1831.084     1866.189     1985.140
1191  CPREV+G4      867.321      48  1830.643     1865.747     1984.698
1192  CPREV+I+G4    867.534      49  1833.068     1869.910     1990.333
1193  CPREV+R2      867.321      49  1832.643     1869.485     1989.908
1211  CPREV+F       842.539      66  1817.078     1893.320     2028.904
1212  CPREV+F+I     841.319      67  1816.639     1895.873     2031.674
1213  CPREV+F+G4    841.228      67  1816.455     1895.690     2031.491
1214  CPREV+F+I+G4  841.342      68  1818.684     1901.000     2036.929
1215  CPREV+F+R2    841.242      68  1818.483     1900.799     2036.728
Akaike Information Criterion:           MTZOA+I
Corrected Akaike Information Criterion: MTZOA+I
Bayesian Information Criterion:         MTZOA+I
Best-fit model: MTZOA+I chosen according to BIC

All model information printed to 10_alignment_files/part1_alignment.afa.model.gz
CPU time for ModelFinder: 76.520 seconds (0h:1m:16s)
Wall-clock time for ModelFinder: 27.837 seconds (0h:0m:27s)
WARNING: States(s) C rarely appear in alignment and may cause numerical problems
Generating 1000 samples for ultrafast bootstrap (seed: 510167)...

NOTE: 1 MB RAM (0 GB) is required!
Estimate model parameters (epsilon = 0.100)
1. Initial log-likelihood: -859.398
2. Current log-likelihood: -858.308
Optimal log-likelihood: -858.261
Proportion of invariable sites: 0.452
Parameters optimization took 2 rounds (0.010 sec)
Wrote distance file to... 
Computing ML distances based on estimated model parameters...
Calculating distance matrix: done in 0.00509014 secs using 432.4% CPU
Computing ML distances took 0.005162 sec (of wall-clock time) 0.022084 sec (of CPU time)
Setting up auxiliary I and S matrices: done in 0.000168828 secs using 297.9% CPU
Constructing RapidNJ tree: done in 0.00469677 secs using 238.7% CPU
Computing RapidNJ tree took 0.004942 sec (of wall-clock time) 0.011986 sec (of CPU time)
Log-likelihood of RapidNJ tree: -860.620
--------------------------------------------------------------------
|             INITIALIZING CANDIDATE TREE SET                      |
--------------------------------------------------------------------
Generating 98 parsimony trees... 0.086 second
Computing log-likelihood of 98 initial trees ... 0.129 seconds
Current best score: -858.261

Do NNI search on 20 best initial trees
Optimizing NNI: done in 0.00881875 secs using 349.2% CPU
Estimate model parameters (epsilon = 0.100)
BETTER TREE FOUND at iteration 1: -858.261
Optimizing NNI: done in 0.0331059 secs using 393% CPU
Optimizing NNI: done in 0.0326139 secs using 397.4% CPU
Optimizing NNI: done in 0.0324593 secs using 405% CPU
Optimizing NNI: done in 0.0335398 secs using 381.6% CPU
Optimizing NNI: done in 0.0330923 secs using 392.7% CPU
Optimizing NNI: done in 0.0403804 secs using 389.7% CPU
Optimizing NNI: done in 0.0409799 secs using 392.8% CPU
Optimizing NNI: done in 0.0423633 secs using 398.6% CPU
Optimizing NNI: done in 0.0348004 secs using 398.4% CPU
Iteration 10 / LogL: -858.270 / Time: 0h:0m:28s
Optimizing NNI: done in 0.0460855 secs using 398.9% CPU
Optimizing NNI: done in 0.0449193 secs using 399.4% CPU
Optimizing NNI: done in 0.0354673 secs using 396.7% CPU
Optimizing NNI: done in 0.0418408 secs using 395.8% CPU
Optimizing NNI: done in 0.0411835 secs using 388.8% CPU
Optimizing NNI: done in 0.04151 secs using 396.2% CPU
Optimizing NNI: done in 0.0395046 secs using 398.7% CPU
Optimizing NNI: done in 0.0385426 secs using 398.2% CPU
Optimizing NNI: done in 0.040585 secs using 393.2% CPU
Optimizing NNI: done in 0.041282 secs using 397.9% CPU
Iteration 20 / LogL: -858.269 / Time: 0h:0m:28s
Finish initializing candidate tree set (20)
Current best tree score: -858.261 / CPU time: 0.975
Number of iterations: 20
--------------------------------------------------------------------
|               OPTIMIZING CANDIDATE TREE SET                      |
--------------------------------------------------------------------
Optimizing NNI: done in 0.039807 secs using 393.8% CPU
Estimate model parameters (epsilon = 0.100)
BETTER TREE FOUND at iteration 21: -857.965
Optimizing NNI: done in 0.0372969 secs using 394.8% CPU
Optimizing NNI: done in 0.0307085 secs using 396.3% CPU
Optimizing NNI: done in 0.0288175 secs using 394.9% CPU
Optimizing NNI: done in 0.0691936 secs using 386.1% CPU
Optimizing NNI: done in 0.0445279 secs using 391.9% CPU
Optimizing NNI: done in 0.0228747 secs using 375.2% CPU
Optimizing NNI: done in 0.0281881 secs using 394.3% CPU
Optimizing NNI: done in 0.040608 secs using 390.6% CPU
Optimizing NNI: done in 0.0317742 secs using 398.8% CPU
Iteration 30 / LogL: -858.264 / Time: 0h:0m:29s (0h:0m:4s left)
Optimizing NNI: done in 0.0408795 secs using 390.8% CPU
Optimizing NNI: done in 0.0321607 secs using 395.5% CPU
Estimate model parameters (epsilon = 0.100)
BETTER TREE FOUND at iteration 32: -857.948
Optimizing NNI: done in 0.0406465 secs using 394.6% CPU
Optimizing NNI: done in 0.0526575 secs using 397.9% CPU
Optimizing NNI: done in 0.0715579 secs using 397.4% CPU
Optimizing NNI: done in 0.0378077 secs using 401.3% CPU
Optimizing NNI: done in 0.040153 secs using 391.2% CPU
Optimizing NNI: done in 0.0367694 secs using 396.4% CPU
Optimizing NNI: done in 0.030132 secs using 388.7% CPU
Optimizing NNI: done in 0.0370078 secs using 391.8% CPU
Iteration 40 / LogL: -858.672 / Time: 0h:0m:29s (0h:0m:4s left)
Optimizing NNI: done in 0.0456695 secs using 395.6% CPU
Optimizing NNI: done in 0.0869068 secs using 391.3% CPU
Optimizing NNI: done in 0.0341536 secs using 388.2% CPU
BETTER TREE FOUND at iteration 43: -857.948
Optimizing NNI: done in 0.0499225 secs using 391.1% CPU
BETTER TREE FOUND at iteration 44: -857.948
Optimizing NNI: done in 0.0247239 secs using 399.2% CPU
Optimizing NNI: done in 0.0265786 secs using 396.9% CPU
Optimizing NNI: done in 0.0325647 secs using 385.6% CPU
Optimizing NNI: done in 0.0412314 secs using 397.8% CPU
Optimizing NNI: done in 0.0561339 secs using 394.8% CPU
Optimizing NNI: done in 0.0340625 secs using 389.6% CPU
Iteration 50 / LogL: -857.948 / Time: 0h:0m:30s (0h:0m:4s left)
Optimizing NNI: done in 0.0362769 secs using 396.6% CPU
Optimizing NNI: done in 0.0440794 secs using 391% CPU
Optimizing NNI: done in 0.02764 secs using 397.9% CPU
Optimizing NNI: done in 0.0260641 secs using 392.1% CPU
Optimizing NNI: done in 0.0282257 secs using 392% CPU
Optimizing NNI: done in 0.0436521 secs using 383.9% CPU
Optimizing NNI: done in 0.0325762 secs using 396.6% CPU
Optimizing NNI: done in 0.0366506 secs using 385.9% CPU
BETTER TREE FOUND at iteration 58: -857.948
Optimizing NNI: done in 0.0329448 secs using 400% CPU
Optimizing NNI: done in 0.0241882 secs using 393.2% CPU
Iteration 60 / LogL: -858.673 / Time: 0h:0m:30s (0h:0m:4s left)
Optimizing NNI: done in 0.0559535 secs using 389.2% CPU
Optimizing NNI: done in 0.0273161 secs using 407.1% CPU
Optimizing NNI: done in 0.051516 secs using 391.5% CPU
Optimizing NNI: done in 0.0345612 secs using 391.7% CPU
Optimizing NNI: done in 0.031075 secs using 392.4% CPU
Optimizing NNI: done in 0.0346592 secs using 396.6% CPU
Optimizing NNI: done in 0.0352059 secs using 394.8% CPU
Optimizing NNI: done in 0.0587454 secs using 398.5% CPU
Optimizing NNI: done in 0.0396235 secs using 395.6% CPU
Optimizing NNI: done in 0.0336122 secs using 396.8% CPU
Iteration 70 / LogL: -858.576 / Time: 0h:0m:31s (0h:0m:4s left)
Optimizing NNI: done in 0.0588102 secs using 392.8% CPU
Optimizing NNI: done in 0.0337652 secs using 400.2% CPU
Optimizing NNI: done in 0.0454317 secs using 385.3% CPU
BETTER TREE FOUND at iteration 73: -857.947
Optimizing NNI: done in 0.0244805 secs using 395.9% CPU
Optimizing NNI: done in 0.0232332 secs using 403.3% CPU
Optimizing NNI: done in 0.0777666 secs using 394% CPU
Optimizing NNI: done in 0.0286339 secs using 385.9% CPU
Optimizing NNI: done in 0.0478925 secs using 393.6% CPU
Optimizing NNI: done in 0.047032 secs using 392.9% CPU
Optimizing NNI: done in 0.0328987 secs using 397.7% CPU
Iteration 80 / LogL: -857.948 / Time: 0h:0m:31s (0h:0m:4s left)
Optimizing NNI: done in 0.0331085 secs using 395.9% CPU
Optimizing NNI: done in 0.0249866 secs using 395.1% CPU
Optimizing NNI: done in 0.0474587 secs using 400.2% CPU
Optimizing NNI: done in 0.0651948 secs using 395.6% CPU
Optimizing NNI: done in 0.0264568 secs using 405% CPU
Optimizing NNI: done in 0.0409239 secs using 393.6% CPU
Optimizing NNI: done in 0.0315576 secs using 381.4% CPU
Optimizing NNI: done in 0.0333472 secs using 393.2% CPU
Optimizing NNI: done in 0.0272347 secs using 397% CPU
Optimizing NNI: done in 0.034352 secs using 394.5% CPU
Iteration 90 / LogL: -864.316 / Time: 0h:0m:31s (0h:0m:3s left)
Optimizing NNI: done in 0.0372403 secs using 394.4% CPU
Optimizing NNI: done in 0.0291174 secs using 388.5% CPU
Optimizing NNI: done in 0.0233533 secs using 391.1% CPU
Optimizing NNI: done in 0.0293221 secs using 389.1% CPU
Optimizing NNI: done in 0.0328024 secs using 389.6% CPU
Optimizing NNI: done in 0.0530665 secs using 397.3% CPU
Optimizing NNI: done in 0.0407108 secs using 395.6% CPU
Optimizing NNI: done in 0.0286506 secs using 395.3% CPU
Optimizing NNI: done in 0.0464766 secs using 395.9% CPU
Optimizing NNI: done in 0.0535841 secs using 393.5% CPU
Iteration 100 / LogL: -863.913 / Time: 0h:0m:32s (0h:0m:3s left)
Optimizing NNI: done in 0.0599315 secs using 393% CPU
Optimizing NNI: done in 0.0288382 secs using 394.8% CPU
Optimizing NNI: done in 0.0307071 secs using 393% CPU
Optimizing NNI: done in 0.0255323 secs using 393.7% CPU
Optimizing NNI: done in 0.0336048 secs using 396.9% CPU
Optimizing NNI: done in 0.0331798 secs using 397% CPU
Optimizing NNI: done in 0.0346783 secs using 384% CPU
Optimizing NNI: done in 0.0402862 secs using 394.7% CPU
Optimizing NNI: done in 0.0336518 secs using 397.2% CPU
Optimizing NNI: done in 0.0262132 secs using 401.1% CPU
Iteration 110 / LogL: -858.673 / Time: 0h:0m:32s (0h:0m:2s left)
Optimizing NNI: done in 0.0468287 secs using 387.9% CPU
Optimizing NNI: done in 0.0283372 secs using 402.3% CPU
Optimizing NNI: done in 0.0380111 secs using 396.2% CPU
Optimizing NNI: done in 0.0449234 secs using 394.1% CPU
Optimizing NNI: done in 0.0135697 secs using 370.5% CPU
Optimizing NNI: done in 0.0336353 secs using 397% CPU
Optimizing NNI: done in 0.0401299 secs using 391.3% CPU
Optimizing NNI: done in 0.0269049 secs using 393.6% CPU
Optimizing NNI: done in 0.0324644 secs using 383.3% CPU
Optimizing NNI: done in 0.0432646 secs using 386.6% CPU
Iteration 120 / LogL: -858.673 / Time: 0h:0m:33s (0h:0m:2s left)
Optimizing NNI: done in 0.0360728 secs using 393.8% CPU
Optimizing NNI: done in 0.0409306 secs using 395.1% CPU
Optimizing NNI: done in 0.0420463 secs using 395.4% CPU
Optimizing NNI: done in 0.0663212 secs using 395.2% CPU
Optimizing NNI: done in 0.0400099 secs using 398.2% CPU
Optimizing NNI: done in 0.0430412 secs using 393% CPU
Optimizing NNI: done in 0.026411 secs using 393.5% CPU
Optimizing NNI: done in 0.0486283 secs using 395.2% CPU
BETTER TREE FOUND at iteration 128: -857.947
Optimizing NNI: done in 0.0446471 secs using 390.9% CPU
Optimizing NNI: done in 0.0250424 secs using 393.7% CPU
Iteration 130 / LogL: -864.934 / Time: 0h:0m:33s (0h:0m:4s left)
Optimizing NNI: done in 0.0589561 secs using 392.9% CPU
Optimizing NNI: done in 0.0247406 secs using 402.5% CPU
BETTER TREE FOUND at iteration 132: -857.947
Optimizing NNI: done in 0.0332386 secs using 394.4% CPU
Optimizing NNI: done in 0.047129 secs using 392.3% CPU
Optimizing NNI: done in 0.0712645 secs using 385.7% CPU
Optimizing NNI: done in 0.0305803 secs using 391% CPU
Optimizing NNI: done in 0.0547488 secs using 392.2% CPU
Optimizing NNI: done in 0.0264845 secs using 390.7% CPU
Optimizing NNI: done in 0.0424203 secs using 396.3% CPU
Optimizing NNI: done in 0.0240012 secs using 395.5% CPU
Iteration 140 / LogL: -858.672 / Time: 0h:0m:33s (0h:0m:4s left)
Optimizing NNI: done in 0.0520537 secs using 391.6% CPU
Optimizing NNI: done in 0.0608323 secs using 386% CPU
Optimizing NNI: done in 0.0244486 secs using 385.6% CPU
Optimizing NNI: done in 0.0370044 secs using 391.9% CPU
Optimizing NNI: done in 0.0117594 secs using 405.5% CPU
Optimizing NNI: done in 0.039451 secs using 393.4% CPU
Optimizing NNI: done in 0.0340768 secs using 390.4% CPU
Optimizing NNI: done in 0.0313948 secs using 391.2% CPU
Optimizing NNI: done in 0.0235024 secs using 401.7% CPU
Optimizing NNI: done in 0.0395113 secs using 393.2% CPU
Iteration 150 / LogL: -857.948 / Time: 0h:0m:34s (0h:0m:3s left)
Optimizing NNI: done in 0.0418268 secs using 391.3% CPU
Optimizing NNI: done in 0.0322729 secs using 393.4% CPU
Optimizing NNI: done in 0.0413122 secs using 391.3% CPU
Optimizing NNI: done in 0.0417283 secs using 389.3% CPU
Optimizing NNI: done in 0.0421122 secs using 396.8% CPU
Optimizing NNI: done in 0.0398523 secs using 398.4% CPU
Optimizing NNI: done in 0.0410808 secs using 391.4% CPU
Optimizing NNI: done in 0.0288926 secs using 379.8% CPU
Optimizing NNI: done in 0.0534155 secs using 386% CPU
Optimizing NNI: done in 0.0308194 secs using 398.4% CPU
Iteration 160 / LogL: -857.948 / Time: 0h:0m:34s (0h:0m:3s left)
Optimizing NNI: done in 0.0398399 secs using 391.1% CPU
Optimizing NNI: done in 0.028057 secs using 395.8% CPU
Optimizing NNI: done in 0.0146331 secs using 400.5% CPU
Optimizing NNI: done in 0.0413689 secs using 389.7% CPU
Optimizing NNI: done in 0.033098 secs using 380.6% CPU
Optimizing NNI: done in 0.027095 secs using 391.2% CPU
Optimizing NNI: done in 0.0245108 secs using 393.5% CPU
Optimizing NNI: done in 0.0433263 secs using 389.1% CPU
Optimizing NNI: done in 0.026483 secs using 386% CPU
Optimizing NNI: done in 0.0322479 secs using 390.8% CPU
Iteration 170 / LogL: -857.947 / Time: 0h:0m:35s (0h:0m:2s left)
Optimizing NNI: done in 0.0329974 secs using 393.1% CPU
Optimizing NNI: done in 0.0477623 secs using 397.2% CPU
Optimizing NNI: done in 0.0231711 secs using 388.2% CPU
Optimizing NNI: done in 0.0468207 secs using 391.9% CPU
Optimizing NNI: done in 0.012315 secs using 416.1% CPU
Optimizing NNI: done in 0.0387111 secs using 390.2% CPU
Optimizing NNI: done in 0.0486813 secs using 392% CPU
Optimizing NNI: done in 0.0239891 secs using 395.1% CPU
Optimizing NNI: done in 0.0462522 secs using 387.3% CPU
Optimizing NNI: done in 0.0340686 secs using 388.5% CPU
Iteration 180 / LogL: -857.948 / Time: 0h:0m:35s (0h:0m:2s left)
Optimizing NNI: done in 0.0334264 secs using 387.9% CPU
Optimizing NNI: done in 0.0276935 secs using 397.5% CPU
Optimizing NNI: done in 0.0348695 secs using 393% CPU
Optimizing NNI: done in 0.0194842 secs using 387.4% CPU
Optimizing NNI: done in 0.0368824 secs using 392.4% CPU
Optimizing NNI: done in 0.044932 secs using 391.5% CPU
Optimizing NNI: done in 0.0319883 secs using 390.7% CPU
Optimizing NNI: done in 0.0373498 secs using 391.8% CPU
Optimizing NNI: done in 0.0400402 secs using 399.7% CPU
Optimizing NNI: done in 0.0263255 secs using 388.7% CPU
Iteration 190 / LogL: -858.805 / Time: 0h:0m:35s (0h:0m:1s left)
Optimizing NNI: done in 0.0267448 secs using 402.8% CPU
Optimizing NNI: done in 0.0242619 secs using 396.7% CPU
Optimizing NNI: done in 0.0311324 secs using 395.5% CPU
Optimizing NNI: done in 0.0420122 secs using 397.3% CPU
Optimizing NNI: done in 0.0249173 secs using 384.9% CPU
Optimizing NNI: done in 0.0517856 secs using 389.6% CPU
Optimizing NNI: done in 0.0407973 secs using 384.3% CPU
Optimizing NNI: done in 0.0244469 secs using 381.9% CPU
Optimizing NNI: done in 0.0306731 secs using 396.7% CPU
Optimizing NNI: done in 0.0234153 secs using 394.6% CPU
Iteration 200 / LogL: -857.948 / Time: 0h:0m:36s (0h:0m:1s left)
Optimizing NNI: done in 0.0408172 secs using 384.8% CPU
Optimizing NNI: done in 0.0376433 secs using 394.7% CPU
Optimizing NNI: done in 0.0319752 secs using 390.8% CPU
Optimizing NNI: done in 0.0323447 secs using 396.8% CPU
Optimizing NNI: done in 0.0390547 secs using 394.4% CPU
Optimizing NNI: done in 0.0325345 secs using 397.9% CPU
Optimizing NNI: done in 0.0530865 secs using 395.7% CPU
Optimizing NNI: done in 0.0387532 secs using 396.5% CPU
Optimizing NNI: done in 0.0511753 secs using 394.7% CPU
Optimizing NNI: done in 0.0232797 secs using 391.2% CPU
Iteration 210 / LogL: -858.576 / Time: 0h:0m:36s (0h:0m:0s left)
Optimizing NNI: done in 0.0420188 secs using 391.2% CPU
Optimizing NNI: done in 0.0554329 secs using 389.3% CPU
Optimizing NNI: done in 0.0409382 secs using 396.7% CPU
Optimizing NNI: done in 0.0132338 secs using 385.9% CPU
Optimizing NNI: done in 0.0459711 secs using 388.1% CPU
Optimizing NNI: done in 0.0232811 secs using 396.2% CPU
Optimizing NNI: done in 0.0302111 secs using 391.1% CPU
Optimizing NNI: done in 0.0313551 secs using 393.4% CPU
Optimizing NNI: done in 0.0452306 secs using 396.2% CPU
Optimizing NNI: done in 0.0325024 secs using 389.2% CPU
Iteration 220 / LogL: -857.965 / Time: 0h:0m:37s (0h:0m:0s left)
Optimizing NNI: done in 0.0319999 secs using 396.9% CPU
Optimizing NNI: done in 0.0440223 secs using 390.8% CPU
Optimizing NNI: done in 0.0312453 secs using 397.5% CPU
Optimizing NNI: done in 0.0312607 secs using 396.5% CPU
Optimizing NNI: done in 0.0349506 secs using 389% CPU
Optimizing NNI: done in 0.0296768 secs using 393.1% CPU
Optimizing NNI: done in 0.037094 secs using 388.5% CPU
Optimizing NNI: done in 0.024484 secs using 402.2% CPU
Optimizing NNI: done in 0.0292509 secs using 400.6% CPU
Optimizing NNI: done in 0.0398284 secs using 393.7% CPU
Iteration 230 / LogL: -857.948 / Time: 0h:0m:37s (0h:0m:0s left)
Optimizing NNI: done in 0.0385646 secs using 400.7% CPU
Optimizing NNI: done in 0.0678034 secs using 396.2% CPU
Optimizing NNI: done in 0.0305985 secs using 403.6% CPU
Refining ufboot trees with NNI 1 branch...
Optimizing NNI: done in 0.00460265 secs using 425.8% CPU
Optimizing NNI: done in 0.00218965 secs using 510.8% CPU
Optimizing NNI: done in 0.00209721 secs using 385.9% CPU
Optimizing NNI: done in 0.00860779 secs using 413.6% CPU
Optimizing NNI: done in 0.00410012 secs using 392.6% CPU
Optimizing NNI: done in 0.00758135 secs using 377% CPU
Optimizing NNI: done in 0.00551409 secs using 353.9% CPU
Optimizing NNI: done in 0.00426888 secs using 428.1% CPU
Optimizing NNI: done in 0.0116038 secs using 401.6% CPU
Optimizing NNI: done in 0.00580779 secs using 409.9% CPU
Optimizing NNI: done in 0.00544763 secs using 430.4% CPU
Optimizing NNI: done in 0.0085714 secs using 380% CPU
Optimizing NNI: done in 0.00491365 secs using 405.2% CPU
Optimizing NNI: done in 0.00841884 secs using 420.7% CPU
Optimizing NNI: done in 0.00687519 secs using 347.1% CPU
Optimizing NNI: done in 0.00430826 secs using 378.5% CPU
Optimizing NNI: done in 0.0141102 secs using 390% CPU
Optimizing NNI: done in 0.0022925 secs using 358.9% CPU
Optimizing NNI: done in 0.00482687 secs using 409.1% CPU
Optimizing NNI: done in 0.00224603 secs using 366.9% CPU
Optimizing NNI: done in 0.00826176 secs using 378.4% CPU
Optimizing NNI: done in 0.0022055 secs using 371.8% CPU
Optimizing NNI: done in 0.00918811 secs using 382.9% CPU
Optimizing NNI: done in 0.00912275 secs using 395.9% CPU
Optimizing NNI: done in 0.01319 secs using 387.7% CPU
Optimizing NNI: done in 0.00210587 secs using 384.8% CPU
Optimizing NNI: done in 0.00770225 secs using 411.6% CPU
Optimizing NNI: done in 0.0086487 secs using 389.1% CPU
Optimizing NNI: done in 0.00428435 secs using 450% CPU
Optimizing NNI: done in 0.00470411 secs using 397.7% CPU
Optimizing NNI: done in 0.00228655 secs using 493.4% CPU
Optimizing NNI: done in 0.00794415 secs using 389.5% CPU
Optimizing NNI: done in 0.00223041 secs using 368.8% CPU
Optimizing NNI: done in 0.00662617 secs using 401.8% CPU
Optimizing NNI: done in 0.0166917 secs using 405.5% CPU
Optimizing NNI: done in 0.0052794 secs using 440.8% CPU
Optimizing NNI: done in 0.00958407 secs using 413% CPU
Optimizing NNI: done in 0.0128274 secs using 380.6% CPU
Optimizing NNI: done in 0.00642092 secs using 364.7% CPU
Optimizing NNI: done in 0.00216002 secs using 377.7% CPU
Optimizing NNI: done in 0.00732646 secs using 386.6% CPU
Optimizing NNI: done in 0.00467182 secs using 421% CPU
Optimizing NNI: done in 0.00460822 secs using 425.4% CPU
Optimizing NNI: done in 0.00677345 secs using 410% CPU
Optimizing NNI: done in 0.0157327 secs using 398.7% CPU
Optimizing NNI: done in 0.00415006 secs using 389.1% CPU
Optimizing NNI: done in 0.00433906 secs using 445.6% CPU
Optimizing NNI: done in 0.00420096 secs using 385.6% CPU
Optimizing NNI: done in 0.00849341 secs using 417.9% CPU
Optimizing NNI: done in 0.00550373 secs using 427% CPU
Optimizing NNI: done in 0.0103811 secs using 373.4% CPU
Optimizing NNI: done in 0.00471662 secs using 418% CPU
Optimizing NNI: done in 0.00606569 secs using 396.7% CPU
Optimizing NNI: done in 0.00423292 secs using 383.4% CPU
Optimizing NNI: done in 0.00684746 secs using 406.6% CPU
Optimizing NNI: done in 0.00437344 secs using 442.6% CPU
Optimizing NNI: done in 0.00265966 secs using 436.8% CPU
Optimizing NNI: done in 0.0023888 secs using 372.4% CPU
Optimizing NNI: done in 0.00514951 secs using 390.9% CPU
Optimizing NNI: done in 0.00584969 secs using 387.4% CPU
Optimizing NNI: done in 0.00309395 secs using 390.7% CPU
Optimizing NNI: done in 0.00501261 secs using 402.6% CPU
Optimizing NNI: done in 0.00655702 secs using 401.9% CPU
Optimizing NNI: done in 0.00420838 secs using 358.1% CPU
Optimizing NNI: done in 0.00855636 secs using 378.1% CPU
Optimizing NNI: done in 0.00402277 secs using 385.5% CPU
Optimizing NNI: done in 0.00644844 secs using 407.6% CPU
Optimizing NNI: done in 0.00476816 secs using 351.5% CPU
Optimizing NNI: done in 0.00433633 secs using 376.7% CPU
Optimizing NNI: done in 0.00470918 secs using 354.8% CPU
Optimizing NNI: done in 0.00442817 secs using 438.7% CPU
Optimizing NNI: done in 0.00506812 secs using 376.2% CPU
Optimizing NNI: done in 0.00242235 secs using 347.7% CPU
Optimizing NNI: done in 0.00227126 secs using 486.4% CPU
Optimizing NNI: done in 0.00422205 secs using 374.9% CPU
Optimizing NNI: done in 0.00545517 secs using 372.6% CPU
Optimizing NNI: done in 0.00471759 secs using 423.6% CPU
Optimizing NNI: done in 0.00719646 secs using 432.4% CPU
Optimizing NNI: done in 0.00452913 secs using 431.1% CPU
Optimizing NNI: done in 0.00674402 secs using 366.9% CPU
Optimizing NNI: done in 0.0071753 secs using 378.6% CPU
Optimizing NNI: done in 0.00889596 secs using 403.5% CPU
Optimizing NNI: done in 0.00792786 secs using 390.1% CPU
Optimizing NNI: done in 0.00349629 secs using 357.4% CPU
Optimizing NNI: done in 0.0055554 secs using 424% CPU
Optimizing NNI: done in 0.00484859 secs using 409.3% CPU
Optimizing NNI: done in 0.00205672 secs using 391.6% CPU
Optimizing NNI: done in 0.00449321 secs using 433.8% CPU
Optimizing NNI: done in 0.00620533 secs using 373.9% CPU
Optimizing NNI: done in 0.00240156 secs using 349.6% CPU
Optimizing NNI: done in 0.0058044 secs using 410.1% CPU
Optimizing NNI: done in 0.00228993 secs using 361.9% CPU
Optimizing NNI: done in 0.00226407 secs using 364.9% CPU
Optimizing NNI: done in 0.00950134 secs using 384.1% CPU
Optimizing NNI: done in 0.00216529 secs using 376.9% CPU
Optimizing NNI: done in 0.00232267 secs using 487.3% CPU
Optimizing NNI: done in 0.00529017 secs using 364.6% CPU
Optimizing NNI: done in 0.00443475 secs using 438.1% CPU
Optimizing NNI: done in 0.00619215 secs using 357.2% CPU
Optimizing NNI: done in 0.00223153 secs using 368.8% CPU
100 samples done
Optimizing NNI: done in 0.00473678 secs using 395.5% CPU
Optimizing NNI: done in 0.00502139 secs using 398.7% CPU
Optimizing NNI: done in 0.00464486 secs using 422.9% CPU
Optimizing NNI: done in 0.00220061 secs using 372.5% CPU
Optimizing NNI: done in 0.0044111 secs using 440% CPU
Optimizing NNI: done in 0.00510683 secs using 377% CPU
Optimizing NNI: done in 0.00580982 secs using 373.2% CPU
Optimizing NNI: done in 0.0117747 secs using 401.7% CPU
Optimizing NNI: done in 0.00588756 secs using 403.4% CPU
Optimizing NNI: done in 0.00260126 secs using 325.1% CPU
Optimizing NNI: done in 0.00415715 secs using 387.8% CPU
Optimizing NNI: done in 0.00518931 secs using 414.7% CPU
Optimizing NNI: done in 0.00488945 secs using 409.8% CPU
Optimizing NNI: done in 0.0117845 secs using 398.3% CPU
Optimizing NNI: done in 0.00216054 secs using 377.5% CPU
Optimizing NNI: done in 0.0023914 secs using 332% CPU
Optimizing NNI: done in 0.006985 secs using 398.1% CPU
Optimizing NNI: done in 0.0115231 secs using 382.9% CPU
Optimizing NNI: done in 0.00470203 secs using 418.2% CPU
Optimizing NNI: done in 0.011801 secs using 404.6% CPU
Optimizing NNI: done in 0.00518851 secs using 446.7% CPU
Optimizing NNI: done in 0.00602773 secs using 398.6% CPU
Optimizing NNI: done in 0.00243496 secs using 454.5% CPU
Optimizing NNI: done in 0.00461388 secs using 425.1% CPU
Optimizing NNI: done in 0.0190294 secs using 399.3% CPU
Optimizing NNI: done in 0.00785179 secs using 391.7% CPU
Optimizing NNI: done in 0.00747782 secs using 412.7% CPU
Optimizing NNI: done in 0.00635723 secs using 365.2% CPU
Optimizing NNI: done in 0.00530432 secs using 379.7% CPU
Optimizing NNI: done in 0.00411039 secs using 391.1% CPU
Optimizing NNI: done in 0.00479589 secs using 405.2% CPU
Optimizing NNI: done in 0.00413164 secs using 388.8% CPU
Optimizing NNI: done in 0.0104413 secs using 386% CPU
Optimizing NNI: done in 0.00472213 secs using 417.6% CPU
Optimizing NNI: done in 0.00795392 secs using 388.7% CPU
Optimizing NNI: done in 0.00446194 secs using 368.1% CPU
Optimizing NNI: done in 0.00510675 secs using 391% CPU
Optimizing NNI: done in 0.0023173 secs using 465.2% CPU
Optimizing NNI: done in 0.00949553 secs using 361.6% CPU
Optimizing NNI: done in 0.00314512 secs using 383.1% CPU
Optimizing NNI: done in 0.00331936 secs using 415.9% CPU
Optimizing NNI: done in 0.00804202 secs using 396.4% CPU
Optimizing NNI: done in 0.00250481 secs using 339.3% CPU
Optimizing NNI: done in 0.00469644 secs using 419.3% CPU
Optimizing NNI: done in 0.00759228 secs using 416.1% CPU
Optimizing NNI: done in 0.00508878 secs using 394.2% CPU
Optimizing NNI: done in 0.00750911 secs using 419.3% CPU
Optimizing NNI: done in 0.00247045 secs using 342.9% CPU
Optimizing NNI: done in 0.00238694 secs using 434.2% CPU
Optimizing NNI: done in 0.0020945 secs using 338.6% CPU
Optimizing NNI: done in 0.00430568 secs using 378.5% CPU
Optimizing NNI: done in 0.00227269 secs using 356% CPU
Optimizing NNI: done in 0.00225253 secs using 366.3% CPU
Optimizing NNI: done in 0.00701668 secs using 396.9% CPU
Optimizing NNI: done in 0.00479571 secs using 359.8% CPU
Optimizing NNI: done in 0.00657422 secs using 366.1% CPU
Optimizing NNI: done in 0.00265828 secs using 435.8% CPU
Optimizing NNI: done in 0.00658091 secs using 373.2% CPU
Optimizing NNI: done in 0.00220918 secs using 371.5% CPU
Optimizing NNI: done in 0.00436461 secs using 420.9% CPU
Optimizing NNI: done in 0.00785713 secs using 405.4% CPU
Optimizing NNI: done in 0.0041463 secs using 389.3% CPU
Optimizing NNI: done in 0.00255024 secs using 335.1% CPU
Optimizing NNI: done in 0.00221211 secs using 326% CPU
Optimizing NNI: done in 0.00273969 secs using 428.4% CPU
Optimizing NNI: done in 0.0066113 secs using 417.6% CPU
Optimizing NNI: done in 0.00459382 secs using 426.5% CPU
Optimizing NNI: done in 0.00838942 secs using 386.1% CPU
Optimizing NNI: done in 0.00457499 secs using 406% CPU
Optimizing NNI: done in 0.00547509 secs using 428.7% CPU
Optimizing NNI: done in 0.00835801 secs using 387% CPU
Optimizing NNI: done in 0.00643745 secs using 426.1% CPU
Optimizing NNI: done in 0.00607925 secs using 379.7% CPU
Optimizing NNI: done in 0.00986057 secs using 403.2% CPU
Optimizing NNI: done in 0.0024873 secs using 460.9% CPU
Optimizing NNI: done in 0.00637346 secs using 371.6% CPU
Optimizing NNI: done in 0.00973183 secs using 407.5% CPU
Optimizing NNI: done in 0.00537184 secs using 383.8% CPU
Optimizing NNI: done in 0.00239195 secs using 476.1% CPU
Optimizing NNI: done in 0.00644176 secs using 378.8% CPU
Optimizing NNI: done in 0.00570861 secs using 362.1% CPU
Optimizing NNI: done in 0.0095152 secs using 404.5% CPU
Optimizing NNI: done in 0.00453345 secs using 342.8% CPU
Optimizing NNI: done in 0.00452573 secs using 437.6% CPU
Optimizing NNI: done in 0.00736909 secs using 423.8% CPU
Optimizing NNI: done in 0.0193076 secs using 388.8% CPU
Optimizing NNI: done in 0.00352074 secs using 412.3% CPU
Optimizing NNI: done in 0.00462191 secs using 420.2% CPU
Optimizing NNI: done in 0.00483508 secs using 424.5% CPU
Optimizing NNI: done in 0.00305869 secs using 389.3% CPU
Optimizing NNI: done in 0.00236282 secs using 353.7% CPU
Optimizing NNI: done in 0.00227422 secs using 368.6% CPU
Optimizing NNI: done in 0.00446199 secs using 346.5% CPU
Optimizing NNI: done in 0.00392773 secs using 302.5% CPU
Optimizing NNI: done in 0.00899817 secs using 399.4% CPU
Optimizing NNI: done in 0.0089397 secs using 390.3% CPU
Optimizing NNI: done in 0.00606726 secs using 396.6% CPU
Optimizing NNI: done in 0.00237019 secs using 353% CPU
Optimizing NNI: done in 0.0130702 secs using 388.2% CPU
Optimizing NNI: done in 0.00639059 secs using 348.2% CPU
200 samples done
Optimizing NNI: done in 0.00221951 secs using 354.3% CPU
Optimizing NNI: done in 0.00232694 secs using 357.7% CPU
Optimizing NNI: done in 0.00830311 secs using 387.7% CPU
Optimizing NNI: done in 0.00490986 secs using 403.2% CPU
Optimizing NNI: done in 0.0142762 secs using 379.7% CPU
Optimizing NNI: done in 0.00480308 secs using 412.2% CPU
Optimizing NNI: done in 0.00900041 secs using 400% CPU
Optimizing NNI: done in 0.00473102 secs using 417% CPU
Optimizing NNI: done in 0.00262613 secs using 328.4% CPU
Optimizing NNI: done in 0.00448549 secs using 367.5% CPU
Optimizing NNI: done in 0.00584629 secs using 407.8% CPU
Optimizing NNI: done in 0.010402 secs using 406.7% CPU
Optimizing NNI: done in 0.00804047 secs using 373.5% CPU
Optimizing NNI: done in 0.0127265 secs using 398.6% CPU
Optimizing NNI: done in 0.00785693 secs using 392.7% CPU
Optimizing NNI: done in 0.00438369 secs using 328% CPU
Optimizing NNI: done in 0.00539934 secs using 377.7% CPU
Optimizing NNI: done in 0.00811414 secs using 420.1% CPU
Optimizing NNI: done in 0.00770232 secs using 411.4% CPU
Optimizing NNI: done in 0.00478762 secs using 392.1% CPU
Optimizing NNI: done in 0.00432495 secs using 384.3% CPU
Optimizing NNI: done in 0.00434427 secs using 353.2% CPU
Optimizing NNI: done in 0.00571437 secs using 397.4% CPU
Optimizing NNI: done in 0.00772372 secs using 410.5% CPU
Optimizing NNI: done in 0.00221607 secs using 310.8% CPU
Optimizing NNI: done in 0.00240887 secs using 348.9% CPU
Optimizing NNI: done in 0.00702535 secs using 398.4% CPU
Optimizing NNI: done in 0.00236481 secs using 465.4% CPU
Optimizing NNI: done in 0.0152709 secs using 381.1% CPU
Optimizing NNI: done in 0.00435585 secs using 375.4% CPU
Optimizing NNI: done in 0.00462076 secs using 358.5% CPU
Optimizing NNI: done in 0.00285199 secs using 374.2% CPU
Optimizing NNI: done in 0.00402847 secs using 397.7% CPU
Optimizing NNI: done in 0.00272246 secs using 428.2% CPU
Optimizing NNI: done in 0.017121 secs using 385.4% CPU
Optimizing NNI: done in 0.00960078 secs using 369.8% CPU
Optimizing NNI: done in 0.00923502 secs using 371.6% CPU
Optimizing NNI: done in 0.00221454 secs using 506.2% CPU
Optimizing NNI: done in 0.00471137 secs using 392.5% CPU
Optimizing NNI: done in 0.00216955 secs using 376.3% CPU
Optimizing NNI: done in 0.00489738 secs using 385.9% CPU
Optimizing NNI: done in 0.00251088 secs using 457.1% CPU
Optimizing NNI: done in 0.00607301 secs using 394.6% CPU
Optimizing NNI: done in 0.00551502 secs using 371.3% CPU
Optimizing NNI: done in 0.00887487 secs using 391.4% CPU
Optimizing NNI: done in 0.00911288 secs using 428.2% CPU
Optimizing NNI: done in 0.0050572 secs using 385.6% CPU
Optimizing NNI: done in 0.00707895 secs using 395.9% CPU
Optimizing NNI: done in 0.00484184 secs using 408.3% CPU
Optimizing NNI: done in 0.00752869 secs using 375.9% CPU
Optimizing NNI: done in 0.00246949 secs using 341.8% CPU
Optimizing NNI: done in 0.00251535 secs using 455.6% CPU
Optimizing NNI: done in 0.00216992 secs using 376.4% CPU
Optimizing NNI: done in 0.00711427 secs using 394.1% CPU
Optimizing NNI: done in 0.00834833 secs using 408.8% CPU
Optimizing NNI: done in 0.00910703 secs using 397.5% CPU
Optimizing NNI: done in 0.0127844 secs using 373.4% CPU
Optimizing NNI: done in 0.00233928 secs using 356.4% CPU
Optimizing NNI: done in 0.0029464 secs using 417.4% CPU
Optimizing NNI: done in 0.00245079 secs using 338.4% CPU
Optimizing NNI: done in 0.0104966 secs using 375% CPU
Optimizing NNI: done in 0.00256568 secs using 327.5% CPU
Optimizing NNI: done in 0.00663627 secs using 411.9% CPU
Optimizing NNI: done in 0.00416304 secs using 456.6% CPU
Optimizing NNI: done in 0.00501926 secs using 404% CPU
Optimizing NNI: done in 0.00541873 secs using 374.2% CPU
Optimizing NNI: done in 0.00212564 secs using 382.1% CPU
Optimizing NNI: done in 0.00288512 secs using 336.2% CPU
Optimizing NNI: done in 0.00226269 secs using 377.9% CPU
Optimizing NNI: done in 0.00843278 secs using 370.8% CPU
Optimizing NNI: done in 0.00647809 secs using 377.7% CPU
Optimizing NNI: done in 0.00797602 secs using 400.9% CPU
Optimizing NNI: done in 0.0050679 secs using 395.9% CPU
Optimizing NNI: done in 0.0043881 secs using 373.1% CPU
Optimizing NNI: done in 0.0197814 secs using 398.2% CPU
Optimizing NNI: done in 0.00556376 secs using 333.5% CPU
Optimizing NNI: done in 0.00747345 secs using 421.1% CPU
Optimizing NNI: done in 0.0042551 secs using 381.9% CPU
Optimizing NNI: done in 0.00442598 secs using 438.8% CPU
Optimizing NNI: done in 0.00684484 secs using 362.9% CPU
Optimizing NNI: done in 0.00235628 secs using 439.7% CPU
Optimizing NNI: done in 0.00787187 secs using 404.8% CPU
Optimizing NNI: done in 0.00465414 secs using 357.8% CPU
Optimizing NNI: done in 0.00478811 secs using 392.4% CPU
Optimizing NNI: done in 0.00417577 secs using 387.3% CPU
Optimizing NNI: done in 0.00440714 secs using 440.3% CPU
Optimizing NNI: done in 0.00209926 secs using 385.7% CPU
Optimizing NNI: done in 0.00464531 secs using 422.8% CPU
Optimizing NNI: done in 0.00530668 secs using 382.6% CPU
Optimizing NNI: done in 0.00809814 secs using 396.3% CPU
Optimizing NNI: done in 0.00983842 secs using 384.6% CPU
Optimizing NNI: done in 0.00504728 secs using 377.3% CPU
Optimizing NNI: done in 0.00485099 secs using 409.1% CPU
Optimizing NNI: done in 0.00216994 secs using 376.3% CPU
Optimizing NNI: done in 0.00473121 secs using 417% CPU
Optimizing NNI: done in 0.00705412 secs using 397.7% CPU
Optimizing NNI: done in 0.00634312 secs using 431% CPU
Optimizing NNI: done in 0.00411971 secs using 391.2% CPU
Optimizing NNI: done in 0.00519055 secs using 389.1% CPU
Optimizing NNI: done in 0.00428749 secs using 379.8% CPU
300 samples done
Optimizing NNI: done in 0.00619274 secs using 374.4% CPU
Optimizing NNI: done in 0.00467442 secs using 401.7% CPU
Optimizing NNI: done in 0.00590815 secs using 402.3% CPU
Optimizing NNI: done in 0.0058086 secs using 409% CPU
Optimizing NNI: done in 0.00661541 secs using 414.8% CPU
Optimizing NNI: done in 0.00239073 secs using 350.9% CPU
Optimizing NNI: done in 0.00612778 secs using 391.1% CPU
Optimizing NNI: done in 0.00816835 secs using 391.7% CPU
Optimizing NNI: done in 0.00520658 secs using 425.5% CPU
Optimizing NNI: done in 0.00487093 secs using 407.2% CPU
Optimizing NNI: done in 0.00414644 secs using 461% CPU
Optimizing NNI: done in 0.00841749 secs using 420.7% CPU
Optimizing NNI: done in 0.00875021 secs using 404.2% CPU
Optimizing NNI: done in 0.00514806 secs using 443.5% CPU
Optimizing NNI: done in 0.011397 secs using 380.5% CPU
Optimizing NNI: done in 0.00781442 secs using 405.9% CPU
Optimizing NNI: done in 0.00237288 secs using 352.7% CPU
Optimizing NNI: done in 0.00230585 secs using 493.7% CPU
Optimizing NNI: done in 0.00584758 secs using 390.9% CPU
Optimizing NNI: done in 0.00656696 secs using 419.6% CPU
Optimizing NNI: done in 0.00229766 secs using 360.7% CPU
Optimizing NNI: done in 0.00227157 secs using 364.1% CPU
Optimizing NNI: done in 0.00660616 secs using 355.3% CPU
Optimizing NNI: done in 0.00534711 secs using 386.7% CPU
Optimizing NNI: done in 0.00241124 secs using 348.7% CPU
Optimizing NNI: done in 0.00693387 secs using 401.4% CPU
Optimizing NNI: done in 0.00551081 secs using 425.8% CPU
Optimizing NNI: done in 0.00440741 secs using 372.2% CPU
Optimizing NNI: done in 0.00656574 secs using 391.9% CPU
Optimizing NNI: done in 0.00523006 secs using 386.4% CPU
Optimizing NNI: done in 0.00429986 secs using 425.6% CPU
Optimizing NNI: done in 0.0184323 secs using 391.6% CPU
Optimizing NNI: done in 0.00657265 secs using 373.7% CPU
Optimizing NNI: done in 0.00679597 secs using 393.9% CPU
Optimizing NNI: done in 0.00487897 secs using 385.3% CPU
Optimizing NNI: done in 0.0374691 secs using 393.4% CPU
Optimizing NNI: done in 0.00640816 secs using 423.1% CPU
Optimizing NNI: done in 0.00251615 secs using 337.6% CPU
Optimizing NNI: done in 0.00256115 secs using 442.4% CPU
Optimizing NNI: done in 0.00259617 secs using 408.4% CPU
Optimizing NNI: done in 0.00556942 secs using 419.9% CPU
Optimizing NNI: done in 0.00765466 secs using 398.8% CPU
Optimizing NNI: done in 0.00550889 secs using 424.1% CPU
Optimizing NNI: done in 0.00616494 secs using 391.4% CPU
Optimizing NNI: done in 0.00760573 secs using 414.8% CPU
Optimizing NNI: done in 0.00253496 secs using 336.5% CPU
Optimizing NNI: done in 0.00585485 secs using 356.1% CPU
Optimizing NNI: done in 0.0115266 secs using 377.1% CPU
Optimizing NNI: done in 0.00772645 secs using 409.6% CPU
Optimizing NNI: done in 0.00207794 secs using 388.6% CPU
Optimizing NNI: done in 0.00242204 secs using 347.4% CPU
Optimizing NNI: done in 0.0136084 secs using 371.4% CPU
Optimizing NNI: done in 0.00693291 secs using 387.7% CPU
Optimizing NNI: done in 0.0250386 secs using 398.1% CPU
Optimizing NNI: done in 0.00378969 secs using 412.6% CPU
Optimizing NNI: done in 0.00776877 secs using 404.8% CPU
Optimizing NNI: done in 0.00252863 secs using 455.5% CPU
Optimizing NNI: done in 0.00750284 secs using 419.8% CPU
Optimizing NNI: done in 0.00761233 secs using 387.4% CPU
Optimizing NNI: done in 0.00223822 secs using 501.9% CPU
Optimizing NNI: done in 0.0111771 secs using 385.3% CPU
Optimizing NNI: done in 0.00606361 secs using 396.8% CPU
Optimizing NNI: done in 0.00213886 secs using 380.4% CPU
Optimizing NNI: done in 0.00419508 secs using 386% CPU
Optimizing NNI: done in 0.00482823 secs using 410.6% CPU
Optimizing NNI: done in 0.00591811 secs using 404.1% CPU
Optimizing NNI: done in 0.00865278 secs using 377.3% CPU
Optimizing NNI: done in 0.00630982 secs using 432.7% CPU
Optimizing NNI: done in 0.00554003 secs using 370.7% CPU
Optimizing NNI: done in 0.00490898 secs using 385.1% CPU
Optimizing NNI: done in 0.00235467 secs using 482% CPU
Optimizing NNI: done in 0.00236226 secs using 438.8% CPU
Optimizing NNI: done in 0.0135571 secs using 401.6% CPU
Optimizing NNI: done in 0.00396438 secs using 377.5% CPU
Optimizing NNI: done in 0.00199122 secs using 401.3% CPU
Optimizing NNI: done in 0.00482584 secs using 369.3% CPU
Optimizing NNI: done in 0.00237545 secs using 352.4% CPU
Optimizing NNI: done in 0.00217498 secs using 375.8% CPU
Optimizing NNI: done in 0.0236693 secs using 399.9% CPU
Optimizing NNI: done in 0.0020163 secs using 397.4% CPU
Optimizing NNI: done in 0.00329433 secs using 434.1% CPU
Optimizing NNI: done in 0.0035596 secs using 437% CPU
Optimizing NNI: done in 0.00212579 secs using 382% CPU
Optimizing NNI: done in 0.00547228 secs using 374.1% CPU
Optimizing NNI: done in 0.00395384 secs using 403.5% CPU
Optimizing NNI: done in 0.00433757 secs using 376.5% CPU
Optimizing NNI: done in 0.0021514 secs using 518.1% CPU
Optimizing NNI: done in 0.00426222 secs using 381.4% CPU
Optimizing NNI: done in 0.00723556 secs using 376.3% CPU
Optimizing NNI: done in 0.00215881 secs using 377.7% CPU
Optimizing NNI: done in 0.00488506 secs using 386.6% CPU
Optimizing NNI: done in 0.00771261 secs using 365.5% CPU
Optimizing NNI: done in 0.00417095 secs using 387.6% CPU
Optimizing NNI: done in 0.00407775 secs using 394.2% CPU
Optimizing NNI: done in 0.00625283 secs using 435.8% CPU
Optimizing NNI: done in 0.0119811 secs using 400.4% CPU
Optimizing NNI: done in 0.00202695 secs using 346.6% CPU
Optimizing NNI: done in 0.00427552 secs using 380.5% CPU
Optimizing NNI: done in 0.00424268 secs using 453.4% CPU
Optimizing NNI: done in 0.00237332 secs using 352.7% CPU
400 samples done
Optimizing NNI: done in 0.00514376 secs using 388.6% CPU
Optimizing NNI: done in 0.00657871 secs using 373.6% CPU
Optimizing NNI: done in 0.00449502 secs using 366.9% CPU
Optimizing NNI: done in 0.00562487 secs using 366.6% CPU
Optimizing NNI: done in 0.00229688 secs using 361.1% CPU
Optimizing NNI: done in 0.00801779 secs using 399.3% CPU
Optimizing NNI: done in 0.00223279 secs using 502.9% CPU
Optimizing NNI: done in 0.0185923 secs using 406.4% CPU
Optimizing NNI: done in 0.00535026 secs using 380.3% CPU
Optimizing NNI: done in 0.0114992 secs using 386.4% CPU
Optimizing NNI: done in 0.00196658 secs using 405.1% CPU
Optimizing NNI: done in 0.00588629 secs using 405.7% CPU
Optimizing NNI: done in 0.00618087 secs using 391.2% CPU
Optimizing NNI: done in 0.00367856 secs using 344.6% CPU
Optimizing NNI: done in 0.0161866 secs using 390.3% CPU
Optimizing NNI: done in 0.00426861 secs using 381.1% CPU
Optimizing NNI: done in 0.00412682 secs using 463.4% CPU
Optimizing NNI: done in 0.00740422 secs using 383.6% CPU
Optimizing NNI: done in 0.00228358 secs using 362.2% CPU
Optimizing NNI: done in 0.00406301 secs using 469.1% CPU
Optimizing NNI: done in 0.00428267 secs using 450.2% CPU
Optimizing NNI: done in 0.00847283 secs using 383.2% CPU
Optimizing NNI: done in 0.00753057 secs using 418.6% CPU
Optimizing NNI: done in 0.00469013 secs using 419.8% CPU
Optimizing NNI: done in 0.014911 secs using 395.1% CPU
Optimizing NNI: done in 0.00404881 secs using 396.3% CPU
Optimizing NNI: done in 0.00530938 secs using 344.8% CPU
Optimizing NNI: done in 0.00272293 secs using 430.3% CPU
Optimizing NNI: done in 0.00231423 secs using 359.1% CPU
Optimizing NNI: done in 0.00412019 secs using 366.9% CPU
Optimizing NNI: done in 0.00941211 secs using 408.1% CPU
Optimizing NNI: done in 0.00427283 secs using 380.8% CPU
Optimizing NNI: done in 0.00579656 secs using 393.3% CPU
Optimizing NNI: done in 0.00230687 secs using 360% CPU
Optimizing NNI: done in 0.00613231 secs using 393.4% CPU
Optimizing NNI: done in 0.00890712 secs using 391.9% CPU
Optimizing NNI: done in 0.00648713 secs using 408.2% CPU
Optimizing NNI: done in 0.00428147 secs using 380.2% CPU
Optimizing NNI: done in 0.00607229 secs using 379.9% CPU
Optimizing NNI: done in 0.00601506 secs using 399.1% CPU
Optimizing NNI: done in 0.00203397 secs using 394.9% CPU
Optimizing NNI: done in 0.00815122 secs using 394.3% CPU
Optimizing NNI: done in 0.00848987 secs using 417.9% CPU
Optimizing NNI: done in 0.00218068 secs using 512.5% CPU
Optimizing NNI: done in 0.00451872 secs using 409% CPU
Optimizing NNI: done in 0.00462086 secs using 421.2% CPU
Optimizing NNI: done in 0.0044947 secs using 433.6% CPU
Optimizing NNI: done in 0.00616047 secs using 375.9% CPU
Optimizing NNI: done in 0.00839222 secs using 362.1% CPU
Optimizing NNI: done in 0.00414331 secs using 438% CPU
Optimizing NNI: done in 0.00420675 secs using 384.8% CPU
Optimizing NNI: done in 0.00432221 secs using 377.5% CPU
Optimizing NNI: done in 0.00434939 secs using 444.8% CPU
Optimizing NNI: done in 0.0128881 secs using 401.2% CPU
Optimizing NNI: done in 0.0123597 secs using 415.5% CPU
Optimizing NNI: done in 0.00426039 secs using 358.1% CPU
Optimizing NNI: done in 0.00747095 secs using 381% CPU
Optimizing NNI: done in 0.00765788 secs using 374.2% CPU
Optimizing NNI: done in 0.00595827 secs using 401.8% CPU
Optimizing NNI: done in 0.00431862 secs using 354.6% CPU
Optimizing NNI: done in 0.0102412 secs using 392.9% CPU
Optimizing NNI: done in 0.00510425 secs using 374.2% CPU
Optimizing NNI: done in 0.00222684 secs using 324.6% CPU
Optimizing NNI: done in 0.00511442 secs using 392.6% CPU
Optimizing NNI: done in 0.00660097 secs using 418.1% CPU
Optimizing NNI: done in 0.00641175 secs using 365.1% CPU
Optimizing NNI: done in 0.00729067 secs using 374.2% CPU
Optimizing NNI: done in 0.00825868 secs using 377.4% CPU
Optimizing NNI: done in 0.0047954 secs using 391.9% CPU
Optimizing NNI: done in 0.0102361 secs using 383.2% CPU
Optimizing NNI: done in 0.00514925 secs using 391.2% CPU
Optimizing NNI: done in 0.00820644 secs using 380.2% CPU
Optimizing NNI: done in 0.00452626 secs using 408.5% CPU
Optimizing NNI: done in 0.00962319 secs using 411.7% CPU
Optimizing NNI: done in 0.00219722 secs using 373% CPU
Optimizing NNI: done in 0.00664805 secs using 355.6% CPU
Optimizing NNI: done in 0.024816 secs using 402.2% CPU
Optimizing NNI: done in 0.0059294 secs using 386.6% CPU
Optimizing NNI: done in 0.00819143 secs using 380.7% CPU
Optimizing NNI: done in 0.00920107 secs using 382.5% CPU
Optimizing NNI: done in 0.00704837 secs using 383.7% CPU
Optimizing NNI: done in 0.0162632 secs using 407.4% CPU
Optimizing NNI: done in 0.00492218 secs using 403.7% CPU
Optimizing NNI: done in 0.00788329 secs using 404.4% CPU
Optimizing NNI: done in 0.00739961 secs using 383.8% CPU
Optimizing NNI: done in 0.00421667 secs using 384.5% CPU
Optimizing NNI: done in 0.00415961 secs using 364.3% CPU
Optimizing NNI: done in 0.00396816 secs using 377.4% CPU
Optimizing NNI: done in 0.00788982 secs using 366% CPU
Optimizing NNI: done in 0.00214526 secs using 333.2% CPU
Optimizing NNI: done in 0.0140461 secs using 399% CPU
Optimizing NNI: done in 0.00387016 secs using 332.5% CPU
Optimizing NNI: done in 0.00561246 secs using 367.2% CPU
Optimizing NNI: done in 0.0099877 secs using 400.3% CPU
Optimizing NNI: done in 0.00280054 secs using 385.6% CPU
Optimizing NNI: done in 0.00550461 secs using 408.8% CPU
Optimizing NNI: done in 0.00224868 secs using 500.1% CPU
Optimizing NNI: done in 0.0024012 secs using 349.7% CPU
Optimizing NNI: done in 0.0114513 secs using 370.7% CPU
Optimizing NNI: done in 0.006769 secs using 410.2% CPU
500 samples done
Optimizing NNI: done in 0.0185985 secs using 394.9% CPU
Optimizing NNI: done in 0.0025541 secs using 452.2% CPU
Optimizing NNI: done in 0.00249805 secs using 340.1% CPU
Optimizing NNI: done in 0.00259117 secs using 332.2% CPU
Optimizing NNI: done in 0.00377794 secs using 337.2% CPU
Optimizing NNI: done in 0.00490211 secs using 384.8% CPU
Optimizing NNI: done in 0.00536903 secs using 395.4% CPU
Optimizing NNI: done in 0.00245359 secs using 343.6% CPU
Optimizing NNI: done in 0.0125672 secs using 409.5% CPU
Optimizing NNI: done in 0.0166659 secs using 375.4% CPU
Optimizing NNI: done in 0.0105063 secs using 365.8% CPU
Optimizing NNI: done in 0.00497036 secs using 401.2% CPU
Optimizing NNI: done in 0.00524958 secs using 384.8% CPU
Optimizing NNI: done in 0.00694439 secs using 361.6% CPU
Optimizing NNI: done in 0.00877565 secs using 400.2% CPU
Optimizing NNI: done in 0.0106424 secs using 409% CPU
Optimizing NNI: done in 0.00839296 secs using 360.7% CPU
Optimizing NNI: done in 0.00667088 secs using 409.8% CPU
Optimizing NNI: done in 0.00535201 secs using 385.5% CPU
Optimizing NNI: done in 0.00539099 secs using 378% CPU
Optimizing NNI: done in 0.00250142 secs using 336.8% CPU
Optimizing NNI: done in 0.00259815 secs using 444.9% CPU
Optimizing NNI: done in 0.00366599 secs using 427.3% CPU
Optimizing NNI: done in 0.00460714 secs using 321.6% CPU
Optimizing NNI: done in 0.00403927 secs using 396.8% CPU
Optimizing NNI: done in 0.00525348 secs using 366.5% CPU
Optimizing NNI: done in 0.00649362 secs using 376% CPU
Optimizing NNI: done in 0.0070031 secs using 387.4% CPU
Optimizing NNI: done in 0.00219596 secs using 373% CPU
Optimizing NNI: done in 0.00233835 secs using 461.9% CPU
Optimizing NNI: done in 0.00492774 secs using 323.2% CPU
Optimizing NNI: done in 0.00646713 secs using 377.6% CPU
Optimizing NNI: done in 0.00474481 secs using 414.8% CPU
Optimizing NNI: done in 0.0131642 secs using 380.6% CPU
Optimizing NNI: done in 0.00231942 secs using 358.3% CPU
Optimizing NNI: done in 0.00550549 secs using 354.2% CPU
Optimizing NNI: done in 0.00418866 secs using 386.4% CPU
Optimizing NNI: done in 0.0119196 secs using 402% CPU
Optimizing NNI: done in 0.00221262 secs using 371.1% CPU
Optimizing NNI: done in 0.00627079 secs using 387% CPU
Optimizing NNI: done in 0.00242142 secs using 471.6% CPU
Optimizing NNI: done in 0.00977463 secs using 398.9% CPU
Optimizing NNI: done in 0.00931581 secs using 389.8% CPU
Optimizing NNI: done in 0.00650444 secs using 422.8% CPU
Optimizing NNI: done in 0.00903323 secs using 385.7% CPU
Optimizing NNI: done in 0.00583115 secs using 406.5% CPU
Optimizing NNI: done in 0.00989011 secs using 402.9% CPU
Optimizing NNI: done in 0.00478172 secs using 413.6% CPU
Optimizing NNI: done in 0.0105364 secs using 375.8% CPU
Optimizing NNI: done in 0.00684678 secs using 392.2% CPU
Optimizing NNI: done in 0.00922969 secs using 389% CPU
Optimizing NNI: done in 0.00705165 secs using 396.9% CPU
Optimizing NNI: done in 0.00307443 secs using 385.5% CPU
Optimizing NNI: done in 0.00982026 secs using 401.9% CPU
Optimizing NNI: done in 0.00471803 secs using 354.1% CPU
Optimizing NNI: done in 0.0113943 secs using 409.9% CPU
Optimizing NNI: done in 0.00740638 secs using 355.5% CPU
Optimizing NNI: done in 0.0104847 secs using 375.9% CPU
Optimizing NNI: done in 0.00484922 secs using 408.3% CPU
Optimizing NNI: done in 0.00443028 secs using 370.7% CPU
Optimizing NNI: done in 0.0106584 secs using 362.6% CPU
Optimizing NNI: done in 0.00718425 secs using 434% CPU
Optimizing NNI: done in 0.00232577 secs using 357.9% CPU
Optimizing NNI: done in 0.00950171 secs using 414.9% CPU
Optimizing NNI: done in 0.0109939 secs using 399.5% CPU
Optimizing NNI: done in 0.0144271 secs using 390.7% CPU
Optimizing NNI: done in 0.0147812 secs using 404.2% CPU
Optimizing NNI: done in 0.00245337 secs using 466.7% CPU
Optimizing NNI: done in 0.00984105 secs using 390.7% CPU
Optimizing NNI: done in 0.00755572 secs using 369.3% CPU
Optimizing NNI: done in 0.00473148 secs using 425.1% CPU
Optimizing NNI: done in 0.00446187 secs using 402.2% CPU
Optimizing NNI: done in 0.00553524 secs using 421.2% CPU
Optimizing NNI: done in 0.00567892 secs using 416.9% CPU
Optimizing NNI: done in 0.00737224 secs using 425.4% CPU
Optimizing NNI: done in 0.00506499 secs using 388.6% CPU
Optimizing NNI: done in 0.00716449 secs using 391.9% CPU
Optimizing NNI: done in 0.0045582 secs using 428.9% CPU
Optimizing NNI: done in 0.00859737 secs using 413.5% CPU
Optimizing NNI: done in 0.00788147 secs using 403.7% CPU
Optimizing NNI: done in 0.0127166 secs using 398.3% CPU
Optimizing NNI: done in 0.00556433 secs using 422.3% CPU
Optimizing NNI: done in 0.00467274 secs using 418.4% CPU
Optimizing NNI: done in 0.00636778 secs using 382.6% CPU
Optimizing NNI: done in 0.0104961 secs using 382.3% CPU
Optimizing NNI: done in 0.00504423 secs using 395% CPU
Optimizing NNI: done in 0.00472099 secs using 354% CPU
Optimizing NNI: done in 0.00724433 secs using 376% CPU
Optimizing NNI: done in 0.00597686 secs using 401% CPU
Optimizing NNI: done in 0.00872167 secs using 408.7% CPU
Optimizing NNI: done in 0.00476048 secs using 413.8% CPU
Optimizing NNI: done in 0.00239774 secs using 451.6% CPU
Optimizing NNI: done in 0.00237882 secs using 478.1% CPU
Optimizing NNI: done in 0.00411901 secs using 403.2% CPU
Optimizing NNI: done in 0.010923 secs using 390.3% CPU
Optimizing NNI: done in 0.0058313 secs using 405% CPU
Optimizing NNI: done in 0.00519817 secs using 369% CPU
Optimizing NNI: done in 0.00725189 secs using 430.8% CPU
Optimizing NNI: done in 0.00739531 secs using 382% CPU
Optimizing NNI: done in 0.002616 secs using 329.1% CPU
600 samples done
Optimizing NNI: done in 0.00968153 secs using 401.3% CPU
Optimizing NNI: done in 0.00428089 secs using 400.6% CPU
Optimizing NNI: done in 0.012148 secs using 388.9% CPU
Optimizing NNI: done in 0.00522864 secs using 384.3% CPU
Optimizing NNI: done in 0.00756376 secs using 402% CPU
Optimizing NNI: done in 0.0139344 secs using 399.6% CPU
Optimizing NNI: done in 0.0140834 secs using 394.9% CPU
Optimizing NNI: done in 0.00713334 secs using 392.6% CPU
Optimizing NNI: done in 0.0103421 secs using 381.9% CPU
Optimizing NNI: done in 0.00763694 secs using 412.1% CPU
Optimizing NNI: done in 0.00504596 secs using 395.5% CPU
Optimizing NNI: done in 0.00395696 secs using 402.2% CPU
Optimizing NNI: done in 0.00938576 secs using 386.9% CPU
Optimizing NNI: done in 0.0153566 secs using 412% CPU
Optimizing NNI: done in 0.00275548 secs using 328.9% CPU
Optimizing NNI: done in 0.00453285 secs using 433.3% CPU
Optimizing NNI: done in 0.00442836 secs using 370% CPU
Optimizing NNI: done in 0.00518571 secs using 388.3% CPU
Optimizing NNI: done in 0.00769358 secs using 411.8% CPU
Optimizing NNI: done in 0.00466757 secs using 421.3% CPU
Optimizing NNI: done in 0.00805757 secs using 384.5% CPU
Optimizing NNI: done in 0.00502362 secs using 358.6% CPU
Optimizing NNI: done in 0.00451624 secs using 365.7% CPU
Optimizing NNI: done in 0.00784841 secs using 392.1% CPU
Optimizing NNI: done in 0.00737345 secs using 383.5% CPU
Optimizing NNI: done in 0.0130162 secs using 399.5% CPU
Optimizing NNI: done in 0.00429992 secs using 379.1% CPU
Optimizing NNI: done in 0.0062209 secs using 373.3% CPU
Optimizing NNI: done in 0.0050778 secs using 395.3% CPU
Optimizing NNI: done in 0.00407599 secs using 394.4% CPU
Optimizing NNI: done in 0.00502382 secs using 398.5% CPU
Optimizing NNI: done in 0.00254717 secs using 335.4% CPU
Optimizing NNI: done in 0.00835363 secs using 375.3% CPU
Optimizing NNI: done in 0.0114435 secs using 388.3% CPU
Optimizing NNI: done in 0.00611268 secs using 378.1% CPU
Optimizing NNI: done in 0.00249741 secs using 460.2% CPU
Optimizing NNI: done in 0.0131267 secs using 411.9% CPU
Optimizing NNI: done in 0.00909598 secs using 385.4% CPU
Optimizing NNI: done in 0.00367384 secs using 345% CPU
Optimizing NNI: done in 0.00448548 secs using 431.8% CPU
Optimizing NNI: done in 0.00255716 secs using 334.6% CPU
Optimizing NNI: done in 0.0048282 secs using 347.7% CPU
Optimizing NNI: done in 0.00635464 secs using 351.6% CPU
Optimizing NNI: done in 0.0042559 secs using 358.4% CPU
Optimizing NNI: done in 0.00407638 secs using 394.3% CPU
Optimizing NNI: done in 0.00507301 secs using 403.3% CPU
Optimizing NNI: done in 0.00618371 secs using 388.4% CPU
Optimizing NNI: done in 0.00873348 secs using 383.8% CPU
Optimizing NNI: done in 0.0028115 secs using 415.7% CPU
Optimizing NNI: done in 0.00257876 secs using 447.5% CPU
Optimizing NNI: done in 0.00712615 secs using 378.6% CPU
Optimizing NNI: done in 0.0024977 secs using 460.3% CPU
Optimizing NNI: done in 0.00202681 secs using 395.8% CPU
Optimizing NNI: done in 0.0066273 secs using 414.9% CPU
Optimizing NNI: done in 0.00509076 secs using 392.5% CPU
Optimizing NNI: done in 0.00546077 secs using 421.2% CPU
Optimizing NNI: done in 0.0170111 secs using 392.7% CPU
Optimizing NNI: done in 0.00558564 secs using 403.6% CPU
Optimizing NNI: done in 0.00418186 secs using 386% CPU
Optimizing NNI: done in 0.00231008 secs using 489.5% CPU
Optimizing NNI: done in 0.00596215 secs using 385.2% CPU
Optimizing NNI: done in 0.0024401 secs using 468.4% CPU
Optimizing NNI: done in 0.00562242 secs using 426% CPU
Optimizing NNI: done in 0.00560061 secs using 400.8% CPU
Optimizing NNI: done in 0.00685781 secs using 389.7% CPU
Optimizing NNI: done in 0.0050915 secs using 393.5% CPU
Optimizing NNI: done in 0.00418614 secs using 358.8% CPU
Optimizing NNI: done in 0.0061 secs using 390.2% CPU
Optimizing NNI: done in 0.00234569 secs using 483.7% CPU
Optimizing NNI: done in 0.00474266 secs using 395.2% CPU
Optimizing NNI: done in 0.00226541 secs using 364.7% CPU
Optimizing NNI: done in 0.00606041 secs using 380.5% CPU
Optimizing NNI: done in 0.0177249 secs using 399% CPU
Optimizing NNI: done in 0.00205321 secs using 392.2% CPU
Optimizing NNI: done in 0.00241693 secs using 306.8% CPU
Optimizing NNI: done in 0.00224974 secs using 499.8% CPU
Optimizing NNI: done in 0.00233227 secs using 357.2% CPU
Optimizing NNI: done in 0.0076953 secs using 372.2% CPU
Optimizing NNI: done in 0.00445606 secs using 375.6% CPU
Optimizing NNI: done in 0.00894393 secs using 376.3% CPU
Optimizing NNI: done in 0.00913854 secs using 366.3% CPU
Optimizing NNI: done in 0.00250989 secs using 338.5% CPU
Optimizing NNI: done in 0.00251123 secs using 338.6% CPU
Optimizing NNI: done in 0.00361748 secs using 429.8% CPU
Optimizing NNI: done in 0.00636919 secs using 364.6% CPU
Optimizing NNI: done in 0.00799344 secs using 398.4% CPU
Optimizing NNI: done in 0.00612828 secs using 391.2% CPU
Optimizing NNI: done in 0.00819441 secs using 391.3% CPU
Optimizing NNI: done in 0.00566497 secs using 416.4% CPU
Optimizing NNI: done in 0.00951094 secs using 372.7% CPU
Optimizing NNI: done in 0.0120204 secs using 398.9% CPU
Optimizing NNI: done in 0.00792923 secs using 389.3% CPU
Optimizing NNI: done in 0.00340143 secs using 364.2% CPU
Optimizing NNI: done in 0.00242854 secs using 338.6% CPU
Optimizing NNI: done in 0.0110724 secs using 388.4% CPU
Optimizing NNI: done in 0.0136485 secs using 407.2% CPU
Optimizing NNI: done in 0.00558073 secs using 406.7% CPU
Optimizing NNI: done in 0.006721 secs using 394.9% CPU
Optimizing NNI: done in 0.00533596 secs using 425.8% CPU
Optimizing NNI: done in 0.00513093 secs using 350.1% CPU
700 samples done
Optimizing NNI: done in 0.0111939 secs using 376.4% CPU
Optimizing NNI: done in 0.00854731 secs using 405.3% CPU
Optimizing NNI: done in 0.00651131 secs using 422.3% CPU
Optimizing NNI: done in 0.00223664 secs using 368.1% CPU
Optimizing NNI: done in 0.00532887 secs using 383.7% CPU
Optimizing NNI: done in 0.00470578 secs using 397.7% CPU
Optimizing NNI: done in 0.00356281 secs using 351.7% CPU
Optimizing NNI: done in 0.00421381 secs using 384.8% CPU
Optimizing NNI: done in 0.00230239 secs using 351.4% CPU
Optimizing NNI: done in 0.00633508 secs using 415.6% CPU
Optimizing NNI: done in 0.00815084 secs using 393.9% CPU
Optimizing NNI: done in 0.0079839 secs using 386.9% CPU
Optimizing NNI: done in 0.00236705 secs using 353.4% CPU
Optimizing NNI: done in 0.00572273 secs using 414.5% CPU
Optimizing NNI: done in 0.00570922 secs using 345.2% CPU
Optimizing NNI: done in 0.0133959 secs using 382.8% CPU
Optimizing NNI: done in 0.0153063 secs using 379.9% CPU
Optimizing NNI: done in 0.00225112 secs using 366.4% CPU
Optimizing NNI: done in 0.00250513 secs using 365.8% CPU
Optimizing NNI: done in 0.00600893 secs using 398.8% CPU
Optimizing NNI: done in 0.00659998 secs using 402% CPU
Optimizing NNI: done in 0.00676507 secs using 364.9% CPU
Optimizing NNI: done in 0.002302 secs using 487.4% CPU
Optimizing NNI: done in 0.00493204 secs using 343.1% CPU
Optimizing NNI: done in 0.00256527 secs using 448.7% CPU
Optimizing NNI: done in 0.00229738 secs using 361% CPU
Optimizing NNI: done in 0.00356033 secs using 408.8% CPU
Optimizing NNI: done in 0.00247745 secs using 461.2% CPU
Optimizing NNI: done in 0.00434639 secs using 420.5% CPU
Optimizing NNI: done in 0.00218133 secs using 512.4% CPU
Optimizing NNI: done in 0.00471098 secs using 416.3% CPU
Optimizing NNI: done in 0.00416446 secs using 460.1% CPU
Optimizing NNI: done in 0.0065092 secs using 407.3% CPU
Optimizing NNI: done in 0.0043183 secs using 354.7% CPU
Optimizing NNI: done in 0.00933823 secs using 415.3% CPU
Optimizing NNI: done in 0.00433809 secs using 376.5% CPU
Optimizing NNI: done in 0.00610595 secs using 394.8% CPU
Optimizing NNI: done in 0.00472497 secs using 396.4% CPU
Optimizing NNI: done in 0.0095441 secs using 413.6% CPU
Optimizing NNI: done in 0.00980724 secs using 350.5% CPU
Optimizing NNI: done in 0.00510759 secs using 392.6% CPU
Optimizing NNI: done in 0.00707767 secs using 395.7% CPU
Optimizing NNI: done in 0.00440182 secs using 372.6% CPU
Optimizing NNI: done in 0.00651396 secs using 391% CPU
Optimizing NNI: done in 0.0103357 secs using 418.6% CPU
Optimizing NNI: done in 0.00422546 secs using 383.9% CPU
Optimizing NNI: done in 0.0160635 secs using 386.4% CPU
Optimizing NNI: done in 0.00211931 secs using 382.8% CPU
Optimizing NNI: done in 0.00218921 secs using 373.9% CPU
Optimizing NNI: done in 0.0066278 secs using 416.7% CPU
Optimizing NNI: done in 0.00450045 secs using 366.5% CPU
Optimizing NNI: done in 0.00409519 secs using 392.9% CPU
Optimizing NNI: done in 0.00415084 secs using 389.1% CPU
Optimizing NNI: done in 0.00660715 secs using 417.8% CPU
Optimizing NNI: done in 0.00216848 secs using 514.9% CPU
Optimizing NNI: done in 0.00425525 secs using 452.5% CPU
Optimizing NNI: done in 0.0023174 secs using 445.4% CPU
Optimizing NNI: done in 0.00225271 secs using 499.4% CPU
Optimizing NNI: done in 0.00253283 secs using 415.9% CPU
Optimizing NNI: done in 0.004625 secs using 359.3% CPU
Optimizing NNI: done in 0.00534075 secs using 380.8% CPU
Optimizing NNI: done in 0.00218134 secs using 375% CPU
Optimizing NNI: done in 0.00758182 secs using 416.5% CPU
Optimizing NNI: done in 0.00533771 secs using 381% CPU
Optimizing NNI: done in 0.00914575 secs using 395.2% CPU
Optimizing NNI: done in 0.00418744 secs using 458.1% CPU
Optimizing NNI: done in 0.00844071 secs using 384.3% CPU
Optimizing NNI: done in 0.00214747 secs using 332.7% CPU
Optimizing NNI: done in 0.0173741 secs using 381.8% CPU
Optimizing NNI: done in 0.00231007 secs using 359.6% CPU
Optimizing NNI: done in 0.00453132 secs using 364.7% CPU
Optimizing NNI: done in 0.00661261 secs using 372.3% CPU
Optimizing NNI: done in 0.00743339 secs using 382.5% CPU
Optimizing NNI: done in 0.00492462 secs using 404.6% CPU
Optimizing NNI: done in 0.00403873 secs using 397.1% CPU
Optimizing NNI: done in 0.00214881 secs using 378.6% CPU
Optimizing NNI: done in 0.00224161 secs using 367.6% CPU
Optimizing NNI: done in 0.00530136 secs using 364.1% CPU
Optimizing NNI: done in 0.00417872 secs using 363.3% CPU
Optimizing NNI: done in 0.00751335 secs using 392.8% CPU
Optimizing NNI: done in 0.00593517 secs using 403.2% CPU
Optimizing NNI: done in 0.0128358 secs using 372.6% CPU
Optimizing NNI: done in 0.0101363 secs using 386.1% CPU
Optimizing NNI: done in 0.00464487 secs using 422.8% CPU
Optimizing NNI: done in 0.00240092 secs using 474.7% CPU
Optimizing NNI: done in 0.00432741 secs using 377.2% CPU
Optimizing NNI: done in 0.00438814 secs using 373.4% CPU
Optimizing NNI: done in 0.00210985 secs using 384.3% CPU
Optimizing NNI: done in 0.00465261 secs using 422.4% CPU
Optimizing NNI: done in 0.00771089 secs using 398.2% CPU
Optimizing NNI: done in 0.0169828 secs using 394.4% CPU
Optimizing NNI: done in 0.00580601 secs using 409.8% CPU
Optimizing NNI: done in 0.0032172 secs using 442% CPU
Optimizing NNI: done in 0.0104563 secs using 377.3% CPU
Optimizing NNI: done in 0.0049473 secs using 403.1% CPU
Optimizing NNI: done in 0.0046114 secs using 360.2% CPU
Optimizing NNI: done in 0.00891475 secs using 402.8% CPU
Optimizing NNI: done in 0.00230965 secs using 446.6% CPU
Optimizing NNI: done in 0.00545158 secs using 356.7% CPU
Optimizing NNI: done in 0.00388259 secs using 409% CPU
800 samples done
Optimizing NNI: done in 0.00626238 secs using 435.3% CPU
Optimizing NNI: done in 0.00216455 secs using 377.1% CPU
Optimizing NNI: done in 0.0133186 secs using 385.3% CPU
Optimizing NNI: done in 0.00227357 secs using 452.1% CPU
Optimizing NNI: done in 0.0056236 secs using 402.3% CPU
Optimizing NNI: done in 0.00715736 secs using 379.4% CPU
Optimizing NNI: done in 0.0165045 secs using 402.9% CPU
Optimizing NNI: done in 0.005505 secs using 372.5% CPU
Optimizing NNI: done in 0.00584969 secs using 407.6% CPU
Optimizing NNI: done in 0.00766649 secs using 386.9% CPU
Optimizing NNI: done in 0.00923996 secs using 392.1% CPU
Optimizing NNI: done in 0.0153181 secs using 387% CPU
Optimizing NNI: done in 0.00822748 secs using 391.5% CPU
Optimizing NNI: done in 0.00551074 secs using 426.6% CPU
Optimizing NNI: done in 0.00208521 secs using 387.6% CPU
Optimizing NNI: done in 0.00831869 secs using 376.5% CPU
Optimizing NNI: done in 0.0123061 secs using 383.9% CPU
Optimizing NNI: done in 0.00426787 secs using 451.4% CPU
Optimizing NNI: done in 0.0102247 secs using 383.2% CPU
Optimizing NNI: done in 0.00436145 secs using 375.1% CPU
Optimizing NNI: done in 0.00507893 secs using 395.3% CPU
Optimizing NNI: done in 0.00422246 secs using 455.2% CPU
Optimizing NNI: done in 0.00451246 secs using 410.1% CPU
Optimizing NNI: done in 0.00242253 secs using 430.5% CPU
Optimizing NNI: done in 0.00867621 secs using 410.3% CPU
Optimizing NNI: done in 0.00257141 secs using 411.3% CPU
Optimizing NNI: done in 0.00467628 secs using 420.8% CPU
Optimizing NNI: done in 0.00450473 secs using 366.3% CPU
Optimizing NNI: done in 0.00231213 secs using 359.4% CPU
Optimizing NNI: done in 0.00489123 secs using 406.6% CPU
Optimizing NNI: done in 0.00213234 secs using 521.4% CPU
Optimizing NNI: done in 0.00416951 secs using 363.7% CPU
Optimizing NNI: done in 0.00506959 secs using 389.9% CPU
Optimizing NNI: done in 0.00645781 secs using 378.8% CPU
Optimizing NNI: done in 0.00430099 secs using 355.6% CPU
Optimizing NNI: done in 0.00591261 secs using 404.4% CPU
Optimizing NNI: done in 0.00416534 secs using 387.7% CPU
Optimizing NNI: done in 0.00260228 secs using 330.2% CPU
Optimizing NNI: done in 0.00389834 secs using 407.7% CPU
Optimizing NNI: done in 0.0159632 secs using 388.1% CPU
Optimizing NNI: done in 0.00221067 secs using 371.3% CPU
Optimizing NNI: done in 0.00632679 secs using 384.5% CPU
Optimizing NNI: done in 0.00648598 secs using 377.4% CPU
Optimizing NNI: done in 0.00495601 secs using 402.6% CPU
Optimizing NNI: done in 0.020602 secs using 400.9% CPU
Optimizing NNI: done in 0.00227094 secs using 364% CPU
Optimizing NNI: done in 0.0331137 secs using 389.8% CPU
Optimizing NNI: done in 0.00258412 secs using 409.7% CPU
Optimizing NNI: done in 0.00457748 secs using 362.1% CPU
Optimizing NNI: done in 0.00411668 secs using 391.4% CPU
Optimizing NNI: done in 0.00478671 secs using 329.7% CPU
Optimizing NNI: done in 0.00487785 secs using 407.4% CPU
Optimizing NNI: done in 0.00443298 secs using 370.7% CPU
Optimizing NNI: done in 0.0161428 secs using 390.6% CPU
Optimizing NNI: done in 0.00465325 secs using 357.7% CPU
Optimizing NNI: done in 0.00492416 secs using 404.4% CPU
Optimizing NNI: done in 0.00478419 secs using 413.4% CPU
Optimizing NNI: done in 0.00826691 secs using 390.3% CPU
Optimizing NNI: done in 0.0132021 secs using 395.4% CPU
Optimizing NNI: done in 0.00270548 secs using 396% CPU
Optimizing NNI: done in 0.00917606 secs using 393.1% CPU
Optimizing NNI: done in 0.00217654 secs using 375.6% CPU
Optimizing NNI: done in 0.00417457 secs using 387.3% CPU
Optimizing NNI: done in 0.00640748 secs using 427.7% CPU
Optimizing NNI: done in 0.00221318 secs using 371% CPU
Optimizing NNI: done in 0.00434254 secs using 376.3% CPU
Optimizing NNI: done in 0.00364715 secs using 428.9% CPU
Optimizing NNI: done in 0.00632163 secs using 384.5% CPU
Optimizing NNI: done in 0.00625663 secs using 436.7% CPU
Optimizing NNI: done in 0.00742365 secs using 356% CPU
Optimizing NNI: done in 0.00388178 secs using 409% CPU
Optimizing NNI: done in 0.00384852 secs using 333.7% CPU
Optimizing NNI: done in 0.00277972 secs using 423.7% CPU
Optimizing NNI: done in 0.0048514 secs using 388.6% CPU
Optimizing NNI: done in 0.00893685 secs using 402% CPU
Optimizing NNI: done in 0.0104866 secs using 376.5% CPU
Optimizing NNI: done in 0.00871067 secs using 364% CPU
Optimizing NNI: done in 0.0149158 secs using 381.4% CPU
Optimizing NNI: done in 0.00484978 secs using 408.5% CPU
Optimizing NNI: done in 0.0046625 secs using 416% CPU
Optimizing NNI: done in 0.0047404 secs using 395.2% CPU
Optimizing NNI: done in 0.00240773 secs using 473.6% CPU
Optimizing NNI: done in 0.00596977 secs using 402.2% CPU
Optimizing NNI: done in 0.00308159 secs using 391.8% CPU
Optimizing NNI: done in 0.00427652 secs using 435.4% CPU
Optimizing NNI: done in 0.00546333 secs using 373.6% CPU
Optimizing NNI: done in 0.00467746 secs using 399.3% CPU
Optimizing NNI: done in 0.00895717 secs using 388.7% CPU
Optimizing NNI: done in 0.00395227 secs using 352.9% CPU
Optimizing NNI: done in 0.00521595 secs using 384.7% CPU
Optimizing NNI: done in 0.00758124 secs using 416.4% CPU
Optimizing NNI: done in 0.00406495 secs using 394.1% CPU
Optimizing NNI: done in 0.0132226 secs using 387.1% CPU
Optimizing NNI: done in 0.00748921 secs using 419.9% CPU
Optimizing NNI: done in 0.00470328 secs using 354.8% CPU
Optimizing NNI: done in 0.00696886 secs using 386.5% CPU
Optimizing NNI: done in 0.00621521 secs using 405.4% CPU
Optimizing NNI: done in 0.00973045 secs using 397.4% CPU
Optimizing NNI: done in 0.00249311 secs using 440.2% CPU
Optimizing NNI: done in 0.00948677 secs using 384.6% CPU
900 samples done
Optimizing NNI: done in 0.00956692 secs using 371.7% CPU
Optimizing NNI: done in 0.00234948 secs using 312.7% CPU
Optimizing NNI: done in 0.00600414 secs using 383.2% CPU
Optimizing NNI: done in 0.00249625 secs using 459% CPU
Optimizing NNI: done in 0.00255103 secs using 452.7% CPU
Optimizing NNI: done in 0.00248736 secs using 341.1% CPU
Optimizing NNI: done in 0.00221732 secs using 505.8% CPU
Optimizing NNI: done in 0.00219982 secs using 372.6% CPU
Optimizing NNI: done in 0.00234661 secs using 483.3% CPU
Optimizing NNI: done in 0.00442501 secs using 371.1% CPU
Optimizing NNI: done in 0.00953155 secs using 383.3% CPU
Optimizing NNI: done in 0.0113251 secs using 398.4% CPU
Optimizing NNI: done in 0.00348208 secs using 444.5% CPU
Optimizing NNI: done in 0.00454362 secs using 364% CPU
Optimizing NNI: done in 0.00837396 secs using 422.4% CPU
Optimizing NNI: done in 0.00575939 secs using 411.8% CPU
Optimizing NNI: done in 0.00801955 secs using 398.5% CPU
Optimizing NNI: done in 0.00443756 secs using 437.4% CPU
Optimizing NNI: done in 0.00260266 secs using 445.7% CPU
Optimizing NNI: done in 0.00473388 secs using 394.9% CPU
Optimizing NNI: done in 0.0117649 secs using 397.2% CPU
Optimizing NNI: done in 0.00708289 secs using 396.4% CPU
Optimizing NNI: done in 0.0078085 secs using 368.8% CPU
Optimizing NNI: done in 0.0024819 secs using 340.7% CPU
Optimizing NNI: done in 0.00446095 secs using 436.2% CPU
Optimizing NNI: done in 0.00214226 secs using 377.4% CPU
Optimizing NNI: done in 0.00801842 secs using 399.1% CPU
Optimizing NNI: done in 0.00216061 secs using 461.4% CPU
Optimizing NNI: done in 0.0073184 secs using 386.3% CPU
Optimizing NNI: done in 0.00843581 secs using 371% CPU
Optimizing NNI: done in 0.00688121 secs using 405.1% CPU
Optimizing NNI: done in 0.00502059 secs using 381.4% CPU
Optimizing NNI: done in 0.00241893 secs using 348.3% CPU
Optimizing NNI: done in 0.00665948 secs using 353.6% CPU
Optimizing NNI: done in 0.00580595 secs using 392.1% CPU
Optimizing NNI: done in 0.00548683 secs using 427.8% CPU
Optimizing NNI: done in 0.00373181 secs using 421.5% CPU
Optimizing NNI: done in 0.00440356 secs using 440.6% CPU
Optimizing NNI: done in 0.0108865 secs using 403.1% CPU
Optimizing NNI: done in 0.0152581 secs using 395% CPU
Optimizing NNI: done in 0.00458036 secs using 390.5% CPU
Optimizing NNI: done in 0.00523924 secs using 386.2% CPU
Optimizing NNI: done in 0.00611288 secs using 394.4% CPU
Optimizing NNI: done in 0.00985328 secs using 384.2% CPU
Optimizing NNI: done in 0.0110983 secs using 397.3% CPU
Optimizing NNI: done in 0.00426282 secs using 381.2% CPU
Optimizing NNI: done in 0.00463825 secs using 423.3% CPU
Optimizing NNI: done in 0.00219537 secs using 509.8% CPU
Optimizing NNI: done in 0.00452712 secs using 431.3% CPU
Optimizing NNI: done in 0.004038 secs using 371.9% CPU
Optimizing NNI: done in 0.00685457 secs using 404.7% CPU
Optimizing NNI: done in 0.00403474 secs using 397.3% CPU
Optimizing NNI: done in 0.0192889 secs using 411% CPU
Optimizing NNI: done in 0.0150351 secs using 392.6% CPU
Optimizing NNI: done in 0.00854928 secs using 392.4% CPU
Optimizing NNI: done in 0.00961419 secs using 370.4% CPU
Optimizing NNI: done in 0.00787792 secs using 391.5% CPU
Optimizing NNI: done in 0.00437915 secs using 373.9% CPU
Optimizing NNI: done in 0.00250551 secs using 459.1% CPU
Optimizing NNI: done in 0.00447313 secs using 368.2% CPU
Optimizing NNI: done in 0.00462472 secs using 332.6% CPU
Optimizing NNI: done in 0.00793051 secs using 389.7% CPU
Optimizing NNI: done in 0.00472375 secs using 330.5% CPU
Optimizing NNI: done in 0.00406835 secs using 443.3% CPU
Optimizing NNI: done in 0.0104825 secs using 404.9% CPU
Optimizing NNI: done in 0.00579952 secs using 410.1% CPU
Optimizing NNI: done in 0.00467461 secs using 417.7% CPU
Optimizing NNI: done in 0.00436038 secs using 373.7% CPU
Optimizing NNI: done in 0.0048096 secs using 411.7% CPU
Optimizing NNI: done in 0.00447644 secs using 368% CPU
Optimizing NNI: done in 0.00270134 secs using 308.3% CPU
Optimizing NNI: done in 0.00747646 secs using 380.8% CPU
Optimizing NNI: done in 0.00447296 secs using 434.4% CPU
Optimizing NNI: done in 0.0139513 secs using 400.6% CPU
Optimizing NNI: done in 0.00473683 secs using 415.6% CPU
Optimizing NNI: done in 0.00539839 secs using 377.8% CPU
Optimizing NNI: done in 0.00218102 secs using 373.4% CPU
Optimizing NNI: done in 0.00234923 secs using 483% CPU
Optimizing NNI: done in 0.00239045 secs using 427.2% CPU
Optimizing NNI: done in 0.0126219 secs using 408.1% CPU
Optimizing NNI: done in 0.00868667 secs using 353.3% CPU
Optimizing NNI: done in 0.00643787 secs using 379.6% CPU
Optimizing NNI: done in 0.00489045 secs using 406.5% CPU
Optimizing NNI: done in 0.00720276 secs using 433% CPU
Optimizing NNI: done in 0.00397739 secs using 401.7% CPU
Optimizing NNI: done in 0.00679499 secs using 364.9% CPU
Optimizing NNI: done in 0.00232875 secs using 443.7% CPU
Optimizing NNI: done in 0.00762169 secs using 362.3% CPU
Optimizing NNI: done in 0.00435944 secs using 375.2% CPU
Optimizing NNI: done in 0.006607 secs using 417.8% CPU
Optimizing NNI: done in 0.0055355 secs using 370.8% CPU
Optimizing NNI: done in 0.00384542 secs using 385.8% CPU
Optimizing NNI: done in 0.00220035 secs using 372.5% CPU
Optimizing NNI: done in 0.00664447 secs using 416% CPU
Optimizing NNI: done in 0.00447968 secs using 367.8% CPU
Optimizing NNI: done in 0.00585927 secs using 407.1% CPU
Optimizing NNI: done in 0.0100111 secs using 399.3% CPU
Optimizing NNI: done in 0.00905756 secs using 384.8% CPU
Optimizing NNI: done in 0.00209522 secs using 482.2% CPU
Optimizing NNI: done in 0.0021399 secs using 380.1% CPU
1000 samples done
Total 1000 ufboot trees refined
TREE SEARCH COMPLETED AFTER 233 ITERATIONS / Time: 0h:0m:49s

--------------------------------------------------------------------
|                    FINALIZING TREE SEARCH                        |
--------------------------------------------------------------------
Performs final model parameters optimization
Estimate model parameters (epsilon = 0.010)
1. Initial log-likelihood: -857.947
Optimal log-likelihood: -857.947
Proportion of invariable sites: 0.463
Parameters optimization took 1 rounds (0.004 sec)
BEST SCORE FOUND : -857.947
Creating bootstrap support values...
Split supports printed to NEXUS file 10_alignment_files/part1_alignment.afa.splits.nex
Total tree length: 0.520

Total number of iterations: 233
CPU time used for tree search: 84.183 sec (0h:1m:24s)
Wall-clock time used for tree search: 21.454 sec (0h:0m:21s)
Total CPU time used: 161.022 sec (0h:2m:41s)
Total wall-clock time used: 49.399 sec (0h:0m:49s)
UFBoot trees printed to 10_alignment_files/part1_alignment.afa.ufboot

Computing bootstrap consensus tree...
Reading input file 10_alignment_files/part1_alignment.afa.splits.nex...
25 taxa and 610 splits.
Consensus tree written to 10_alignment_files/part1_alignment.afa.contree
Reading input trees file 10_alignment_files/part1_alignment.afa.contree
Log-likelihood of consensus tree: -857.968

Analysis results written to: 
  IQ-TREE report:                10_alignment_files/part1_alignment.afa.iqtree
  Maximum-likelihood tree:       10_alignment_files/part1_alignment.afa.treefile
  Likelihood distances:          10_alignment_files/part1_alignment.afa.mldist

Ultrafast bootstrap approximation results written to:
  Split support values:          10_alignment_files/part1_alignment.afa.splits.nex
  Consensus tree:                10_alignment_files/part1_alignment.afa.contree
  UFBoot trees:                  10_alignment_files/part1_alignment.afa.ufboot
  Screen log file:               10_alignment_files/part1_alignment.afa.log

Date and Time: Tue Nov 25 16:22:27 2025
