IQ-TREE version 3.0.1 for Linux x86 64-bit built Jul  9 2025
Developed by Bui Quang Minh, Thomas Wong, Nhan Ly-Trong, Huaiyan Ren
Contributed by Lam-Tung Nguyen, Dominik Schrempf, Chris Bielow,
Olga Chernomor, Michael Woodhams, Diep Thi Hoang, Heiko Schmidt

Host:    thecomputer2 (AVX512, FMA3, 31 GB RAM)
Command: iqtree3 -s 10_alignment_files/part2_alignment.afa -m MFP -B 1000 -bnni -T AUTO -redo
Seed:    906241 (Using SPRNG - Scalable Parallel Random Number Generator)
Time:    Fri Nov 28 12:14:44 2025
Kernel:  AVX+FMA - auto-detect threads (8 CPU cores detected)

Reading alignment file 10_alignment_files/part2_alignment.afa ... Fasta format detected
Reading fasta file: done in 7.8147e-05 secs using 31.99% CPU
Alignment most likely contains protein sequences
Constructing alignment: done in 0.000228313 secs using 211.6% CPU
Alignment has 17 sequences with 176 columns, 52 distinct patterns
14 parsimony-informative, 2 singleton sites, 160 constant sites
                            Gap/Ambiguity  Composition  p-value
Analyzing sequences: done in 0.00600592 secs using 695.3% CPU
   1  sampleB                       3.98%    passed    100.00%
   2  Eubalaena_japonica            4.55%    passed    100.00%
   3  Eubalaena_glacialis           4.55%    passed    100.00%
   4  Eubalaena_australis           4.55%    passed    100.00%
   5  Balaena_mysticetus            4.55%    passed    100.00%
   6  sampleD                       3.98%    passed    100.00%
   7  sampleA                       3.41%    passed    100.00%
   8  Dermochelys_coriacea          0.57%    passed    100.00%
   9  Natator_depressa              0.57%    passed    100.00%
  10  Chelonia_mydas                0.57%    passed    100.00%
  11  Eretmochelys_imbricata        0.57%    passed    100.00%
  12  Stigmochelys_pardalis         0.57%    passed    100.00%
  13  Geoemyda_japonica             0.57%    passed    100.00%
  14  Eschrichtius_robustus         5.11%    passed    100.00%
  15  Balaenoptera_acutorostrata    5.11%    passed    100.00%
  16  Delphinapterus_leucas         0.00%    passed    100.00%
  17  Monodon_monoceros             0.00%    passed    100.00%
****  TOTAL                         2.54%  0 sequences failed composition chi2 test (p-value<5%; df=19)
NOTE: Eubalaena_glacialis is identical to Eubalaena_japonica but kept for subsequent analysis
NOTE: Natator_depressa is identical to Dermochelys_coriacea but kept for subsequent analysis
NOTE: Geoemyda_japonica is identical to Stigmochelys_pardalis but kept for subsequent analysis
Checking for duplicate sequences: done in 0.00017632 secs using 2835% CPU
Identifying sites to remove: done in 7.3065e-05 secs using 98.54% CPU
NOTE: 3 identical sequences (see below) will be ignored for subsequent analysis
NOTE: Eubalaena_australis (identical to Eubalaena_japonica) is ignored but added at the end
NOTE: Balaena_mysticetus (identical to Eubalaena_japonica) is ignored but added at the end
NOTE: Chelonia_mydas (identical to Dermochelys_coriacea) is ignored but added at the end
Alignment was printed to 10_alignment_files/part2_alignment.afa.uniqueseq.phy

For your convenience alignment with unique sequences printed to 10_alignment_files/part2_alignment.afa.uniqueseq.phy


Create initial parsimony tree by phylogenetic likelihood library (PLL)... 0.000 seconds
Measuring multi-threading efficiency up to 8 CPU cores
Increase to 10 rounds for branch lengths
936 trees examined
Threads: 1 / Time: 8.004 sec / Speedup: 1.000 / Efficiency: 100% / LogL: -763
Threads: 2 / Time: 5.516 sec / Speedup: 1.451 / Efficiency: 73% / LogL: -763
Threads: 3 / Time: 4.700 sec / Speedup: 1.703 / Efficiency: 57% / LogL: -763
Threads: 4 / Time: 4.242 sec / Speedup: 1.887 / Efficiency: 47% / LogL: -763
Determining AUTO threadcount: done in 22.463 secs using 221.3% CPU
BEST NUMBER OF THREADS: 3

Perform fast likelihood tree search using LG+I+G model...
Estimate model parameters (epsilon = 5.000)
Perform nearest neighbor interchange...
Optimizing NNI: done in 0.00618123 secs using 326.5% CPU
Estimate model parameters (epsilon = 1.000)
1. Initial log-likelihood: -633.873
Optimal log-likelihood: -633.871
Proportion of invariable sites: 0.451
Gamma shape alpha: 998.440
Parameters optimization took 1 rounds (0.006 sec)
Time for fast ML tree search: 0.019 seconds

NOTE: ModelFinder requires 1 MB RAM!
ModelFinder will test up to 1232 protein models (sample size: 176 epsilon: 0.100) ...
 No. Model         -LnL         df  AIC          AICc         BIC
WARNING: Number of threads seems too high for short alignments. Use -T AUTO to determine best number of threads.
  1  LG            633.754      25  1317.509     1326.175     1396.771
WARNING: Number of threads seems too high for short alignments. Use -T AUTO to determine best number of threads.
  2  LG+I          633.742      26  1319.483     1328.906     1401.916
WARNING: Number of threads seems too high for short alignments. Use -T AUTO to determine best number of threads.
  3  LG+G4         633.741      26  1319.482     1328.905     1401.915
WARNING: Number of threads seems too high for short alignments. Use -T AUTO to determine best number of threads.
  4  LG+I+G4       633.870      27  1321.739     1331.955     1407.342
WARNING: Number of threads seems too high for short alignments. Use -T AUTO to determine best number of threads.
  5  LG+R2         633.742      27  1321.484     1331.700     1407.087
WARNING: Number of threads seems too high for short alignments. Use -T AUTO to determine best number of threads.
  6  LG+R3         633.744      29  1325.488     1337.406     1417.432
WARNING: Number of threads seems too high for short alignments. Use -T AUTO to determine best number of threads.
 14  LG+I+R2       633.931      28  1323.862     1334.909     1412.635
WARNING: Number of threads seems too high for short alignments. Use -T AUTO to determine best number of threads.
 15  LG+I+R3       633.889      30  1327.778     1340.606     1422.893
WARNING: Number of threads seems too high for short alignments. Use -T AUTO to determine best number of threads.
 23  LG+F          594.168      44  1276.337     1306.566     1415.838
WARNING: Number of threads seems too high for short alignments. Use -T AUTO to determine best number of threads.
 24  LG+F+I        594.147      45  1278.294     1310.140     1420.965
WARNING: Number of threads seems too high for short alignments. Use -T AUTO to determine best number of threads.
 25  LG+F+G4       594.146      45  1278.291     1310.138     1420.963
WARNING: Number of threads seems too high for short alignments. Use -T AUTO to determine best number of threads.
 45  WAG           634.068      25  1318.136     1326.803     1397.398
WARNING: Number of threads seems too high for short alignments. Use -T AUTO to determine best number of threads.
 46  WAG+I         634.042      26  1320.083     1329.506     1402.516
WARNING: Number of threads seems too high for short alignments. Use -T AUTO to determine best number of threads.
 47  WAG+G4        634.044      26  1320.087     1329.510     1402.520
WARNING: Number of threads seems too high for short alignments. Use -T AUTO to determine best number of threads.
 67  WAG+F         595.962      44  1279.923     1310.152     1419.425
WARNING: Number of threads seems too high for short alignments. Use -T AUTO to determine best number of threads.
 68  WAG+F+I       595.933      45  1281.866     1313.712     1424.538
WARNING: Number of threads seems too high for short alignments. Use -T AUTO to determine best number of threads.
 69  WAG+F+G4      595.935      45  1281.871     1313.717     1424.542
WARNING: Number of threads seems too high for short alignments. Use -T AUTO to determine best number of threads.
 89  JTT           633.023      25  1316.046     1324.713     1395.308
WARNING: Number of threads seems too high for short alignments. Use -T AUTO to determine best number of threads.
 90  JTT+I         632.996      26  1317.993     1327.416     1400.426
WARNING: Number of threads seems too high for short alignments. Use -T AUTO to determine best number of threads.
 91  JTT+G4        633.000      26  1318.000     1327.423     1400.433
WARNING: Number of threads seems too high for short alignments. Use -T AUTO to determine best number of threads.
111  JTT+F         595.418      44  1278.835     1309.064     1418.337
WARNING: Number of threads seems too high for short alignments. Use -T AUTO to determine best number of threads.
112  JTT+F+I       595.403      45  1280.805     1312.651     1423.477
WARNING: Number of threads seems too high for short alignments. Use -T AUTO to determine best number of threads.
113  JTT+F+G4      595.406      45  1280.812     1312.658     1423.484
WARNING: Number of threads seems too high for short alignments. Use -T AUTO to determine best number of threads.
133  Q.PFAM        633.421      25  1316.841     1325.508     1396.103
WARNING: Number of threads seems too high for short alignments. Use -T AUTO to determine best number of threads.
134  Q.PFAM+I      633.410      26  1318.821     1328.244     1401.253
WARNING: Number of threads seems too high for short alignments. Use -T AUTO to determine best number of threads.
135  Q.PFAM+G4     633.412      26  1318.823     1328.246     1401.256
WARNING: Number of threads seems too high for short alignments. Use -T AUTO to determine best number of threads.
155  Q.PFAM+F      594.419      44  1276.838     1307.067     1416.339
WARNING: Number of threads seems too high for short alignments. Use -T AUTO to determine best number of threads.
156  Q.PFAM+F+I    594.399      45  1278.797     1310.644     1421.469
WARNING: Number of threads seems too high for short alignments. Use -T AUTO to determine best number of threads.
157  Q.PFAM+F+G4   594.400      45  1278.799     1310.645     1421.471
WARNING: Number of threads seems too high for short alignments. Use -T AUTO to determine best number of threads.
177  Q.BIRD        647.754      25  1345.509     1354.175     1424.771
WARNING: Number of threads seems too high for short alignments. Use -T AUTO to determine best number of threads.
178  Q.BIRD+I      647.391      26  1346.782     1356.205     1429.215
WARNING: Number of threads seems too high for short alignments. Use -T AUTO to determine best number of threads.
179  Q.BIRD+G4     647.425      26  1346.849     1356.272     1429.282
WARNING: Number of threads seems too high for short alignments. Use -T AUTO to determine best number of threads.
199  Q.BIRD+F      601.987      44  1291.974     1322.203     1431.475
WARNING: Number of threads seems too high for short alignments. Use -T AUTO to determine best number of threads.
200  Q.BIRD+F+I    601.656      45  1293.312     1325.158     1435.984
WARNING: Number of threads seems too high for short alignments. Use -T AUTO to determine best number of threads.
201  Q.BIRD+F+G4   601.684      45  1293.369     1325.215     1436.040
WARNING: Number of threads seems too high for short alignments. Use -T AUTO to determine best number of threads.
221  Q.MAMMAL      647.662      25  1345.323     1353.990     1424.585
WARNING: Number of threads seems too high for short alignments. Use -T AUTO to determine best number of threads.
222  Q.MAMMAL+I    647.544      26  1347.089     1356.511     1429.521
WARNING: Number of threads seems too high for short alignments. Use -T AUTO to determine best number of threads.
223  Q.MAMMAL+G4   647.562      26  1347.125     1356.548     1429.557
WARNING: Number of threads seems too high for short alignments. Use -T AUTO to determine best number of threads.
243  Q.MAMMAL+F    599.726      44  1287.451     1317.680     1426.952
WARNING: Number of threads seems too high for short alignments. Use -T AUTO to determine best number of threads.
244  Q.MAMMAL+F+I  599.624      45  1289.248     1321.094     1431.920
WARNING: Number of threads seems too high for short alignments. Use -T AUTO to determine best number of threads.
245  Q.MAMMAL+F+G4 599.642      45  1289.284     1321.130     1431.956
WARNING: Number of threads seems too high for short alignments. Use -T AUTO to determine best number of threads.
265  Q.INSECT      642.714      25  1335.428     1344.095     1414.690
WARNING: Number of threads seems too high for short alignments. Use -T AUTO to determine best number of threads.
266  Q.INSECT+I    642.687      26  1337.373     1346.796     1419.806
WARNING: Number of threads seems too high for short alignments. Use -T AUTO to determine best number of threads.
267  Q.INSECT+G4   642.687      26  1337.374     1346.797     1419.806
WARNING: Number of threads seems too high for short alignments. Use -T AUTO to determine best number of threads.
287  Q.INSECT+F    594.383      44  1276.766     1306.995     1416.267
WARNING: Number of threads seems too high for short alignments. Use -T AUTO to determine best number of threads.
288  Q.INSECT+F+I  594.356      45  1278.712     1310.558     1421.384
WARNING: Number of threads seems too high for short alignments. Use -T AUTO to determine best number of threads.
289  Q.INSECT+F+G4 594.356      45  1278.712     1310.558     1421.384
WARNING: Number of threads seems too high for short alignments. Use -T AUTO to determine best number of threads.
309  Q.PLANT       637.539      25  1325.078     1333.745     1404.340
WARNING: Number of threads seems too high for short alignments. Use -T AUTO to determine best number of threads.
310  Q.PLANT+I     637.437      26  1326.874     1336.297     1409.307
WARNING: Number of threads seems too high for short alignments. Use -T AUTO to determine best number of threads.
311  Q.PLANT+G4    637.440      26  1326.880     1336.303     1409.312
WARNING: Number of threads seems too high for short alignments. Use -T AUTO to determine best number of threads.
331  Q.PLANT+F     598.083      44  1284.167     1314.396     1423.668
WARNING: Number of threads seems too high for short alignments. Use -T AUTO to determine best number of threads.
332  Q.PLANT+F+I   597.997      45  1285.994     1317.840     1428.665
WARNING: Number of threads seems too high for short alignments. Use -T AUTO to determine best number of threads.
333  Q.PLANT+F+G4  597.997      45  1285.993     1317.840     1428.665
WARNING: Number of threads seems too high for short alignments. Use -T AUTO to determine best number of threads.
353  Q.YEAST       641.896      25  1333.792     1342.459     1413.054
WARNING: Number of threads seems too high for short alignments. Use -T AUTO to determine best number of threads.
354  Q.YEAST+I     641.874      26  1335.748     1345.171     1418.181
WARNING: Number of threads seems too high for short alignments. Use -T AUTO to determine best number of threads.
355  Q.YEAST+G4    641.875      26  1335.750     1345.173     1418.182
WARNING: Number of threads seems too high for short alignments. Use -T AUTO to determine best number of threads.
375  Q.YEAST+F     593.561      44  1275.122     1305.351     1414.623
WARNING: Number of threads seems too high for short alignments. Use -T AUTO to determine best number of threads.
376  Q.YEAST+F+I   593.545      45  1277.091     1308.937     1419.763
WARNING: Number of threads seems too high for short alignments. Use -T AUTO to determine best number of threads.
377  Q.YEAST+F+G4  593.546      45  1277.091     1308.937     1419.763
WARNING: Number of threads seems too high for short alignments. Use -T AUTO to determine best number of threads.
397  JTTDCMUT      633.046      25  1316.093     1324.760     1395.355
WARNING: Number of threads seems too high for short alignments. Use -T AUTO to determine best number of threads.
398  JTTDCMUT+I    633.022      26  1318.043     1327.466     1400.476
WARNING: Number of threads seems too high for short alignments. Use -T AUTO to determine best number of threads.
399  JTTDCMUT+G4   633.024      26  1318.049     1327.472     1400.481
WARNING: Number of threads seems too high for short alignments. Use -T AUTO to determine best number of threads.
419  JTTDCMUT+F    595.256      44  1278.511     1308.740     1418.012
WARNING: Number of threads seems too high for short alignments. Use -T AUTO to determine best number of threads.
420  JTTDCMUT+F+I  595.241      45  1280.483     1312.329     1423.155
WARNING: Number of threads seems too high for short alignments. Use -T AUTO to determine best number of threads.
421  JTTDCMUT+F+G4 595.244      45  1280.488     1312.334     1423.160
WARNING: Number of threads seems too high for short alignments. Use -T AUTO to determine best number of threads.
441  DCMUT         648.799      25  1347.598     1356.265     1426.860
WARNING: Number of threads seems too high for short alignments. Use -T AUTO to determine best number of threads.
442  DCMUT+I       647.470      26  1346.940     1356.363     1429.373
WARNING: Number of threads seems too high for short alignments. Use -T AUTO to determine best number of threads.
443  DCMUT+G4      647.508      26  1347.015     1356.438     1429.448
WARNING: Number of threads seems too high for short alignments. Use -T AUTO to determine best number of threads.
463  DCMUT+F       600.961      44  1289.922     1320.151     1429.424
WARNING: Number of threads seems too high for short alignments. Use -T AUTO to determine best number of threads.
464  DCMUT+F+I     599.686      45  1289.373     1321.219     1432.045
WARNING: Number of threads seems too high for short alignments. Use -T AUTO to determine best number of threads.
465  DCMUT+F+G4    599.692      45  1289.384     1321.230     1432.056
WARNING: Number of threads seems too high for short alignments. Use -T AUTO to determine best number of threads.
485  VT            634.697      25  1319.394     1328.061     1398.656
WARNING: Number of threads seems too high for short alignments. Use -T AUTO to determine best number of threads.
486  VT+I          634.677      26  1321.355     1330.778     1403.787
WARNING: Number of threads seems too high for short alignments. Use -T AUTO to determine best number of threads.
487  VT+G4         634.680      26  1321.359     1330.782     1403.792
WARNING: Number of threads seems too high for short alignments. Use -T AUTO to determine best number of threads.
507  VT+F          596.376      44  1280.753     1310.982     1420.254
WARNING: Number of threads seems too high for short alignments. Use -T AUTO to determine best number of threads.
508  VT+F+I        596.358      45  1282.717     1314.563     1425.389
WARNING: Number of threads seems too high for short alignments. Use -T AUTO to determine best number of threads.
509  VT+F+G4       596.361      45  1282.722     1314.568     1425.394
WARNING: Number of threads seems too high for short alignments. Use -T AUTO to determine best number of threads.
529  PMB           631.371      25  1312.743     1321.410     1392.005
WARNING: Number of threads seems too high for short alignments. Use -T AUTO to determine best number of threads.
530  PMB+I         631.346      26  1314.693     1324.115     1397.125
WARNING: Number of threads seems too high for short alignments. Use -T AUTO to determine best number of threads.
531  PMB+G4        631.347      26  1314.695     1324.117     1397.127
WARNING: Number of threads seems too high for short alignments. Use -T AUTO to determine best number of threads.
551  PMB+F         597.874      44  1283.748     1313.977     1423.249
WARNING: Number of threads seems too high for short alignments. Use -T AUTO to determine best number of threads.
552  PMB+F+I       597.841      45  1285.682     1317.528     1428.354
WARNING: Number of threads seems too high for short alignments. Use -T AUTO to determine best number of threads.
553  PMB+F+G4      597.841      45  1285.683     1317.529     1428.355
WARNING: Number of threads seems too high for short alignments. Use -T AUTO to determine best number of threads.
573  BLOSUM62      630.178      25  1310.357     1319.023     1389.619
WARNING: Number of threads seems too high for short alignments. Use -T AUTO to determine best number of threads.
574  BLOSUM62+I    630.165      26  1312.329     1321.752     1394.762
WARNING: Number of threads seems too high for short alignments. Use -T AUTO to determine best number of threads.
575  BLOSUM62+G4   630.168      26  1312.336     1321.759     1394.769
WARNING: Number of threads seems too high for short alignments. Use -T AUTO to determine best number of threads.
595  BLOSUM62+F    596.220      44  1280.441     1310.670     1419.942
WARNING: Number of threads seems too high for short alignments. Use -T AUTO to determine best number of threads.
596  BLOSUM62+F+I  596.201      45  1282.401     1314.247     1425.073
WARNING: Number of threads seems too high for short alignments. Use -T AUTO to determine best number of threads.
597  BLOSUM62+F+G4 596.205      45  1282.410     1314.256     1425.081
WARNING: Number of threads seems too high for short alignments. Use -T AUTO to determine best number of threads.
617  DAYHOFF       648.562      25  1347.123     1355.790     1426.385
WARNING: Number of threads seems too high for short alignments. Use -T AUTO to determine best number of threads.
618  DAYHOFF+I     647.361      26  1346.723     1356.145     1429.155
WARNING: Number of threads seems too high for short alignments. Use -T AUTO to determine best number of threads.
619  DAYHOFF+G4    647.398      26  1346.795     1356.218     1429.228
WARNING: Number of threads seems too high for short alignments. Use -T AUTO to determine best number of threads.
639  DAYHOFF+F     600.657      44  1289.314     1319.543     1428.815
WARNING: Number of threads seems too high for short alignments. Use -T AUTO to determine best number of threads.
640  DAYHOFF+F+I   599.554      45  1289.109     1320.955     1431.780
WARNING: Number of threads seems too high for short alignments. Use -T AUTO to determine best number of threads.
641  DAYHOFF+F+G4  599.559      45  1289.117     1320.964     1431.789
WARNING: Number of threads seems too high for short alignments. Use -T AUTO to determine best number of threads.
661  MTREV         611.060      25  1272.119     1280.786     1351.381
WARNING: Number of threads seems too high for short alignments. Use -T AUTO to determine best number of threads.
662  MTREV+I       611.014      26  1274.028     1283.451     1356.460
WARNING: Number of threads seems too high for short alignments. Use -T AUTO to determine best number of threads.
663  MTREV+G4      611.024      26  1274.047     1283.470     1356.480
WARNING: Number of threads seems too high for short alignments. Use -T AUTO to determine best number of threads.
683  MTREV+F       595.518      44  1279.037     1309.266     1418.538
WARNING: Number of threads seems too high for short alignments. Use -T AUTO to determine best number of threads.
684  MTREV+F+I     595.493      45  1280.986     1312.832     1423.658
WARNING: Number of threads seems too high for short alignments. Use -T AUTO to determine best number of threads.
685  MTREV+F+G4    595.497      45  1280.995     1312.841     1423.667
WARNING: Number of threads seems too high for short alignments. Use -T AUTO to determine best number of threads.
705  MTART         610.593      25  1271.185     1279.852     1350.447
WARNING: Number of threads seems too high for short alignments. Use -T AUTO to determine best number of threads.
706  MTART+I       610.359      26  1272.717     1282.140     1355.150
WARNING: Number of threads seems too high for short alignments. Use -T AUTO to determine best number of threads.
707  MTART+G4      610.342      26  1272.684     1282.106     1355.116
WARNING: Number of threads seems too high for short alignments. Use -T AUTO to determine best number of threads.
727  MTART+F       597.050      44  1282.100     1312.329     1421.602
WARNING: Number of threads seems too high for short alignments. Use -T AUTO to determine best number of threads.
728  MTART+F+I     596.920      45  1283.840     1315.686     1426.511
WARNING: Number of threads seems too high for short alignments. Use -T AUTO to determine best number of threads.
729  MTART+F+G4    596.904      45  1283.807     1315.653     1426.479
WARNING: Number of threads seems too high for short alignments. Use -T AUTO to determine best number of threads.
749  MTZOA         604.151      25  1258.301     1266.968     1337.563
WARNING: Number of threads seems too high for short alignments. Use -T AUTO to determine best number of threads.
750  MTZOA+I       604.124      26  1260.247     1269.670     1342.680
WARNING: Number of threads seems too high for short alignments. Use -T AUTO to determine best number of threads.
751  MTZOA+G4      604.125      26  1260.251     1269.674     1342.683
WARNING: Number of threads seems too high for short alignments. Use -T AUTO to determine best number of threads.
771  MTZOA+F       593.652      44  1275.305     1305.534     1414.806
WARNING: Number of threads seems too high for short alignments. Use -T AUTO to determine best number of threads.
772  MTZOA+F+I     593.640      45  1277.280     1309.126     1419.952
WARNING: Number of threads seems too high for short alignments. Use -T AUTO to determine best number of threads.
773  MTZOA+F+G4    593.640      45  1277.281     1309.127     1419.953
WARNING: Number of threads seems too high for short alignments. Use -T AUTO to determine best number of threads.
793  MTMET         618.028      25  1286.055     1294.722     1365.317
WARNING: Number of threads seems too high for short alignments. Use -T AUTO to determine best number of threads.
794  MTMET+I       617.962      26  1287.925     1297.348     1370.358
WARNING: Number of threads seems too high for short alignments. Use -T AUTO to determine best number of threads.
795  MTMET+G4      617.972      26  1287.944     1297.367     1370.377
WARNING: Number of threads seems too high for short alignments. Use -T AUTO to determine best number of threads.
815  MTMET+F       596.436      44  1280.872     1311.101     1420.373
WARNING: Number of threads seems too high for short alignments. Use -T AUTO to determine best number of threads.
816  MTMET+F+I     596.399      45  1282.798     1314.644     1425.470
WARNING: Number of threads seems too high for short alignments. Use -T AUTO to determine best number of threads.
817  MTMET+F+G4    596.404      45  1282.808     1314.655     1425.480
WARNING: Number of threads seems too high for short alignments. Use -T AUTO to determine best number of threads.
837  MTVER         619.332      25  1288.663     1297.330     1367.926
WARNING: Number of threads seems too high for short alignments. Use -T AUTO to determine best number of threads.
838  MTVER+I       619.068      26  1290.136     1299.559     1372.568
WARNING: Number of threads seems too high for short alignments. Use -T AUTO to determine best number of threads.
839  MTVER+G4      619.098      26  1290.196     1299.619     1372.628
WARNING: Number of threads seems too high for short alignments. Use -T AUTO to determine best number of threads.
859  MTVER+F       598.460      44  1284.919     1315.148     1424.420
WARNING: Number of threads seems too high for short alignments. Use -T AUTO to determine best number of threads.
860  MTVER+F+I     598.332      45  1286.663     1318.509     1429.335
WARNING: Number of threads seems too high for short alignments. Use -T AUTO to determine best number of threads.
861  MTVER+F+G4    598.347      45  1286.694     1318.540     1429.366
WARNING: Number of threads seems too high for short alignments. Use -T AUTO to determine best number of threads.
881  MTINV         625.918      25  1301.835     1310.502     1381.098
WARNING: Number of threads seems too high for short alignments. Use -T AUTO to determine best number of threads.
882  MTINV+I       625.872      26  1303.743     1313.166     1386.176
WARNING: Number of threads seems too high for short alignments. Use -T AUTO to determine best number of threads.
883  MTINV+G4      625.873      26  1303.746     1313.169     1386.179
WARNING: Number of threads seems too high for short alignments. Use -T AUTO to determine best number of threads.
903  MTINV+F       594.789      44  1277.578     1307.807     1417.079
WARNING: Number of threads seems too high for short alignments. Use -T AUTO to determine best number of threads.
904  MTINV+F+I     594.777      45  1279.554     1311.400     1422.226
WARNING: Number of threads seems too high for short alignments. Use -T AUTO to determine best number of threads.
905  MTINV+F+G4    594.777      45  1279.554     1311.401     1422.226
WARNING: Number of threads seems too high for short alignments. Use -T AUTO to determine best number of threads.
925  MTMAM         614.826      25  1279.652     1288.318     1358.914
WARNING: Number of threads seems too high for short alignments. Use -T AUTO to determine best number of threads.
926  MTMAM+I       613.919      26  1279.839     1289.262     1362.272
WARNING: Number of threads seems too high for short alignments. Use -T AUTO to determine best number of threads.
927  MTMAM+G4      613.943      26  1279.886     1289.309     1362.319
WARNING: Number of threads seems too high for short alignments. Use -T AUTO to determine best number of threads.
947  MTMAM+F       600.546      44  1289.093     1319.322     1428.594
WARNING: Number of threads seems too high for short alignments. Use -T AUTO to determine best number of threads.
948  MTMAM+F+I     599.853      45  1289.705     1321.551     1432.377
WARNING: Number of threads seems too high for short alignments. Use -T AUTO to determine best number of threads.
949  MTMAM+F+G4    599.849      45  1289.698     1321.544     1432.370
WARNING: Number of threads seems too high for short alignments. Use -T AUTO to determine best number of threads.
969  FLAVI         634.251      25  1318.502     1327.169     1397.764
WARNING: Number of threads seems too high for short alignments. Use -T AUTO to determine best number of threads.
970  FLAVI+I       632.155      26  1316.310     1325.733     1398.743
WARNING: Number of threads seems too high for short alignments. Use -T AUTO to determine best number of threads.
971  FLAVI+G4      632.135      26  1316.270     1325.693     1398.702
WARNING: Number of threads seems too high for short alignments. Use -T AUTO to determine best number of threads.
991  FLAVI+F       607.532      44  1303.065     1333.294     1442.566
WARNING: Number of threads seems too high for short alignments. Use -T AUTO to determine best number of threads.
992  FLAVI+F+I     605.624      45  1301.249     1333.095     1443.921
WARNING: Number of threads seems too high for short alignments. Use -T AUTO to determine best number of threads.
993  FLAVI+F+G4    605.580      45  1301.161     1333.007     1443.833
WARNING: Number of threads seems too high for short alignments. Use -T AUTO to determine best number of threads.
1013  HIVB          651.144      25  1352.288     1360.955     1431.550
WARNING: Number of threads seems too high for short alignments. Use -T AUTO to determine best number of threads.
1014  HIVB+I        649.192      26  1350.385     1359.807     1432.817
WARNING: Number of threads seems too high for short alignments. Use -T AUTO to determine best number of threads.
1015  HIVB+G4       649.201      26  1350.402     1359.825     1432.835
WARNING: Number of threads seems too high for short alignments. Use -T AUTO to determine best number of threads.
1035  HIVB+F        607.438      44  1302.875     1333.104     1442.377
WARNING: Number of threads seems too high for short alignments. Use -T AUTO to determine best number of threads.
1036  HIVB+F+I      605.994      45  1301.988     1333.834     1444.660
WARNING: Number of threads seems too high for short alignments. Use -T AUTO to determine best number of threads.
1037  HIVB+F+G4     605.991      45  1301.983     1333.829     1444.654
WARNING: Number of threads seems too high for short alignments. Use -T AUTO to determine best number of threads.
1057  HIVW          663.066      25  1376.132     1384.799     1455.395
WARNING: Number of threads seems too high for short alignments. Use -T AUTO to determine best number of threads.
1058  HIVW+I        661.568      26  1375.135     1384.558     1457.568
WARNING: Number of threads seems too high for short alignments. Use -T AUTO to determine best number of threads.
1059  HIVW+G4       661.599      26  1375.197     1384.620     1457.630
WARNING: Number of threads seems too high for short alignments. Use -T AUTO to determine best number of threads.
1079  HIVW+F        607.891      44  1303.782     1334.011     1443.284
WARNING: Number of threads seems too high for short alignments. Use -T AUTO to determine best number of threads.
1080  HIVW+F+I      607.133      45  1304.265     1336.111     1446.937
WARNING: Number of threads seems too high for short alignments. Use -T AUTO to determine best number of threads.
1081  HIVW+F+G4     607.166      45  1304.332     1336.178     1447.003
WARNING: Number of threads seems too high for short alignments. Use -T AUTO to determine best number of threads.
1101  FLU           648.768      25  1347.535     1356.202     1426.797
WARNING: Number of threads seems too high for short alignments. Use -T AUTO to determine best number of threads.
1102  FLU+I         647.316      26  1346.632     1356.055     1429.065
WARNING: Number of threads seems too high for short alignments. Use -T AUTO to determine best number of threads.
1103  FLU+G4        647.337      26  1346.674     1356.096     1429.106
WARNING: Number of threads seems too high for short alignments. Use -T AUTO to determine best number of threads.
1123  FLU+F         602.991      44  1293.981     1324.210     1433.482
WARNING: Number of threads seems too high for short alignments. Use -T AUTO to determine best number of threads.
1124  FLU+F+I       601.842      45  1293.685     1325.531     1436.356
WARNING: Number of threads seems too high for short alignments. Use -T AUTO to determine best number of threads.
1125  FLU+F+G4      601.816      45  1293.631     1325.477     1436.303
WARNING: Number of threads seems too high for short alignments. Use -T AUTO to determine best number of threads.
1145  RTREV         638.061      25  1326.122     1334.789     1405.384
WARNING: Number of threads seems too high for short alignments. Use -T AUTO to determine best number of threads.
1146  RTREV+I       637.755      26  1327.510     1336.933     1409.942
WARNING: Number of threads seems too high for short alignments. Use -T AUTO to determine best number of threads.
1147  RTREV+G4      637.773      26  1327.546     1336.968     1409.978
WARNING: Number of threads seems too high for short alignments. Use -T AUTO to determine best number of threads.
1167  RTREV+F       595.299      44  1278.599     1308.828     1418.100
WARNING: Number of threads seems too high for short alignments. Use -T AUTO to determine best number of threads.
1168  RTREV+F+I     594.927      45  1279.855     1311.701     1422.527
WARNING: Number of threads seems too high for short alignments. Use -T AUTO to determine best number of threads.
1169  RTREV+F+G4    594.939      45  1279.879     1311.725     1422.550
WARNING: Number of threads seems too high for short alignments. Use -T AUTO to determine best number of threads.
1189  CPREV         629.019      25  1308.038     1316.704     1387.300
WARNING: Number of threads seems too high for short alignments. Use -T AUTO to determine best number of threads.
1190  CPREV+I       628.929      26  1309.859     1319.282     1392.292
WARNING: Number of threads seems too high for short alignments. Use -T AUTO to determine best number of threads.
1191  CPREV+G4      628.909      26  1309.819     1319.241     1392.251
WARNING: Number of threads seems too high for short alignments. Use -T AUTO to determine best number of threads.
1211  CPREV+F       598.558      44  1285.117     1315.346     1424.618
WARNING: Number of threads seems too high for short alignments. Use -T AUTO to determine best number of threads.
1212  CPREV+F+I     598.510      45  1287.021     1318.867     1429.692
WARNING: Number of threads seems too high for short alignments. Use -T AUTO to determine best number of threads.
1213  CPREV+F+G4    598.491      45  1286.983     1318.829     1429.655
Akaike Information Criterion:           MTZOA
Corrected Akaike Information Criterion: MTZOA
Bayesian Information Criterion:         MTZOA
Best-fit model: MTZOA chosen according to BIC

All model information printed to 10_alignment_files/part2_alignment.afa.model.gz
CPU time for ModelFinder: 52.012 seconds (0h:0m:52s)
Wall-clock time for ModelFinder: 23.220 seconds (0h:0m:23s)
WARNING: States(s) C rarely appear in alignment and may cause numerical problems
Generating 1000 samples for ultrafast bootstrap (seed: 906241)...

NOTE: 0 MB RAM (0 GB) is required!
WARNING: Number of threads seems too high for short alignments. Use -T AUTO to determine best number of threads.
Estimate model parameters (epsilon = 0.100)
1. Initial log-likelihood: -604.153
Optimal log-likelihood: -604.151
Parameters optimization took 1 rounds (0.001 sec)
Wrote distance file to... 
Computing ML distances based on estimated model parameters...
Calculating distance matrix: done in 0.00342202 secs using 319.5% CPU
Computing ML distances took 0.003475 sec (of wall-clock time) 0.010988 sec (of CPU time)
Setting up auxiliary I and S matrices: done in 0.000147686 secs
Constructing RapidNJ tree: done in 0.00153311 secs using 117.9% CPU
Computing RapidNJ tree took 0.001742 sec (of wall-clock time) 0.001870 sec (of CPU time)
Log-likelihood of RapidNJ tree: -604.153
--------------------------------------------------------------------
|             INITIALIZING CANDIDATE TREE SET                      |
--------------------------------------------------------------------
Generating 98 parsimony trees... 0.031 second
Computing log-likelihood of 98 initial trees ... 0.051 seconds
Current best score: -604.150

Do NNI search on 20 best initial trees
Optimizing NNI: done in 0.00333056 secs using 249.9% CPU
Estimate model parameters (epsilon = 0.100)
BETTER TREE FOUND at iteration 1: -604.150
Optimizing NNI: done in 0.00316772 secs using 289.4% CPU
Optimizing NNI: done in 0.00340698 secs using 334.7% CPU
Optimizing NNI: done in 0.00326332 secs using 283.8% CPU
Optimizing NNI: done in 0.0030222 secs using 298.6% CPU
Optimizing NNI: done in 0.00310994 secs using 292.9% CPU
Optimizing NNI: done in 0.00310397 secs using 293.4% CPU
Optimizing NNI: done in 0.00314189 secs using 259% CPU
Optimizing NNI: done in 0.003065 secs using 295.7% CPU
Optimizing NNI: done in 0.00305106 secs using 296.6% CPU
Iteration 10 / LogL: -604.150 / Time: 0h:0m:23s
Optimizing NNI: done in 0.00308814 secs using 294.3% CPU
Optimizing NNI: done in 0.00305483 secs using 296.4% CPU
Optimizing NNI: done in 0.00293987 secs using 270.4% CPU
Optimizing NNI: done in 0.0029673 secs using 234.8% CPU
Optimizing NNI: done in 0.00290783 secs using 306.3% CPU
Optimizing NNI: done in 0.00289635 secs using 272.6% CPU
Optimizing NNI: done in 0.00301558 secs using 298.9% CPU
Optimizing NNI: done in 0.00301791 secs using 265.6% CPU
Optimizing NNI: done in 0.00298981 secs using 300.7% CPU
Optimizing NNI: done in 0.00300284 secs using 299.8% CPU
Iteration 20 / LogL: -604.150 / Time: 0h:0m:23s
Finish initializing candidate tree set (7)
Current best tree score: -604.150 / CPU time: 0.152
Number of iterations: 20
--------------------------------------------------------------------
|               OPTIMIZING CANDIDATE TREE SET                      |
--------------------------------------------------------------------
Optimizing NNI: done in 0.00579313 secs using 289.9% CPU
UPDATE BEST LOG-LIKELIHOOD: -604.150
Optimizing NNI: done in 0.0134814 secs using 299.2% CPU
Optimizing NNI: done in 0.00812888 secs using 296.3% CPU
Optimizing NNI: done in 0.00530852 secs using 269.5% CPU
Optimizing NNI: done in 0.00539708 secs using 285.2% CPU
Optimizing NNI: done in 0.0029811 secs using 301.1% CPU
UPDATE BEST LOG-LIKELIHOOD: -604.150
Optimizing NNI: done in 0.0108785 secs using 293.1% CPU
Optimizing NNI: done in 0.00886033 secs using 303.1% CPU
Optimizing NNI: done in 0.00307347 secs using 327.9% CPU
Optimizing NNI: done in 0.0113954 secs using 284.2% CPU
Iteration 30 / LogL: -604.152 / Time: 0h:0m:23s (0h:0m:0s left)
Optimizing NNI: done in 0.00858834 secs using 297.7% CPU
Optimizing NNI: done in 0.00879532 secs using 281.9% CPU
Optimizing NNI: done in 0.00841109 secs using 278.3% CPU
Optimizing NNI: done in 0.0104714 secs using 281.4% CPU
Optimizing NNI: done in 0.00854565 secs using 287.2% CPU
Optimizing NNI: done in 0.00814835 secs using 320.9% CPU
Optimizing NNI: done in 0.00573379 secs using 309.2% CPU
Optimizing NNI: done in 0.00735143 secs using 263.3% CPU
Optimizing NNI: done in 0.0029176 secs using 305.5% CPU
Optimizing NNI: done in 0.00578964 secs using 272.6% CPU
Iteration 40 / LogL: -604.151 / Time: 0h:0m:23s (0h:0m:0s left)
Optimizing NNI: done in 0.00877831 secs using 305% CPU
Optimizing NNI: done in 0.00917523 secs using 296.2% CPU
Optimizing NNI: done in 0.0103521 secs using 293.2% CPU
Optimizing NNI: done in 0.0056141 secs using 296% CPU
Optimizing NNI: done in 0.00888869 secs using 280% CPU
Optimizing NNI: done in 0.00608795 secs using 296.8% CPU
Optimizing NNI: done in 0.0110308 secs using 299.4% CPU
Optimizing NNI: done in 0.0108637 secs using 302.5% CPU
Optimizing NNI: done in 0.00525134 secs using 290.4% CPU
Optimizing NNI: done in 0.00555322 secs using 316.1% CPU
Iteration 50 / LogL: -604.151 / Time: 0h:0m:23s (0h:0m:0s left)
Optimizing NNI: done in 0.00325866 secs using 315.1% CPU
Optimizing NNI: done in 0.0109136 secs using 301.4% CPU
Optimizing NNI: done in 0.0134216 secs using 308.6% CPU
Optimizing NNI: done in 0.00814489 secs using 296.4% CPU
Optimizing NNI: done in 0.00975072 secs using 274.4% CPU
Optimizing NNI: done in 0.00671795 secs using 293.5% CPU
Optimizing NNI: done in 0.00539438 secs using 322.4% CPU
Optimizing NNI: done in 0.00995607 secs using 300.8% CPU
Optimizing NNI: done in 0.00859966 secs using 286% CPU
Optimizing NNI: done in 0.00490917 secs using 262.9% CPU
Iteration 60 / LogL: -604.150 / Time: 0h:0m:23s (0h:0m:0s left)
Optimizing NNI: done in 0.00916262 secs using 296.4% CPU
Optimizing NNI: done in 0.00883098 secs using 281.2% CPU
Optimizing NNI: done in 0.0116522 secs using 271.6% CPU
Optimizing NNI: done in 0.0102256 secs using 285.8% CPU
Optimizing NNI: done in 0.010913 secs using 301.5% CPU
Optimizing NNI: done in 0.00873364 secs using 283.4% CPU
Optimizing NNI: done in 0.00523825 secs using 290.9% CPU
Optimizing NNI: done in 0.0203217 secs using 282.1% CPU
Optimizing NNI: done in 0.00842392 secs using 278.1% CPU
Optimizing NNI: done in 0.00550706 secs using 281.6% CPU
Iteration 70 / LogL: -604.151 / Time: 0h:0m:23s (0h:0m:0s left)
Optimizing NNI: done in 0.00587172 secs using 304.3% CPU
Optimizing NNI: done in 0.00794386 secs using 288.8% CPU
Optimizing NNI: done in 0.00821609 secs using 270.3% CPU
Optimizing NNI: done in 0.00567974 secs using 311.2% CPU
Optimizing NNI: done in 0.00783986 secs using 290.1% CPU
Optimizing NNI: done in 0.0081576 secs using 320.8% CPU
Optimizing NNI: done in 0.00562649 secs using 242.1% CPU
Optimizing NNI: done in 0.00575637 secs using 308.4% CPU
UPDATE BEST LOG-LIKELIHOOD: -604.150
Optimizing NNI: done in 0.00595947 secs using 301.3% CPU
Optimizing NNI: done in 0.00548794 secs using 282.1% CPU
Iteration 80 / LogL: -607.842 / Time: 0h:0m:24s (0h:0m:0s left)
Optimizing NNI: done in 0.00861034 secs using 274.2% CPU
Optimizing NNI: done in 0.00542332 secs using 321.1% CPU
Optimizing NNI: done in 0.00534314 secs using 287.1% CPU
Optimizing NNI: done in 0.00688521 secs using 303.3% CPU
Optimizing NNI: done in 0.00837099 secs using 291.1% CPU
Optimizing NNI: done in 0.00907376 secs using 287.3% CPU
Optimizing NNI: done in 0.00855263 secs using 310.4% CPU
Optimizing NNI: done in 0.00536361 secs using 305.2% CPU
Optimizing NNI: done in 0.00960807 secs using 276.8% CPU
Optimizing NNI: done in 0.0080863 secs using 322.6% CPU
Iteration 90 / LogL: -604.151 / Time: 0h:0m:24s (0h:0m:0s left)
Optimizing NNI: done in 0.00543 secs using 283% CPU
Optimizing NNI: done in 0.00598657 secs using 300.4% CPU
Optimizing NNI: done in 0.00798962 secs using 300.3% CPU
Optimizing NNI: done in 0.00814519 secs using 296.4% CPU
Optimizing NNI: done in 0.00833895 secs using 291.8% CPU
Optimizing NNI: done in 0.0049957 secs using 300.1% CPU
Optimizing NNI: done in 0.0141386 secs using 276.8% CPU
Optimizing NNI: done in 0.00563928 secs using 295% CPU
Optimizing NNI: done in 0.00797359 secs using 275.6% CPU
Optimizing NNI: done in 0.00560071 secs using 260.5% CPU
Iteration 100 / LogL: -604.151 / Time: 0h:0m:24s (0h:0m:0s left)
Optimizing NNI: done in 0.00874191 secs using 305.9% CPU
Optimizing NNI: done in 0.00573578 secs using 309.2% CPU
Refining ufboot trees with NNI 1 branch...
Optimizing NNI: done in 0.00170346 secs using 334.7% CPU
Optimizing NNI: done in 0.000899664 secs using 322.3% CPU
Optimizing NNI: done in 0.00191157 secs using 309.1% CPU
Optimizing NNI: done in 0.00118872 secs using 267.9% CPU
Optimizing NNI: done in 0.00101051 secs using 297.7% CPU
Optimizing NNI: done in 0.00122557 secs using 262.7% CPU
Optimizing NNI: done in 0.00118955 secs using 268% CPU
Optimizing NNI: done in 0.000918581 secs using 208.9% CPU
Optimizing NNI: done in 0.000917648 secs using 317.9% CPU
Optimizing NNI: done in 0.000945352 secs using 311.3% CPU
Optimizing NNI: done in 0.000961466 secs using 307.8% CPU
Optimizing NNI: done in 0.000998903 secs using 300.2% CPU
Optimizing NNI: done in 0.000961216 secs using 308% CPU
Optimizing NNI: done in 0.00091912 secs using 317.6% CPU
Optimizing NNI: done in 0.000916519 secs using 318.2% CPU
Optimizing NNI: done in 0.000870976 secs using 329.3% CPU
Optimizing NNI: done in 0.000894338 secs using 323.3% CPU
Optimizing NNI: done in 0.00099405 secs using 301% CPU
Optimizing NNI: done in 0.000941252 secs using 312.1% CPU
Optimizing NNI: done in 0.000970882 secs using 305.7% CPU
Optimizing NNI: done in 0.0010028 secs using 299.2% CPU
Optimizing NNI: done in 0.000990869 secs using 302.1% CPU
Optimizing NNI: done in 0.00108209 secs using 284.4% CPU
Optimizing NNI: done in 0.000962924 secs using 307.2% CPU
Optimizing NNI: done in 0.00106199 secs using 288.2% CPU
Optimizing NNI: done in 0.0010788 secs using 284.2% CPU
Optimizing NNI: done in 0.000998354 secs using 300% CPU
Optimizing NNI: done in 0.000970639 secs using 305.9% CPU
Optimizing NNI: done in 0.00102937 secs using 197.3% CPU
Optimizing NNI: done in 0.00104377 secs using 291.6% CPU
Optimizing NNI: done in 0.00089203 secs using 324.2% CPU
Optimizing NNI: done in 0.000909764 secs using 319.6% CPU
Optimizing NNI: done in 0.000947592 secs using 311% CPU
Optimizing NNI: done in 0.000984982 secs using 201.7% CPU
Optimizing NNI: done in 0.0010629 secs using 287.8% CPU
Optimizing NNI: done in 0.00097523 secs using 304.5% CPU
Optimizing NNI: done in 0.000956103 secs using 204.8% CPU
Optimizing NNI: done in 0.000908114 secs using 320.3% CPU
Optimizing NNI: done in 0.00162198 secs using 346.4% CPU
Optimizing NNI: done in 0.000971641 secs using 305.5% CPU
Optimizing NNI: done in 0.000949208 secs using 310.3% CPU
Optimizing NNI: done in 0.00268544 secs using 248.8% CPU
Optimizing NNI: done in 0.000882672 secs using 326.2% CPU
Optimizing NNI: done in 0.000981016 secs using 303.7% CPU
Optimizing NNI: done in 0.00103039 secs using 293.9% CPU
Optimizing NNI: done in 0.00108346 secs using 284.6% CPU
Optimizing NNI: done in 0.00310247 secs using 293.3% CPU
Optimizing NNI: done in 0.00100934 secs using 297.9% CPU
Optimizing NNI: done in 0.000940017 secs using 312.4% CPU
Optimizing NNI: done in 0.000909097 secs using 211.1% CPU
Optimizing NNI: done in 0.000932436 secs using 314.2% CPU
Optimizing NNI: done in 0.0009805 secs using 98.83% CPU
Optimizing NNI: done in 0.000936528 secs using 313.8% CPU
Optimizing NNI: done in 0.00101807 secs using 296.3% CPU
Optimizing NNI: done in 0.000933262 secs using 314.3% CPU
Optimizing NNI: done in 0.000982986 secs using 303.4% CPU
Optimizing NNI: done in 0.00106309 secs using 288.1% CPU
Optimizing NNI: done in 0.000960941 secs using 308.1% CPU
Optimizing NNI: done in 0.00102088 secs using 295.8% CPU
Optimizing NNI: done in 0.000904136 secs using 320.9% CPU
Optimizing NNI: done in 0.000891327 secs using 324.3% CPU
Optimizing NNI: done in 0.000976108 secs using 203.2% CPU
Optimizing NNI: done in 0.000899937 secs using 321.8% CPU
Optimizing NNI: done in 0.000941872 secs using 205.9% CPU
Optimizing NNI: done in 0.000905533 secs using 320.6% CPU
Optimizing NNI: done in 0.000957976 secs using 308.7% CPU
Optimizing NNI: done in 0.000891005 secs using 324.4% CPU
Optimizing NNI: done in 0.000974197 secs using 305.3% CPU
Optimizing NNI: done in 0.00102905 secs using 294.3% CPU
Optimizing NNI: done in 0.000891171 secs using 326.3% CPU
Optimizing NNI: done in 0.000943496 secs using 312% CPU
Optimizing NNI: done in 0.00101452 secs using 297.2% CPU
Optimizing NNI: done in 0.00100507 secs using 299% CPU
Optimizing NNI: done in 0.0010054 secs using 299% CPU
Optimizing NNI: done in 0.000984651 secs using 303.2% CPU
Optimizing NNI: done in 0.000929576 secs using 207.6% CPU
Optimizing NNI: done in 0.000931048 secs using 314.9% CPU
Optimizing NNI: done in 0.000940624 secs using 312.6% CPU
Optimizing NNI: done in 0.000920578 secs using 208.9% CPU
Optimizing NNI: done in 0.00106224 secs using 288.2% CPU
Optimizing NNI: done in 0.000925887 secs using 316% CPU
Optimizing NNI: done in 0.00225638 secs using 232.8% CPU
Optimizing NNI: done in 0.000886167 secs using 99.87% CPU
Optimizing NNI: done in 0.00104827 secs using 481.3% CPU
Optimizing NNI: done in 0.00099064 secs using 301.7% CPU
Optimizing NNI: done in 0.00104337 secs using 291.4% CPU
Optimizing NNI: done in 0.000966758 secs using 306.6% CPU
Optimizing NNI: done in 0.00102558 secs using 295% CPU
Optimizing NNI: done in 0.00100867 secs using 298.2% CPU
Optimizing NNI: done in 0.000848547 secs using 335.6% CPU
Optimizing NNI: done in 0.00101735 secs using 294.8% CPU
Optimizing NNI: done in 0.000953422 secs using 309.5% CPU
Optimizing NNI: done in 0.00102572 secs using 294.6% CPU
Optimizing NNI: done in 0.000970054 secs using 306.5% CPU
Optimizing NNI: done in 0.000983379 secs using 303.2% CPU
Optimizing NNI: done in 0.00101887 secs using 395.4% CPU
Optimizing NNI: done in 0.00151036 secs using 165.6% CPU
Optimizing NNI: done in 0.000971339 secs using 306.1% CPU
Optimizing NNI: done in 0.00090932 secs using 99.96% CPU
Optimizing NNI: done in 0.000946443 secs using 311% CPU
100 samples done
Optimizing NNI: done in 0.000962541 secs using 307.5% CPU
Optimizing NNI: done in 0.00197573 secs using 251.6% CPU
Optimizing NNI: done in 0.000893759 secs using 211.6% CPU
Optimizing NNI: done in 0.00102721 secs using 294.5% CPU
Optimizing NNI: done in 0.00109319 secs using 282.7% CPU
Optimizing NNI: done in 0.00102562 secs using 295% CPU
Optimizing NNI: done in 0.00194313 secs using 254.3% CPU
Optimizing NNI: done in 0.00091281 secs using 319.2% CPU
Optimizing NNI: done in 0.000970381 secs using 306.2% CPU
Optimizing NNI: done in 0.000951087 secs using 205.2% CPU
Optimizing NNI: done in 0.000990854 secs using 301.8% CPU
Optimizing NNI: done in 0.00089522 secs using 323.5% CPU
Optimizing NNI: done in 0.000920459 secs using 317.1% CPU
Optimizing NNI: done in 0.000973046 secs using 305.3% CPU
Optimizing NNI: done in 0.000875592 secs using 328.5% CPU
Optimizing NNI: done in 0.000964176 secs using 307.4% CPU
Optimizing NNI: done in 0.000986736 secs using 302.7% CPU
Optimizing NNI: done in 0.000979677 secs using 304.3% CPU
Optimizing NNI: done in 0.000982412 secs using 303.6% CPU
Optimizing NNI: done in 0.000992709 secs using 301.7% CPU
Optimizing NNI: done in 0.000866036 secs using 330.9% CPU
Optimizing NNI: done in 0.000991474 secs using 201.1% CPU
Optimizing NNI: done in 0.00272304 secs using 320.3% CPU
Optimizing NNI: done in 0.00101474 secs using 297.1% CPU
Optimizing NNI: done in 0.000958073 secs using 308.7% CPU
Optimizing NNI: done in 0.00103297 secs using 293.5% CPU
Optimizing NNI: done in 0.000952475 secs using 309.8% CPU
Optimizing NNI: done in 0.00089802 secs using 211.8% CPU
Optimizing NNI: done in 0.000888636 secs using 324.7% CPU
Optimizing NNI: done in 0.000949388 secs using 310.4% CPU
Optimizing NNI: done in 0.000825141 secs using 221.3% CPU
Optimizing NNI: done in 0.000917169 secs using 317.5% CPU
Optimizing NNI: done in 0.000966929 secs using 306.5% CPU
Optimizing NNI: done in 0.000906935 secs using 320.1% CPU
Optimizing NNI: done in 0.000891636 secs using 323.8% CPU
Optimizing NNI: done in 0.00086391 secs using 98.85% CPU
Optimizing NNI: done in 0.000943678 secs using 312.1% CPU
Optimizing NNI: done in 0.00100777 secs using 298.5% CPU
Optimizing NNI: done in 0.00105014 secs using 290.3% CPU
Optimizing NNI: done in 0.00232137 secs using 229% CPU
Optimizing NNI: done in 0.000984193 secs using 201.9% CPU
Optimizing NNI: done in 0.00227086 secs using 320.1% CPU
Optimizing NNI: done in 0.00153564 secs using 229.9% CPU
Optimizing NNI: done in 0.000924031 secs using 316.5% CPU
Optimizing NNI: done in 0.000971289 secs using 99.87% CPU
Optimizing NNI: done in 0.000882112 secs using 326.3% CPU
Optimizing NNI: done in 0.000981433 secs using 303.4% CPU
Optimizing NNI: done in 0.000989582 secs using 301.7% CPU
Optimizing NNI: done in 0.000970991 secs using 305.8% CPU
Optimizing NNI: done in 0.000985091 secs using 302.8% CPU
Optimizing NNI: done in 0.00098238 secs using 303.4% CPU
Optimizing NNI: done in 0.00103108 secs using 487.6% CPU
Optimizing NNI: done in 0.000976924 secs using 304.4% CPU
Optimizing NNI: done in 0.000900642 secs using 321.8% CPU
Optimizing NNI: done in 0.000904112 secs using 320.9% CPU
Optimizing NNI: done in 0.000874206 secs using 328.5% CPU
Optimizing NNI: done in 0.000925854 secs using 315.8% CPU
Optimizing NNI: done in 0.000926099 secs using 315.7% CPU
Optimizing NNI: done in 0.000971292 secs using 203.7% CPU
Optimizing NNI: done in 0.000904405 secs using 320.8% CPU
Optimizing NNI: done in 0.000947176 secs using 310.8% CPU
Optimizing NNI: done in 0.000981497 secs using 303.4% CPU
Optimizing NNI: done in 0.00100592 secs using 298.4% CPU
Optimizing NNI: done in 0.00111355 secs using 279.3% CPU
Optimizing NNI: done in 0.00087715 secs using 327.8% CPU
Optimizing NNI: done in 0.00101599 secs using 296.5% CPU
Optimizing NNI: done in 0.000981626 secs using 303.7% CPU
Optimizing NNI: done in 0.000880889 secs using 326.6% CPU
Optimizing NNI: done in 0.00101229 secs using 297.1% CPU
Optimizing NNI: done in 0.00100118 secs using 299.4% CPU
Optimizing NNI: done in 0.00100935 secs using 297.9% CPU
Optimizing NNI: done in 0.000982555 secs using 303.2% CPU
Optimizing NNI: done in 0.000914013 secs using 318.6% CPU
Optimizing NNI: done in 0.000934726 secs using 313.6% CPU
Optimizing NNI: done in 0.000930185 secs using 314.8% CPU
Optimizing NNI: done in 0.00105989 secs using 194% CPU
Optimizing NNI: done in 0.00235587 secs using 312.2% CPU
Optimizing NNI: done in 0.000979793 secs using 303.8% CPU
Optimizing NNI: done in 0.000895583 secs using 323% CPU
Optimizing NNI: done in 0.00096421 secs using 99.36% CPU
Optimizing NNI: done in 0.00099374 secs using 301.2% CPU
Optimizing NNI: done in 0.000976713 secs using 99.82% CPU
Optimizing NNI: done in 0.000928245 secs using 315.5% CPU
Optimizing NNI: done in 0.000924947 secs using 315.5% CPU
Optimizing NNI: done in 0.000980573 secs using 303.8% CPU
Optimizing NNI: done in 0.00100073 secs using 299.8% CPU
Optimizing NNI: done in 0.001033 secs using 293.5% CPU
Optimizing NNI: done in 0.00106391 secs using 287.8% CPU
Optimizing NNI: done in 0.00100522 secs using 298.9% CPU
Optimizing NNI: done in 0.000883828 secs using 99.79% CPU
Optimizing NNI: done in 0.00090588 secs using 210.6% CPU
Optimizing NNI: done in 0.000948983 secs using 310.9% CPU
Optimizing NNI: done in 0.00100077 secs using 300% CPU
Optimizing NNI: done in 0.00101751 secs using 296.5% CPU
Optimizing NNI: done in 0.000960352 secs using 308.3% CPU
Optimizing NNI: done in 0.00102527 secs using 295.1% CPU
Optimizing NNI: done in 0.000999834 secs using 300% CPU
Optimizing NNI: done in 0.00104373 secs using 291.6% CPU
Optimizing NNI: done in 0.000927601 secs using 315.5% CPU
Optimizing NNI: done in 0.00101432 secs using 297.1% CPU
200 samples done
Optimizing NNI: done in 0.000933583 secs using 314% CPU
Optimizing NNI: done in 0.000937746 secs using 207% CPU
Optimizing NNI: done in 0.00136421 secs using 246.1% CPU
Optimizing NNI: done in 0.000993305 secs using 301% CPU
Optimizing NNI: done in 0.000902003 secs using 99.78% CPU
Optimizing NNI: done in 0.000995936 secs using 201.2% CPU
Optimizing NNI: done in 0.00094967 secs using 310.2% CPU
Optimizing NNI: done in 0.000879262 secs using 327.1% CPU
Optimizing NNI: done in 0.000879082 secs using 327.3% CPU
Optimizing NNI: done in 0.000891631 secs using 323.9% CPU
Optimizing NNI: done in 0.000927979 secs using 315.3% CPU
Optimizing NNI: done in 0.000833391 secs using 339.7% CPU
Optimizing NNI: done in 0.000965006 secs using 306.8% CPU
Optimizing NNI: done in 0.00104241 secs using 291.6% CPU
Optimizing NNI: done in 0.00102763 secs using 294.6% CPU
Optimizing NNI: done in 0.00242609 secs using 347.2% CPU
Optimizing NNI: done in 0.000886342 secs using 325.3% CPU
Optimizing NNI: done in 0.000932956 secs using 314.2% CPU
Optimizing NNI: done in 0.000911628 secs using 319.2% CPU
Optimizing NNI: done in 0.000884635 secs using 213.3% CPU
Optimizing NNI: done in 0.00100209 secs using 299.5% CPU
Optimizing NNI: done in 0.000970648 secs using 305.9% CPU
Optimizing NNI: done in 0.00103317 secs using 293.3% CPU
Optimizing NNI: done in 0.000890489 secs using 324.3% CPU
Optimizing NNI: done in 0.000832563 secs using 339.9% CPU
Optimizing NNI: done in 0.00109107 secs using 283% CPU
Optimizing NNI: done in 0.00099196 secs using 301.5% CPU
Optimizing NNI: done in 0.00101213 secs using 199.1% CPU
Optimizing NNI: done in 0.00090687 secs using 320.4% CPU
Optimizing NNI: done in 0.00093427 secs using 314% CPU
Optimizing NNI: done in 0.000966969 secs using 306.7% CPU
Optimizing NNI: done in 0.00146124 secs using 373.6% CPU
Optimizing NNI: done in 0.000933655 secs using 313.8% CPU
Optimizing NNI: done in 0.00159082 secs using 225.2% CPU
Optimizing NNI: done in 0.000995137 secs using 301% CPU
Optimizing NNI: done in 0.000920765 secs using 317% CPU
Optimizing NNI: done in 0.000991147 secs using 301.7% CPU
Optimizing NNI: done in 0.00104112 secs using 292% CPU
Optimizing NNI: done in 0.00099177 secs using 301.4% CPU
Optimizing NNI: done in 0.00237749 secs using 268.1% CPU
Optimizing NNI: done in 0.000900256 secs using 321.9% CPU
Optimizing NNI: done in 0.000970554 secs using 305.9% CPU
Optimizing NNI: done in 0.000992312 secs using 301.3% CPU
Optimizing NNI: done in 0.000963852 secs using 307.4% CPU
Optimizing NNI: done in 0.000975332 secs using 305% CPU
Optimizing NNI: done in 0.000994014 secs using 300.8% CPU
Optimizing NNI: done in 0.00105937 secs using 288.7% CPU
Optimizing NNI: done in 0.00106137 secs using 288% CPU
Optimizing NNI: done in 0.00111437 secs using 190.1% CPU
Optimizing NNI: done in 0.000870678 secs using 329.5% CPU
Optimizing NNI: done in 0.00261628 secs using 291.2% CPU
Optimizing NNI: done in 0.00106524 secs using 287.5% CPU
Optimizing NNI: done in 0.000909213 secs using 319.7% CPU
Optimizing NNI: done in 0.000889048 secs using 324.8% CPU
Optimizing NNI: done in 0.00100262 secs using 299.1% CPU
Optimizing NNI: done in 0.000949846 secs using 310.4% CPU
Optimizing NNI: done in 0.000964311 secs using 307.1% CPU
Optimizing NNI: done in 0.000896511 secs using 322.7% CPU
Optimizing NNI: done in 0.000901796 secs using 321.2% CPU
Optimizing NNI: done in 0.000954167 secs using 309.2% CPU
Optimizing NNI: done in 0.000816906 secs using 99.64% CPU
Optimizing NNI: done in 0.000875893 secs using 327.8% CPU
Optimizing NNI: done in 0.000948286 secs using 310.5% CPU
Optimizing NNI: done in 0.00154737 secs using 293.7% CPU
Optimizing NNI: done in 0.000888941 secs using 324.5% CPU
Optimizing NNI: done in 0.000916779 secs using 317.9% CPU
Optimizing NNI: done in 0.000975333 secs using 202.8% CPU
Optimizing NNI: done in 0.00094751 secs using 311% CPU
Optimizing NNI: done in 0.000852163 secs using 334.6% CPU
Optimizing NNI: done in 0.000936297 secs using 313% CPU
Optimizing NNI: done in 0.000987729 secs using 302.1% CPU
Optimizing NNI: done in 0.00069577 secs using 386.8% CPU
Optimizing NNI: done in 0.000914923 secs using 318.2% CPU
Optimizing NNI: done in 0.000926264 secs using 315.4% CPU
Optimizing NNI: done in 0.000866823 secs using 330.2% CPU
Optimizing NNI: done in 0.00101093 secs using 297.3% CPU
Optimizing NNI: done in 0.000969719 secs using 203.2% CPU
Optimizing NNI: done in 0.000952403 secs using 310.2% CPU
Optimizing NNI: done in 0.000965693 secs using 306.7% CPU
Optimizing NNI: done in 0.000921168 secs using 99.98% CPU
Optimizing NNI: done in 0.000941297 secs using 312.4% CPU
Optimizing NNI: done in 0.00100115 secs using 299.8% CPU
Optimizing NNI: done in 0.000781062 secs using 355.9% CPU
Optimizing NNI: done in 0.0010303 secs using 294% CPU
Optimizing NNI: done in 0.000867536 secs using 330.5% CPU
Optimizing NNI: done in 0.000891349 secs using 324.2% CPU
Optimizing NNI: done in 0.000973442 secs using 305.3% CPU
Optimizing NNI: done in 0.000852148 secs using 334.4% CPU
Optimizing NNI: done in 0.000996534 secs using 300.7% CPU
Optimizing NNI: done in 0.000824064 secs using 342.4% CPU
Optimizing NNI: done in 0.000922747 secs using 316.2% CPU
Optimizing NNI: done in 0.000916975 secs using 317.9% CPU
Optimizing NNI: done in 0.00197926 secs using 251.4% CPU
Optimizing NNI: done in 0.000927761 secs using 315.2% CPU
Optimizing NNI: done in 0.000997354 secs using 300.3% CPU
Optimizing NNI: done in 0.000919181 secs using 317.2% CPU
Optimizing NNI: done in 0.00102219 secs using 295.3% CPU
Optimizing NNI: done in 0.000996493 secs using 300.7% CPU
Optimizing NNI: done in 0.000884826 secs using 325.8% CPU
Optimizing NNI: done in 0.000957404 secs using 308.8% CPU
300 samples done
Optimizing NNI: done in 0.00103629 secs using 293% CPU
Optimizing NNI: done in 0.00103526 secs using 293.2% CPU
Optimizing NNI: done in 0.00146389 secs using 372.7% CPU
Optimizing NNI: done in 0.000893577 secs using 323.8% CPU
Optimizing NNI: done in 0.000989065 secs using 302.3% CPU
Optimizing NNI: done in 0.000927589 secs using 315.7% CPU
Optimizing NNI: done in 0.000997634 secs using 300.5% CPU
Optimizing NNI: done in 0.00101265 secs using 297.4% CPU
Optimizing NNI: done in 0.000918819 secs using 317.6% CPU
Optimizing NNI: done in 0.000901955 secs using 321.5% CPU
Optimizing NNI: done in 0.000975956 secs using 99.29% CPU
Optimizing NNI: done in 0.00103213 secs using 293.8% CPU
Optimizing NNI: done in 0.000863791 secs using 216.3% CPU
Optimizing NNI: done in 0.000903632 secs using 320.9% CPU
Optimizing NNI: done in 0.00105704 secs using 289.2% CPU
Optimizing NNI: done in 0.00101646 secs using 296.8% CPU
Optimizing NNI: done in 0.00097803 secs using 304.6% CPU
Optimizing NNI: done in 0.000974329 secs using 305.1% CPU
Optimizing NNI: done in 0.000861079 secs using 331.9% CPU
Optimizing NNI: done in 0.000956137 secs using 309.3% CPU
Optimizing NNI: done in 0.000975675 secs using 304.9% CPU
Optimizing NNI: done in 0.000932473 secs using 314.1% CPU
Optimizing NNI: done in 0.000969502 secs using 304.9% CPU
Optimizing NNI: done in 0.000994088 secs using 301.2% CPU
Optimizing NNI: done in 0.000918913 secs using 317.7% CPU
Optimizing NNI: done in 0.000809099 secs using 346.9% CPU
Optimizing NNI: done in 0.000934034 secs using 313.7% CPU
Optimizing NNI: done in 0.000933677 secs using 314.5% CPU
Optimizing NNI: done in 0.00105624 secs using 289.2% CPU
Optimizing NNI: done in 0.000950451 secs using 310.4% CPU
Optimizing NNI: done in 0.000962322 secs using 307.8% CPU
Optimizing NNI: done in 0.000908038 secs using 320.1% CPU
Optimizing NNI: done in 0.000857038 secs using 332.9% CPU
Optimizing NNI: done in 0.000970137 secs using 306.2% CPU
Optimizing NNI: done in 0.000819803 secs using 344% CPU
Optimizing NNI: done in 0.000918224 secs using 317.7% CPU
Optimizing NNI: done in 0.00100171 secs using 299.7% CPU
Optimizing NNI: done in 0.00104776 secs using 290.8% CPU
Optimizing NNI: done in 0.000861391 secs using 331.9% CPU
Optimizing NNI: done in 0.00100935 secs using 298.1% CPU
Optimizing NNI: done in 0.000942664 secs using 206.1% CPU
Optimizing NNI: done in 0.000819103 secs using 222.1% CPU
Optimizing NNI: done in 0.00233843 secs using 313.8% CPU
Optimizing NNI: done in 0.000938827 secs using 313.2% CPU
Optimizing NNI: done in 0.000939416 secs using 313% CPU
Optimizing NNI: done in 0.00102261 secs using 295.7% CPU
Optimizing NNI: done in 0.000898578 secs using 322.7% CPU
Optimizing NNI: done in 0.00100308 secs using 299% CPU
Optimizing NNI: done in 0.000888576 secs using 324.6% CPU
Optimizing NNI: done in 0.000907598 secs using 320% CPU
Optimizing NNI: done in 0.000903505 secs using 321.1% CPU
Optimizing NNI: done in 0.00093419 secs using 313.6% CPU
Optimizing NNI: done in 0.000934019 secs using 313.8% CPU
Optimizing NNI: done in 0.00091059 secs using 319.4% CPU
Optimizing NNI: done in 0.00114993 secs using 187.1% CPU
Optimizing NNI: done in 0.000984846 secs using 303.1% CPU
Optimizing NNI: done in 0.000947521 secs using 311.1% CPU
Optimizing NNI: done in 0.000909839 secs using 319.6% CPU
Optimizing NNI: done in 0.000963199 secs using 307.4% CPU
Optimizing NNI: done in 0.000869379 secs using 329.9% CPU
Optimizing NNI: done in 0.00100411 secs using 298.9% CPU
Optimizing NNI: done in 0.000879179 secs using 327.1% CPU
Optimizing NNI: done in 0.00104791 secs using 290.5% CPU
Optimizing NNI: done in 0.0025386 secs using 257.4% CPU
Optimizing NNI: done in 0.0010426 secs using 292% CPU
Optimizing NNI: done in 0.000941381 secs using 99.96% CPU
Optimizing NNI: done in 0.00100458 secs using 298.6% CPU
Optimizing NNI: done in 0.000937953 secs using 313% CPU
Optimizing NNI: done in 0.000946453 secs using 311% CPU
Optimizing NNI: done in 0.00102207 secs using 295.3% CPU
Optimizing NNI: done in 0.00177416 secs using 325.3% CPU
Optimizing NNI: done in 0.000992526 secs using 301.3% CPU
Optimizing NNI: done in 0.000917395 secs using 317.6% CPU
Optimizing NNI: done in 0.00089775 secs using 322.4% CPU
Optimizing NNI: done in 0.000907973 secs using 319.9% CPU
Optimizing NNI: done in 0.000931492 secs using 314.3% CPU
Optimizing NNI: done in 0.000971544 secs using 305.5% CPU
Optimizing NNI: done in 0.000921721 secs using 316.6% CPU
Optimizing NNI: done in 0.00280371 secs using 242.2% CPU
Optimizing NNI: done in 0.00099187 secs using 301.6% CPU
Optimizing NNI: done in 0.000960845 secs using 308.1% CPU
Optimizing NNI: done in 0.00104254 secs using 291.9% CPU
Optimizing NNI: done in 0.000984379 secs using 98.54% CPU
Optimizing NNI: done in 0.00184214 secs using 207.8% CPU
Optimizing NNI: done in 0.000925913 secs using 315.8% CPU
Optimizing NNI: done in 0.000912784 secs using 99.91% CPU
Optimizing NNI: done in 0.000907072 secs using 320.2% CPU
Optimizing NNI: done in 0.000985335 secs using 302.9% CPU
Optimizing NNI: done in 0.00092351 secs using 316.2% CPU
Optimizing NNI: done in 0.00100512 secs using 298.9% CPU
Optimizing NNI: done in 0.00139422 secs using 243.2% CPU
Optimizing NNI: done in 0.00234242 secs using 227.8% CPU
Optimizing NNI: done in 0.000956451 secs using 309.1% CPU
Optimizing NNI: done in 0.000850862 secs using 334.6% CPU
Optimizing NNI: done in 0.00102403 secs using 197.7% CPU
Optimizing NNI: done in 0.000862364 secs using 331.5% CPU
Optimizing NNI: done in 0.000934511 secs using 313.9% CPU
Optimizing NNI: done in 0.000976541 secs using 99.53% CPU
Optimizing NNI: done in 0.000866969 secs using 330.3% CPU
Optimizing NNI: done in 0.00100774 secs using 298.3% CPU
400 samples done
Optimizing NNI: done in 0.000806689 secs using 347.5% CPU
Optimizing NNI: done in 0.000901699 secs using 321.4% CPU
Optimizing NNI: done in 0.000797301 secs using 350.4% CPU
Optimizing NNI: done in 0.000938182 secs using 312.7% CPU
Optimizing NNI: done in 0.000916327 secs using 99.86% CPU
Optimizing NNI: done in 0.000936923 secs using 313.3% CPU
Optimizing NNI: done in 0.000873144 secs using 99.75% CPU
Optimizing NNI: done in 0.00095434 secs using 309.2% CPU
Optimizing NNI: done in 0.000629825 secs using 99.87% CPU
Optimizing NNI: done in 0.00096407 secs using 307.6% CPU
Optimizing NNI: done in 0.000922086 secs using 317% CPU
Optimizing NNI: done in 0.000981188 secs using 202.4% CPU
Optimizing NNI: done in 0.00217469 secs using 283.8% CPU
Optimizing NNI: done in 0.000999821 secs using 300.1% CPU
Optimizing NNI: done in 0.000937584 secs using 313.3% CPU
Optimizing NNI: done in 0.000938139 secs using 312.6% CPU
Optimizing NNI: done in 0.00249745 secs using 260% CPU
Optimizing NNI: done in 0.000971654 secs using 306% CPU
Optimizing NNI: done in 0.000847808 secs using 335.9% CPU
Optimizing NNI: done in 0.00102048 secs using 295.9% CPU
Optimizing NNI: done in 0.00105154 secs using 290.1% CPU
Optimizing NNI: done in 0.000994822 secs using 301% CPU
Optimizing NNI: done in 0.000892687 secs using 323.9% CPU
Optimizing NNI: done in 0.000922993 secs using 99.89% CPU
Optimizing NNI: done in 0.000976826 secs using 304.5% CPU
Optimizing NNI: done in 0.000956346 secs using 204.3% CPU
Optimizing NNI: done in 0.000911452 secs using 98.63% CPU
Optimizing NNI: done in 0.000867007 secs using 330.3% CPU
Optimizing NNI: done in 0.000924992 secs using 311.5% CPU
Optimizing NNI: done in 0.00101847 secs using 197.9% CPU
Optimizing NNI: done in 0.000919818 secs using 204.2% CPU
Optimizing NNI: done in 0.000972868 secs using 305.5% CPU
Optimizing NNI: done in 0.000975349 secs using 305% CPU
Optimizing NNI: done in 0.000715804 secs using 379.9% CPU
Optimizing NNI: done in 0.00119196 secs using 267.3% CPU
Optimizing NNI: done in 0.00110719 secs using 280.3% CPU
Optimizing NNI: done in 0.00118567 secs using 268.5% CPU
Optimizing NNI: done in 0.00114029 secs using 187.3% CPU
Optimizing NNI: done in 0.000893856 secs using 323.5% CPU
Optimizing NNI: done in 0.000977566 secs using 304.2% CPU
Optimizing NNI: done in 0.000930679 secs using 314.6% CPU
Optimizing NNI: done in 0.000952467 secs using 309.6% CPU
Optimizing NNI: done in 0.000943899 secs using 311.7% CPU
Optimizing NNI: done in 0.00245633 secs using 344.2% CPU
Optimizing NNI: done in 0.00254597 secs using 335.7% CPU
Optimizing NNI: done in 0.000929977 secs using 314.7% CPU
Optimizing NNI: done in 0.000997886 secs using 300.2% CPU
Optimizing NNI: done in 0.000949958 secs using 310.3% CPU
Optimizing NNI: done in 0.000916097 secs using 318.2% CPU
Optimizing NNI: done in 0.00105618 secs using 478.6% CPU
Optimizing NNI: done in 0.000870223 secs using 329.3% CPU
Optimizing NNI: done in 0.000958924 secs using 308.2% CPU
Optimizing NNI: done in 0.000920372 secs using 317% CPU
Optimizing NNI: done in 0.000982632 secs using 303.3% CPU
Optimizing NNI: done in 0.000857703 secs using 99.8% CPU
Optimizing NNI: done in 0.00101276 secs using 297.2% CPU
Optimizing NNI: done in 0.000920054 secs using 317% CPU
Optimizing NNI: done in 0.0022203 secs using 280% CPU
Optimizing NNI: done in 0.00207707 secs using 291.2% CPU
Optimizing NNI: done in 0.000946133 secs using 311.1% CPU
Optimizing NNI: done in 0.000939118 secs using 312.8% CPU
Optimizing NNI: done in 0.00107388 secs using 286.3% CPU
Optimizing NNI: done in 0.000993287 secs using 301.3% CPU
Optimizing NNI: done in 0.000891601 secs using 323.9% CPU
Optimizing NNI: done in 0.000933253 secs using 313.8% CPU
Optimizing NNI: done in 0.0010147 secs using 296.8% CPU
Optimizing NNI: done in 0.000958305 secs using 308.4% CPU
Optimizing NNI: done in 0.00104271 secs using 291.9% CPU
Optimizing NNI: done in 0.00200506 secs using 299.2% CPU
Optimizing NNI: done in 0.000931698 secs using 314.5% CPU
Optimizing NNI: done in 0.000921713 secs using 316.6% CPU
Optimizing NNI: done in 0.000895129 secs using 322.9% CPU
Optimizing NNI: done in 0.0010043 secs using 298.9% CPU
Optimizing NNI: done in 0.000881683 secs using 326.9% CPU
Optimizing NNI: done in 0.000890861 secs using 324.3% CPU
Optimizing NNI: done in 0.000942175 secs using 312% CPU
Optimizing NNI: done in 0.00096414 secs using 307.4% CPU
Optimizing NNI: done in 0.00112702 secs using 188.5% CPU
Optimizing NNI: done in 0.000925141 secs using 99.66% CPU
Optimizing NNI: done in 0.000954609 secs using 309.2% CPU
Optimizing NNI: done in 0.00102538 secs using 294.8% CPU
Optimizing NNI: done in 0.000950746 secs using 310.2% CPU
Optimizing NNI: done in 0.000941692 secs using 312.1% CPU
Optimizing NNI: done in 0.00114768 secs using 274.2% CPU
Optimizing NNI: done in 0.00100012 secs using 299.6% CPU
Optimizing NNI: done in 0.00116429 secs using 443.4% CPU
Optimizing NNI: done in 0.000958957 secs using 308.3% CPU
Optimizing NNI: done in 0.00109947 secs using 281.5% CPU
Optimizing NNI: done in 0.000942345 secs using 311.8% CPU
Optimizing NNI: done in 0.00133988 secs using 248.8% CPU
Optimizing NNI: done in 0.000908702 secs using 320% CPU
Optimizing NNI: done in 0.00102777 secs using 294.4% CPU
Optimizing NNI: done in 0.000909751 secs using 319.8% CPU
Optimizing NNI: done in 0.00087621 secs using 328% CPU
Optimizing NNI: done in 0.000835295 secs using 338.9% CPU
Optimizing NNI: done in 0.000998212 secs using 300% CPU
Optimizing NNI: done in 0.00212719 secs using 287.9% CPU
Optimizing NNI: done in 0.000863591 secs using 331.6% CPU
Optimizing NNI: done in 0.00097563 secs using 305% CPU
Optimizing NNI: done in 0.000907748 secs using 320.2% CPU
500 samples done
Optimizing NNI: done in 0.000879238 secs using 327.1% CPU
Optimizing NNI: done in 0.000855805 secs using 333.4% CPU
Optimizing NNI: done in 0.000913617 secs using 318.4% CPU
Optimizing NNI: done in 0.000800755 secs using 99.91% CPU
Optimizing NNI: done in 0.00101733 secs using 296.6% CPU
Optimizing NNI: done in 0.000988844 secs using 201.9% CPU
Optimizing NNI: done in 0.00100055 secs using 299.6% CPU
Optimizing NNI: done in 0.000987277 secs using 302.3% CPU
Optimizing NNI: done in 0.00095177 secs using 309.9% CPU
Optimizing NNI: done in 0.00100214 secs using 299.4% CPU
Optimizing NNI: done in 0.00104189 secs using 291.7% CPU
Optimizing NNI: done in 0.000990479 secs using 301.7% CPU
Optimizing NNI: done in 0.000945939 secs using 311.2% CPU
Optimizing NNI: done in 0.000947193 secs using 311% CPU
Optimizing NNI: done in 0.000979371 secs using 304.3% CPU
Optimizing NNI: done in 0.000909739 secs using 319.8% CPU
Optimizing NNI: done in 0.000926954 secs using 315.8% CPU
Optimizing NNI: done in 0.000953411 secs using 309.7% CPU
Optimizing NNI: done in 0.000947449 secs using 311% CPU
Optimizing NNI: done in 0.000894328 secs using 323.3% CPU
Optimizing NNI: done in 0.00103752 secs using 292.7% CPU
Optimizing NNI: done in 0.000711208 secs using 381.2% CPU
Optimizing NNI: done in 0.00107494 secs using 286% CPU
Optimizing NNI: done in 0.000828932 secs using 341.2% CPU
Optimizing NNI: done in 0.000953934 secs using 309.2% CPU
Optimizing NNI: done in 0.000925008 secs using 316% CPU
Optimizing NNI: done in 0.00102296 secs using 295.4% CPU
Optimizing NNI: done in 0.000954854 secs using 309.5% CPU
Optimizing NNI: done in 0.000993803 secs using 301.2% CPU
Optimizing NNI: done in 0.00101562 secs using 296.9% CPU
Optimizing NNI: done in 0.000977685 secs using 202.7% CPU
Optimizing NNI: done in 0.000916639 secs using 318.2% CPU
Optimizing NNI: done in 0.000891684 secs using 324% CPU
Optimizing NNI: done in 0.0008486 secs using 335.4% CPU
Optimizing NNI: done in 0.000926123 secs using 265.2% CPU
Optimizing NNI: done in 0.000934564 secs using 314.1% CPU
Optimizing NNI: done in 0.000981345 secs using 303.8% CPU
Optimizing NNI: done in 0.000895049 secs using 323.2% CPU
Optimizing NNI: done in 0.00101695 secs using 296.3% CPU
Optimizing NNI: done in 0.00104393 secs using 483% CPU
Optimizing NNI: done in 0.000935507 secs using 313.7% CPU
Optimizing NNI: done in 0.000935952 secs using 313.7% CPU
Optimizing NNI: done in 0.000922251 secs using 209.2% CPU
Optimizing NNI: done in 0.000925065 secs using 316.1% CPU
Optimizing NNI: done in 0.000951416 secs using 310% CPU
Optimizing NNI: done in 0.000933011 secs using 314.4% CPU
Optimizing NNI: done in 0.00101729 secs using 296.3% CPU
Optimizing NNI: done in 0.000975949 secs using 304.9% CPU
Optimizing NNI: done in 0.000998292 secs using 300.5% CPU
Optimizing NNI: done in 0.000975862 secs using 305% CPU
Optimizing NNI: done in 0.000937937 secs using 313.1% CPU
Optimizing NNI: done in 0.00091963 secs using 317.2% CPU
Optimizing NNI: done in 0.000903254 secs using 321.1% CPU
Optimizing NNI: done in 0.000861174 secs using 99.98% CPU
Optimizing NNI: done in 0.000978202 secs using 304.4% CPU
Optimizing NNI: done in 0.000945582 secs using 311.7% CPU
Optimizing NNI: done in 0.00160036 secs using 347.3% CPU
Optimizing NNI: done in 0.000942819 secs using 99.59% CPU
Optimizing NNI: done in 0.00235047 secs using 355.2% CPU
Optimizing NNI: done in 0.000925376 secs using 316.2% CPU
Optimizing NNI: done in 0.000902595 secs using 321.6% CPU
Optimizing NNI: done in 0.000824598 secs using 342.6% CPU
Optimizing NNI: done in 0.0027498 secs using 245.3% CPU
Optimizing NNI: done in 0.000993571 secs using 301.1% CPU
Optimizing NNI: done in 0.00115603 secs using 183% CPU
Optimizing NNI: done in 0.000873563 secs using 328.3% CPU
Optimizing NNI: done in 0.000831806 secs using 339.9% CPU
Optimizing NNI: done in 0.000955573 secs using 309.3% CPU
Optimizing NNI: done in 0.000967151 secs using 307% CPU
Optimizing NNI: done in 0.0018128 secs using 320.5% CPU
Optimizing NNI: done in 0.000845328 secs using 336.8% CPU
Optimizing NNI: done in 0.000924548 secs using 208.8% CPU
Optimizing NNI: done in 0.000864772 secs using 330.8% CPU
Optimizing NNI: done in 0.00085245 secs using 334.2% CPU
Optimizing NNI: done in 0.00100791 secs using 298% CPU
Optimizing NNI: done in 0.000932419 secs using 314.1% CPU
Optimizing NNI: done in 0.000860029 secs using 332.2% CPU
Optimizing NNI: done in 0.000963577 secs using 307.1% CPU
Optimizing NNI: done in 0.000872381 secs using 328.9% CPU
Optimizing NNI: done in 0.000772674 secs using 98.88% CPU
Optimizing NNI: done in 0.000889124 secs using 325% CPU
Optimizing NNI: done in 0.000894671 secs using 323.7% CPU
Optimizing NNI: done in 0.00153671 secs using 360.2% CPU
Optimizing NNI: done in 0.000955399 secs using 309.1% CPU
Optimizing NNI: done in 0.000831701 secs using 99.92% CPU
Optimizing NNI: done in 0.000946869 secs using 311.2% CPU
Optimizing NNI: done in 0.000934702 secs using 313.7% CPU
Optimizing NNI: done in 0.0009633 secs using 307.2% CPU
Optimizing NNI: done in 0.000986664 secs using 302.4% CPU
Optimizing NNI: done in 0.0022501 secs using 366.5% CPU
Optimizing NNI: done in 0.000842457 secs using 336.9% CPU
Optimizing NNI: done in 0.000988389 secs using 302% CPU
Optimizing NNI: done in 0.000934134 secs using 314% CPU
Optimizing NNI: done in 0.000956277 secs using 308.7% CPU
Optimizing NNI: done in 0.000990141 secs using 301.5% CPU
Optimizing NNI: done in 0.000836888 secs using 338.6% CPU
Optimizing NNI: done in 0.000897428 secs using 322.5% CPU
Optimizing NNI: done in 0.000875451 secs using 328.2% CPU
Optimizing NNI: done in 0.000948494 secs using 310.6% CPU
Optimizing NNI: done in 0.000992389 secs using 301.6% CPU
600 samples done
Optimizing NNI: done in 0.00097983 secs using 202.1% CPU
Optimizing NNI: done in 0.000948941 secs using 310.6% CPU
Optimizing NNI: done in 0.000861563 secs using 332% CPU
Optimizing NNI: done in 0.000959055 secs using 308.2% CPU
Optimizing NNI: done in 0.000894343 secs using 323.1% CPU
Optimizing NNI: done in 0.000829136 secs using 339.9% CPU
Optimizing NNI: done in 0.000933782 secs using 313.8% CPU
Optimizing NNI: done in 0.000997955 secs using 300.5% CPU
Optimizing NNI: done in 0.000997314 secs using 300.6% CPU
Optimizing NNI: done in 0.000956393 secs using 309.2% CPU
Optimizing NNI: done in 0.000912734 secs using 319.2% CPU
Optimizing NNI: done in 0.000908321 secs using 210.6% CPU
Optimizing NNI: done in 0.000945757 secs using 311.3% CPU
Optimizing NNI: done in 0.000990079 secs using 301.8% CPU
Optimizing NNI: done in 0.000939366 secs using 206.5% CPU
Optimizing NNI: done in 0.000851384 secs using 334.3% CPU
Optimizing NNI: done in 0.000862888 secs using 331.4% CPU
Optimizing NNI: done in 0.000816612 secs using 344.6% CPU
Optimizing NNI: done in 0.000885133 secs using 213.2% CPU
Optimizing NNI: done in 0.000874709 secs using 328.5% CPU
Optimizing NNI: done in 0.00088864 secs using 212.6% CPU
Optimizing NNI: done in 0.000870711 secs using 329.4% CPU
Optimizing NNI: done in 0.000959288 secs using 308.6% CPU
Optimizing NNI: done in 0.000827562 secs using 341.6% CPU
Optimizing NNI: done in 0.00100064 secs using 299.6% CPU
Optimizing NNI: done in 0.000972904 secs using 305.4% CPU
Optimizing NNI: done in 0.00236291 secs using 353.8% CPU
Optimizing NNI: done in 0.00105117 secs using 480.3% CPU
Optimizing NNI: done in 0.000933361 secs using 314.2% CPU
Optimizing NNI: done in 0.000998352 secs using 300.3% CPU
Optimizing NNI: done in 0.000908196 secs using 320.1% CPU
Optimizing NNI: done in 0.000926977 secs using 315.6% CPU
Optimizing NNI: done in 0.000890602 secs using 324.3% CPU
Optimizing NNI: done in 0.000983632 secs using 303.2% CPU
Optimizing NNI: done in 0.000976722 secs using 304.6% CPU
Optimizing NNI: done in 0.000976823 secs using 304.6% CPU
Optimizing NNI: done in 0.000861707 secs using 331.8% CPU
Optimizing NNI: done in 0.000914788 secs using 318.3% CPU
Optimizing NNI: done in 0.000972765 secs using 305.2% CPU
Optimizing NNI: done in 0.000980529 secs using 202.3% CPU
Optimizing NNI: done in 0.000904514 secs using 98.73% CPU
Optimizing NNI: done in 0.00102378 secs using 295% CPU
Optimizing NNI: done in 0.000947652 secs using 98.77% CPU
Optimizing NNI: done in 0.00101619 secs using 296.8% CPU
Optimizing NNI: done in 0.00106266 secs using 299.3% CPU
Optimizing NNI: done in 0.00102525 secs using 295% CPU
Optimizing NNI: done in 0.00215652 secs using 285.4% CPU
Optimizing NNI: done in 0.000979689 secs using 304.1% CPU
Optimizing NNI: done in 0.000982035 secs using 303.6% CPU
Optimizing NNI: done in 0.000850089 secs using 98.7% CPU
Optimizing NNI: done in 0.000894878 secs using 99.9% CPU
Optimizing NNI: done in 0.00091598 secs using 99.89% CPU
Optimizing NNI: done in 0.00100948 secs using 297.8% CPU
Optimizing NNI: done in 0.000973835 secs using 305.1% CPU
Optimizing NNI: done in 0.000977365 secs using 304.3% CPU
Optimizing NNI: done in 0.000912878 secs using 318.9% CPU
Optimizing NNI: done in 0.000651158 secs using 407.1% CPU
Optimizing NNI: done in 0.000920545 secs using 316.9% CPU
Optimizing NNI: done in 0.00092812 secs using 315.2% CPU
Optimizing NNI: done in 0.000951941 secs using 309.8% CPU
Optimizing NNI: done in 0.000955007 secs using 309.4% CPU
Optimizing NNI: done in 0.000982642 secs using 201.7% CPU
Optimizing NNI: done in 0.00109124 secs using 191.4% CPU
Optimizing NNI: done in 0.000975773 secs using 304.6% CPU
Optimizing NNI: done in 0.00190101 secs using 310.3% CPU
Optimizing NNI: done in 0.000942742 secs using 311.9% CPU
Optimizing NNI: done in 0.000820846 secs using 222.1% CPU
Optimizing NNI: done in 0.00262328 secs using 328.6% CPU
Optimizing NNI: done in 0.000889763 secs using 324.7% CPU
Optimizing NNI: done in 0.000983173 secs using 303.2% CPU
Optimizing NNI: done in 0.00105823 secs using 288.8% CPU
Optimizing NNI: done in 0.000988163 secs using 302.3% CPU
Optimizing NNI: done in 0.00129296 secs using 409.2% CPU
Optimizing NNI: done in 0.000968278 secs using 306.2% CPU
Optimizing NNI: done in 0.000967319 secs using 306.5% CPU
Optimizing NNI: done in 0.00086246 secs using 331.5% CPU
Optimizing NNI: done in 0.000934776 secs using 313.7% CPU
Optimizing NNI: done in 0.000959858 secs using 308% CPU
Optimizing NNI: done in 0.000920827 secs using 316.9% CPU
Optimizing NNI: done in 0.000886838 secs using 325.2% CPU
Optimizing NNI: done in 0.000839462 secs using 338.1% CPU
Optimizing NNI: done in 0.00097025 secs using 305.9% CPU
Optimizing NNI: done in 0.00104708 secs using 290.9% CPU
Optimizing NNI: done in 0.00157365 secs using 354% CPU
Optimizing NNI: done in 0.000840973 secs using 337.6% CPU
Optimizing NNI: done in 0.000986062 secs using 302.8% CPU
Optimizing NNI: done in 0.000959081 secs using 204.4% CPU
Optimizing NNI: done in 0.001027 secs using 291.6% CPU
Optimizing NNI: done in 0.000938505 secs using 313.1% CPU
Optimizing NNI: done in 0.00152293 secs using 362.5% CPU
Optimizing NNI: done in 0.000917147 secs using 317.7% CPU
Optimizing NNI: done in 0.00105373 secs using 289.5% CPU
Optimizing NNI: done in 0.0010611 secs using 476.7% CPU
Optimizing NNI: done in 0.000904378 secs using 320.9% CPU
Optimizing NNI: done in 0.000957562 secs using 206% CPU
Optimizing NNI: done in 0.000972959 secs using 305.4% CPU
Optimizing NNI: done in 0.00102438 secs using 295.1% CPU
Optimizing NNI: done in 0.000892258 secs using 324.1% CPU
Optimizing NNI: done in 0.000999629 secs using 300.1% CPU
Optimizing NNI: done in 0.000819391 secs using 344% CPU
700 samples done
Optimizing NNI: done in 0.000986949 secs using 201.3% CPU
Optimizing NNI: done in 0.00103682 secs using 292.9% CPU
Optimizing NNI: done in 0.00100652 secs using 298.8% CPU
Optimizing NNI: done in 0.00099159 secs using 301.5% CPU
Optimizing NNI: done in 0.000929046 secs using 315.2% CPU
Optimizing NNI: done in 0.000924898 secs using 315.9% CPU
Optimizing NNI: done in 0.00192263 secs using 307.9% CPU
Optimizing NNI: done in 0.00083659 secs using 99.69% CPU
Optimizing NNI: done in 0.00108477 secs using 377.6% CPU
Optimizing NNI: done in 0.000815725 secs using 98.69% CPU
Optimizing NNI: done in 0.00104278 secs using 291.7% CPU
Optimizing NNI: done in 0.000894656 secs using 323.4% CPU
Optimizing NNI: done in 0.0018732 secs using 313.4% CPU
Optimizing NNI: done in 0.000881922 secs using 326.7% CPU
Optimizing NNI: done in 0.00102799 secs using 294.6% CPU
Optimizing NNI: done in 0.00102867 secs using 294.6% CPU
Optimizing NNI: done in 0.0009729 secs using 305.4% CPU
Optimizing NNI: done in 0.000931686 secs using 314.5% CPU
Optimizing NNI: done in 0.000924801 secs using 315.4% CPU
Optimizing NNI: done in 0.000911842 secs using 319% CPU
Optimizing NNI: done in 0.00205794 secs using 391.5% CPU
Optimizing NNI: done in 0.000951649 secs using 310.2% CPU
Optimizing NNI: done in 0.000891693 secs using 324.3% CPU
Optimizing NNI: done in 0.000915014 secs using 318.5% CPU
Optimizing NNI: done in 0.000856046 secs using 333.4% CPU
Optimizing NNI: done in 0.00099528 secs using 300.7% CPU
Optimizing NNI: done in 0.000957685 secs using 308.7% CPU
Optimizing NNI: done in 0.00196062 secs using 303.9% CPU
Optimizing NNI: done in 0.00103286 secs using 293.5% CPU
Optimizing NNI: done in 0.00099317 secs using 301.3% CPU
Optimizing NNI: done in 0.000972912 secs using 305.4% CPU
Optimizing NNI: done in 0.00108554 secs using 283.9% CPU
Optimizing NNI: done in 0.00106406 secs using 287.7% CPU
Optimizing NNI: done in 0.000988022 secs using 302.2% CPU
Optimizing NNI: done in 0.00102708 secs using 294.4% CPU
Optimizing NNI: done in 0.00215925 secs using 377.7% CPU
Optimizing NNI: done in 0.000999201 secs using 299.9% CPU
Optimizing NNI: done in 0.000911832 secs using 319% CPU
Optimizing NNI: done in 0.000983236 secs using 303.2% CPU
Optimizing NNI: done in 0.000924699 secs using 315.9% CPU
Optimizing NNI: done in 0.000892483 secs using 323.8% CPU
Optimizing NNI: done in 0.000839197 secs using 99.86% CPU
Optimizing NNI: done in 0.000985063 secs using 302.8% CPU
Optimizing NNI: done in 0.00104626 secs using 482.2% CPU
Optimizing NNI: done in 0.00104732 secs using 290.9% CPU
Optimizing NNI: done in 0.00170294 secs using 181% CPU
Optimizing NNI: done in 0.00111476 secs using 458.7% CPU
Optimizing NNI: done in 0.000949307 secs using 310.5% CPU
Optimizing NNI: done in 0.000990387 secs using 301.8% CPU
Optimizing NNI: done in 0.000896379 secs using 323% CPU
Optimizing NNI: done in 0.000958118 secs using 308.6% CPU
Optimizing NNI: done in 0.00104104 secs using 292% CPU
Optimizing NNI: done in 0.000979453 secs using 304.1% CPU
Optimizing NNI: done in 0.000944674 secs using 311.6% CPU
Optimizing NNI: done in 0.00106064 secs using 288.5% CPU
Optimizing NNI: done in 0.000947282 secs using 310.9% CPU
Optimizing NNI: done in 0.000948429 secs using 205.6% CPU
Optimizing NNI: done in 0.000993787 secs using 301.4% CPU
Optimizing NNI: done in 0.000940671 secs using 312.5% CPU
Optimizing NNI: done in 0.00102137 secs using 198.4% CPU
Optimizing NNI: done in 0.000888592 secs using 324.9% CPU
Optimizing NNI: done in 0.000893099 secs using 323.8% CPU
Optimizing NNI: done in 0.00102679 secs using 294.5% CPU
Optimizing NNI: done in 0.000979106 secs using 303.8% CPU
Optimizing NNI: done in 0.000988245 secs using 302.3% CPU
Optimizing NNI: done in 0.00131324 secs using 404.3% CPU
Optimizing NNI: done in 0.000955384 secs using 310.9% CPU
Optimizing NNI: done in 0.00103736 secs using 292.6% CPU
Optimizing NNI: done in 0.00101293 secs using 297.3% CPU
Optimizing NNI: done in 0.000871815 secs using 329% CPU
Optimizing NNI: done in 0.000921879 secs using 209% CPU
Optimizing NNI: done in 0.000873577 secs using 214.4% CPU
Optimizing NNI: done in 0.00126175 secs using 179% CPU
Optimizing NNI: done in 0.000919254 secs using 317.2% CPU
Optimizing NNI: done in 0.000899181 secs using 322% CPU
Optimizing NNI: done in 0.000985661 secs using 302.5% CPU
Optimizing NNI: done in 0.000872975 secs using 328.9% CPU
Optimizing NNI: done in 0.000901902 secs using 321.5% CPU
Optimizing NNI: done in 0.000784887 secs using 354.6% CPU
Optimizing NNI: done in 0.000900869 secs using 321.7% CPU
Optimizing NNI: done in 0.000962243 secs using 307.6% CPU
Optimizing NNI: done in 0.000962314 secs using 307.6% CPU
Optimizing NNI: done in 0.000907525 secs using 320.5% CPU
Optimizing NNI: done in 0.000929893 secs using 315.1% CPU
Optimizing NNI: done in 0.0010109 secs using 297.7% CPU
Optimizing NNI: done in 0.000921478 secs using 316.9% CPU
Optimizing NNI: done in 0.000980566 secs using 303.7% CPU
Optimizing NNI: done in 0.000970775 secs using 305.6% CPU
Optimizing NNI: done in 0.00222675 secs using 279.4% CPU
Optimizing NNI: done in 0.000887145 secs using 325.1% CPU
Optimizing NNI: done in 0.000895464 secs using 323% CPU
Optimizing NNI: done in 0.000860892 secs using 99.9% CPU
Optimizing NNI: done in 0.000881001 secs using 214% CPU
Optimizing NNI: done in 0.000866607 secs using 330.8% CPU
Optimizing NNI: done in 0.000975046 secs using 304.8% CPU
Optimizing NNI: done in 0.000943385 secs using 311.6% CPU
Optimizing NNI: done in 0.000888895 secs using 324.7% CPU
Optimizing NNI: done in 0.000902891 secs using 321.1% CPU
Optimizing NNI: done in 0.000968196 secs using 306.7% CPU
Optimizing NNI: done in 0.000979226 secs using 304.1% CPU
800 samples done
Optimizing NNI: done in 0.000866261 secs using 329.7% CPU
Optimizing NNI: done in 0.000975323 secs using 304.8% CPU
Optimizing NNI: done in 0.00101642 secs using 296.6% CPU
Optimizing NNI: done in 0.000867985 secs using 330.2% CPU
Optimizing NNI: done in 0.000949689 secs using 310.3% CPU
Optimizing NNI: done in 0.000940038 secs using 312.5% CPU
Optimizing NNI: done in 0.00116592 secs using 271.4% CPU
Optimizing NNI: done in 0.000923548 secs using 208.8% CPU
Optimizing NNI: done in 0.000983519 secs using 299.6% CPU
Optimizing NNI: done in 0.000909892 secs using 319.6% CPU
Optimizing NNI: done in 0.00109667 secs using 191.1% CPU
Optimizing NNI: done in 0.00107556 secs using 285.6% CPU
Optimizing NNI: done in 0.000905105 secs using 320.7% CPU
Optimizing NNI: done in 0.00101608 secs using 296.5% CPU
Optimizing NNI: done in 0.00085065 secs using 334.9% CPU
Optimizing NNI: done in 0.00100849 secs using 298.1% CPU
Optimizing NNI: done in 0.000952187 secs using 309.6% CPU
Optimizing NNI: done in 0.000973693 secs using 305.1% CPU
Optimizing NNI: done in 0.000871813 secs using 329.2% CPU
Optimizing NNI: done in 0.000982057 secs using 303.4% CPU
Optimizing NNI: done in 0.000992013 secs using 301.3% CPU
Optimizing NNI: done in 0.000974561 secs using 305.1% CPU
Optimizing NNI: done in 0.000934154 secs using 313.8% CPU
Optimizing NNI: done in 0.000899774 secs using 322.1% CPU
Optimizing NNI: done in 0.000951687 secs using 310% CPU
Optimizing NNI: done in 0.000980842 secs using 303.7% CPU
Optimizing NNI: done in 0.000922112 secs using 316.2% CPU
Optimizing NNI: done in 0.000954073 secs using 99.89% CPU
Optimizing NNI: done in 0.000904771 secs using 321% CPU
Optimizing NNI: done in 0.000667714 secs using 99.74% CPU
Optimizing NNI: done in 0.000914198 secs using 318.4% CPU
Optimizing NNI: done in 0.00093518 secs using 313.7% CPU
Optimizing NNI: done in 0.000940566 secs using 312.4% CPU
Optimizing NNI: done in 0.00107991 secs using 285% CPU
Optimizing NNI: done in 0.00103138 secs using 293.6% CPU
Optimizing NNI: done in 0.000952606 secs using 309.8% CPU
Optimizing NNI: done in 0.000834425 secs using 339.5% CPU
Optimizing NNI: done in 0.000960836 secs using 99.39% CPU
Optimizing NNI: done in 0.000954376 secs using 309.3% CPU
Optimizing NNI: done in 0.00083341 secs using 99.11% CPU
Optimizing NNI: done in 0.00264447 secs using 289.1% CPU
Optimizing NNI: done in 0.000942253 secs using 206.1% CPU
Optimizing NNI: done in 0.00268425 secs using 248.4% CPU
Optimizing NNI: done in 0.00089395 secs using 323.4% CPU
Optimizing NNI: done in 0.00101454 secs using 297.1% CPU
Optimizing NNI: done in 0.00090018 secs using 321.9% CPU
Optimizing NNI: done in 0.000964146 secs using 307.4% CPU
Optimizing NNI: done in 0.000893984 secs using 323.4% CPU
Optimizing NNI: done in 0.000926272 secs using 208% CPU
Optimizing NNI: done in 0.000880935 secs using 214% CPU
Optimizing NNI: done in 0.00083412 secs using 220% CPU
Optimizing NNI: done in 0.000932406 secs using 314.2% CPU
Optimizing NNI: done in 0.00095374 secs using 309.5% CPU
Optimizing NNI: done in 0.000981633 secs using 303.6% CPU
Optimizing NNI: done in 0.00095273 secs using 309.8% CPU
Optimizing NNI: done in 0.00101787 secs using 296.2% CPU
Optimizing NNI: done in 0.00095064 secs using 310.1% CPU
Optimizing NNI: done in 0.00114453 secs using 362.9% CPU
Optimizing NNI: done in 0.000946702 secs using 311.4% CPU
Optimizing NNI: done in 0.00113537 secs using 188.2% CPU
Optimizing NNI: done in 0.000993778 secs using 301.2% CPU
Optimizing NNI: done in 0.000881999 secs using 326.3% CPU
Optimizing NNI: done in 0.000814397 secs using 345% CPU
Optimizing NNI: done in 0.000956681 secs using 308.7% CPU
Optimizing NNI: done in 0.00102154 secs using 491.4% CPU
Optimizing NNI: done in 0.0015883 secs using 225.7% CPU
Optimizing NNI: done in 0.000833149 secs using 339.9% CPU
Optimizing NNI: done in 0.000988545 secs using 302.3% CPU
Optimizing NNI: done in 0.000941111 secs using 312.5% CPU
Optimizing NNI: done in 0.000832174 secs using 340.1% CPU
Optimizing NNI: done in 0.00087474 secs using 214.9% CPU
Optimizing NNI: done in 0.000969552 secs using 306% CPU
Optimizing NNI: done in 0.000986166 secs using 302.7% CPU
Optimizing NNI: done in 0.000897479 secs using 322.9% CPU
Optimizing NNI: done in 0.00135307 secs using 247.5% CPU
Optimizing NNI: done in 0.00085587 secs using 99.9% CPU
Optimizing NNI: done in 0.000797266 secs using 350.4% CPU
Optimizing NNI: done in 0.0009219 secs using 316.8% CPU
Optimizing NNI: done in 0.00079193 secs using 352.2% CPU
Optimizing NNI: done in 0.000947222 secs using 311% CPU
Optimizing NNI: done in 0.000878641 secs using 327.3% CPU
Optimizing NNI: done in 0.00214469 secs using 286.4% CPU
Optimizing NNI: done in 0.00117215 secs using 440.7% CPU
Optimizing NNI: done in 0.00107478 secs using 286% CPU
Optimizing NNI: done in 0.000974342 secs using 305% CPU
Optimizing NNI: done in 0.00100359 secs using 298.9% CPU
Optimizing NNI: done in 0.000985093 secs using 302.9% CPU
Optimizing NNI: done in 0.00083789 secs using 337.9% CPU
Optimizing NNI: done in 0.000936146 secs using 313.5% CPU
Optimizing NNI: done in 0.000937317 secs using 312.9% CPU
Optimizing NNI: done in 0.000991251 secs using 301.5% CPU
Optimizing NNI: done in 0.000964902 secs using 306.8% CPU
Optimizing NNI: done in 0.000873023 secs using 99.88% CPU
Optimizing NNI: done in 0.00103597 secs using 292.8% CPU
Optimizing NNI: done in 0.000908122 secs using 99.88% CPU
Optimizing NNI: done in 0.000908511 secs using 319.9% CPU
Optimizing NNI: done in 0.000852465 secs using 334.4% CPU
Optimizing NNI: done in 0.000881052 secs using 326.7% CPU
Optimizing NNI: done in 0.000962049 secs using 307.8% CPU
Optimizing NNI: done in 0.000981845 secs using 203% CPU
900 samples done
Optimizing NNI: done in 0.000906469 secs using 320.1% CPU
Optimizing NNI: done in 0.000781988 secs using 355.6% CPU
Optimizing NNI: done in 0.000914049 secs using 318.6% CPU
Optimizing NNI: done in 0.000932945 secs using 314.3% CPU
Optimizing NNI: done in 0.000906665 secs using 320.5% CPU
Optimizing NNI: done in 0.000905453 secs using 320.7% CPU
Optimizing NNI: done in 0.000948287 secs using 310.9% CPU
Optimizing NNI: done in 0.000948639 secs using 310.9% CPU
Optimizing NNI: done in 0.000974513 secs using 305.3% CPU
Optimizing NNI: done in 0.000959872 secs using 203.7% CPU
Optimizing NNI: done in 0.000877663 secs using 327.3% CPU
Optimizing NNI: done in 0.000715515 secs using 379.3% CPU
Optimizing NNI: done in 0.00103915 secs using 292.3% CPU
Optimizing NNI: done in 0.000952985 secs using 205.1% CPU
Optimizing NNI: done in 0.000836652 secs using 338.6% CPU
Optimizing NNI: done in 0.000967506 secs using 306.5% CPU
Optimizing NNI: done in 0.00106762 secs using 286.8% CPU
Optimizing NNI: done in 0.000835425 secs using 219.9% CPU
Optimizing NNI: done in 0.000905875 secs using 320.6% CPU
Optimizing NNI: done in 0.00095816 secs using 99.67% CPU
Optimizing NNI: done in 0.00105628 secs using 289.1% CPU
Optimizing NNI: done in 0.000882221 secs using 98.61% CPU
Optimizing NNI: done in 0.000978235 secs using 304.2% CPU
Optimizing NNI: done in 0.000987014 secs using 302.2% CPU
Optimizing NNI: done in 0.000953208 secs using 309.5% CPU
Optimizing NNI: done in 0.000895342 secs using 322.9% CPU
Optimizing NNI: done in 0.00091162 secs using 319.2% CPU
Optimizing NNI: done in 0.000850666 secs using 99.57% CPU
Optimizing NNI: done in 0.000975287 secs using 304.8% CPU
Optimizing NNI: done in 0.000930849 secs using 314.7% CPU
Optimizing NNI: done in 0.000944553 secs using 311.4% CPU
Optimizing NNI: done in 0.000930206 secs using 314.7% CPU
Optimizing NNI: done in 0.000942458 secs using 311.8% CPU
Optimizing NNI: done in 0.00100284 secs using 299.1% CPU
Optimizing NNI: done in 0.000844067 secs using 336.6% CPU
Optimizing NNI: done in 0.000890257 secs using 324.6% CPU
Optimizing NNI: done in 0.00100999 secs using 297.9% CPU
Optimizing NNI: done in 0.000891669 secs using 99.81% CPU
Optimizing NNI: done in 0.00092001 secs using 317.2% CPU
Optimizing NNI: done in 0.000899013 secs using 322.2% CPU
Optimizing NNI: done in 0.0010476 secs using 290.8% CPU
Optimizing NNI: done in 0.00096656 secs using 306.8% CPU
Optimizing NNI: done in 0.000970793 secs using 305.9% CPU
Optimizing NNI: done in 0.000911059 secs using 319.4% CPU
Optimizing NNI: done in 0.00100726 secs using 298.5% CPU
Optimizing NNI: done in 0.000978613 secs using 304.4% CPU
Optimizing NNI: done in 0.00154678 secs using 358.4% CPU
Optimizing NNI: done in 0.000926906 secs using 315.7% CPU
Optimizing NNI: done in 0.000915954 secs using 318% CPU
Optimizing NNI: done in 0.000903521 secs using 321.2% CPU
Optimizing NNI: done in 0.00106352 secs using 287.9% CPU
Optimizing NNI: done in 0.00118072 secs using 438.5% CPU
Optimizing NNI: done in 0.00103369 secs using 293.2% CPU
Optimizing NNI: done in 0.000851232 secs using 334.3% CPU
Optimizing NNI: done in 0.00102912 secs using 294% CPU
Optimizing NNI: done in 0.00102507 secs using 295% CPU
Optimizing NNI: done in 0.00105397 secs using 289.6% CPU
Optimizing NNI: done in 0.000923666 secs using 316.6% CPU
Optimizing NNI: done in 0.00101943 secs using 296.1% CPU
Optimizing NNI: done in 0.00102019 secs using 295.7% CPU
Optimizing NNI: done in 0.00112841 secs using 276.9% CPU
Optimizing NNI: done in 0.00105879 secs using 194.2% CPU
Optimizing NNI: done in 0.000885926 secs using 325.4% CPU
Optimizing NNI: done in 0.00109251 secs using 282.6% CPU
Optimizing NNI: done in 0.00100214 secs using 299.3% CPU
Optimizing NNI: done in 0.000982086 secs using 303.4% CPU
Optimizing NNI: done in 0.000978304 secs using 304.3% CPU
Optimizing NNI: done in 0.000952106 secs using 309.8% CPU
Optimizing NNI: done in 0.00102686 secs using 294.6% CPU
Optimizing NNI: done in 0.00103098 secs using 293.7% CPU
Optimizing NNI: done in 0.00106064 secs using 288.4% CPU
Optimizing NNI: done in 0.000948167 secs using 310.6% CPU
Optimizing NNI: done in 0.00100647 secs using 298.6% CPU
Optimizing NNI: done in 0.000820813 secs using 99.54% CPU
Optimizing NNI: done in 0.00102711 secs using 294.4% CPU
Optimizing NNI: done in 0.000876527 secs using 327.7% CPU
Optimizing NNI: done in 0.00225396 secs using 277.3% CPU
Optimizing NNI: done in 0.00101477 secs using 297% CPU
Optimizing NNI: done in 0.0010192 secs using 296.1% CPU
Optimizing NNI: done in 0.000807664 secs using 98.56% CPU
Optimizing NNI: done in 0.000881913 secs using 99.78% CPU
Optimizing NNI: done in 0.000957811 secs using 308.8% CPU
Optimizing NNI: done in 0.00105344 secs using 289.8% CPU
Optimizing NNI: done in 0.00103808 secs using 292.5% CPU
Optimizing NNI: done in 0.00108445 secs using 192.9% CPU
Optimizing NNI: done in 0.000945583 secs using 311.3% CPU
Optimizing NNI: done in 0.000909637 secs using 319.5% CPU
Optimizing NNI: done in 0.00100808 secs using 298.3% CPU
Optimizing NNI: done in 0.000891729 secs using 324% CPU
Optimizing NNI: done in 0.000963076 secs using 307.5% CPU
Optimizing NNI: done in 0.000968566 secs using 306.2% CPU
Optimizing NNI: done in 0.00100165 secs using 199.8% CPU
Optimizing NNI: done in 0.00100615 secs using 298.5% CPU
Optimizing NNI: done in 0.00107681 secs using 285.6% CPU
Optimizing NNI: done in 0.00097866 secs using 304.1% CPU
Optimizing NNI: done in 0.00101614 secs using 296.7% CPU
Optimizing NNI: done in 0.00109814 secs using 281.8% CPU
Optimizing NNI: done in 0.000996923 secs using 200.6% CPU
Optimizing NNI: done in 0.00101812 secs using 296.1% CPU
Optimizing NNI: done in 0.000905855 secs using 320.7% CPU
1000 samples done
Total 992 ufboot trees refined
TREE SEARCH COMPLETED AFTER 102 ITERATIONS / Time: 0h:0m:28s

--------------------------------------------------------------------
|                    FINALIZING TREE SEARCH                        |
--------------------------------------------------------------------
Performs final model parameters optimization
Estimate model parameters (epsilon = 0.010)
1. Initial log-likelihood: -604.150
Optimal log-likelihood: -604.150
Parameters optimization took 1 rounds (0.001 sec)
BEST SCORE FOUND : -604.150
Creating bootstrap support values...
Split supports printed to NEXUS file 10_alignment_files/part2_alignment.afa.splits.nex
Total tree length: 0.100

Total number of iterations: 102
CPU time used for tree search: 15.390 sec (0h:0m:15s)
Wall-clock time used for tree search: 5.232 sec (0h:0m:5s)
Total CPU time used: 67.545 sec (0h:1m:7s)
Total wall-clock time used: 28.504 sec (0h:0m:28s)
UFBoot trees printed to 10_alignment_files/part2_alignment.afa.ufboot

Computing bootstrap consensus tree...
Reading input file 10_alignment_files/part2_alignment.afa.splits.nex...
14 taxa and 104 splits.
Consensus tree written to 10_alignment_files/part2_alignment.afa.contree
Reading input trees file 10_alignment_files/part2_alignment.afa.contree
Log-likelihood of consensus tree: -604.154

Analysis results written to: 
  IQ-TREE report:                10_alignment_files/part2_alignment.afa.iqtree
  Maximum-likelihood tree:       10_alignment_files/part2_alignment.afa.treefile
  Likelihood distances:          10_alignment_files/part2_alignment.afa.mldist

Ultrafast bootstrap approximation results written to:
  Split support values:          10_alignment_files/part2_alignment.afa.splits.nex
  Consensus tree:                10_alignment_files/part2_alignment.afa.contree
  UFBoot trees:                  10_alignment_files/part2_alignment.afa.ufboot
  Screen log file:               10_alignment_files/part2_alignment.afa.log

Date and Time: Fri Nov 28 12:15:13 2025
