IQ-TREE version 3.0.1 for Linux x86 64-bit built Jul  9 2025
Developed by Bui Quang Minh, Thomas Wong, Nhan Ly-Trong, Huaiyan Ren
Contributed by Lam-Tung Nguyen, Dominik Schrempf, Chris Bielow,
Olga Chernomor, Michael Woodhams, Diep Thi Hoang, Heiko Schmidt

Host:    thecomputer2 (AVX512, FMA3, 31 GB RAM)
Command: iqtree3 -s 10_alignment_files/sampleA_part1_alignment.afa -m MFP -B 1000 -bnni -T AUTO -redo
Seed:    923884 (Using SPRNG - Scalable Parallel Random Number Generator)
Time:    Sun Nov 23 17:04:38 2025
Kernel:  AVX+FMA - auto-detect threads (8 CPU cores detected)

Reading alignment file 10_alignment_files/sampleA_part1_alignment.afa ... Fasta format detected
Reading fasta file: done in 0.000196948 secs using 70.07% CPU
Alignment most likely contains protein sequences
Constructing alignment: done in 0.000372592 secs using 95.28% CPU
Alignment has 16 sequences with 175 columns, 31 distinct patterns
1 parsimony-informative, 3 singleton sites, 171 constant sites
                                       Gap/Ambiguity  Composition  p-value
Analyzing sequences: done in 0.0039988 secs using 658.9% CPU
   1  AB201257.1_Balaenoptera_omurai           0.57%    passed    100.00%
   2  AP006468.1_Balaenoptera_acutorostrata    0.57%    passed    100.00%
   3  EU496283.1_Balaenoptera_ricei            2.29%    passed    100.00%
   4  sampleA_part1                            2.86%    passed    100.00%
   5  DQ095155.1_Eubalaena_australis           0.00%    passed    100.00%
   6  AB201259.1_Balaenoptera_brydei           0.00%    passed    100.00%
   7  AP006472.1_Balaena_mysticetus            0.00%    passed    100.00%
   8  AP006475.1_Caperea_marginata             0.00%    passed    100.00%
   9  DQ095154.1_Eubalaena_glacialis           0.00%    passed    100.00%
  10  NC_006931.1_Eubalaena_japonica           0.00%    passed    100.00%
  11  NC_006926.1_Balaenoptera_bonaerensis     0.00%    passed    100.00%
  12  MF409248.1_Balaenoptera_borealis         0.00%    passed    100.00%
  13  MW984423.1_Balaenoptera_edeni            0.00%    passed    100.00%
  14  AP006471.1_Eschrichtius_robustus         0.00%    passed    100.00%
  15  KC572709.1_Balaenoptera_physalus         0.00%    passed    100.00%
  16  MF409242.1_Balaenoptera_musculus         0.00%    passed    100.00%
****  TOTAL                                    0.39%  0 sequences failed composition chi2 test (p-value<5%; df=19)
NOTE: AB201259.1_Balaenoptera_brydei is identical to DQ095155.1_Eubalaena_australis but kept for subsequent analysis
NOTE: MF409242.1_Balaenoptera_musculus is identical to KC572709.1_Balaenoptera_physalus but kept for subsequent analysis
Checking for duplicate sequences: done in 0.00616294 secs using 630.3% CPU
Identifying sites to remove: done in 0.000184525 secs using 176.1% CPU
NOTE: 7 identical sequences (see below) will be ignored for subsequent analysis
NOTE: AP006472.1_Balaena_mysticetus (identical to DQ095155.1_Eubalaena_australis) is ignored but added at the end
NOTE: AP006475.1_Caperea_marginata (identical to DQ095155.1_Eubalaena_australis) is ignored but added at the end
NOTE: DQ095154.1_Eubalaena_glacialis (identical to DQ095155.1_Eubalaena_australis) is ignored but added at the end
NOTE: NC_006931.1_Eubalaena_japonica (identical to DQ095155.1_Eubalaena_australis) is ignored but added at the end
NOTE: NC_006926.1_Balaenoptera_bonaerensis (identical to DQ095155.1_Eubalaena_australis) is ignored but added at the end
NOTE: MF409248.1_Balaenoptera_borealis (identical to DQ095155.1_Eubalaena_australis) is ignored but added at the end
NOTE: MW984423.1_Balaenoptera_edeni (identical to DQ095155.1_Eubalaena_australis) is ignored but added at the end
Alignment was printed to 10_alignment_files/sampleA_part1_alignment.afa.uniqueseq.phy

For your convenience alignment with unique sequences printed to 10_alignment_files/sampleA_part1_alignment.afa.uniqueseq.phy


Create initial parsimony tree by phylogenetic likelihood library (PLL)... 0.001 seconds
Measuring multi-threading efficiency up to 8 CPU cores
Increase to 10 rounds for branch lengths
10473 trees examined
Threads: 1 / Time: 8.000 sec / Speedup: 1.000 / Efficiency: 100% / LogL: -548
Threads: 2 / Time: 6.284 sec / Speedup: 1.273 / Efficiency: 64% / LogL: -548
Threads: 3 / Time: 5.290 sec / Speedup: 1.512 / Efficiency: 50% / LogL: -548
WARNING: 4 threads for alignment length 31 will slow down analysis
Threads: 4 / Time: 5.359 sec / Speedup: 1.493 / Efficiency: 37% / LogL: -548
Determining AUTO threadcount: done in 24.9338 secs using 209% CPU
BEST NUMBER OF THREADS: 3

Perform fast likelihood tree search using LG+I+G model...
Estimate model parameters (epsilon = 5.000)
Perform nearest neighbor interchange...
Optimizing NNI: done in 0.00278091 secs using 314.3% CPU
Estimate model parameters (epsilon = 1.000)
1. Initial log-likelihood: -542.773
Optimal log-likelihood: -542.773
Proportion of invariable sites: 0.488
Gamma shape alpha: 998.448
Parameters optimization took 1 rounds (0.003 sec)
Time for fast ML tree search: 0.010 seconds

NOTE: ModelFinder requires 0 MB RAM!
ModelFinder will test up to 1232 protein models (sample size: 175 epsilon: 0.100) ...
 No. Model         -LnL         df  AIC          AICc         BIC
WARNING: Number of threads seems too high for short alignments. Use -T AUTO to determine best number of threads.
  1  LG            542.716      15  1115.433     1118.452     1162.905
WARNING: Number of threads seems too high for short alignments. Use -T AUTO to determine best number of threads.
  2  LG+I          542.716      16  1117.433     1120.876     1168.069
WARNING: Number of threads seems too high for short alignments. Use -T AUTO to determine best number of threads.
  3  LG+G4         542.716      16  1117.433     1120.876     1168.069
WARNING: Number of threads seems too high for short alignments. Use -T AUTO to determine best number of threads.
  4  LG+I+G4       542.772      17  1119.545     1123.443     1173.346
WARNING: Number of threads seems too high for short alignments. Use -T AUTO to determine best number of threads.
  5  LG+R2         542.716      17  1119.433     1123.331     1173.234
WARNING: Number of threads seems too high for short alignments. Use -T AUTO to determine best number of threads.
  6  LG+R3         542.716      19  1123.433     1128.336     1183.564
WARNING: Number of threads seems too high for short alignments. Use -T AUTO to determine best number of threads.
 14  LG+I+R2       542.772      18  1121.545     1125.930     1178.511
WARNING: Number of threads seems too high for short alignments. Use -T AUTO to determine best number of threads.
 15  LG+I+R3       542.772      20  1125.545     1130.999     1188.840
WARNING: Number of threads seems too high for short alignments. Use -T AUTO to determine best number of threads.
 23  LG+F          504.028      34  1076.055     1093.055     1183.658
WARNING: Number of threads seems too high for short alignments. Use -T AUTO to determine best number of threads.
 24  LG+F+I        504.028      35  1078.055     1096.185     1188.823
WARNING: Number of threads seems too high for short alignments. Use -T AUTO to determine best number of threads.
 25  LG+F+G4       504.028      35  1078.055     1096.185     1188.823
WARNING: Number of threads seems too high for short alignments. Use -T AUTO to determine best number of threads.
 45  WAG           541.967      15  1113.935     1116.954     1161.407
WARNING: Number of threads seems too high for short alignments. Use -T AUTO to determine best number of threads.
 46  WAG+I         541.967      16  1115.935     1119.378     1166.571
WARNING: Number of threads seems too high for short alignments. Use -T AUTO to determine best number of threads.
 47  WAG+G4        541.967      16  1115.935     1119.378     1166.571
WARNING: Number of threads seems too high for short alignments. Use -T AUTO to determine best number of threads.
 67  WAG+F         504.252      34  1076.504     1093.504     1184.107
WARNING: Number of threads seems too high for short alignments. Use -T AUTO to determine best number of threads.
 68  WAG+F+I       504.252      35  1078.504     1096.634     1189.272
WARNING: Number of threads seems too high for short alignments. Use -T AUTO to determine best number of threads.
 69  WAG+F+G4      504.252      35  1078.505     1096.634     1189.272
WARNING: Number of threads seems too high for short alignments. Use -T AUTO to determine best number of threads.
 89  JTT           539.050      15  1108.101     1111.120     1155.573
WARNING: Number of threads seems too high for short alignments. Use -T AUTO to determine best number of threads.
 90  JTT+I         539.050      16  1110.101     1113.544     1160.737
WARNING: Number of threads seems too high for short alignments. Use -T AUTO to determine best number of threads.
 91  JTT+G4        539.050      16  1110.101     1113.544     1160.738
WARNING: Number of threads seems too high for short alignments. Use -T AUTO to determine best number of threads.
111  JTT+F         503.559      34  1075.119     1092.119     1182.721
WARNING: Number of threads seems too high for short alignments. Use -T AUTO to determine best number of threads.
112  JTT+F+I       503.559      35  1077.119     1095.248     1187.886
WARNING: Number of threads seems too high for short alignments. Use -T AUTO to determine best number of threads.
113  JTT+F+G4      503.559      35  1077.119     1095.248     1187.886
WARNING: Number of threads seems too high for short alignments. Use -T AUTO to determine best number of threads.
133  Q.PFAM        541.937      15  1113.874     1116.893     1161.346
WARNING: Number of threads seems too high for short alignments. Use -T AUTO to determine best number of threads.
134  Q.PFAM+I      541.937      16  1115.874     1119.317     1166.510
WARNING: Number of threads seems too high for short alignments. Use -T AUTO to determine best number of threads.
135  Q.PFAM+G4     541.937      16  1115.874     1119.317     1166.511
WARNING: Number of threads seems too high for short alignments. Use -T AUTO to determine best number of threads.
155  Q.PFAM+F      504.108      34  1076.215     1093.215     1183.818
WARNING: Number of threads seems too high for short alignments. Use -T AUTO to determine best number of threads.
156  Q.PFAM+F+I    504.108      35  1078.215     1096.345     1188.983
WARNING: Number of threads seems too high for short alignments. Use -T AUTO to determine best number of threads.
157  Q.PFAM+F+G4   504.108      35  1078.215     1096.345     1188.983
WARNING: Number of threads seems too high for short alignments. Use -T AUTO to determine best number of threads.
177  Q.BIRD        547.494      15  1124.987     1128.006     1172.459
WARNING: Number of threads seems too high for short alignments. Use -T AUTO to determine best number of threads.
178  Q.BIRD+I      547.494      16  1126.987     1130.430     1177.624
WARNING: Number of threads seems too high for short alignments. Use -T AUTO to determine best number of threads.
179  Q.BIRD+G4     547.494      16  1126.987     1130.431     1177.624
WARNING: Number of threads seems too high for short alignments. Use -T AUTO to determine best number of threads.
199  Q.BIRD+F      503.402      34  1074.805     1091.805     1182.408
WARNING: Number of threads seems too high for short alignments. Use -T AUTO to determine best number of threads.
200  Q.BIRD+F+I    503.402      35  1076.805     1094.934     1187.572
WARNING: Number of threads seems too high for short alignments. Use -T AUTO to determine best number of threads.
201  Q.BIRD+F+G4   503.402      35  1076.805     1094.934     1187.572
WARNING: Number of threads seems too high for short alignments. Use -T AUTO to determine best number of threads.
221  Q.MAMMAL      549.650      15  1129.300     1132.319     1176.772
WARNING: Number of threads seems too high for short alignments. Use -T AUTO to determine best number of threads.
222  Q.MAMMAL+I    549.650      16  1131.300     1134.744     1181.937
WARNING: Number of threads seems too high for short alignments. Use -T AUTO to determine best number of threads.
223  Q.MAMMAL+G4   549.650      16  1131.301     1134.744     1181.937
WARNING: Number of threads seems too high for short alignments. Use -T AUTO to determine best number of threads.
243  Q.MAMMAL+F    503.598      34  1075.196     1092.196     1182.798
WARNING: Number of threads seems too high for short alignments. Use -T AUTO to determine best number of threads.
244  Q.MAMMAL+F+I  503.598      35  1077.196     1095.325     1187.963
WARNING: Number of threads seems too high for short alignments. Use -T AUTO to determine best number of threads.
245  Q.MAMMAL+F+G4 503.598      35  1077.196     1095.325     1187.963
WARNING: Number of threads seems too high for short alignments. Use -T AUTO to determine best number of threads.
265  Q.INSECT      552.189      15  1134.378     1137.397     1181.850
WARNING: Number of threads seems too high for short alignments. Use -T AUTO to determine best number of threads.
266  Q.INSECT+I    552.189      16  1136.378     1139.821     1187.015
WARNING: Number of threads seems too high for short alignments. Use -T AUTO to determine best number of threads.
267  Q.INSECT+G4   552.189      16  1136.378     1139.821     1187.015
WARNING: Number of threads seems too high for short alignments. Use -T AUTO to determine best number of threads.
287  Q.INSECT+F    503.942      34  1075.884     1092.884     1183.487
WARNING: Number of threads seems too high for short alignments. Use -T AUTO to determine best number of threads.
288  Q.INSECT+F+I  503.942      35  1077.884     1096.014     1188.652
WARNING: Number of threads seems too high for short alignments. Use -T AUTO to determine best number of threads.
289  Q.INSECT+F+G4 503.942      35  1077.884     1096.014     1188.652
WARNING: Number of threads seems too high for short alignments. Use -T AUTO to determine best number of threads.
309  Q.PLANT       541.968      15  1113.936     1116.955     1161.408
WARNING: Number of threads seems too high for short alignments. Use -T AUTO to determine best number of threads.
310  Q.PLANT+I     541.968      16  1115.936     1119.379     1166.573
WARNING: Number of threads seems too high for short alignments. Use -T AUTO to determine best number of threads.
311  Q.PLANT+G4    541.968      16  1115.936     1119.379     1166.573
WARNING: Number of threads seems too high for short alignments. Use -T AUTO to determine best number of threads.
331  Q.PLANT+F     503.195      34  1074.391     1091.391     1181.994
WARNING: Number of threads seems too high for short alignments. Use -T AUTO to determine best number of threads.
332  Q.PLANT+F+I   503.195      35  1076.391     1094.520     1187.159
WARNING: Number of threads seems too high for short alignments. Use -T AUTO to determine best number of threads.
333  Q.PLANT+F+G4  503.196      35  1076.391     1094.521     1187.159
WARNING: Number of threads seems too high for short alignments. Use -T AUTO to determine best number of threads.
353  Q.YEAST       551.453      15  1132.907     1135.926     1180.379
WARNING: Number of threads seems too high for short alignments. Use -T AUTO to determine best number of threads.
354  Q.YEAST+I     551.453      16  1134.907     1138.350     1185.543
WARNING: Number of threads seems too high for short alignments. Use -T AUTO to determine best number of threads.
355  Q.YEAST+G4    551.454      16  1134.907     1138.350     1185.544
WARNING: Number of threads seems too high for short alignments. Use -T AUTO to determine best number of threads.
375  Q.YEAST+F     504.030      34  1076.060     1093.060     1183.663
WARNING: Number of threads seems too high for short alignments. Use -T AUTO to determine best number of threads.
376  Q.YEAST+F+I   504.030      35  1078.060     1096.190     1188.828
WARNING: Number of threads seems too high for short alignments. Use -T AUTO to determine best number of threads.
377  Q.YEAST+F+G4  504.030      35  1078.060     1096.190     1188.828
WARNING: Number of threads seems too high for short alignments. Use -T AUTO to determine best number of threads.
397  JTTDCMUT      539.349      15  1108.699     1111.717     1156.170
WARNING: Number of threads seems too high for short alignments. Use -T AUTO to determine best number of threads.
398  JTTDCMUT+I    539.349      16  1110.699     1114.142     1161.335
WARNING: Number of threads seems too high for short alignments. Use -T AUTO to determine best number of threads.
399  JTTDCMUT+G4   539.349      16  1110.699     1114.142     1161.335
WARNING: Number of threads seems too high for short alignments. Use -T AUTO to determine best number of threads.
419  JTTDCMUT+F    503.505      34  1075.010     1092.010     1182.612
WARNING: Number of threads seems too high for short alignments. Use -T AUTO to determine best number of threads.
420  JTTDCMUT+F+I  503.505      35  1077.010     1095.139     1187.777
WARNING: Number of threads seems too high for short alignments. Use -T AUTO to determine best number of threads.
421  JTTDCMUT+F+G4 503.505      35  1077.010     1095.139     1187.777
WARNING: Number of threads seems too high for short alignments. Use -T AUTO to determine best number of threads.
441  DCMUT         550.065      15  1130.129     1133.148     1177.601
WARNING: Number of threads seems too high for short alignments. Use -T AUTO to determine best number of threads.
442  DCMUT+I       550.065      16  1132.129     1135.572     1182.766
WARNING: Number of threads seems too high for short alignments. Use -T AUTO to determine best number of threads.
443  DCMUT+G4      550.065      16  1132.129     1135.572     1182.766
WARNING: Number of threads seems too high for short alignments. Use -T AUTO to determine best number of threads.
463  DCMUT+F       503.915      34  1075.830     1092.830     1183.433
WARNING: Number of threads seems too high for short alignments. Use -T AUTO to determine best number of threads.
464  DCMUT+F+I     503.915      35  1077.830     1095.960     1188.598
WARNING: Number of threads seems too high for short alignments. Use -T AUTO to determine best number of threads.
465  DCMUT+F+G4    503.915      35  1077.830     1095.960     1188.598
WARNING: Number of threads seems too high for short alignments. Use -T AUTO to determine best number of threads.
485  VT            540.308      15  1110.617     1113.636     1158.089
WARNING: Number of threads seems too high for short alignments. Use -T AUTO to determine best number of threads.
486  VT+I          540.308      16  1112.617     1116.060     1163.253
WARNING: Number of threads seems too high for short alignments. Use -T AUTO to determine best number of threads.
487  VT+G4         540.308      16  1112.617     1116.060     1163.254
WARNING: Number of threads seems too high for short alignments. Use -T AUTO to determine best number of threads.
507  VT+F          504.557      34  1077.113     1094.113     1184.716
WARNING: Number of threads seems too high for short alignments. Use -T AUTO to determine best number of threads.
508  VT+F+I        504.557      35  1079.113     1097.243     1189.881
WARNING: Number of threads seems too high for short alignments. Use -T AUTO to determine best number of threads.
509  VT+F+G4       504.557      35  1079.114     1097.243     1189.881
WARNING: Number of threads seems too high for short alignments. Use -T AUTO to determine best number of threads.
529  PMB           539.127      15  1108.254     1111.273     1155.726
WARNING: Number of threads seems too high for short alignments. Use -T AUTO to determine best number of threads.
530  PMB+I         539.127      16  1110.254     1113.697     1160.890
WARNING: Number of threads seems too high for short alignments. Use -T AUTO to determine best number of threads.
531  PMB+G4        539.127      16  1110.254     1113.697     1160.890
WARNING: Number of threads seems too high for short alignments. Use -T AUTO to determine best number of threads.
551  PMB+F         505.088      34  1078.175     1095.175     1185.778
WARNING: Number of threads seems too high for short alignments. Use -T AUTO to determine best number of threads.
552  PMB+F+I       505.088      35  1080.175     1098.305     1190.943
WARNING: Number of threads seems too high for short alignments. Use -T AUTO to determine best number of threads.
553  PMB+F+G4      505.088      35  1080.175     1098.305     1190.943
WARNING: Number of threads seems too high for short alignments. Use -T AUTO to determine best number of threads.
573  BLOSUM62      537.988      15  1105.977     1108.996     1153.449
WARNING: Number of threads seems too high for short alignments. Use -T AUTO to determine best number of threads.
574  BLOSUM62+I    537.988      16  1107.977     1111.420     1158.614
WARNING: Number of threads seems too high for short alignments. Use -T AUTO to determine best number of threads.
575  BLOSUM62+G4   537.989      16  1107.977     1111.420     1158.614
WARNING: Number of threads seems too high for short alignments. Use -T AUTO to determine best number of threads.
595  BLOSUM62+F    504.921      34  1077.841     1094.841     1185.444
WARNING: Number of threads seems too high for short alignments. Use -T AUTO to determine best number of threads.
596  BLOSUM62+F+I  504.921      35  1079.841     1097.971     1190.609
WARNING: Number of threads seems too high for short alignments. Use -T AUTO to determine best number of threads.
597  BLOSUM62+F+G4 504.921      35  1079.841     1097.971     1190.609
WARNING: Number of threads seems too high for short alignments. Use -T AUTO to determine best number of threads.
617  DAYHOFF       550.047      15  1130.094     1133.113     1177.566
WARNING: Number of threads seems too high for short alignments. Use -T AUTO to determine best number of threads.
618  DAYHOFF+I     550.047      16  1132.094     1135.537     1182.731
WARNING: Number of threads seems too high for short alignments. Use -T AUTO to determine best number of threads.
619  DAYHOFF+G4    550.047      16  1132.094     1135.537     1182.731
WARNING: Number of threads seems too high for short alignments. Use -T AUTO to determine best number of threads.
639  DAYHOFF+F     503.898      34  1075.796     1092.796     1183.398
WARNING: Number of threads seems too high for short alignments. Use -T AUTO to determine best number of threads.
640  DAYHOFF+F+I   503.898      35  1077.796     1095.925     1188.563
WARNING: Number of threads seems too high for short alignments. Use -T AUTO to determine best number of threads.
641  DAYHOFF+F+G4  503.898      35  1077.796     1095.925     1188.563
WARNING: Number of threads seems too high for short alignments. Use -T AUTO to determine best number of threads.
661  MTREV         515.107      15  1060.215     1063.234     1107.687
WARNING: Number of threads seems too high for short alignments. Use -T AUTO to determine best number of threads.
662  MTREV+I       515.107      16  1062.215     1065.658     1112.852
WARNING: Number of threads seems too high for short alignments. Use -T AUTO to determine best number of threads.
663  MTREV+G4      515.108      16  1062.215     1065.658     1112.852
WARNING: Number of threads seems too high for short alignments. Use -T AUTO to determine best number of threads.
683  MTREV+F       502.621      34  1073.243     1090.243     1180.846
WARNING: Number of threads seems too high for short alignments. Use -T AUTO to determine best number of threads.
684  MTREV+F+I     502.621      35  1075.243     1093.372     1186.010
WARNING: Number of threads seems too high for short alignments. Use -T AUTO to determine best number of threads.
685  MTREV+F+G4    502.622      35  1075.243     1093.373     1186.011
WARNING: Number of threads seems too high for short alignments. Use -T AUTO to determine best number of threads.
705  MTART         514.922      15  1059.844     1062.863     1107.316
WARNING: Number of threads seems too high for short alignments. Use -T AUTO to determine best number of threads.
706  MTART+I       514.922      16  1061.844     1065.287     1112.481
WARNING: Number of threads seems too high for short alignments. Use -T AUTO to determine best number of threads.
707  MTART+G4      514.922      16  1061.844     1065.287     1112.481
WARNING: Number of threads seems too high for short alignments. Use -T AUTO to determine best number of threads.
727  MTART+F       502.773      34  1073.547     1090.547     1181.149
WARNING: Number of threads seems too high for short alignments. Use -T AUTO to determine best number of threads.
728  MTART+F+I     502.773      35  1075.547     1093.676     1186.314
WARNING: Number of threads seems too high for short alignments. Use -T AUTO to determine best number of threads.
729  MTART+F+G4    502.773      35  1075.547     1093.676     1186.314
WARNING: Number of threads seems too high for short alignments. Use -T AUTO to determine best number of threads.
749  MTZOA         513.331      15  1056.661     1059.680     1104.133
WARNING: Number of threads seems too high for short alignments. Use -T AUTO to determine best number of threads.
750  MTZOA+I       513.331      16  1058.661     1062.104     1109.298
WARNING: Number of threads seems too high for short alignments. Use -T AUTO to determine best number of threads.
751  MTZOA+G4      513.331      16  1058.661     1062.104     1109.298
WARNING: Number of threads seems too high for short alignments. Use -T AUTO to determine best number of threads.
771  MTZOA+F       502.635      34  1073.270     1090.270     1180.873
WARNING: Number of threads seems too high for short alignments. Use -T AUTO to determine best number of threads.
772  MTZOA+F+I     502.635      35  1075.270     1093.400     1186.038
WARNING: Number of threads seems too high for short alignments. Use -T AUTO to determine best number of threads.
773  MTZOA+F+G4    502.635      35  1075.270     1093.400     1186.038
WARNING: Number of threads seems too high for short alignments. Use -T AUTO to determine best number of threads.
793  MTMET         523.121      15  1076.241     1079.260     1123.713
WARNING: Number of threads seems too high for short alignments. Use -T AUTO to determine best number of threads.
794  MTMET+I       523.121      16  1078.241     1081.684     1128.878
WARNING: Number of threads seems too high for short alignments. Use -T AUTO to determine best number of threads.
795  MTMET+G4      523.121      16  1078.241     1081.684     1128.878
WARNING: Number of threads seems too high for short alignments. Use -T AUTO to determine best number of threads.
815  MTMET+F       502.633      34  1073.267     1090.267     1180.869
WARNING: Number of threads seems too high for short alignments. Use -T AUTO to determine best number of threads.
816  MTMET+F+I     502.633      35  1075.267     1093.396     1186.034
WARNING: Number of threads seems too high for short alignments. Use -T AUTO to determine best number of threads.
817  MTMET+F+G4    502.633      35  1075.267     1093.396     1186.034
WARNING: Number of threads seems too high for short alignments. Use -T AUTO to determine best number of threads.
837  MTVER         519.560      15  1069.120     1072.138     1116.591
WARNING: Number of threads seems too high for short alignments. Use -T AUTO to determine best number of threads.
838  MTVER+I       519.560      16  1071.120     1074.563     1121.756
WARNING: Number of threads seems too high for short alignments. Use -T AUTO to determine best number of threads.
839  MTVER+G4      519.560      16  1071.120     1074.563     1121.756
WARNING: Number of threads seems too high for short alignments. Use -T AUTO to determine best number of threads.
859  MTVER+F       502.409      34  1072.819     1089.819     1180.422
WARNING: Number of threads seems too high for short alignments. Use -T AUTO to determine best number of threads.
860  MTVER+F+I     502.409      35  1074.819     1092.948     1185.586
WARNING: Number of threads seems too high for short alignments. Use -T AUTO to determine best number of threads.
861  MTVER+F+G4    502.410      35  1074.819     1092.948     1185.587
WARNING: Number of threads seems too high for short alignments. Use -T AUTO to determine best number of threads.
881  MTINV         532.381      15  1094.763     1097.782     1142.235
WARNING: Number of threads seems too high for short alignments. Use -T AUTO to determine best number of threads.
882  MTINV+I       532.381      16  1096.763     1100.206     1147.399
WARNING: Number of threads seems too high for short alignments. Use -T AUTO to determine best number of threads.
883  MTINV+G4      532.382      16  1096.763     1100.206     1147.400
WARNING: Number of threads seems too high for short alignments. Use -T AUTO to determine best number of threads.
903  MTINV+F       502.974      34  1073.948     1090.948     1181.551
WARNING: Number of threads seems too high for short alignments. Use -T AUTO to determine best number of threads.
904  MTINV+F+I     502.974      35  1075.948     1094.078     1186.716
WARNING: Number of threads seems too high for short alignments. Use -T AUTO to determine best number of threads.
905  MTINV+F+G4    502.974      35  1075.949     1094.078     1186.716
WARNING: Number of threads seems too high for short alignments. Use -T AUTO to determine best number of threads.
925  MTMAM         514.071      15  1058.141     1061.160     1105.613
WARNING: Number of threads seems too high for short alignments. Use -T AUTO to determine best number of threads.
926  MTMAM+I       514.071      16  1060.141     1063.584     1110.778
WARNING: Number of threads seems too high for short alignments. Use -T AUTO to determine best number of threads.
927  MTMAM+G4      514.071      16  1060.141     1063.584     1110.778
WARNING: Number of threads seems too high for short alignments. Use -T AUTO to determine best number of threads.
947  MTMAM+F       501.650      34  1071.300     1088.300     1178.902
WARNING: Number of threads seems too high for short alignments. Use -T AUTO to determine best number of threads.
948  MTMAM+F+I     501.650      35  1073.300     1091.429     1184.067
WARNING: Number of threads seems too high for short alignments. Use -T AUTO to determine best number of threads.
949  MTMAM+F+G4    501.650      35  1073.300     1091.429     1184.067
WARNING: Number of threads seems too high for short alignments. Use -T AUTO to determine best number of threads.
969  FLAVI         528.566      15  1087.132     1090.150     1134.603
WARNING: Number of threads seems too high for short alignments. Use -T AUTO to determine best number of threads.
970  FLAVI+I       528.566      16  1089.132     1092.575     1139.768
WARNING: Number of threads seems too high for short alignments. Use -T AUTO to determine best number of threads.
971  FLAVI+G4      528.566      16  1089.132     1092.575     1139.768
WARNING: Number of threads seems too high for short alignments. Use -T AUTO to determine best number of threads.
991  FLAVI+F       502.321      34  1072.642     1089.642     1180.245
WARNING: Number of threads seems too high for short alignments. Use -T AUTO to determine best number of threads.
992  FLAVI+F+I     502.321      35  1074.642     1092.772     1185.410
WARNING: Number of threads seems too high for short alignments. Use -T AUTO to determine best number of threads.
993  FLAVI+F+G4    502.321      35  1074.643     1092.772     1185.410
WARNING: Number of threads seems too high for short alignments. Use -T AUTO to determine best number of threads.
1013  HIVB          545.112      15  1120.224     1123.243     1167.696
WARNING: Number of threads seems too high for short alignments. Use -T AUTO to determine best number of threads.
1014  HIVB+I        545.112      16  1122.224     1125.667     1172.860
WARNING: Number of threads seems too high for short alignments. Use -T AUTO to determine best number of threads.
1015  HIVB+G4       545.112      16  1122.224     1125.667     1172.861
WARNING: Number of threads seems too high for short alignments. Use -T AUTO to determine best number of threads.
1035  HIVB+F        503.062      34  1074.124     1091.124     1181.727
WARNING: Number of threads seems too high for short alignments. Use -T AUTO to determine best number of threads.
1036  HIVB+F+I      503.062      35  1076.124     1094.254     1186.892
WARNING: Number of threads seems too high for short alignments. Use -T AUTO to determine best number of threads.
1037  HIVB+F+G4     503.062      35  1076.125     1094.254     1186.892
WARNING: Number of threads seems too high for short alignments. Use -T AUTO to determine best number of threads.
1057  HIVW          554.928      15  1139.856     1142.875     1187.327
WARNING: Number of threads seems too high for short alignments. Use -T AUTO to determine best number of threads.
1058  HIVW+I        554.928      16  1141.856     1145.299     1192.492
WARNING: Number of threads seems too high for short alignments. Use -T AUTO to determine best number of threads.
1059  HIVW+G4       554.928      16  1141.856     1145.299     1192.492
WARNING: Number of threads seems too high for short alignments. Use -T AUTO to determine best number of threads.
1079  HIVW+F        504.763      34  1077.526     1094.526     1185.129
WARNING: Number of threads seems too high for short alignments. Use -T AUTO to determine best number of threads.
1080  HIVW+F+I      504.763      35  1079.526     1097.656     1190.294
WARNING: Number of threads seems too high for short alignments. Use -T AUTO to determine best number of threads.
1081  HIVW+F+G4     504.763      35  1079.526     1097.656     1190.294
WARNING: Number of threads seems too high for short alignments. Use -T AUTO to determine best number of threads.
1101  FLU           546.493      15  1122.987     1126.006     1170.459
WARNING: Number of threads seems too high for short alignments. Use -T AUTO to determine best number of threads.
1102  FLU+I         546.493      16  1124.987     1128.430     1175.623
WARNING: Number of threads seems too high for short alignments. Use -T AUTO to determine best number of threads.
1103  FLU+G4        546.494      16  1124.987     1128.430     1175.624
WARNING: Number of threads seems too high for short alignments. Use -T AUTO to determine best number of threads.
1123  FLU+F         503.537      34  1075.074     1092.074     1182.677
WARNING: Number of threads seems too high for short alignments. Use -T AUTO to determine best number of threads.
1124  FLU+F+I       503.537      35  1077.074     1095.204     1187.842
WARNING: Number of threads seems too high for short alignments. Use -T AUTO to determine best number of threads.
1125  FLU+F+G4      503.537      35  1077.074     1095.204     1187.842
WARNING: Number of threads seems too high for short alignments. Use -T AUTO to determine best number of threads.
1145  RTREV         547.874      15  1125.747     1128.766     1173.219
WARNING: Number of threads seems too high for short alignments. Use -T AUTO to determine best number of threads.
1146  RTREV+I       547.874      16  1127.747     1131.190     1178.384
WARNING: Number of threads seems too high for short alignments. Use -T AUTO to determine best number of threads.
1147  RTREV+G4      547.874      16  1127.747     1131.190     1178.384
WARNING: Number of threads seems too high for short alignments. Use -T AUTO to determine best number of threads.
1167  RTREV+F       504.169      34  1076.339     1093.339     1183.941
WARNING: Number of threads seems too high for short alignments. Use -T AUTO to determine best number of threads.
1168  RTREV+F+I     504.169      35  1078.339     1096.468     1189.106
WARNING: Number of threads seems too high for short alignments. Use -T AUTO to determine best number of threads.
1169  RTREV+F+G4    504.169      35  1078.339     1096.468     1189.106
WARNING: Number of threads seems too high for short alignments. Use -T AUTO to determine best number of threads.
1189  CPREV         531.186      15  1092.371     1095.390     1139.843
WARNING: Number of threads seems too high for short alignments. Use -T AUTO to determine best number of threads.
1190  CPREV+I       531.186      16  1094.371     1097.814     1145.008
WARNING: Number of threads seems too high for short alignments. Use -T AUTO to determine best number of threads.
1191  CPREV+G4      531.186      16  1094.371     1097.814     1145.008
WARNING: Number of threads seems too high for short alignments. Use -T AUTO to determine best number of threads.
1211  CPREV+F       503.347      34  1074.694     1091.694     1182.297
WARNING: Number of threads seems too high for short alignments. Use -T AUTO to determine best number of threads.
1212  CPREV+F+I     503.347      35  1076.694     1094.823     1187.461
WARNING: Number of threads seems too high for short alignments. Use -T AUTO to determine best number of threads.
1213  CPREV+F+G4    503.347      35  1076.694     1094.823     1187.461
Akaike Information Criterion:           MTZOA
Corrected Akaike Information Criterion: MTZOA
Bayesian Information Criterion:         MTZOA
Best-fit model: MTZOA chosen according to BIC

All model information printed to 10_alignment_files/sampleA_part1_alignment.afa.model.gz
CPU time for ModelFinder: 53.529 seconds (0h:0m:53s)
Wall-clock time for ModelFinder: 25.379 seconds (0h:0m:25s)
WARNING: States(s) C rarely appear in alignment and may cause numerical problems
Generating 1000 samples for ultrafast bootstrap (seed: 923884)...

NOTE: 0 MB RAM (0 GB) is required!
WARNING: Number of threads seems too high for short alignments. Use -T AUTO to determine best number of threads.
Estimate model parameters (epsilon = 0.100)
1. Initial log-likelihood: -513.331
Optimal log-likelihood: -513.331
Parameters optimization took 1 rounds (0.001 sec)
Wrote distance file to... 
Computing ML distances based on estimated model parameters...
Calculating distance matrix: done in 0.00217995 secs using 348.1% CPU
Computing ML distances took 0.002257 sec (of wall-clock time) 0.007669 sec (of CPU time)
Setting up auxiliary I and S matrices: done in 0.000142744 secs
Constructing RapidNJ tree: done in 0.00170377 secs using 187.8% CPU
Computing RapidNJ tree took 0.001930 sec (of wall-clock time) 0.003288 sec (of CPU time)
Log-likelihood of RapidNJ tree: -513.333
--------------------------------------------------------------------
|             INITIALIZING CANDIDATE TREE SET                      |
--------------------------------------------------------------------
Generating 98 parsimony trees... 0.015 second
Computing log-likelihood of 98 initial trees ... 0.028 seconds
Current best score: -513.331

Do NNI search on 20 best initial trees
Optimizing NNI: done in 0.00134349 secs using 248.5% CPU
Estimate model parameters (epsilon = 0.100)
BETTER TREE FOUND at iteration 1: -513.331
Optimizing NNI: done in 0.00138775 secs using 388% CPU
Optimizing NNI: done in 0.00131563 secs using 252% CPU
Optimizing NNI: done in 0.00132794 secs using 250.2% CPU
Optimizing NNI: done in 0.0013315 secs using 250% CPU
Optimizing NNI: done in 0.00131409 secs using 252.3% CPU
Optimizing NNI: done in 0.0012949 secs using 177.8% CPU
Optimizing NNI: done in 0.00137829 secs using 215.9% CPU
Optimizing NNI: done in 0.00144451 secs using 238.4% CPU
Optimizing NNI: done in 0.00146751 secs using 372.5% CPU
Iteration 10 / LogL: -513.331 / Time: 0h:0m:25s
Optimizing NNI: done in 0.00149335 secs using 233.9% CPU
Optimizing NNI: done in 0.00141784 secs using 381.9% CPU
Optimizing NNI: done in 0.00145566 secs using 237.3% CPU
Optimizing NNI: done in 0.00145496 secs using 169.4% CPU
Optimizing NNI: done in 0.00146967 secs using 372.1% CPU
Optimizing NNI: done in 0.00139289 secs using 243.5% CPU
Optimizing NNI: done in 0.0014091 secs using 383.8% CPU
Optimizing NNI: done in 0.00139575 secs using 243.2% CPU
Optimizing NNI: done in 0.00139569 secs using 243.2% CPU
Optimizing NNI: done in 0.00148072 secs using 370.3% CPU
Iteration 20 / LogL: -513.331 / Time: 0h:0m:25s
Finish initializing candidate tree set (18)
Current best tree score: -513.331 / CPU time: 0.079
Number of iterations: 20
--------------------------------------------------------------------
|               OPTIMIZING CANDIDATE TREE SET                      |
--------------------------------------------------------------------
Optimizing NNI: done in 0.00274179 secs using 311.9% CPU
Optimizing NNI: done in 0.00447075 secs using 278.9% CPU
Optimizing NNI: done in 0.00156955 secs using 354.8% CPU
Optimizing NNI: done in 0.00158431 secs using 222.7% CPU
Optimizing NNI: done in 0.00279088 secs using 279.2% CPU
Optimizing NNI: done in 0.00150637 secs using 232.6% CPU
Optimizing NNI: done in 0.00363478 secs using 320% CPU
Optimizing NNI: done in 0.00299997 secs using 233.6% CPU
Optimizing NNI: done in 0.00314057 secs using 322.6% CPU
Optimizing NNI: done in 0.00134546 secs using 248.5% CPU
Iteration 30 / LogL: -513.331 / Time: 0h:0m:25s (0h:0m:0s left)
Optimizing NNI: done in 0.00147489 secs using 235.3% CPU
Optimizing NNI: done in 0.00275935 secs using 317.4% CPU
Optimizing NNI: done in 0.00436361 secs using 260% CPU
Optimizing NNI: done in 0.00331708 secs using 280.7% CPU
Optimizing NNI: done in 0.00321426 secs using 254% CPU
Optimizing NNI: done in 0.00304734 secs using 292.6% CPU
Optimizing NNI: done in 0.00166133 secs using 340.6% CPU
Optimizing NNI: done in 0.00292643 secs using 236.6% CPU
Optimizing NNI: done in 0.00138652 secs using 387.9% CPU
Optimizing NNI: done in 0.00292324 secs using 304.8% CPU
Iteration 40 / LogL: -513.331 / Time: 0h:0m:25s (0h:0m:0s left)
Optimizing NNI: done in 0.00172858 secs using 331.4% CPU
Optimizing NNI: done in 0.00385131 secs using 307.5% CPU
Optimizing NNI: done in 0.00257853 secs using 255.1% CPU
Optimizing NNI: done in 0.00164141 secs using 225.7% CPU
Optimizing NNI: done in 0.0036187 secs using 293.4% CPU
Optimizing NNI: done in 0.00112019 secs using 278.3% CPU
BETTER TREE FOUND at iteration 46: -513.331
Optimizing NNI: done in 0.00272635 secs using 319.8% CPU
Optimizing NNI: done in 0.0014195 secs using 240.8% CPU
Optimizing NNI: done in 0.00129068 secs using 253% CPU
Optimizing NNI: done in 0.00267424 secs using 249.5% CPU
Iteration 50 / LogL: -513.331 / Time: 0h:0m:25s (0h:0m:0s left)
Optimizing NNI: done in 0.00143949 secs using 372.8% CPU
Optimizing NNI: done in 0.00288122 secs using 308.1% CPU
Optimizing NNI: done in 0.00258757 secs using 250.9% CPU
Optimizing NNI: done in 0.00418741 secs using 267.3% CPU
Optimizing NNI: done in 0.00276634 secs using 244.3% CPU
Optimizing NNI: done in 0.00163318 secs using 344.7% CPU
Optimizing NNI: done in 0.00269868 secs using 248.2% CPU
Optimizing NNI: done in 0.00526228 secs using 291.7% CPU
Optimizing NNI: done in 0.00106621 secs using 287.4% CPU
Optimizing NNI: done in 0.00147855 secs using 303.5% CPU
Iteration 60 / LogL: -513.331 / Time: 0h:0m:25s (0h:0m:0s left)
Optimizing NNI: done in 0.00155508 secs using 356.8% CPU
Optimizing NNI: done in 0.00130903 secs using 252.6% CPU
Optimizing NNI: done in 0.00135108 secs using 396% CPU
Optimizing NNI: done in 0.00256178 secs using 256% CPU
Optimizing NNI: done in 0.00152444 secs using 362.3% CPU
Optimizing NNI: done in 0.00127291 secs using 414% CPU
Optimizing NNI: done in 0.00138823 secs using 244% CPU
Optimizing NNI: done in 0.00111395 secs using 279.5% CPU
Optimizing NNI: done in 0.00125879 secs using 258.7% CPU
Optimizing NNI: done in 0.00127893 secs using 256.2% CPU
Iteration 70 / LogL: -513.331 / Time: 0h:0m:25s (0h:0m:0s left)
Optimizing NNI: done in 0.00114416 secs using 274.7% CPU
Optimizing NNI: done in 0.00135976 secs using 394% CPU
Optimizing NNI: done in 0.00146413 secs using 236.5% CPU
Optimizing NNI: done in 0.00273 secs using 319.7% CPU
Optimizing NNI: done in 0.00153847 secs using 357.5% CPU
Optimizing NNI: done in 0.00128288 secs using 255.8% CPU
Optimizing NNI: done in 0.00152991 secs using 361.5% CPU
Optimizing NNI: done in 0.00272092 secs using 283.7% CPU
Optimizing NNI: done in 0.0028341 secs using 311.6% CPU
Optimizing NNI: done in 0.00149629 secs using 233.4% CPU
Iteration 80 / LogL: -513.331 / Time: 0h:0m:25s (0h:0m:0s left)
Optimizing NNI: done in 0.00154557 secs using 348.5% CPU
Optimizing NNI: done in 0.00161589 secs using 347.4% CPU
Optimizing NNI: done in 0.00254226 secs using 257.3% CPU
Optimizing NNI: done in 0.00324991 secs using 284.5% CPU
Optimizing NNI: done in 0.00136392 secs using 393.1% CPU
Optimizing NNI: done in 0.00141657 secs using 240.9% CPU
Optimizing NNI: done in 0.00149499 secs using 233.6% CPU
Optimizing NNI: done in 0.00171207 secs using 333.4% CPU
Optimizing NNI: done in 0.00156218 secs using 355.8% CPU
Optimizing NNI: done in 0.00132685 secs using 250.7% CPU
Iteration 90 / LogL: -513.331 / Time: 0h:0m:25s (0h:0m:0s left)
Optimizing NNI: done in 0.00306995 secs using 295.4% CPU
Optimizing NNI: done in 0.00154969 secs using 228.8% CPU
Optimizing NNI: done in 0.00143837 secs using 308.9% CPU
Optimizing NNI: done in 0.00269395 secs using 285.6% CPU
Optimizing NNI: done in 0.00299321 secs using 300.3% CPU
Optimizing NNI: done in 0.00132761 secs using 250.3% CPU
Optimizing NNI: done in 0.00141502 secs using 170.9% CPU
Optimizing NNI: done in 0.00139994 secs using 385.5% CPU
Optimizing NNI: done in 0.00146045 secs using 373.4% CPU
Optimizing NNI: done in 0.00274792 secs using 318.2% CPU
Iteration 100 / LogL: -513.331 / Time: 0h:0m:25s (0h:0m:0s left)
Optimizing NNI: done in 0.00140156 secs using 385.1% CPU
Optimizing NNI: done in 0.00153176 secs using 296.3% CPU
Optimizing NNI: done in 0.00146077 secs using 373.7% CPU
Optimizing NNI: done in 0.00144551 secs using 238.3% CPU
Optimizing NNI: done in 0.00143744 secs using 239.3% CPU
Optimizing NNI: done in 0.0015975 secs using 350.4% CPU
Optimizing NNI: done in 0.00355372 secs using 325% CPU
Optimizing NNI: done in 0.00290909 secs using 306.1% CPU
Optimizing NNI: done in 0.00286036 secs using 275.2% CPU
Optimizing NNI: done in 0.00157899 secs using 226.2% CPU
Iteration 110 / LogL: -513.331 / Time: 0h:0m:25s (0h:0m:0s left)
Optimizing NNI: done in 0.003168 secs using 289.3% CPU
Optimizing NNI: done in 0.00144419 secs using 376.8% CPU
Optimizing NNI: done in 0.00409304 secs using 295.4% CPU
Optimizing NNI: done in 0.00146071 secs using 236.7% CPU
Optimizing NNI: done in 0.00262873 secs using 252.1% CPU
Optimizing NNI: done in 0.00190352 secs using 309.8% CPU
Optimizing NNI: done in 0.00135812 secs using 394.4% CPU
Optimizing NNI: done in 0.00253125 secs using 256.7% CPU
Optimizing NNI: done in 0.00141286 secs using 383% CPU
Optimizing NNI: done in 0.0014267 secs using 380.2% CPU
Iteration 120 / LogL: -513.331 / Time: 0h:0m:25s (0h:0m:0s left)
Optimizing NNI: done in 0.0026908 secs using 322.8% CPU
Optimizing NNI: done in 0.00132115 secs using 327.7% CPU
Optimizing NNI: done in 0.00284573 secs using 275.7% CPU
Optimizing NNI: done in 0.00140081 secs using 385.3% CPU
Optimizing NNI: done in 0.00119422 secs using 267.3% CPU
Optimizing NNI: done in 0.00280922 secs using 242.2% CPU
Optimizing NNI: done in 0.00269719 secs using 302.2% CPU
Optimizing NNI: done in 0.00141611 secs using 171% CPU
Optimizing NNI: done in 0.00140525 secs using 384.6% CPU
Optimizing NNI: done in 0.00120696 secs using 265.5% CPU
Iteration 130 / LogL: -513.331 / Time: 0h:0m:26s (0h:0m:0s left)
Optimizing NNI: done in 0.00322235 secs using 300.6% CPU
Optimizing NNI: done in 0.00125686 secs using 259% CPU
Optimizing NNI: done in 0.00122555 secs using 263.1% CPU
Optimizing NNI: done in 0.0015878 secs using 225.8% CPU
Optimizing NNI: done in 0.00142192 secs using 240.5% CPU
Optimizing NNI: done in 0.00149023 secs using 365.6% CPU
Optimizing NNI: done in 0.00124538 secs using 260.5% CPU
Optimizing NNI: done in 0.00131893 secs using 403.1% CPU
Optimizing NNI: done in 0.00280022 secs using 314.1% CPU
Optimizing NNI: done in 0.00125812 secs using 258.7% CPU
Iteration 140 / LogL: -513.331 / Time: 0h:0m:26s (0h:0m:0s left)
Optimizing NNI: done in 0.00341085 secs using 274.5% CPU
Optimizing NNI: done in 0.00384431 secs using 230.3% CPU
Optimizing NNI: done in 0.00131883 secs using 261.1% CPU
Optimizing NNI: done in 0.00313346 secs using 291.8% CPU
Optimizing NNI: done in 0.0018193 secs using 290.1% CPU
Optimizing NNI: done in 0.0028509 secs using 310.4% CPU
Optimizing NNI: done in 0.00145547 secs using 374.7% CPU
Refining ufboot trees with NNI 1 branch...
Optimizing NNI: done in 0.000520922 secs using 483.4% CPU
WARNING: 3 threads for alignment length 22 will slow down analysis
Optimizing NNI: done in 0.000379758 secs using 376.3% CPU
Optimizing NNI: done in 0.000311644 secs using 99.47% CPU
Optimizing NNI: done in 0.000661854 secs using 402.7% CPU
Optimizing NNI: done in 0.000574915 secs using 447.4% CPU
Optimizing NNI: done in 0.00061213 secs using 426.1% CPU
Optimizing NNI: done in 0.000261735 secs using 863.9% CPU
Optimizing NNI: done in 0.000468967 secs using 526.3% CPU
Optimizing NNI: done in 0.000461819 secs using 99.82% CPU
Optimizing NNI: done in 0.000471459 secs using 99.9% CPU
Optimizing NNI: done in 0.000466923 secs using 98.3% CPU
Optimizing NNI: done in 0.000616016 secs using 99.51% CPU
Optimizing NNI: done in 0.000556672 secs using 459% CPU
Optimizing NNI: done in 0.000557411 secs using 458.5% CPU
Optimizing NNI: done in 0.000361266 secs using 99.37% CPU
Optimizing NNI: done in 0.000638871 secs using 407.9% CPU
Optimizing NNI: done in 0.000456862 secs using 537.6% CPU
Optimizing NNI: done in 0.000579774 secs using 99.69% CPU
Optimizing NNI: done in 0.000606218 secs using 99.63% CPU
WARNING: 3 threads for alignment length 22 will slow down analysis
Optimizing NNI: done in 0.000422128 secs using 347.5% CPU
Optimizing NNI: done in 0.000421269 secs using 435.1% CPU
Optimizing NNI: done in 0.000583328 secs using 99.77% CPU
Optimizing NNI: done in 0.000302803 secs using 99.4% CPU
Optimizing NNI: done in 0.000613897 secs using 265.2% CPU
Optimizing NNI: done in 0.000518852 secs using 485.3% CPU
WARNING: 3 threads for alignment length 22 will slow down analysis
Optimizing NNI: done in 0.000499636 secs using 310% CPU
Optimizing NNI: done in 0.000728755 secs using 323% CPU
Optimizing NNI: done in 0.000456583 secs using 537.7% CPU
Optimizing NNI: done in 0.000472477 secs using 522.8% CPU
Optimizing NNI: done in 0.000326268 secs using 99.3% CPU
Optimizing NNI: done in 0.000280624 secs using 99.06% CPU
Optimizing NNI: done in 0.000534986 secs using 473.3% CPU
Optimizing NNI: done in 0.000498648 secs using 500.6% CPU
Optimizing NNI: done in 0.000452417 secs using 99.91% CPU
Optimizing NNI: done in 0.000581175 secs using 444.3% CPU
Optimizing NNI: done in 0.000429878 secs using 565% CPU
Optimizing NNI: done in 0.000540115 secs using 99.61% CPU
Optimizing NNI: done in 0.000532654 secs using 99.69% CPU
Optimizing NNI: done in 0.000518572 secs using 485.6% CPU
Optimizing NNI: done in 0.000589445 secs using 92.29% CPU
Optimizing NNI: done in 0.000447193 secs using 99.29% CPU
Optimizing NNI: done in 0.000425778 secs using 99.58% CPU
Optimizing NNI: done in 0.000705439 secs using 383.2% CPU
Optimizing NNI: done in 0.000477741 secs using 517% CPU
Optimizing NNI: done in 0.00045827 secs using 535.9% CPU
Optimizing NNI: done in 0.000297759 secs using 771.1% CPU
Optimizing NNI: done in 0.000614722 secs using 425.2% CPU
Optimizing NNI: done in 0.000525109 secs using 98.27% CPU
Optimizing NNI: done in 0.000593937 secs using 434.7% CPU
Optimizing NNI: done in 0.000442472 secs using 551.9% CPU
Optimizing NNI: done in 0.0005475 secs using 169.5% CPU
Optimizing NNI: done in 0.000451262 secs using 99.28% CPU
WARNING: 3 threads for alignment length 23 will slow down analysis
Optimizing NNI: done in 0.000610139 secs using 273.2% CPU
Optimizing NNI: done in 0.000438532 secs using 493% CPU
Optimizing NNI: done in 0.000521886 secs using 482.7% CPU
Optimizing NNI: done in 0.000529732 secs using 99.48% CPU
Optimizing NNI: done in 0.000463004 secs using 99.35% CPU
Optimizing NNI: done in 0.000517024 secs using 99.61% CPU
Optimizing NNI: done in 0.000244152 secs using 99.53% CPU
Optimizing NNI: done in 0.000654863 secs using 404.2% CPU
Optimizing NNI: done in 0.000509673 secs using 98.49% CPU
Optimizing NNI: done in 0.00047543 secs using 520.4% CPU
Optimizing NNI: done in 0.000505118 secs using 98.59% CPU
Optimizing NNI: done in 0.000584961 secs using 441.9% CPU
Optimizing NNI: done in 0.000556941 secs using 99.29% CPU
Optimizing NNI: done in 0.000509487 secs using 491.9% CPU
Optimizing NNI: done in 0.000492082 secs using 99.78% CPU
Optimizing NNI: done in 0.000256705 secs using 99.34% CPU
Optimizing NNI: done in 0.000527372 secs using 478.6% CPU
Optimizing NNI: done in 0.000405326 secs using 99.67% CPU
Optimizing NNI: done in 0.00047438 secs using 521.1% CPU
Optimizing NNI: done in 0.000483118 secs using 99.77% CPU
Optimizing NNI: done in 0.000717291 secs using 377.4% CPU
Optimizing NNI: done in 0.000504295 secs using 99.54% CPU
Optimizing NNI: done in 0.000488562 secs using 509.2% CPU
WARNING: 3 threads for alignment length 23 will slow down analysis
Optimizing NNI: done in 0.00045303 secs using 107.3% CPU
Optimizing NNI: done in 0.000425863 secs using 99.8% CPU
Optimizing NNI: done in 0.000419321 secs using 99.45% CPU
Optimizing NNI: done in 0.000395926 secs using 100% CPU
Optimizing NNI: done in 0.000435795 secs using 99.82% CPU
Optimizing NNI: done in 0.000429497 secs using 565.5% CPU
Optimizing NNI: done in 0.00050403 secs using 496.6% CPU
Optimizing NNI: done in 0.000494358 secs using 504.3% CPU
Optimizing NNI: done in 0.000454714 secs using 539.5% CPU
Optimizing NNI: done in 0.000489531 secs using 508.2% CPU
Optimizing NNI: done in 0.00050449 secs using 495.5% CPU
Optimizing NNI: done in 0.000462742 secs using 531.8% CPU
WARNING: 3 threads for alignment length 23 will slow down analysis
Optimizing NNI: done in 0.000406309 secs using 353.9% CPU
Optimizing NNI: done in 0.000272667 secs using 680% CPU
Optimizing NNI: done in 0.000533888 secs using 91.59% CPU
Optimizing NNI: done in 0.000612454 secs using 426% CPU
Optimizing NNI: done in 0.000548138 secs using 464.5% CPU
Optimizing NNI: done in 0.00027639 secs using 99.5% CPU
Optimizing NNI: done in 0.000500176 secs using 499.8% CPU
Optimizing NNI: done in 0.000671176 secs using 397.5% CPU
Optimizing NNI: done in 0.000312487 secs using 99.2% CPU
Optimizing NNI: done in 0.000412857 secs using 99.07% CPU
Optimizing NNI: done in 0.000413348 secs using 98.71% CPU
Optimizing NNI: done in 0.000506972 secs using 98.43% CPU
Optimizing NNI: done in 0.000471678 secs using 99.43% CPU
100 samples done
Optimizing NNI: done in 0.000377634 secs using 628.7% CPU
Optimizing NNI: done in 0.000481212 secs using 515.4% CPU
Optimizing NNI: done in 0.000484803 secs using 99.83% CPU
Optimizing NNI: done in 0.000468421 secs using 525.2% CPU
Optimizing NNI: done in 0.000587544 secs using 429.9% CPU
Optimizing NNI: done in 0.000570838 secs using 99.68% CPU
Optimizing NNI: done in 0.000441949 secs using 99.56% CPU
Optimizing NNI: done in 0.000523346 secs using 292.5% CPU
Optimizing NNI: done in 0.000480762 secs using 514.6% CPU
Optimizing NNI: done in 0.000608803 secs using 427.9% CPU
Optimizing NNI: done in 0.000448514 secs using 99.66% CPU
Optimizing NNI: done in 0.000503349 secs using 498.9% CPU
Optimizing NNI: done in 0.000617122 secs using 424.2% CPU
Optimizing NNI: done in 0.000474539 secs using 520.9% CPU
Optimizing NNI: done in 0.000563351 secs using 99.58% CPU
Optimizing NNI: done in 0.000616205 secs using 424.4% CPU
WARNING: 3 threads for alignment length 23 will slow down analysis
Optimizing NNI: done in 0.000440412 secs using 110.8% CPU
Optimizing NNI: done in 0.000401887 secs using 99.78% CPU
Optimizing NNI: done in 0.000458638 secs using 99.86% CPU
Optimizing NNI: done in 0.000483334 secs using 99.52% CPU
Optimizing NNI: done in 0.000400443 secs using 599.1% CPU
Optimizing NNI: done in 0.000605245 secs using 430.2% CPU
Optimizing NNI: done in 0.000485887 secs using 99.82% CPU
Optimizing NNI: done in 0.000568712 secs using 451.5% CPU
Optimizing NNI: done in 0.000450574 secs using 99.65% CPU
Optimizing NNI: done in 0.00060387 secs using 99.69% CPU
Optimizing NNI: done in 0.000513035 secs using 490% CPU
Optimizing NNI: done in 0.000537276 secs using 98.83% CPU
Optimizing NNI: done in 0.000434696 secs using 98.46% CPU
Optimizing NNI: done in 0.000503591 secs using 497% CPU
Optimizing NNI: done in 0.000499017 secs using 99.8% CPU
Optimizing NNI: done in 0.000461701 secs using 532.6% CPU
Optimizing NNI: done in 0.000688091 secs using 380.5% CPU
Optimizing NNI: done in 0.000432442 secs using 561.2% CPU
WARNING: 3 threads for alignment length 23 will slow down analysis
Optimizing NNI: done in 0.000459647 secs using 107.9% CPU
Optimizing NNI: done in 0.000431766 secs using 99.59% CPU
Optimizing NNI: done in 0.000701028 secs using 379.2% CPU
Optimizing NNI: done in 0.000444224 secs using 99.5% CPU
Optimizing NNI: done in 0.000435917 secs using 99.56% CPU
Optimizing NNI: done in 0.000467921 secs using 527% CPU
Optimizing NNI: done in 0.00077573 secs using 162.2% CPU
Optimizing NNI: done in 0.000480904 secs using 99.6% CPU
Optimizing NNI: done in 0.000606966 secs using 451.8% CPU
Optimizing NNI: done in 0.000425202 secs using 99.72% CPU
Optimizing NNI: done in 0.000488897 secs using 508.9% CPU
Optimizing NNI: done in 0.000661987 secs using 99.55% CPU
Optimizing NNI: done in 0.000484285 secs using 512.7% CPU
Optimizing NNI: done in 0.00043535 secs using 99.69% CPU
Optimizing NNI: done in 0.000459506 secs using 535.4% CPU
Optimizing NNI: done in 0.000338606 secs using 98.94% CPU
Optimizing NNI: done in 0.000451041 secs using 543% CPU
Optimizing NNI: done in 0.000472808 secs using 99.83% CPU
Optimizing NNI: done in 0.000492719 secs using 505.8% CPU
Optimizing NNI: done in 0.000639005 secs using 192.2% CPU
Optimizing NNI: done in 0.000480185 secs using 99.54% CPU
Optimizing NNI: done in 0.000499111 secs using 449.4% CPU
Optimizing NNI: done in 0.000402044 secs using 99.74% CPU
Optimizing NNI: done in 0.000790366 secs using 138.9% CPU
Optimizing NNI: done in 0.000388495 secs using 99.62% CPU
Optimizing NNI: done in 0.000278605 secs using 817.6% CPU
Optimizing NNI: done in 0.000501795 secs using 99.84% CPU
Optimizing NNI: done in 0.000413533 secs using 583.3% CPU
Optimizing NNI: done in 0.000541877 secs using 99.84% CPU
Optimizing NNI: done in 0.000291787 secs using 99.39% CPU
WARNING: 3 threads for alignment length 23 will slow down analysis
Optimizing NNI: done in 0.000540929 secs using 109.6% CPU
Optimizing NNI: done in 0.000430563 secs using 468.7% CPU
Optimizing NNI: done in 0.000451971 secs using 542.1% CPU
Optimizing NNI: done in 0.000419332 secs using 576.6% CPU
Optimizing NNI: done in 0.000530894 secs using 99.45% CPU
Optimizing NNI: done in 0.000423077 secs using 99.51% CPU
Optimizing NNI: done in 0.000471135 secs using 524.1% CPU
Optimizing NNI: done in 0.000627734 secs using 99.41% CPU
Optimizing NNI: done in 0.000200565 secs using 99.22% CPU
Optimizing NNI: done in 0.000397003 secs using 99.75% CPU
WARNING: 3 threads for alignment length 23 will slow down analysis
Optimizing NNI: done in 0.000470786 secs using 321.4% CPU
Optimizing NNI: done in 0.00051141 secs using 99.53% CPU
Optimizing NNI: done in 0.000555425 secs using 99.74% CPU
Optimizing NNI: done in 0.000474941 secs using 99.8% CPU
Optimizing NNI: done in 0.000453328 secs using 98.6% CPU
Optimizing NNI: done in 0.000532492 secs using 99.91% CPU
Optimizing NNI: done in 0.000423075 secs using 98.56% CPU
Optimizing NNI: done in 0.00045399 secs using 98.68% CPU
Optimizing NNI: done in 0.000438921 secs using 555.5% CPU
Optimizing NNI: done in 0.000441077 secs using 553.2% CPU
Optimizing NNI: done in 0.000474524 secs using 519.3% CPU
Optimizing NNI: done in 0.000429348 secs using 99.22% CPU
Optimizing NNI: done in 0.000414415 secs using 99.9% CPU
Optimizing NNI: done in 0.00042606 secs using 568.9% CPU
Optimizing NNI: done in 0.000469863 secs using 525.7% CPU
Optimizing NNI: done in 0.000490727 secs using 508% CPU
Optimizing NNI: done in 0.000482333 secs using 99.1% CPU
Optimizing NNI: done in 0.000302663 secs using 99.78% CPU
Optimizing NNI: done in 0.000413387 secs using 99.66% CPU
Optimizing NNI: done in 0.000525023 secs using 480.6% CPU
Optimizing NNI: done in 0.000499946 secs using 302.2% CPU
Optimizing NNI: done in 0.000516747 secs using 486.7% CPU
Optimizing NNI: done in 0.000455931 secs using 538% CPU
Optimizing NNI: done in 0.000502443 secs using 493.2% CPU
Optimizing NNI: done in 0.000469257 secs using 525.7% CPU
Optimizing NNI: done in 0.000452902 secs using 99.8% CPU
200 samples done
Optimizing NNI: done in 0.000501882 secs using 498.5% CPU
Optimizing NNI: done in 0.000627631 secs using 416.5% CPU
Optimizing NNI: done in 0.000515442 secs using 99.72% CPU
WARNING: 3 threads for alignment length 23 will slow down analysis
Optimizing NNI: done in 0.000482918 secs using 109.3% CPU
Optimizing NNI: done in 0.000457228 secs using 497.1% CPU
Optimizing NNI: done in 0.000566896 secs using 98.78% CPU
Optimizing NNI: done in 0.000557973 secs using 457.7% CPU
Optimizing NNI: done in 0.00055757 secs using 455.2% CPU
Optimizing NNI: done in 0.000231004 secs using 99.57% CPU
Optimizing NNI: done in 0.000408327 secs using 589.7% CPU
Optimizing NNI: done in 0.00062962 secs using 99.58% CPU
Optimizing NNI: done in 0.000417957 secs using 99.53% CPU
Optimizing NNI: done in 0.000513873 secs using 488.8% CPU
Optimizing NNI: done in 0.000310408 secs using 99.22% CPU
Optimizing NNI: done in 0.00059541 secs using 435.7% CPU
Optimizing NNI: done in 0.000508133 secs using 99.58% CPU
Optimizing NNI: done in 0.000487566 secs using 509.9% CPU
Optimizing NNI: done in 0.000428232 secs using 99.71% CPU
Optimizing NNI: done in 0.000467738 secs using 99.2% CPU
WARNING: 3 threads for alignment length 23 will slow down analysis
Optimizing NNI: done in 0.000550826 secs using 290.8% CPU
Optimizing NNI: done in 0.000408822 secs using 98.82% CPU
Optimizing NNI: done in 0.000491001 secs using 506.9% CPU
Optimizing NNI: done in 0.000329636 secs using 546.7% CPU
Optimizing NNI: done in 0.000549847 secs using 459% CPU
Optimizing NNI: done in 0.000515495 secs using 476.8% CPU
Optimizing NNI: done in 0.000442323 secs using 99.7% CPU
Optimizing NNI: done in 0.000529318 secs using 477.4% CPU
Optimizing NNI: done in 0.000678933 secs using 394.3% CPU
Optimizing NNI: done in 0.000446657 secs using 547.4% CPU
Optimizing NNI: done in 0.000426768 secs using 99.82% CPU
Optimizing NNI: done in 0.000431602 secs using 335.3% CPU
Optimizing NNI: done in 0.000571367 secs using 98.71% CPU
Optimizing NNI: done in 0.000303092 secs using 759.2% CPU
Optimizing NNI: done in 0.00051171 secs using 138.6% CPU
Optimizing NNI: done in 0.000544224 secs using 467.1% CPU
Optimizing NNI: done in 0.000482691 secs using 514.2% CPU
Optimizing NNI: done in 0.000490092 secs using 507.9% CPU
Optimizing NNI: done in 0.000456572 secs using 99.44% CPU
Optimizing NNI: done in 0.000526364 secs using 98.6% CPU
Optimizing NNI: done in 0.000333412 secs using 99.28% CPU
Optimizing NNI: done in 0.000566442 secs using 451.9% CPU
WARNING: 3 threads for alignment length 23 will slow down analysis
Optimizing NNI: done in 0.000318417 secs using 113.7% CPU
Optimizing NNI: done in 0.000467604 secs using 447.8% CPU
Optimizing NNI: done in 0.000494799 secs using 99.64% CPU
Optimizing NNI: done in 0.000467011 secs using 527.8% CPU
Optimizing NNI: done in 0.000445308 secs using 548.6% CPU
WARNING: 3 threads for alignment length 23 will slow down analysis
Optimizing NNI: done in 0.00063193 secs using 270.1% CPU
Optimizing NNI: done in 0.00046812 secs using 500.1% CPU
Optimizing NNI: done in 0.000558826 secs using 457.4% CPU
Optimizing NNI: done in 0.000499185 secs using 501.2% CPU
WARNING: 3 threads for alignment length 23 will slow down analysis
Optimizing NNI: done in 0.000323351 secs using 110.7% CPU
Optimizing NNI: done in 0.000432037 secs using 475.2% CPU
Optimizing NNI: done in 0.00053852 secs using 99.72% CPU
Optimizing NNI: done in 0.000644429 secs using 410.1% CPU
Optimizing NNI: done in 0.000426025 secs using 569.2% CPU
Optimizing NNI: done in 0.00057402 secs using 99.65% CPU
Optimizing NNI: done in 0.000556017 secs using 459.3% CPU
Optimizing NNI: done in 0.000594296 secs using 436.1% CPU
Optimizing NNI: done in 0.000518559 secs using 99.51% CPU
Optimizing NNI: done in 0.00048701 secs using 459.7% CPU
Optimizing NNI: done in 0.00049878 secs using 99.64% CPU
Optimizing NNI: done in 0.000522381 secs using 367.5% CPU
WARNING: 3 threads for alignment length 22 will slow down analysis
Optimizing NNI: done in 0.000437837 secs using 341.5% CPU
Optimizing NNI: done in 0.000487688 secs using 99.65% CPU
Optimizing NNI: done in 0.000430623 secs using 564.1% CPU
Optimizing NNI: done in 0.000611673 secs using 426.7% CPU
Optimizing NNI: done in 0.000543124 secs using 99.24% CPU
Optimizing NNI: done in 0.000490235 secs using 460% CPU
Optimizing NNI: done in 0.000287779 secs using 99.73% CPU
Optimizing NNI: done in 0.00039379 secs using 98.78% CPU
WARNING: 3 threads for alignment length 23 will slow down analysis
Optimizing NNI: done in 0.000459487 secs using 106% CPU
Optimizing NNI: done in 0.000398282 secs using 99.43% CPU
Optimizing NNI: done in 0.000561397 secs using 455.8% CPU
Optimizing NNI: done in 0.000546536 secs using 99.9% CPU
Optimizing NNI: done in 0.00050738 secs using 494.1% CPU
Optimizing NNI: done in 0.000557385 secs using 98.5% CPU
Optimizing NNI: done in 0.000542979 secs using 98.53% CPU
Optimizing NNI: done in 0.000510745 secs using 491% CPU
Optimizing NNI: done in 0.000511462 secs using 490.8% CPU
Optimizing NNI: done in 0.000525371 secs using 479.5% CPU
Optimizing NNI: done in 0.000254495 secs using 99.02% CPU
Optimizing NNI: done in 0.00061208 secs using 426.7% CPU
Optimizing NNI: done in 0.000582557 secs using 443% CPU
Optimizing NNI: done in 0.000570098 secs using 99.81% CPU
Optimizing NNI: done in 0.00049165 secs using 99.46% CPU
WARNING: 3 threads for alignment length 23 will slow down analysis
Optimizing NNI: done in 0.000487328 secs using 106.3% CPU
Optimizing NNI: done in 0.000587691 secs using 99.71% CPU
Optimizing NNI: done in 0.000437087 secs using 99.75% CPU
Optimizing NNI: done in 0.000594939 secs using 435.8% CPU
Optimizing NNI: done in 0.000427728 secs using 566.7% CPU
Optimizing NNI: done in 0.000556491 secs using 98.83% CPU
Optimizing NNI: done in 0.00051953 secs using 484.7% CPU
Optimizing NNI: done in 0.000474896 secs using 98.34% CPU
Optimizing NNI: done in 0.000507527 secs using 99.5% CPU
Optimizing NNI: done in 0.000444769 secs using 194% CPU
Optimizing NNI: done in 0.000512453 secs using 98.74% CPU
Optimizing NNI: done in 0.0004746 secs using 521.3% CPU
Optimizing NNI: done in 0.000509295 secs using 99.75% CPU
Optimizing NNI: done in 0.000384438 secs using 619.6% CPU
Optimizing NNI: done in 0.000517391 secs using 438.4% CPU
300 samples done
Optimizing NNI: done in 0.000486266 secs using 98.92% CPU
Optimizing NNI: done in 0.000451581 secs using 99.43% CPU
Optimizing NNI: done in 0.000285109 secs using 99.61% CPU
Optimizing NNI: done in 0.000589978 secs using 438.5% CPU
Optimizing NNI: done in 0.0004453 secs using 548.8% CPU
Optimizing NNI: done in 0.000414214 secs using 344% CPU
WARNING: 3 threads for alignment length 23 will slow down analysis
Optimizing NNI: done in 0.000631784 secs using 114.1% CPU
Optimizing NNI: done in 0.000428824 secs using 467.6% CPU
Optimizing NNI: done in 0.000539933 secs using 470.4% CPU
Optimizing NNI: done in 0.000612108 secs using 426.2% CPU
Optimizing NNI: done in 0.000876442 secs using 322% CPU
Optimizing NNI: done in 0.000293526 secs using 99.14% CPU
Optimizing NNI: done in 0.000496421 secs using 502.4% CPU
Optimizing NNI: done in 0.000488869 secs using 509.1% CPU
Optimizing NNI: done in 0.000227439 secs using 99.37% CPU
Optimizing NNI: done in 0.000442552 secs using 551.3% CPU
Optimizing NNI: done in 0.000405307 secs using 99.68% CPU
Optimizing NNI: done in 0.000520219 secs using 484.2% CPU
Optimizing NNI: done in 0.000459576 secs using 99.87% CPU
Optimizing NNI: done in 0.000455489 secs using 538.8% CPU
Optimizing NNI: done in 0.000433651 secs using 97.77% CPU
Optimizing NNI: done in 0.000448646 secs using 98.52% CPU
WARNING: 3 threads for alignment length 23 will slow down analysis
Optimizing NNI: done in 0.000546392 secs using 290.6% CPU
Optimizing NNI: done in 0.000550456 secs using 169.9% CPU
Optimizing NNI: done in 0.000456658 secs using 99.64% CPU
Optimizing NNI: done in 0.000336591 secs using 99.82% CPU
Optimizing NNI: done in 0.000507784 secs using 493.7% CPU
Optimizing NNI: done in 0.000526237 secs using 99.76% CPU
Optimizing NNI: done in 0.000482973 secs using 99.8% CPU
Optimizing NNI: done in 0.00045936 secs using 99.7% CPU
Optimizing NNI: done in 0.000512324 secs using 97.98% CPU
Optimizing NNI: done in 0.000456177 secs using 99.3% CPU
Optimizing NNI: done in 0.000471054 secs using 522.4% CPU
Optimizing NNI: done in 0.000530452 secs using 99.35% CPU
WARNING: 3 threads for alignment length 23 will slow down analysis
Optimizing NNI: done in 0.000426679 secs using 345.7% CPU
Optimizing NNI: done in 0.000526115 secs using 99.79% CPU
Optimizing NNI: done in 0.000489132 secs using 99.36% CPU
Optimizing NNI: done in 0.000320663 secs using 723.2% CPU
Optimizing NNI: done in 0.00052271 secs using 99.86% CPU
Optimizing NNI: done in 0.000582504 secs using 442.9% CPU
Optimizing NNI: done in 0.00041421 secs using 99.71% CPU
Optimizing NNI: done in 0.000675643 secs using 401.8% CPU
Optimizing NNI: done in 0.000444534 secs using 549.3% CPU
Optimizing NNI: done in 0.000558852 secs using 99.49% CPU
Optimizing NNI: done in 0.000563846 secs using 454.4% CPU
Optimizing NNI: done in 0.00039101 secs using 99.23% CPU
Optimizing NNI: done in 0.000545587 secs using 288.1% CPU
Optimizing NNI: done in 0.000540885 secs using 98.73% CPU
Optimizing NNI: done in 0.000377744 secs using 628.7% CPU
Optimizing NNI: done in 0.000469774 secs using 525.4% CPU
Optimizing NNI: done in 0.000453889 secs using 99.58% CPU
Optimizing NNI: done in 0.000623064 secs using 420.2% CPU
Optimizing NNI: done in 0.000422145 secs using 99.49% CPU
Optimizing NNI: done in 0.000651088 secs using 399.5% CPU
Optimizing NNI: done in 0.000461244 secs using 99.51% CPU
Optimizing NNI: done in 0.000510489 secs using 491.3% CPU
Optimizing NNI: done in 0.000593443 secs using 88.3% CPU
Optimizing NNI: done in 0.000588687 secs using 438.9% CPU
Optimizing NNI: done in 0.000475249 secs using 99.74% CPU
Optimizing NNI: done in 0.000409945 secs using 587.6% CPU
Optimizing NNI: done in 0.000569227 secs using 99.78% CPU
Optimizing NNI: done in 0.000515518 secs using 99.51% CPU
Optimizing NNI: done in 0.000431286 secs using 332.5% CPU
Optimizing NNI: done in 0.00040685 secs using 98.81% CPU
Optimizing NNI: done in 0.000477089 secs using 517.9% CPU
Optimizing NNI: done in 0.000501114 secs using 499.1% CPU
Optimizing NNI: done in 0.000520455 secs using 98.57% CPU
Optimizing NNI: done in 0.000499202 secs using 99.76% CPU
Optimizing NNI: done in 0.000418553 secs using 99.63% CPU
Optimizing NNI: done in 0.000549264 secs using 99.59% CPU
Optimizing NNI: done in 0.000518016 secs using 485.9% CPU
Optimizing NNI: done in 0.000505774 secs using 99.65% CPU
Optimizing NNI: done in 0.000507935 secs using 99.62% CPU
Optimizing NNI: done in 0.00051318 secs using 99.58% CPU
Optimizing NNI: done in 0.000479111 secs using 99.77% CPU
Optimizing NNI: done in 0.000480802 secs using 99.42% CPU
Optimizing NNI: done in 0.000476247 secs using 519.5% CPU
Optimizing NNI: done in 0.000433144 secs using 98.81% CPU
Optimizing NNI: done in 0.000414147 secs using 582.6% CPU
Optimizing NNI: done in 0.000629262 secs using 417.5% CPU
Optimizing NNI: done in 0.000766208 secs using 99.32% CPU
Optimizing NNI: done in 0.000436606 secs using 99.4% CPU
Optimizing NNI: done in 0.000308466 secs using 747.2% CPU
Optimizing NNI: done in 0.000501162 secs using 499% CPU
Optimizing NNI: done in 0.000613645 secs using 423.7% CPU
Optimizing NNI: done in 0.000514758 secs using 488.6% CPU
Optimizing NNI: done in 0.00038876 secs using 99.55% CPU
WARNING: 3 threads for alignment length 23 will slow down analysis
Optimizing NNI: done in 0.000564861 secs using 109.6% CPU
Optimizing NNI: done in 0.000553456 secs using 383% CPU
WARNING: 3 threads for alignment length 22 will slow down analysis
Optimizing NNI: done in 0.000407643 secs using 110.9% CPU
Optimizing NNI: done in 0.000478809 secs using 99.62% CPU
Optimizing NNI: done in 0.00047456 secs using 521.3% CPU
Optimizing NNI: done in 0.00062404 secs using 418.4% CPU
Optimizing NNI: done in 0.000518001 secs using 485.5% CPU
Optimizing NNI: done in 0.000593356 secs using 436.7% CPU
Optimizing NNI: done in 0.000556044 secs using 459.1% CPU
Optimizing NNI: done in 0.000452974 secs using 99.34% CPU
Optimizing NNI: done in 0.000511593 secs using 99.69% CPU
Optimizing NNI: done in 0.000652263 secs using 406.1% CPU
Optimizing NNI: done in 0.000606864 secs using 99.53% CPU
400 samples done
Optimizing NNI: done in 0.000478566 secs using 98.63% CPU
Optimizing NNI: done in 0.000629124 secs using 115.4% CPU
Optimizing NNI: done in 0.000525942 secs using 479.7% CPU
Optimizing NNI: done in 0.000470981 secs using 99.79% CPU
Optimizing NNI: done in 0.000501123 secs using 498.9% CPU
Optimizing NNI: done in 0.000492409 secs using 99.51% CPU
WARNING: 3 threads for alignment length 23 will slow down analysis
Optimizing NNI: done in 0.000525147 secs using 304.5% CPU
Optimizing NNI: done in 0.000407369 secs using 99.66% CPU
Optimizing NNI: done in 0.000499141 secs using 495.9% CPU
Optimizing NNI: done in 0.000421078 secs using 98.79% CPU
Optimizing NNI: done in 0.000592165 secs using 99.3% CPU
Optimizing NNI: done in 0.000559671 secs using 99.34% CPU
Optimizing NNI: done in 0.000544164 secs using 467.1% CPU
WARNING: 3 threads for alignment length 22 will slow down analysis
Optimizing NNI: done in 0.000439192 secs using 335.4% CPU
Optimizing NNI: done in 0.000727999 secs using 237.6% CPU
Optimizing NNI: done in 0.000487291 secs using 510.4% CPU
Optimizing NNI: done in 0.0004462 secs using 99.73% CPU
Optimizing NNI: done in 0.000479024 secs using 517.9% CPU
Optimizing NNI: done in 0.000587117 secs using 430.6% CPU
Optimizing NNI: done in 0.000403269 secs using 98.69% CPU
Optimizing NNI: done in 0.000604296 secs using 266.3% CPU
WARNING: 3 threads for alignment length 23 will slow down analysis
Optimizing NNI: done in 0.000507285 secs using 105.1% CPU
Optimizing NNI: done in 0.000383376 secs using 98.86% CPU
Optimizing NNI: done in 0.000543316 secs using 99.39% CPU
Optimizing NNI: done in 0.000424095 secs using 329.6% CPU
Optimizing NNI: done in 0.000535571 secs using 98.77% CPU
Optimizing NNI: done in 0.000469028 secs using 526.4% CPU
Optimizing NNI: done in 0.000503661 secs using 99.47% CPU
Optimizing NNI: done in 0.00059256 secs using 436.9% CPU
Optimizing NNI: done in 0.000685594 secs using 391.2% CPU
Optimizing NNI: done in 0.000394696 secs using 99.57% CPU
Optimizing NNI: done in 0.000572682 secs using 99.36% CPU
Optimizing NNI: done in 0.000579081 secs using 99.47% CPU
Optimizing NNI: done in 0.000419885 secs using 576.1% CPU
Optimizing NNI: done in 0.000406959 secs using 99.76% CPU
Optimizing NNI: done in 0.000343313 secs using 99.62% CPU
Optimizing NNI: done in 0.000403043 secs using 99.49% CPU
Optimizing NNI: done in 0.000411266 secs using 586% CPU
Optimizing NNI: done in 0.000513177 secs using 98.41% CPU
Optimizing NNI: done in 0.000445205 secs using 99.06% CPU
Optimizing NNI: done in 0.000524426 secs using 99.35% CPU
Optimizing NNI: done in 0.000216932 secs using 99.11% CPU
Optimizing NNI: done in 0.000504292 secs using 99.74% CPU
Optimizing NNI: done in 0.000418203 secs using 578.2% CPU
Optimizing NNI: done in 0.000582251 secs using 98.24% CPU
Optimizing NNI: done in 0.00051113 secs using 490.7% CPU
Optimizing NNI: done in 0.000487578 secs using 99.68% CPU
Optimizing NNI: done in 0.000427907 secs using 567.2% CPU
Optimizing NNI: done in 0.000478459 secs using 99.9% CPU
WARNING: 3 threads for alignment length 23 will slow down analysis
Optimizing NNI: done in 0.000260716 secs using 118.9% CPU
Optimizing NNI: done in 0.000664447 secs using 325.4% CPU
Optimizing NNI: done in 0.000528683 secs using 99.87% CPU
Optimizing NNI: done in 0.000420519 secs using 575.2% CPU
Optimizing NNI: done in 0.000473177 secs using 522.4% CPU
Optimizing NNI: done in 0.000508623 secs using 298.8% CPU
Optimizing NNI: done in 0.000574716 secs using 98.48% CPU
Optimizing NNI: done in 0.000453556 secs using 540.8% CPU
Optimizing NNI: done in 0.00045193 secs using 99.79% CPU
WARNING: 3 threads for alignment length 23 will slow down analysis
Optimizing NNI: done in 0.000522897 secs using 107.1% CPU
Optimizing NNI: done in 0.000484005 secs using 98.55% CPU
Optimizing NNI: done in 0.000430255 secs using 99.48% CPU
Optimizing NNI: done in 0.000431445 secs using 563% CPU
Optimizing NNI: done in 0.000552415 secs using 99.92% CPU
Optimizing NNI: done in 0.000575695 secs using 447.3% CPU
Optimizing NNI: done in 0.000408971 secs using 99.27% CPU
Optimizing NNI: done in 0.000489211 secs using 98.53% CPU
Optimizing NNI: done in 0.000457605 secs using 99.65% CPU
Optimizing NNI: done in 0.000462135 secs using 420% CPU
Optimizing NNI: done in 0.000392145 secs using 99.45% CPU
Optimizing NNI: done in 0.000436037 secs using 99.76% CPU
Optimizing NNI: done in 0.0004377 secs using 556.5% CPU
Optimizing NNI: done in 0.00045364 secs using 99.86% CPU
Optimizing NNI: done in 0.00036988 secs using 99.49% CPU
Optimizing NNI: done in 0.000461966 secs using 532.1% CPU
Optimizing NNI: done in 0.000493907 secs using 99.61% CPU
Optimizing NNI: done in 0.000554225 secs using 99.6% CPU
Optimizing NNI: done in 0.000274741 secs using 99.73% CPU
Optimizing NNI: done in 0.000544478 secs using 466.7% CPU
WARNING: 3 threads for alignment length 23 will slow down analysis
Optimizing NNI: done in 0.000550835 secs using 286.8% CPU
Optimizing NNI: done in 0.000239158 secs using 99.52% CPU
Optimizing NNI: done in 0.000528922 secs using 291.3% CPU
Optimizing NNI: done in 0.000416119 secs using 579.9% CPU
Optimizing NNI: done in 0.000362482 secs using 98.21% CPU
Optimizing NNI: done in 0.000463954 secs using 99.79% CPU
WARNING: 3 threads for alignment length 22 will slow down analysis
Optimizing NNI: done in 0.00045284 secs using 330.8% CPU
Optimizing NNI: done in 0.000392107 secs using 489.4% CPU
Optimizing NNI: done in 0.000618002 secs using 99.68% CPU
Optimizing NNI: done in 0.000493251 secs using 496.5% CPU
Optimizing NNI: done in 0.000501664 secs using 498.1% CPU
Optimizing NNI: done in 0.00046757 secs using 99.88% CPU
Optimizing NNI: done in 0.000495696 secs using 99.66% CPU
Optimizing NNI: done in 0.000256117 secs using 99.56% CPU
Optimizing NNI: done in 0.000608531 secs using 427.9% CPU
Optimizing NNI: done in 0.000460395 secs using 534.5% CPU
Optimizing NNI: done in 0.000384428 secs using 99.63% CPU
Optimizing NNI: done in 0.000614118 secs using 99.49% CPU
Optimizing NNI: done in 0.000323029 secs using 99.06% CPU
Optimizing NNI: done in 0.000580057 secs using 444.3% CPU
Optimizing NNI: done in 0.000434943 secs using 99.78% CPU
Optimizing NNI: done in 0.000541419 secs using 468.6% CPU
500 samples done
Optimizing NNI: done in 0.000446061 secs using 98.64% CPU
Optimizing NNI: done in 0.000433462 secs using 560.6% CPU
Optimizing NNI: done in 0.000523629 secs using 99.88% CPU
Optimizing NNI: done in 0.000432116 secs using 99.51% CPU
Optimizing NNI: done in 0.000780572 secs using 357.2% CPU
Optimizing NNI: done in 0.000602894 secs using 98.86% CPU
Optimizing NNI: done in 0.000356638 secs using 99.82% CPU
Optimizing NNI: done in 0.000461323 secs using 98.85% CPU
Optimizing NNI: done in 0.000538138 secs using 471.1% CPU
WARNING: 3 threads for alignment length 23 will slow down analysis
Optimizing NNI: done in 0.000452708 secs using 109.1% CPU
Optimizing NNI: done in 0.000468781 secs using 497.5% CPU
Optimizing NNI: done in 0.000286668 secs using 99.42% CPU
Optimizing NNI: done in 0.000467207 secs using 99.74% CPU
Optimizing NNI: done in 0.000458766 secs using 99.62% CPU
Optimizing NNI: done in 0.00043317 secs using 552.4% CPU
Optimizing NNI: done in 0.000317118 secs using 492.9% CPU
Optimizing NNI: done in 0.0004706 secs using 99.87% CPU
Optimizing NNI: done in 0.00059934 secs using 187% CPU
Optimizing NNI: done in 0.000424139 secs using 99.73% CPU
Optimizing NNI: done in 0.000523888 secs using 99.83% CPU
Optimizing NNI: done in 0.000444208 secs using 99.73% CPU
Optimizing NNI: done in 0.000414805 secs using 582.2% CPU
Optimizing NNI: done in 0.000500484 secs using 499.5% CPU
Optimizing NNI: done in 0.000300289 secs using 765.6% CPU
Optimizing NNI: done in 0.000497913 secs using 99.82% CPU
Optimizing NNI: done in 0.000486624 secs using 99.87% CPU
Optimizing NNI: done in 0.000569007 secs using 158.2% CPU
Optimizing NNI: done in 0.000537869 secs using 503.1% CPU
Optimizing NNI: done in 0.000478432 secs using 517.9% CPU
Optimizing NNI: done in 0.000441377 secs using 552.8% CPU
Optimizing NNI: done in 0.000528075 secs using 478% CPU
Optimizing NNI: done in 0.000514277 secs using 297.7% CPU
Optimizing NNI: done in 0.000457312 secs using 98.84% CPU
Optimizing NNI: done in 0.000414792 secs using 99.81% CPU
Optimizing NNI: done in 0.000351531 secs using 668.5% CPU
Optimizing NNI: done in 0.000596348 secs using 435.3% CPU
Optimizing NNI: done in 0.000519145 secs using 485.8% CPU
Optimizing NNI: done in 0.000581129 secs using 442.6% CPU
Optimizing NNI: done in 0.000487801 secs using 98.81% CPU
Optimizing NNI: done in 0.000502586 secs using 99.68% CPU
Optimizing NNI: done in 0.000395953 secs using 160.6% CPU
Optimizing NNI: done in 0.000476008 secs using 99.79% CPU
Optimizing NNI: done in 0.000483097 secs using 514% CPU
Optimizing NNI: done in 0.00043888 secs using 99.57% CPU
Optimizing NNI: done in 0.000485014 secs using 99.79% CPU
Optimizing NNI: done in 0.000467418 secs using 99.91% CPU
Optimizing NNI: done in 0.000537034 secs using 287.7% CPU
Optimizing NNI: done in 0.000531031 secs using 476.6% CPU
Optimizing NNI: done in 0.000516826 secs using 316.2% CPU
Optimizing NNI: done in 0.000464224 secs using 487.9% CPU
Optimizing NNI: done in 0.000511437 secs using 99.33% CPU
Optimizing NNI: done in 0.000478149 secs using 99.76% CPU
Optimizing NNI: done in 0.000492429 secs using 99.71% CPU
Optimizing NNI: done in 0.000534019 secs using 138.2% CPU
Optimizing NNI: done in 0.000469059 secs using 99.77% CPU
Optimizing NNI: done in 0.000459925 secs using 534.7% CPU
Optimizing NNI: done in 0.000447912 secs using 99.57% CPU
Optimizing NNI: done in 0.000515001 secs using 439.6% CPU
Optimizing NNI: done in 0.000487871 secs using 99.62% CPU
Optimizing NNI: done in 0.000473679 secs using 99.86% CPU
Optimizing NNI: done in 0.000490994 secs using 305.5% CPU
Optimizing NNI: done in 0.000491301 secs using 419.7% CPU
Optimizing NNI: done in 0.000511215 secs using 491% CPU
Optimizing NNI: done in 0.000239321 secs using 99.45% CPU
Optimizing NNI: done in 0.000500702 secs using 99.86% CPU
Optimizing NNI: done in 0.000246649 secs using 99.74% CPU
Optimizing NNI: done in 0.000416308 secs using 579.9% CPU
Optimizing NNI: done in 0.000494378 secs using 504.3% CPU
Optimizing NNI: done in 0.000292927 secs using 99.68% CPU
Optimizing NNI: done in 0.000540697 secs using 469.9% CPU
Optimizing NNI: done in 0.00046863 secs using 483.3% CPU
Optimizing NNI: done in 0.000281081 secs using 98.55% CPU
Optimizing NNI: done in 0.000503054 secs using 99.79% CPU
Optimizing NNI: done in 0.00046531 secs using 98.64% CPU
Optimizing NNI: done in 0.000484981 secs using 512.2% CPU
Optimizing NNI: done in 0.000480419 secs using 516.2% CPU
Optimizing NNI: done in 0.000480932 secs using 515.7% CPU
Optimizing NNI: done in 0.000478617 secs using 517.5% CPU
Optimizing NNI: done in 0.000489248 secs using 99.34% CPU
Optimizing NNI: done in 0.000547136 secs using 98.7% CPU
Optimizing NNI: done in 0.000559212 secs using 98.71% CPU
Optimizing NNI: done in 0.000409459 secs using 99.89% CPU
Optimizing NNI: done in 0.000524994 secs using 292.2% CPU
Optimizing NNI: done in 0.000436471 secs using 98.52% CPU
Optimizing NNI: done in 0.000459349 secs using 99.71% CPU
Optimizing NNI: done in 0.000499691 secs using 500.3% CPU
Optimizing NNI: done in 0.00051965 secs using 99.68% CPU
Optimizing NNI: done in 0.000633954 secs using 414.9% CPU
Optimizing NNI: done in 0.000513363 secs using 489.1% CPU
Optimizing NNI: done in 0.000387838 secs using 614.7% CPU
Optimizing NNI: done in 0.000384813 secs using 619.3% CPU
Optimizing NNI: done in 0.000567332 secs using 99.59% CPU
Optimizing NNI: done in 0.000280248 secs using 817.8% CPU
Optimizing NNI: done in 0.000548765 secs using 99.68% CPU
Optimizing NNI: done in 0.000460086 secs using 534% CPU
Optimizing NNI: done in 0.000456626 secs using 537.9% CPU
WARNING: 3 threads for alignment length 23 will slow down analysis
Optimizing NNI: done in 0.000617773 secs using 269.5% CPU
Optimizing NNI: done in 0.000412555 secs using 575% CPU
Optimizing NNI: done in 0.000525612 secs using 99.69% CPU
Optimizing NNI: done in 0.000422667 secs using 573% CPU
600 samples done
Optimizing NNI: done in 0.000529432 secs using 99.35% CPU
Optimizing NNI: done in 0.000435437 secs using 559% CPU
Optimizing NNI: done in 0.000282363 secs using 99.52% CPU
Optimizing NNI: done in 0.000448526 secs using 99.21% CPU
Optimizing NNI: done in 0.000439317 secs using 554.7% CPU
Optimizing NNI: done in 0.000565137 secs using 412.6% CPU
Optimizing NNI: done in 0.000545961 secs using 99.46% CPU
Optimizing NNI: done in 0.000303611 secs using 98.81% CPU
Optimizing NNI: done in 0.000371878 secs using 637.3% CPU
Optimizing NNI: done in 0.000583283 secs using 99.09% CPU
Optimizing NNI: done in 0.00043142 secs using 563.3% CPU
Optimizing NNI: done in 0.000567287 secs using 452.5% CPU
Optimizing NNI: done in 0.000501161 secs using 99.77% CPU
Optimizing NNI: done in 0.00070245 secs using 383.9% CPU
Optimizing NNI: done in 0.000485921 secs using 99.6% CPU
WARNING: 3 threads for alignment length 22 will slow down analysis
Optimizing NNI: done in 0.000580388 secs using 283.1% CPU
Optimizing NNI: done in 0.000427839 secs using 432.9% CPU
Optimizing NNI: done in 0.000546153 secs using 362.4% CPU
Optimizing NNI: done in 0.000492084 secs using 506% CPU
Optimizing NNI: done in 0.000503028 secs using 99.8% CPU
Optimizing NNI: done in 0.000514462 secs using 489.1% CPU
Optimizing NNI: done in 0.000387672 secs using 615.5% CPU
Optimizing NNI: done in 0.000414615 secs using 99.61% CPU
Optimizing NNI: done in 0.000242107 secs using 99.54% CPU
Optimizing NNI: done in 0.000536538 secs using 472.7% CPU
Optimizing NNI: done in 0.00023047 secs using 966.7% CPU
WARNING: 3 threads for alignment length 23 will slow down analysis
Optimizing NNI: done in 0.00051521 secs using 108.7% CPU
Optimizing NNI: done in 0.000395846 secs using 99.53% CPU
Optimizing NNI: done in 0.000477445 secs using 312.3% CPU
Optimizing NNI: done in 0.000505049 secs using 496% CPU
WARNING: 3 threads for alignment length 22 will slow down analysis
Optimizing NNI: done in 0.000501135 secs using 104.6% CPU
Optimizing NNI: done in 0.000563289 secs using 99.59% CPU
Optimizing NNI: done in 0.000308008 secs using 98.37% CPU
Optimizing NNI: done in 0.000552907 secs using 99.84% CPU
Optimizing NNI: done in 0.000261826 secs using 99.68% CPU
Optimizing NNI: done in 0.000448299 secs using 548.1% CPU
Optimizing NNI: done in 0.00044794 secs using 505% CPU
Optimizing NNI: done in 0.000493841 secs using 504.8% CPU
Optimizing NNI: done in 0.000548242 secs using 464.9% CPU
WARNING: 3 threads for alignment length 22 will slow down analysis
Optimizing NNI: done in 0.000482462 secs using 316.1% CPU
Optimizing NNI: done in 0.00055603 secs using 439.9% CPU
Optimizing NNI: done in 0.000460725 secs using 533.7% CPU
Optimizing NNI: done in 0.000281524 secs using 99.1% CPU
Optimizing NNI: done in 0.000618155 secs using 461.4% CPU
Optimizing NNI: done in 0.000429458 secs using 519.5% CPU
Optimizing NNI: done in 0.000516755 secs using 486.3% CPU
Optimizing NNI: done in 0.000474933 secs using 521.1% CPU
Optimizing NNI: done in 0.000518194 secs using 99.38% CPU
Optimizing NNI: done in 0.000428284 secs using 98.53% CPU
Optimizing NNI: done in 0.000384784 secs using 618.3% CPU
Optimizing NNI: done in 0.000474512 secs using 312.5% CPU
Optimizing NNI: done in 0.000494715 secs using 98.64% CPU
Optimizing NNI: done in 0.000548859 secs using 464.4% CPU
Optimizing NNI: done in 0.000473599 secs using 518.4% CPU
Optimizing NNI: done in 0.000465928 secs using 98.51% CPU
Optimizing NNI: done in 0.000543458 secs using 99.73% CPU
Optimizing NNI: done in 0.000238347 secs using 99.43% CPU
Optimizing NNI: done in 0.000470123 secs using 524.8% CPU
Optimizing NNI: done in 0.000252917 secs using 99.24% CPU
Optimizing NNI: done in 0.000455412 secs using 538.6% CPU
Optimizing NNI: done in 0.00064641 secs using 408.7% CPU
Optimizing NNI: done in 0.000441172 secs using 98.37% CPU
Optimizing NNI: done in 0.000484903 secs using 98.58% CPU
Optimizing NNI: done in 0.000428641 secs using 566% CPU
Optimizing NNI: done in 0.000543436 secs using 467.6% CPU
Optimizing NNI: done in 0.000557793 secs using 458.1% CPU
Optimizing NNI: done in 0.000556499 secs using 459.1% CPU
Optimizing NNI: done in 0.000409916 secs using 587.4% CPU
Optimizing NNI: done in 0.000304441 secs using 99.86% CPU
Optimizing NNI: done in 0.000562909 secs using 455% CPU
Optimizing NNI: done in 0.000412183 secs using 508.3% CPU
Optimizing NNI: done in 0.000530145 secs using 476.7% CPU
Optimizing NNI: done in 0.000522429 secs using 99.15% CPU
Optimizing NNI: done in 0.000650506 secs using 92.39% CPU
Optimizing NNI: done in 0.000535786 secs using 473.1% CPU
WARNING: 3 threads for alignment length 23 will slow down analysis
Optimizing NNI: done in 0.000528539 secs using 112.4% CPU
Optimizing NNI: done in 0.00058676 secs using 182.7% CPU
Optimizing NNI: done in 0.000536767 secs using 471.9% CPU
Optimizing NNI: done in 0.00045944 secs using 99.25% CPU
Optimizing NNI: done in 0.000432512 secs using 99.65% CPU
Optimizing NNI: done in 0.000564767 secs using 454% CPU
Optimizing NNI: done in 0.000520506 secs using 99.71% CPU
Optimizing NNI: done in 0.000578703 secs using 92.28% CPU
Optimizing NNI: done in 0.0002996 secs using 767% CPU
Optimizing NNI: done in 0.000509542 secs using 99.5% CPU
Optimizing NNI: done in 0.000504734 secs using 496.3% CPU
Optimizing NNI: done in 0.000472727 secs using 313.3% CPU
Optimizing NNI: done in 0.000534537 secs using 473.5% CPU
Optimizing NNI: done in 0.000535673 secs using 473% CPU
Optimizing NNI: done in 0.000510264 secs using 491.7% CPU
Optimizing NNI: done in 0.000560916 secs using 99.66% CPU
Optimizing NNI: done in 0.000566552 secs using 452.4% CPU
Optimizing NNI: done in 0.000618044 secs using 99.35% CPU
Optimizing NNI: done in 0.000475151 secs using 99.34% CPU
Optimizing NNI: done in 0.000398854 secs using 600.7% CPU
WARNING: 3 threads for alignment length 23 will slow down analysis
Optimizing NNI: done in 0.000668511 secs using 258.6% CPU
Optimizing NNI: done in 0.000388371 secs using 98.36% CPU
Optimizing NNI: done in 0.000488987 secs using 98.78% CPU
Optimizing NNI: done in 0.000440704 secs using 99.61% CPU
Optimizing NNI: done in 0.00059733 secs using 433.8% CPU
700 samples done
Optimizing NNI: done in 0.000306618 secs using 99.47% CPU
Optimizing NNI: done in 0.000302426 secs using 761.5% CPU
Optimizing NNI: done in 0.000428902 secs using 99.79% CPU
Optimizing NNI: done in 0.000534919 secs using 473% CPU
Optimizing NNI: done in 0.000496648 secs using 502% CPU
Optimizing NNI: done in 0.000575475 secs using 447.5% CPU
WARNING: 3 threads for alignment length 22 will slow down analysis
Optimizing NNI: done in 0.000572088 secs using 105.6% CPU
Optimizing NNI: done in 0.000619872 secs using 405.1% CPU
Optimizing NNI: done in 0.000446903 secs using 546.9% CPU
Optimizing NNI: done in 0.000445611 secs using 548.2% CPU
Optimizing NNI: done in 0.000577149 secs using 274.5% CPU
Optimizing NNI: done in 0.000548861 secs using 464.4% CPU
Optimizing NNI: done in 0.000686305 secs using 390.9% CPU
Optimizing NNI: done in 0.000305593 secs using 98.5% CPU
Optimizing NNI: done in 0.000441179 secs using 99.96% CPU
Optimizing NNI: done in 0.000518535 secs using 485.2% CPU
Optimizing NNI: done in 0.000389069 secs using 99.73% CPU
Optimizing NNI: done in 0.000554759 secs using 99.5% CPU
Optimizing NNI: done in 0.000443859 secs using 327.4% CPU
Optimizing NNI: done in 0.000538954 secs using 470% CPU
Optimizing NNI: done in 0.000547635 secs using 311.5% CPU
Optimizing NNI: done in 0.000623283 secs using 98.51% CPU
Optimizing NNI: done in 0.000442274 secs using 99.71% CPU
Optimizing NNI: done in 0.000379833 secs using 99.25% CPU
Optimizing NNI: done in 0.000604304 secs using 99.62% CPU
Optimizing NNI: done in 0.000449973 secs using 99.78% CPU
Optimizing NNI: done in 0.000464478 secs using 530.9% CPU
Optimizing NNI: done in 0.000674303 secs using 459.1% CPU
Optimizing NNI: done in 0.000495837 secs using 498.6% CPU
Optimizing NNI: done in 0.000244211 secs using 99.5% CPU
Optimizing NNI: done in 0.000538291 secs using 463.9% CPU
Optimizing NNI: done in 0.000656113 secs using 402.8% CPU
Optimizing NNI: done in 0.000446396 secs using 545.9% CPU
Optimizing NNI: done in 0.000400362 secs using 99.66% CPU
Optimizing NNI: done in 0.000528538 secs using 478.3% CPU
Optimizing NNI: done in 0.000411752 secs using 585.5% CPU
Optimizing NNI: done in 0.000655654 secs using 358.7% CPU
Optimizing NNI: done in 0.000500442 secs using 499.4% CPU
Optimizing NNI: done in 0.000534761 secs using 98.74% CPU
Optimizing NNI: done in 0.000656075 secs using 99.38% CPU
Optimizing NNI: done in 0.000510346 secs using 98.56% CPU
Optimizing NNI: done in 0.000464472 secs using 99.25% CPU
Optimizing NNI: done in 0.000544927 secs using 466.5% CPU
Optimizing NNI: done in 0.000508823 secs using 492.5% CPU
Optimizing NNI: done in 0.0012574 secs using 201.8% CPU
Optimizing NNI: done in 0.000427962 secs using 99.31% CPU
Optimizing NNI: done in 0.000575453 secs using 273.9% CPU
Optimizing NNI: done in 0.000291055 secs using 98.26% CPU
Optimizing NNI: done in 0.000515334 secs using 487.6% CPU
Optimizing NNI: done in 0.000538755 secs using 99.49% CPU
Optimizing NNI: done in 0.000446109 secs using 99.53% CPU
WARNING: 3 threads for alignment length 23 will slow down analysis
Optimizing NNI: done in 0.000433012 secs using 110.6% CPU
Optimizing NNI: done in 0.000378025 secs using 541.8% CPU
Optimizing NNI: done in 0.000680753 secs using 393.5% CPU
Optimizing NNI: done in 0.00060955 secs using 427.7% CPU
Optimizing NNI: done in 0.000496967 secs using 99.6% CPU
Optimizing NNI: done in 0.000554351 secs using 99.76% CPU
Optimizing NNI: done in 0.000586865 secs using 408.8% CPU
Optimizing NNI: done in 0.000503946 secs using 99.42% CPU
Optimizing NNI: done in 0.000499281 secs using 99.54% CPU
Optimizing NNI: done in 0.000459326 secs using 534.9% CPU
Optimizing NNI: done in 0.000612467 secs using 425.8% CPU
Optimizing NNI: done in 0.000390599 secs using 99.33% CPU
Optimizing NNI: done in 0.000459244 secs using 98.64% CPU
Optimizing NNI: done in 0.000538546 secs using 99.71% CPU
Optimizing NNI: done in 0.000662177 secs using 424.2% CPU
Optimizing NNI: done in 0.000487515 secs using 99.48% CPU
Optimizing NNI: done in 0.000453464 secs using 98.8% CPU
Optimizing NNI: done in 0.000447468 secs using 98.55% CPU
Optimizing NNI: done in 0.000710964 secs using 99.44% CPU
WARNING: 3 threads for alignment length 22 will slow down analysis
Optimizing NNI: done in 0.000515097 secs using 189.7% CPU
Optimizing NNI: done in 0.000493902 secs using 99.82% CPU
Optimizing NNI: done in 0.00049938 secs using 500.4% CPU
Optimizing NNI: done in 0.00038696 secs using 615.8% CPU
Optimizing NNI: done in 0.00058362 secs using 99.72% CPU
Optimizing NNI: done in 0.000569922 secs using 450.4% CPU
Optimizing NNI: done in 0.000539476 secs using 470.5% CPU
Optimizing NNI: done in 0.000579569 secs using 99.56% CPU
Optimizing NNI: done in 0.000528719 secs using 477.6% CPU
Optimizing NNI: done in 0.000550894 secs using 99.66% CPU
Optimizing NNI: done in 0.000535774 secs using 472.8% CPU
Optimizing NNI: done in 0.000569715 secs using 99.52% CPU
Optimizing NNI: done in 0.000625228 secs using 419.4% CPU
Optimizing NNI: done in 0.000622604 secs using 420.2% CPU
Optimizing NNI: done in 0.000679266 secs using 393.5% CPU
Optimizing NNI: done in 0.000713367 secs using 99.53% CPU
Optimizing NNI: done in 0.000560454 secs using 99.74% CPU
Optimizing NNI: done in 0.000332704 secs using 99.19% CPU
Optimizing NNI: done in 0.00061458 secs using 425% CPU
Optimizing NNI: done in 0.000545277 secs using 466.4% CPU
Optimizing NNI: done in 0.000558211 secs using 457.5% CPU
Optimizing NNI: done in 0.000328926 secs using 99.11% CPU
Optimizing NNI: done in 0.000574444 secs using 447.9% CPU
Optimizing NNI: done in 0.00047911 secs using 517% CPU
Optimizing NNI: done in 0.000534953 secs using 472.9% CPU
Optimizing NNI: done in 0.000543585 secs using 467.5% CPU
Optimizing NNI: done in 0.000646958 secs using 94.91% CPU
Optimizing NNI: done in 0.000571776 secs using 449.3% CPU
Optimizing NNI: done in 0.000654511 secs using 405% CPU
Optimizing NNI: done in 0.000325183 secs using 99.64% CPU
800 samples done
Optimizing NNI: done in 0.000315799 secs using 99.75% CPU
WARNING: 3 threads for alignment length 23 will slow down analysis
Optimizing NNI: done in 0.000563104 secs using 292.7% CPU
Optimizing NNI: done in 0.000628513 secs using 370.1% CPU
WARNING: 3 threads for alignment length 23 will slow down analysis
Optimizing NNI: done in 0.000383934 secs using 109.1% CPU
Optimizing NNI: done in 0.000378379 secs using 552.6% CPU
Optimizing NNI: done in 0.00040571 secs using 594.8% CPU
Optimizing NNI: done in 0.000743803 secs using 375.4% CPU
Optimizing NNI: done in 0.000520308 secs using 99.56% CPU
Optimizing NNI: done in 0.000207114 secs using 99.46% CPU
Optimizing NNI: done in 0.000510134 secs using 491.6% CPU
Optimizing NNI: done in 0.00074981 secs using 354.2% CPU
Optimizing NNI: done in 0.000566053 secs using 350.9% CPU
Optimizing NNI: done in 0.000531957 secs using 99.63% CPU
WARNING: 3 threads for alignment length 23 will slow down analysis
Optimizing NNI: done in 0.000436747 secs using 343.9% CPU
Optimizing NNI: done in 0.000474634 secs using 476.2% CPU
Optimizing NNI: done in 0.000468215 secs using 99.53% CPU
Optimizing NNI: done in 0.000283475 secs using 99.48% CPU
Optimizing NNI: done in 0.000650909 secs using 421.7% CPU
WARNING: 3 threads for alignment length 23 will slow down analysis
Optimizing NNI: done in 0.000506691 secs using 109.9% CPU
Optimizing NNI: done in 0.00058087 secs using 99.51% CPU
Optimizing NNI: done in 0.000511963 secs using 490.5% CPU
Optimizing NNI: done in 0.000562891 secs using 455% CPU
Optimizing NNI: done in 0.000394092 secs using 99.47% CPU
Optimizing NNI: done in 0.0007041 secs using 384% CPU
Optimizing NNI: done in 0.000353614 secs using 665.1% CPU
WARNING: 3 threads for alignment length 23 will slow down analysis
Optimizing NNI: done in 0.000542389 secs using 291.9% CPU
Optimizing NNI: done in 0.000508756 secs using 457.8% CPU
Optimizing NNI: done in 0.000652575 secs using 99.61% CPU
Optimizing NNI: done in 0.000491548 secs using 99.89% CPU
Optimizing NNI: done in 0.000580939 secs using 99.67% CPU
Optimizing NNI: done in 0.000428734 secs using 99.6% CPU
Optimizing NNI: done in 0.000461461 secs using 99.68% CPU
Optimizing NNI: done in 0.000486778 secs using 510.7% CPU
Optimizing NNI: done in 0.00125026 secs using 366.5% CPU
Optimizing NNI: done in 0.000490415 secs using 98.69% CPU
Optimizing NNI: done in 0.000600029 secs using 188.5% CPU
Optimizing NNI: done in 0.000476602 secs using 519.3% CPU
Optimizing NNI: done in 0.00049135 secs using 304.7% CPU
Optimizing NNI: done in 0.000505687 secs using 495.4% CPU
WARNING: 3 threads for alignment length 22 will slow down analysis
Optimizing NNI: done in 0.000571505 secs using 282.1% CPU
Optimizing NNI: done in 0.000702092 secs using 331% CPU
Optimizing NNI: done in 0.000455729 secs using 538% CPU
Optimizing NNI: done in 0.000475339 secs using 99.51% CPU
Optimizing NNI: done in 0.000213812 secs using 98.22% CPU
Optimizing NNI: done in 0.000618457 secs using 335.2% CPU
Optimizing NNI: done in 0.000480746 secs using 99.43% CPU
Optimizing NNI: done in 0.000474758 secs using 520.7% CPU
WARNING: 3 threads for alignment length 22 will slow down analysis
Optimizing NNI: done in 0.000504969 secs using 108.9% CPU
Optimizing NNI: done in 0.000506141 secs using 98.39% CPU
Optimizing NNI: done in 0.000447021 secs using 547.6% CPU
Optimizing NNI: done in 0.000443322 secs using 551.1% CPU
Optimizing NNI: done in 0.000447296 secs using 99.93% CPU
Optimizing NNI: done in 0.000571128 secs using 449.5% CPU
Optimizing NNI: done in 0.000552084 secs using 461.7% CPU
Optimizing NNI: done in 0.000550082 secs using 463.4% CPU
Optimizing NNI: done in 0.000397472 secs using 603.1% CPU
Optimizing NNI: done in 0.000557939 secs using 457.9% CPU
Optimizing NNI: done in 0.000401038 secs using 99.49% CPU
Optimizing NNI: done in 0.000510837 secs using 494.9% CPU
Optimizing NNI: done in 0.000431711 secs using 562.9% CPU
Optimizing NNI: done in 0.000719356 secs using 121.8% CPU
WARNING: 3 threads for alignment length 23 will slow down analysis
Optimizing NNI: done in 0.000656247 secs using 104.2% CPU
Optimizing NNI: done in 0.000491991 secs using 477.7% CPU
Optimizing NNI: done in 0.00055284 secs using 461.6% CPU
Optimizing NNI: done in 0.000624484 secs using 419.4% CPU
Optimizing NNI: done in 0.000505761 secs using 99.85% CPU
Optimizing NNI: done in 0.000463192 secs using 98.66% CPU
WARNING: 3 threads for alignment length 22 will slow down analysis
Optimizing NNI: done in 0.000449859 secs using 122.5% CPU
Optimizing NNI: done in 0.00054057 secs using 99.52% CPU
Optimizing NNI: done in 0.000554443 secs using 99.74% CPU
Optimizing NNI: done in 0.000494382 secs using 99.92% CPU
Optimizing NNI: done in 0.000426561 secs using 99.87% CPU
Optimizing NNI: done in 0.000473053 secs using 522.6% CPU
Optimizing NNI: done in 0.000430111 secs using 157.6% CPU
Optimizing NNI: done in 0.000504394 secs using 496.4% CPU
Optimizing NNI: done in 0.000476663 secs using 519.4% CPU
WARNING: 3 threads for alignment length 23 will slow down analysis
Optimizing NNI: done in 0.000559556 secs using 291.5% CPU
Optimizing NNI: done in 0.000546626 secs using 99.7% CPU
Optimizing NNI: done in 0.000504452 secs using 99.51% CPU
Optimizing NNI: done in 0.000557689 secs using 99.88% CPU
Optimizing NNI: done in 0.000521092 secs using 98.26% CPU
Optimizing NNI: done in 0.000472397 secs using 99.92% CPU
Optimizing NNI: done in 0.000251005 secs using 99.6% CPU
Optimizing NNI: done in 0.000507724 secs using 408.5% CPU
Optimizing NNI: done in 0.00042352 secs using 572.1% CPU
Optimizing NNI: done in 0.000510384 secs using 491.6% CPU
Optimizing NNI: done in 0.000446 secs using 99.78% CPU
Optimizing NNI: done in 0.000484812 secs using 227.5% CPU
Optimizing NNI: done in 0.000447889 secs using 99.8% CPU
Optimizing NNI: done in 0.000420731 secs using 99.59% CPU
Optimizing NNI: done in 0.000455934 secs using 99.8% CPU
Optimizing NNI: done in 0.000512015 secs using 490.4% CPU
Optimizing NNI: done in 0.000543421 secs using 467.8% CPU
Optimizing NNI: done in 0.000473734 secs using 522.4% CPU
Optimizing NNI: done in 0.000282417 secs using 98.79% CPU
Optimizing NNI: done in 0.00046301 secs using 99.78% CPU
Optimizing NNI: done in 0.000483203 secs using 513.9% CPU
Optimizing NNI: done in 0.000453674 secs using 540.9% CPU
Optimizing NNI: done in 0.000500738 secs using 493.9% CPU
Optimizing NNI: done in 0.000468788 secs using 99.83% CPU
900 samples done
Optimizing NNI: done in 0.000499449 secs using 99.51% CPU
Optimizing NNI: done in 0.000538004 secs using 99.63% CPU
WARNING: 3 threads for alignment length 23 will slow down analysis
Optimizing NNI: done in 0.000429531 secs using 110.6% CPU
Optimizing NNI: done in 0.000449861 secs using 209% CPU
Optimizing NNI: done in 0.000468504 secs using 526.6% CPU
Optimizing NNI: done in 0.00054662 secs using 352.3% CPU
Optimizing NNI: done in 0.000235384 secs using 99.41% CPU
Optimizing NNI: done in 0.000467795 secs using 527.6% CPU
Optimizing NNI: done in 0.00044522 secs using 99.95% CPU
Optimizing NNI: done in 0.000277388 secs using 820.5% CPU
Optimizing NNI: done in 0.000540642 secs using 470% CPU
Optimizing NNI: done in 0.000226456 secs using 99.8% CPU
Optimizing NNI: done in 0.000427904 secs using 99.79% CPU
Optimizing NNI: done in 0.000419785 secs using 576.2% CPU
Optimizing NNI: done in 0.000555797 secs using 283.9% CPU
Optimizing NNI: done in 0.000393107 secs using 98.7% CPU
Optimizing NNI: done in 0.000327003 secs using 99.69% CPU
Optimizing NNI: done in 0.00043511 secs using 559.6% CPU
Optimizing NNI: done in 0.00041143 secs using 99.9% CPU
Optimizing NNI: done in 0.000514578 secs using 98.53% CPU
Optimizing NNI: done in 0.000474631 secs using 99.87% CPU
WARNING: 3 threads for alignment length 23 will slow down analysis
Optimizing NNI: done in 0.000434346 secs using 339.4% CPU
Optimizing NNI: done in 0.000420909 secs using 518.4% CPU
Optimizing NNI: done in 0.000568007 secs using 444% CPU
Optimizing NNI: done in 0.000563524 secs using 454.5% CPU
Optimizing NNI: done in 0.000484184 secs using 99.76% CPU
Optimizing NNI: done in 0.000464547 secs using 99.88% CPU
WARNING: 3 threads for alignment length 23 will slow down analysis
Optimizing NNI: done in 0.00043346 secs using 108.2% CPU
Optimizing NNI: done in 0.000441562 secs using 99.87% CPU
Optimizing NNI: done in 0.000542562 secs using 469.6% CPU
Optimizing NNI: done in 0.000490713 secs using 507.4% CPU
Optimizing NNI: done in 0.000476126 secs using 519.8% CPU
Optimizing NNI: done in 0.000266438 secs using 99.84% CPU
Optimizing NNI: done in 0.000449616 secs using 99.86% CPU
Optimizing NNI: done in 0.000502151 secs using 498.1% CPU
Optimizing NNI: done in 0.000289072 secs using 99.98% CPU
Optimizing NNI: done in 0.000557174 secs using 98.71% CPU
WARNING: 3 threads for alignment length 22 will slow down analysis
Optimizing NNI: done in 0.000468233 secs using 113% CPU
Optimizing NNI: done in 0.000462326 secs using 449.3% CPU
Optimizing NNI: done in 0.00048421 secs using 513.6% CPU
Optimizing NNI: done in 0.00082408 secs using 322.2% CPU
Optimizing NNI: done in 0.000289342 secs using 790.8% CPU
Optimizing NNI: done in 0.000593573 secs using 436.8% CPU
Optimizing NNI: done in 0.000466443 secs using 98.62% CPU
WARNING: 3 threads for alignment length 23 will slow down analysis
Optimizing NNI: done in 0.000292693 secs using 123% CPU
Optimizing NNI: done in 0.000489071 secs using 464.3% CPU
Optimizing NNI: done in 0.00047312 secs using 522.7% CPU
Optimizing NNI: done in 0.000472819 secs using 522.8% CPU
Optimizing NNI: done in 0.000495271 secs using 503.6% CPU
Optimizing NNI: done in 0.000505611 secs using 494.3% CPU
Optimizing NNI: done in 0.000527903 secs using 478.9% CPU
Optimizing NNI: done in 0.000481909 secs using 514.6% CPU
Optimizing NNI: done in 0.000438556 secs using 99.87% CPU
Optimizing NNI: done in 0.000493093 secs using 99.58% CPU
Optimizing NNI: done in 0.000456506 secs using 99.45% CPU
Optimizing NNI: done in 0.000534837 secs using 99.84% CPU
Optimizing NNI: done in 0.000489553 secs using 182.8% CPU
Optimizing NNI: done in 0.000305134 secs using 755.1% CPU
Optimizing NNI: done in 0.000494224 secs using 504.4% CPU
Optimizing NNI: done in 0.000307004 secs using 751.1% CPU
Optimizing NNI: done in 0.000472357 secs using 99.92% CPU
Optimizing NNI: done in 0.000473062 secs using 98.72% CPU
Optimizing NNI: done in 0.000432098 secs using 99.75% CPU
Optimizing NNI: done in 0.00042831 secs using 98.76% CPU
Optimizing NNI: done in 0.000460077 secs using 534.5% CPU
Optimizing NNI: done in 0.000447702 secs using 546.3% CPU
Optimizing NNI: done in 0.000483838 secs using 515.9% CPU
Optimizing NNI: done in 0.000458052 secs using 536.2% CPU
Optimizing NNI: done in 0.000469925 secs using 525.2% CPU
Optimizing NNI: done in 0.000437478 secs using 99.66% CPU
Optimizing NNI: done in 0.000575518 secs using 72.63% CPU
Optimizing NNI: done in 0.000425091 secs using 99.74% CPU
Optimizing NNI: done in 0.000443058 secs using 99.76% CPU
Optimizing NNI: done in 0.000445767 secs using 548.5% CPU
Optimizing NNI: done in 0.000487146 secs using 510.5% CPU
WARNING: 3 threads for alignment length 23 will slow down analysis
Optimizing NNI: done in 0.000509131 secs using 305.4% CPU
Optimizing NNI: done in 0.000536574 secs using 387.5% CPU
Optimizing NNI: done in 0.000297494 secs using 772.1% CPU
Optimizing NNI: done in 0.000507741 secs using 494% CPU
Optimizing NNI: done in 0.000460001 secs using 535.2% CPU
Optimizing NNI: done in 0.000397481 secs using 603% CPU
WARNING: 3 threads for alignment length 23 will slow down analysis
Optimizing NNI: done in 0.00052967 secs using 296% CPU
Optimizing NNI: done in 0.000453098 secs using 99.54% CPU
Optimizing NNI: done in 0.000564178 secs using 99.61% CPU
Optimizing NNI: done in 0.00051502 secs using 487.7% CPU
Optimizing NNI: done in 0.000449712 secs using 99.62% CPU
Optimizing NNI: done in 0.000563708 secs using 99.7% CPU
Optimizing NNI: done in 0.000861567 secs using 307.2% CPU
Optimizing NNI: done in 0.000444506 secs using 99.66% CPU
Optimizing NNI: done in 0.000650216 secs using 99.66% CPU
Optimizing NNI: done in 0.000462439 secs using 99.69% CPU
Optimizing NNI: done in 0.000464838 secs using 529.4% CPU
Optimizing NNI: done in 0.000577027 secs using 445.7% CPU
Optimizing NNI: done in 0.000322125 secs using 720.2% CPU
Optimizing NNI: done in 0.000474543 secs using 521.1% CPU
Optimizing NNI: done in 0.000672125 secs using 396.9% CPU
Optimizing NNI: done in 0.000613451 secs using 425.8% CPU
Optimizing NNI: done in 0.000416237 secs using 99.7% CPU
Optimizing NNI: done in 0.000335898 secs using 99.43% CPU
Optimizing NNI: done in 0.000427204 secs using 99.48% CPU
1000 samples done
Total 901 ufboot trees refined
TREE SEARCH COMPLETED AFTER 147 ITERATIONS / Time: 0h:0m:30s

--------------------------------------------------------------------
|                    FINALIZING TREE SEARCH                        |
--------------------------------------------------------------------
Performs final model parameters optimization
Estimate model parameters (epsilon = 0.010)
1. Initial log-likelihood: -513.331
Optimal log-likelihood: -513.331
Parameters optimization took 1 rounds (0.001 sec)
BEST SCORE FOUND : -513.331
Creating bootstrap support values...
Split supports printed to NEXUS file 10_alignment_files/sampleA_part1_alignment.afa.splits.nex
Total tree length: 0.023

Total number of iterations: 147
CPU time used for tree search: 13.603 sec (0h:0m:13s)
Wall-clock time used for tree search: 4.688 sec (0h:0m:4s)
Total CPU time used: 67.260 sec (0h:1m:7s)
Total wall-clock time used: 30.112 sec (0h:0m:30s)
UFBoot trees printed to 10_alignment_files/sampleA_part1_alignment.afa.ufboot

Computing bootstrap consensus tree...
Reading input file 10_alignment_files/sampleA_part1_alignment.afa.splits.nex...
9 taxa and 94 splits.
Consensus tree written to 10_alignment_files/sampleA_part1_alignment.afa.contree
Reading input trees file 10_alignment_files/sampleA_part1_alignment.afa.contree
Log-likelihood of consensus tree: -513.334

Analysis results written to: 
  IQ-TREE report:                10_alignment_files/sampleA_part1_alignment.afa.iqtree
  Maximum-likelihood tree:       10_alignment_files/sampleA_part1_alignment.afa.treefile
  Likelihood distances:          10_alignment_files/sampleA_part1_alignment.afa.mldist

Ultrafast bootstrap approximation results written to:
  Split support values:          10_alignment_files/sampleA_part1_alignment.afa.splits.nex
  Consensus tree:                10_alignment_files/sampleA_part1_alignment.afa.contree
  UFBoot trees:                  10_alignment_files/sampleA_part1_alignment.afa.ufboot
  Screen log file:               10_alignment_files/sampleA_part1_alignment.afa.log

Date and Time: Sun Nov 23 17:05:09 2025
