IQ-TREE version 3.0.1 for Linux x86 64-bit built Jul  9 2025
Developed by Bui Quang Minh, Thomas Wong, Nhan Ly-Trong, Huaiyan Ren
Contributed by Lam-Tung Nguyen, Dominik Schrempf, Chris Bielow,
Olga Chernomor, Michael Woodhams, Diep Thi Hoang, Heiko Schmidt

Host:    thecomputer2 (AVX512, FMA3, 31 GB RAM)
Command: iqtree3 -s 10_alignment_files/sampleD_part2_alignment.afa -m MFP -B 1000 -bnni -T AUTO -redo
Seed:    58900 (Using SPRNG - Scalable Parallel Random Number Generator)
Time:    Sun Nov 23 17:08:35 2025
Kernel:  AVX+FMA - auto-detect threads (8 CPU cores detected)

Reading alignment file 10_alignment_files/sampleD_part2_alignment.afa ... Fasta format detected
Reading fasta file: done in 8.6159e-05 secs using 48.75% CPU
Alignment most likely contains protein sequences
Constructing alignment: done in 0.0002413 secs using 213.4% CPU
Alignment has 12 sequences with 175 columns, 35 distinct patterns
7 parsimony-informative, 3 singleton sites, 165 constant sites
                                     Gap/Ambiguity  Composition  p-value
Analyzing sequences: done in 0.00700036 secs using 676.9% CPU
   1  OR253895.1_Sternotherus_carinatus      0.57%    passed    100.00%
   2  NC_014577.1_Kinosternon_leucostomum    0.57%    passed    100.00%
   3  sampleD_part2                          3.43%    passed    100.00%
   4  JX454980.1_Eretmochelys_imbricata      0.00%    passed    100.00%
   5  JX454979.1_Lepidochelys_olivacea       0.00%    passed    100.00%
   6  NC_018550.1_Natator_depressa           0.00%    passed    100.00%
   7  JX454969.1_Dermochelys_coriacea        0.00%    passed    100.00%
   8  FR694649.1_Caretta_caretta             0.00%    passed    100.00%
   9  JX454976.1_Chelonia_mydas              0.00%    passed    100.00%
  10  JX454982.1_Lepidochelys_kempii         0.00%    passed    100.00%
  11  DQ256378.1_Chelydra_serpentina         0.00%    passed    100.00%
  12  NC_009260.1_Macrochelys_temminckii     0.00%    passed    100.00%
****  TOTAL                                  0.38%  0 sequences failed composition chi2 test (p-value<5%; df=19)
NOTE: NC_018550.1_Natator_depressa is identical to JX454979.1_Lepidochelys_olivacea but kept for subsequent analysis
Checking for duplicate sequences: done in 0.00163478 secs using 502.8% CPU
Identifying sites to remove: done in 7.879e-05 secs using 97.73% CPU
NOTE: 5 identical sequences (see below) will be ignored for subsequent analysis
NOTE: JX454969.1_Dermochelys_coriacea (identical to JX454979.1_Lepidochelys_olivacea) is ignored but added at the end
NOTE: FR694649.1_Caretta_caretta (identical to JX454979.1_Lepidochelys_olivacea) is ignored but added at the end
NOTE: JX454976.1_Chelonia_mydas (identical to JX454979.1_Lepidochelys_olivacea) is ignored but added at the end
NOTE: JX454982.1_Lepidochelys_kempii (identical to JX454979.1_Lepidochelys_olivacea) is ignored but added at the end
NOTE: DQ256378.1_Chelydra_serpentina (identical to JX454979.1_Lepidochelys_olivacea) is ignored but added at the end
Alignment was printed to 10_alignment_files/sampleD_part2_alignment.afa.uniqueseq.phy

For your convenience alignment with unique sequences printed to 10_alignment_files/sampleD_part2_alignment.afa.uniqueseq.phy


Create initial parsimony tree by phylogenetic likelihood library (PLL)... 0.001 seconds
Measuring multi-threading efficiency up to 8 CPU cores
Increase to 10 rounds for branch lengths
7120 trees examined
Threads: 1 / Time: 8.001 sec / Speedup: 1.000 / Efficiency: 100% / LogL: -621
Threads: 2 / Time: 6.259 sec / Speedup: 1.278 / Efficiency: 64% / LogL: -621
Threads: 3 / Time: 5.332 sec / Speedup: 1.501 / Efficiency: 50% / LogL: -621
Threads: 4 / Time: 5.171 sec / Speedup: 1.547 / Efficiency: 39% / LogL: -621
Determining AUTO threadcount: done in 24.7638 secs using 228% CPU
BEST NUMBER OF THREADS: 3

Perform fast likelihood tree search using LG+I+G model...
Estimate model parameters (epsilon = 5.000)
Perform nearest neighbor interchange...
Optimizing NNI: done in 0.00190158 secs using 257.8% CPU
Estimate model parameters (epsilon = 1.000)
1. Initial log-likelihood: -590.323
Optimal log-likelihood: -590.321
Proportion of invariable sites: 0.468
Gamma shape alpha: 998.447
Parameters optimization took 1 rounds (0.002 sec)
Time for fast ML tree search: 0.007 seconds

NOTE: ModelFinder requires 0 MB RAM!
ModelFinder will test up to 1232 protein models (sample size: 175 epsilon: 0.100) ...
 No. Model         -LnL         df  AIC          AICc         BIC
WARNING: Number of threads seems too high for short alignments. Use -T AUTO to determine best number of threads.
  1  LG            590.064      11  1202.128     1203.748     1236.941
WARNING: Number of threads seems too high for short alignments. Use -T AUTO to determine best number of threads.
  2  LG+I          590.064      12  1204.128     1206.054     1242.106
WARNING: Number of threads seems too high for short alignments. Use -T AUTO to determine best number of threads.
  3  LG+G4         590.064      12  1204.129     1206.055     1242.106
WARNING: Number of threads seems too high for short alignments. Use -T AUTO to determine best number of threads.
  4  LG+I+G4       590.320      13  1206.640     1208.901     1247.782
WARNING: Number of threads seems too high for short alignments. Use -T AUTO to determine best number of threads.
  5  LG+R2         590.064      13  1206.129     1208.389     1247.271
WARNING: Number of threads seems too high for short alignments. Use -T AUTO to determine best number of threads.
  6  LG+R3         590.064      15  1210.128     1213.147     1257.600
WARNING: Number of threads seems too high for short alignments. Use -T AUTO to determine best number of threads.
 14  LG+I+R2       590.321      14  1208.642     1211.267     1252.949
WARNING: Number of threads seems too high for short alignments. Use -T AUTO to determine best number of threads.
 15  LG+I+R3       590.317      16  1212.633     1216.076     1263.270
WARNING: Number of threads seems too high for short alignments. Use -T AUTO to determine best number of threads.
 23  LG+F          551.211      30  1162.421     1175.338     1257.365
WARNING: Number of threads seems too high for short alignments. Use -T AUTO to determine best number of threads.
 24  LG+F+I        551.211      31  1164.421     1178.296     1262.530
WARNING: Number of threads seems too high for short alignments. Use -T AUTO to determine best number of threads.
 25  LG+F+G4       551.211      31  1164.422     1178.296     1262.530
WARNING: Number of threads seems too high for short alignments. Use -T AUTO to determine best number of threads.
 45  WAG           588.355      11  1198.710     1200.330     1233.523
WARNING: Number of threads seems too high for short alignments. Use -T AUTO to determine best number of threads.
 46  WAG+I         588.355      12  1200.710     1202.636     1238.688
WARNING: Number of threads seems too high for short alignments. Use -T AUTO to determine best number of threads.
 47  WAG+G4        588.355      12  1200.711     1202.637     1238.688
WARNING: Number of threads seems too high for short alignments. Use -T AUTO to determine best number of threads.
 67  WAG+F         550.832      30  1161.664     1174.581     1256.608
WARNING: Number of threads seems too high for short alignments. Use -T AUTO to determine best number of threads.
 68  WAG+F+I       550.832      31  1163.664     1177.538     1261.772
WARNING: Number of threads seems too high for short alignments. Use -T AUTO to determine best number of threads.
 69  WAG+F+G4      550.832      31  1163.664     1177.538     1261.773
WARNING: Number of threads seems too high for short alignments. Use -T AUTO to determine best number of threads.
 89  JTT           586.486      11  1194.972     1196.592     1229.785
WARNING: Number of threads seems too high for short alignments. Use -T AUTO to determine best number of threads.
 90  JTT+I         586.486      12  1196.972     1198.898     1234.949
WARNING: Number of threads seems too high for short alignments. Use -T AUTO to determine best number of threads.
 91  JTT+G4        586.486      12  1196.972     1198.898     1234.950
WARNING: Number of threads seems too high for short alignments. Use -T AUTO to determine best number of threads.
111  JTT+F         549.619      30  1159.238     1172.155     1254.182
WARNING: Number of threads seems too high for short alignments. Use -T AUTO to determine best number of threads.
112  JTT+F+I       549.619      31  1161.238     1175.112     1259.346
WARNING: Number of threads seems too high for short alignments. Use -T AUTO to determine best number of threads.
113  JTT+F+G4      549.619      31  1161.239     1175.113     1259.347
WARNING: Number of threads seems too high for short alignments. Use -T AUTO to determine best number of threads.
133  Q.PFAM        589.498      11  1200.995     1202.615     1235.808
WARNING: Number of threads seems too high for short alignments. Use -T AUTO to determine best number of threads.
134  Q.PFAM+I      589.498      12  1202.995     1204.921     1240.973
WARNING: Number of threads seems too high for short alignments. Use -T AUTO to determine best number of threads.
135  Q.PFAM+G4     589.498      12  1202.996     1204.922     1240.973
WARNING: Number of threads seems too high for short alignments. Use -T AUTO to determine best number of threads.
155  Q.PFAM+F      551.141      30  1162.282     1175.198     1257.225
WARNING: Number of threads seems too high for short alignments. Use -T AUTO to determine best number of threads.
156  Q.PFAM+F+I    551.141      31  1164.282     1178.156     1262.390
WARNING: Number of threads seems too high for short alignments. Use -T AUTO to determine best number of threads.
157  Q.PFAM+F+G4   551.141      31  1164.282     1178.156     1262.390
WARNING: Number of threads seems too high for short alignments. Use -T AUTO to determine best number of threads.
177  Q.BIRD        596.921      11  1215.842     1217.461     1250.654
WARNING: Number of threads seems too high for short alignments. Use -T AUTO to determine best number of threads.
178  Q.BIRD+I      596.921      12  1217.842     1219.768     1255.819
WARNING: Number of threads seems too high for short alignments. Use -T AUTO to determine best number of threads.
179  Q.BIRD+G4     596.921      12  1217.842     1219.768     1255.820
WARNING: Number of threads seems too high for short alignments. Use -T AUTO to determine best number of threads.
199  Q.BIRD+F      551.928      30  1163.855     1176.772     1258.799
WARNING: Number of threads seems too high for short alignments. Use -T AUTO to determine best number of threads.
200  Q.BIRD+F+I    551.928      31  1165.855     1179.730     1263.964
WARNING: Number of threads seems too high for short alignments. Use -T AUTO to determine best number of threads.
201  Q.BIRD+F+G4   551.928      31  1165.856     1179.730     1263.964
WARNING: Number of threads seems too high for short alignments. Use -T AUTO to determine best number of threads.
221  Q.MAMMAL      598.297      11  1218.594     1220.213     1253.406
WARNING: Number of threads seems too high for short alignments. Use -T AUTO to determine best number of threads.
222  Q.MAMMAL+I    598.297      12  1220.594     1222.520     1258.571
WARNING: Number of threads seems too high for short alignments. Use -T AUTO to determine best number of threads.
223  Q.MAMMAL+G4   598.297      12  1220.594     1222.520     1258.572
WARNING: Number of threads seems too high for short alignments. Use -T AUTO to determine best number of threads.
243  Q.MAMMAL+F    551.177      30  1162.353     1175.270     1257.297
WARNING: Number of threads seems too high for short alignments. Use -T AUTO to determine best number of threads.
244  Q.MAMMAL+F+I  551.177      31  1164.353     1178.227     1262.462
WARNING: Number of threads seems too high for short alignments. Use -T AUTO to determine best number of threads.
245  Q.MAMMAL+F+G4 551.177      31  1164.354     1178.228     1262.462
WARNING: Number of threads seems too high for short alignments. Use -T AUTO to determine best number of threads.
265  Q.INSECT      598.247      11  1218.494     1220.113     1253.306
WARNING: Number of threads seems too high for short alignments. Use -T AUTO to determine best number of threads.
266  Q.INSECT+I    598.247      12  1220.494     1222.420     1258.471
WARNING: Number of threads seems too high for short alignments. Use -T AUTO to determine best number of threads.
267  Q.INSECT+G4   598.247      12  1220.494     1222.420     1258.472
WARNING: Number of threads seems too high for short alignments. Use -T AUTO to determine best number of threads.
287  Q.INSECT+F    550.682      30  1161.364     1174.281     1256.308
WARNING: Number of threads seems too high for short alignments. Use -T AUTO to determine best number of threads.
288  Q.INSECT+F+I  550.682      31  1163.364     1177.239     1261.473
WARNING: Number of threads seems too high for short alignments. Use -T AUTO to determine best number of threads.
289  Q.INSECT+F+G4 550.682      31  1163.365     1177.239     1261.473
WARNING: Number of threads seems too high for short alignments. Use -T AUTO to determine best number of threads.
309  Q.PLANT       590.318      11  1202.636     1204.255     1237.448
WARNING: Number of threads seems too high for short alignments. Use -T AUTO to determine best number of threads.
310  Q.PLANT+I     590.318      12  1204.636     1206.561     1242.613
WARNING: Number of threads seems too high for short alignments. Use -T AUTO to determine best number of threads.
311  Q.PLANT+G4    590.318      12  1204.636     1206.562     1242.613
WARNING: Number of threads seems too high for short alignments. Use -T AUTO to determine best number of threads.
331  Q.PLANT+F     551.119      30  1162.239     1175.155     1257.182
WARNING: Number of threads seems too high for short alignments. Use -T AUTO to determine best number of threads.
332  Q.PLANT+F+I   551.119      31  1164.239     1178.113     1262.347
WARNING: Number of threads seems too high for short alignments. Use -T AUTO to determine best number of threads.
333  Q.PLANT+F+G4  551.120      31  1164.239     1178.113     1262.347
WARNING: Number of threads seems too high for short alignments. Use -T AUTO to determine best number of threads.
353  Q.YEAST       597.685      11  1217.370     1218.989     1252.182
WARNING: Number of threads seems too high for short alignments. Use -T AUTO to determine best number of threads.
354  Q.YEAST+I     597.685      12  1219.370     1221.295     1257.347
WARNING: Number of threads seems too high for short alignments. Use -T AUTO to determine best number of threads.
355  Q.YEAST+G4    597.685      12  1219.370     1221.296     1257.348
WARNING: Number of threads seems too high for short alignments. Use -T AUTO to determine best number of threads.
375  Q.YEAST+F     550.249      30  1160.498     1173.415     1255.442
WARNING: Number of threads seems too high for short alignments. Use -T AUTO to determine best number of threads.
376  Q.YEAST+F+I   550.249      31  1162.498     1176.372     1260.606
WARNING: Number of threads seems too high for short alignments. Use -T AUTO to determine best number of threads.
377  Q.YEAST+F+G4  550.249      31  1162.498     1176.373     1260.607
WARNING: Number of threads seems too high for short alignments. Use -T AUTO to determine best number of threads.
397  JTTDCMUT      586.772      11  1195.544     1197.163     1230.356
WARNING: Number of threads seems too high for short alignments. Use -T AUTO to determine best number of threads.
398  JTTDCMUT+I    586.772      12  1197.544     1199.469     1235.521
WARNING: Number of threads seems too high for short alignments. Use -T AUTO to determine best number of threads.
399  JTTDCMUT+G4   586.772      12  1197.544     1199.470     1235.521
WARNING: Number of threads seems too high for short alignments. Use -T AUTO to determine best number of threads.
419  JTTDCMUT+F    549.723      30  1159.447     1172.363     1254.390
WARNING: Number of threads seems too high for short alignments. Use -T AUTO to determine best number of threads.
420  JTTDCMUT+F+I  549.723      31  1161.447     1175.321     1259.555
WARNING: Number of threads seems too high for short alignments. Use -T AUTO to determine best number of threads.
421  JTTDCMUT+F+G4 549.723      31  1161.447     1175.321     1259.555
WARNING: Number of threads seems too high for short alignments. Use -T AUTO to determine best number of threads.
441  DCMUT         600.356      11  1222.712     1224.331     1257.524
WARNING: Number of threads seems too high for short alignments. Use -T AUTO to determine best number of threads.
442  DCMUT+I       599.898      12  1223.796     1225.722     1261.773
WARNING: Number of threads seems too high for short alignments. Use -T AUTO to determine best number of threads.
443  DCMUT+G4      599.901      12  1223.802     1225.728     1261.780
WARNING: Number of threads seems too high for short alignments. Use -T AUTO to determine best number of threads.
463  DCMUT+F       554.082      30  1168.163     1181.080     1263.107
WARNING: Number of threads seems too high for short alignments. Use -T AUTO to determine best number of threads.
464  DCMUT+F+I     553.547      31  1169.094     1182.968     1267.202
WARNING: Number of threads seems too high for short alignments. Use -T AUTO to determine best number of threads.
465  DCMUT+F+G4    553.542      31  1169.083     1182.957     1267.191
WARNING: Number of threads seems too high for short alignments. Use -T AUTO to determine best number of threads.
485  VT            588.771      11  1199.543     1201.162     1234.355
WARNING: Number of threads seems too high for short alignments. Use -T AUTO to determine best number of threads.
486  VT+I          588.771      12  1201.543     1203.468     1239.520
WARNING: Number of threads seems too high for short alignments. Use -T AUTO to determine best number of threads.
487  VT+G4         588.772      12  1201.543     1203.469     1239.520
WARNING: Number of threads seems too high for short alignments. Use -T AUTO to determine best number of threads.
507  VT+F          551.260      30  1162.520     1175.437     1257.464
WARNING: Number of threads seems too high for short alignments. Use -T AUTO to determine best number of threads.
508  VT+F+I        551.260      31  1164.520     1178.394     1262.628
WARNING: Number of threads seems too high for short alignments. Use -T AUTO to determine best number of threads.
509  VT+F+G4       551.260      31  1164.521     1178.395     1262.629
WARNING: Number of threads seems too high for short alignments. Use -T AUTO to determine best number of threads.
529  PMB           587.007      11  1196.013     1197.633     1230.826
WARNING: Number of threads seems too high for short alignments. Use -T AUTO to determine best number of threads.
530  PMB+I         587.007      12  1198.013     1199.939     1235.991
WARNING: Number of threads seems too high for short alignments. Use -T AUTO to determine best number of threads.
531  PMB+G4        587.007      12  1198.014     1199.940     1235.991
WARNING: Number of threads seems too high for short alignments. Use -T AUTO to determine best number of threads.
551  PMB+F         554.310      30  1168.619     1181.536     1263.563
WARNING: Number of threads seems too high for short alignments. Use -T AUTO to determine best number of threads.
552  PMB+F+I       554.310      31  1170.619     1184.494     1268.728
WARNING: Number of threads seems too high for short alignments. Use -T AUTO to determine best number of threads.
553  PMB+F+G4      554.310      31  1170.620     1184.494     1268.728
WARNING: Number of threads seems too high for short alignments. Use -T AUTO to determine best number of threads.
573  BLOSUM62      586.228      11  1194.456     1196.076     1229.269
WARNING: Number of threads seems too high for short alignments. Use -T AUTO to determine best number of threads.
574  BLOSUM62+I    586.228      12  1196.456     1198.382     1234.433
WARNING: Number of threads seems too high for short alignments. Use -T AUTO to determine best number of threads.
575  BLOSUM62+G4   586.228      12  1196.456     1198.382     1234.434
WARNING: Number of threads seems too high for short alignments. Use -T AUTO to determine best number of threads.
595  BLOSUM62+F    552.855      30  1165.710     1178.627     1260.654
WARNING: Number of threads seems too high for short alignments. Use -T AUTO to determine best number of threads.
596  BLOSUM62+F+I  552.855      31  1167.710     1181.584     1265.818
WARNING: Number of threads seems too high for short alignments. Use -T AUTO to determine best number of threads.
597  BLOSUM62+F+G4 552.855      31  1167.710     1181.585     1265.819
WARNING: Number of threads seems too high for short alignments. Use -T AUTO to determine best number of threads.
617  DAYHOFF       600.334      11  1222.667     1224.287     1257.480
WARNING: Number of threads seems too high for short alignments. Use -T AUTO to determine best number of threads.
618  DAYHOFF+I     599.875      12  1223.751     1225.677     1261.728
WARNING: Number of threads seems too high for short alignments. Use -T AUTO to determine best number of threads.
619  DAYHOFF+G4    599.879      12  1223.757     1225.683     1261.735
WARNING: Number of threads seems too high for short alignments. Use -T AUTO to determine best number of threads.
639  DAYHOFF+F     554.062      30  1168.125     1181.041     1263.068
WARNING: Number of threads seems too high for short alignments. Use -T AUTO to determine best number of threads.
640  DAYHOFF+F+I   553.528      31  1169.055     1182.930     1267.164
WARNING: Number of threads seems too high for short alignments. Use -T AUTO to determine best number of threads.
641  DAYHOFF+F+G4  553.522      31  1169.044     1182.918     1267.153
WARNING: Number of threads seems too high for short alignments. Use -T AUTO to determine best number of threads.
661  MTREV         563.758      11  1149.516     1151.135     1184.328
WARNING: Number of threads seems too high for short alignments. Use -T AUTO to determine best number of threads.
662  MTREV+I       563.758      12  1151.516     1153.442     1189.493
WARNING: Number of threads seems too high for short alignments. Use -T AUTO to determine best number of threads.
663  MTREV+G4      563.758      12  1151.516     1153.442     1189.493
WARNING: Number of threads seems too high for short alignments. Use -T AUTO to determine best number of threads.
683  MTREV+F       550.646      30  1161.293     1174.209     1256.236
WARNING: Number of threads seems too high for short alignments. Use -T AUTO to determine best number of threads.
684  MTREV+F+I     550.646      31  1163.293     1177.167     1261.401
WARNING: Number of threads seems too high for short alignments. Use -T AUTO to determine best number of threads.
685  MTREV+F+G4    550.646      31  1163.293     1177.167     1261.401
WARNING: Number of threads seems too high for short alignments. Use -T AUTO to determine best number of threads.
705  MTART         567.989      11  1157.978     1159.598     1192.791
WARNING: Number of threads seems too high for short alignments. Use -T AUTO to determine best number of threads.
706  MTART+I       567.835      12  1159.671     1161.597     1197.648
WARNING: Number of threads seems too high for short alignments. Use -T AUTO to determine best number of threads.
707  MTART+G4      567.822      12  1159.644     1161.570     1197.622
WARNING: Number of threads seems too high for short alignments. Use -T AUTO to determine best number of threads.
727  MTART+F       555.805      30  1171.609     1184.526     1266.553
WARNING: Number of threads seems too high for short alignments. Use -T AUTO to determine best number of threads.
728  MTART+F+I     555.628      31  1173.255     1187.130     1271.364
WARNING: Number of threads seems too high for short alignments. Use -T AUTO to determine best number of threads.
729  MTART+F+G4    555.615      31  1173.230     1187.104     1271.338
WARNING: Number of threads seems too high for short alignments. Use -T AUTO to determine best number of threads.
749  MTZOA         561.044      11  1144.088     1145.708     1178.901
WARNING: Number of threads seems too high for short alignments. Use -T AUTO to determine best number of threads.
750  MTZOA+I       561.044      12  1146.088     1148.014     1184.066
WARNING: Number of threads seems too high for short alignments. Use -T AUTO to determine best number of threads.
751  MTZOA+G4      561.044      12  1146.089     1148.014     1184.066
WARNING: Number of threads seems too high for short alignments. Use -T AUTO to determine best number of threads.
771  MTZOA+F       551.610      30  1163.220     1176.137     1258.164
WARNING: Number of threads seems too high for short alignments. Use -T AUTO to determine best number of threads.
772  MTZOA+F+I     551.610      31  1165.220     1179.095     1263.329
WARNING: Number of threads seems too high for short alignments. Use -T AUTO to determine best number of threads.
773  MTZOA+F+G4    551.610      31  1165.221     1179.095     1263.329
WARNING: Number of threads seems too high for short alignments. Use -T AUTO to determine best number of threads.
793  MTMET         571.838      11  1165.676     1167.296     1200.489
WARNING: Number of threads seems too high for short alignments. Use -T AUTO to determine best number of threads.
794  MTMET+I       571.838      12  1167.676     1169.602     1205.654
WARNING: Number of threads seems too high for short alignments. Use -T AUTO to determine best number of threads.
795  MTMET+G4      571.838      12  1167.677     1169.603     1205.654
WARNING: Number of threads seems too high for short alignments. Use -T AUTO to determine best number of threads.
815  MTMET+F       551.436      30  1162.872     1175.789     1257.816
WARNING: Number of threads seems too high for short alignments. Use -T AUTO to determine best number of threads.
816  MTMET+F+I     551.436      31  1164.872     1178.746     1262.981
WARNING: Number of threads seems too high for short alignments. Use -T AUTO to determine best number of threads.
817  MTMET+F+G4    551.436      31  1164.873     1178.747     1262.981
WARNING: Number of threads seems too high for short alignments. Use -T AUTO to determine best number of threads.
837  MTVER         570.878      11  1163.757     1165.376     1198.569
WARNING: Number of threads seems too high for short alignments. Use -T AUTO to determine best number of threads.
838  MTVER+I       570.878      12  1165.757     1167.683     1203.734
WARNING: Number of threads seems too high for short alignments. Use -T AUTO to determine best number of threads.
839  MTVER+G4      570.879      12  1165.757     1167.683     1203.735
WARNING: Number of threads seems too high for short alignments. Use -T AUTO to determine best number of threads.
859  MTVER+F       551.985      30  1163.970     1176.887     1258.913
WARNING: Number of threads seems too high for short alignments. Use -T AUTO to determine best number of threads.
860  MTVER+F+I     551.985      31  1165.970     1179.844     1264.078
WARNING: Number of threads seems too high for short alignments. Use -T AUTO to determine best number of threads.
861  MTVER+F+G4    551.985      31  1165.970     1179.844     1264.079
WARNING: Number of threads seems too high for short alignments. Use -T AUTO to determine best number of threads.
881  MTINV         581.299      11  1184.599     1186.218     1219.411
WARNING: Number of threads seems too high for short alignments. Use -T AUTO to determine best number of threads.
882  MTINV+I       581.299      12  1186.599     1188.525     1224.576
WARNING: Number of threads seems too high for short alignments. Use -T AUTO to determine best number of threads.
883  MTINV+G4      581.299      12  1186.599     1188.525     1224.576
WARNING: Number of threads seems too high for short alignments. Use -T AUTO to determine best number of threads.
903  MTINV+F       551.069      30  1162.138     1175.055     1257.082
WARNING: Number of threads seems too high for short alignments. Use -T AUTO to determine best number of threads.
904  MTINV+F+I     551.069      31  1164.138     1178.012     1262.246
WARNING: Number of threads seems too high for short alignments. Use -T AUTO to determine best number of threads.
905  MTINV+F+G4    551.069      31  1164.138     1178.012     1262.247
WARNING: Number of threads seems too high for short alignments. Use -T AUTO to determine best number of threads.
925  MTMAM         567.197      11  1156.394     1158.013     1191.206
WARNING: Number of threads seems too high for short alignments. Use -T AUTO to determine best number of threads.
926  MTMAM+I       566.686      12  1157.371     1159.297     1195.349
WARNING: Number of threads seems too high for short alignments. Use -T AUTO to determine best number of threads.
927  MTMAM+G4      566.674      12  1157.348     1159.274     1195.325
WARNING: Number of threads seems too high for short alignments. Use -T AUTO to determine best number of threads.
947  MTMAM+F       554.872      30  1169.744     1182.661     1264.688
WARNING: Number of threads seems too high for short alignments. Use -T AUTO to determine best number of threads.
948  MTMAM+F+I     554.269      31  1170.539     1184.413     1268.647
WARNING: Number of threads seems too high for short alignments. Use -T AUTO to determine best number of threads.
949  MTMAM+F+G4    554.256      31  1170.512     1184.386     1268.621
WARNING: Number of threads seems too high for short alignments. Use -T AUTO to determine best number of threads.
969  FLAVI         583.770      11  1189.540     1191.159     1224.352
WARNING: Number of threads seems too high for short alignments. Use -T AUTO to determine best number of threads.
970  FLAVI+I       583.227      12  1190.453     1192.379     1228.431
WARNING: Number of threads seems too high for short alignments. Use -T AUTO to determine best number of threads.
971  FLAVI+G4      583.225      12  1190.449     1192.375     1228.427
WARNING: Number of threads seems too high for short alignments. Use -T AUTO to determine best number of threads.
991  FLAVI+F       556.358      30  1172.716     1185.633     1267.660
WARNING: Number of threads seems too high for short alignments. Use -T AUTO to determine best number of threads.
992  FLAVI+F+I     555.674      31  1173.348     1187.222     1271.456
WARNING: Number of threads seems too high for short alignments. Use -T AUTO to determine best number of threads.
993  FLAVI+F+G4    555.672      31  1173.344     1187.218     1271.452
WARNING: Number of threads seems too high for short alignments. Use -T AUTO to determine best number of threads.
1013  HIVB          598.319      11  1218.638     1220.257     1253.450
WARNING: Number of threads seems too high for short alignments. Use -T AUTO to determine best number of threads.
1014  HIVB+I        598.129      12  1220.257     1222.183     1258.235
WARNING: Number of threads seems too high for short alignments. Use -T AUTO to determine best number of threads.
1015  HIVB+G4       598.137      12  1220.274     1222.200     1258.252
WARNING: Number of threads seems too high for short alignments. Use -T AUTO to determine best number of threads.
1035  HIVB+F        555.883      30  1171.765     1184.682     1266.709
WARNING: Number of threads seems too high for short alignments. Use -T AUTO to determine best number of threads.
1036  HIVB+F+I      555.703      31  1173.406     1187.280     1271.514
WARNING: Number of threads seems too high for short alignments. Use -T AUTO to determine best number of threads.
1037  HIVB+F+G4     555.702      31  1173.404     1187.278     1271.512
WARNING: Number of threads seems too high for short alignments. Use -T AUTO to determine best number of threads.
1057  HIVW          610.368      11  1242.736     1244.356     1277.549
WARNING: Number of threads seems too high for short alignments. Use -T AUTO to determine best number of threads.
1058  HIVW+I        610.155      12  1244.310     1246.236     1282.288
WARNING: Number of threads seems too high for short alignments. Use -T AUTO to determine best number of threads.
1059  HIVW+G4       610.164      12  1244.327     1246.253     1282.305
WARNING: Number of threads seems too high for short alignments. Use -T AUTO to determine best number of threads.
1079  HIVW+F        555.870      30  1171.739     1184.656     1266.683
WARNING: Number of threads seems too high for short alignments. Use -T AUTO to determine best number of threads.
1080  HIVW+F+I      555.613      31  1173.225     1187.099     1271.334
WARNING: Number of threads seems too high for short alignments. Use -T AUTO to determine best number of threads.
1081  HIVW+F+G4     555.615      31  1173.231     1187.105     1271.339
WARNING: Number of threads seems too high for short alignments. Use -T AUTO to determine best number of threads.
1101  FLU           600.507      11  1223.014     1224.634     1257.827
WARNING: Number of threads seems too high for short alignments. Use -T AUTO to determine best number of threads.
1102  FLU+I         600.210      12  1224.420     1226.346     1262.397
WARNING: Number of threads seems too high for short alignments. Use -T AUTO to determine best number of threads.
1103  FLU+G4        600.211      12  1224.422     1226.348     1262.400
WARNING: Number of threads seems too high for short alignments. Use -T AUTO to determine best number of threads.
1123  FLU+F         554.303      30  1168.606     1181.522     1263.549
WARNING: Number of threads seems too high for short alignments. Use -T AUTO to determine best number of threads.
1124  FLU+F+I       553.818      31  1169.635     1183.509     1267.743
WARNING: Number of threads seems too high for short alignments. Use -T AUTO to determine best number of threads.
1125  FLU+F+G4      553.812      31  1169.625     1183.499     1267.733
WARNING: Number of threads seems too high for short alignments. Use -T AUTO to determine best number of threads.
1145  RTREV         592.018      11  1206.036     1207.656     1240.849
WARNING: Number of threads seems too high for short alignments. Use -T AUTO to determine best number of threads.
1146  RTREV+I       592.018      12  1208.036     1209.962     1246.014
WARNING: Number of threads seems too high for short alignments. Use -T AUTO to determine best number of threads.
1147  RTREV+G4      592.018      12  1208.037     1209.963     1246.014
WARNING: Number of threads seems too high for short alignments. Use -T AUTO to determine best number of threads.
1167  RTREV+F       550.669      30  1161.338     1174.255     1256.282
WARNING: Number of threads seems too high for short alignments. Use -T AUTO to determine best number of threads.
1168  RTREV+F+I     550.669      31  1163.338     1177.213     1261.447
WARNING: Number of threads seems too high for short alignments. Use -T AUTO to determine best number of threads.
1169  RTREV+F+G4    550.669      31  1163.339     1177.213     1261.447
WARNING: Number of threads seems too high for short alignments. Use -T AUTO to determine best number of threads.
1189  CPREV         582.937      11  1187.874     1189.494     1222.687
WARNING: Number of threads seems too high for short alignments. Use -T AUTO to determine best number of threads.
1190  CPREV+I       582.937      12  1189.874     1191.800     1227.851
WARNING: Number of threads seems too high for short alignments. Use -T AUTO to determine best number of threads.
1191  CPREV+G4      582.937      12  1189.874     1191.800     1227.852
WARNING: Number of threads seems too high for short alignments. Use -T AUTO to determine best number of threads.
1211  CPREV+F       553.975      30  1167.950     1180.867     1262.894
WARNING: Number of threads seems too high for short alignments. Use -T AUTO to determine best number of threads.
1212  CPREV+F+I     553.975      31  1169.950     1183.825     1268.059
WARNING: Number of threads seems too high for short alignments. Use -T AUTO to determine best number of threads.
1213  CPREV+F+G4    553.975      31  1169.951     1183.825     1268.059
Akaike Information Criterion:           MTZOA
Corrected Akaike Information Criterion: MTZOA
Bayesian Information Criterion:         MTZOA
Best-fit model: MTZOA chosen according to BIC

All model information printed to 10_alignment_files/sampleD_part2_alignment.afa.model.gz
CPU time for ModelFinder: 57.571 seconds (0h:0m:57s)
Wall-clock time for ModelFinder: 25.128 seconds (0h:0m:25s)
WARNING: States(s) C rarely appear in alignment and may cause numerical problems
Generating 1000 samples for ultrafast bootstrap (seed: 58900)...

NOTE: 0 MB RAM (0 GB) is required!
WARNING: Number of threads seems too high for short alignments. Use -T AUTO to determine best number of threads.
Estimate model parameters (epsilon = 0.100)
1. Initial log-likelihood: -561.045
Optimal log-likelihood: -561.044
Parameters optimization took 1 rounds (0.001 sec)
Wrote distance file to... 
Computing ML distances based on estimated model parameters...
Calculating distance matrix: done in 0.00106695 secs using 454.9% CPU
Computing ML distances took 0.001108 sec (of wall-clock time) 0.004899 sec (of CPU time)
Setting up auxiliary I and S matrices: done in 0.000111552 secs using 61.85% CPU
Constructing RapidNJ tree: done in 0.000532531 secs using 200.2% CPU
Computing RapidNJ tree took 0.000717 sec (of wall-clock time) 0.001238 sec (of CPU time)
Log-likelihood of RapidNJ tree: -561.045
--------------------------------------------------------------------
|             INITIALIZING CANDIDATE TREE SET                      |
--------------------------------------------------------------------
Generating 98 parsimony trees... 0.014 second
Computing log-likelihood of 65 initial trees ... 0.014 seconds
Current best score: -561.044

Do NNI search on 20 best initial trees
Optimizing NNI: done in 0.00101888 secs using 296.1% CPU
Estimate model parameters (epsilon = 0.100)
BETTER TREE FOUND at iteration 1: -561.044
Optimizing NNI: done in 0.00109961 secs using 463.5% CPU
Optimizing NNI: done in 0.00102581 secs using 294.9% CPU
Optimizing NNI: done in 0.00112515 secs using 277.6% CPU
Optimizing NNI: done in 0.00115733 secs using 269.9% CPU
Optimizing NNI: done in 0.00111547 secs using 458.4% CPU
Optimizing NNI: done in 0.00114504 secs using 274.6% CPU
Optimizing NNI: done in 0.00116305 secs using 271.9% CPU
Optimizing NNI: done in 0.00109352 secs using 282.8% CPU
Optimizing NNI: done in 0.00120417 secs using 266% CPU
Iteration 10 / LogL: -561.044 / Time: 0h:0m:25s
Optimizing NNI: done in 0.00102199 secs using 295.6% CPU
Optimizing NNI: done in 0.00110028 secs using 271.5% CPU
Optimizing NNI: done in 0.00103811 secs using 292.5% CPU
Optimizing NNI: done in 0.00107887 secs using 470.6% CPU
Optimizing NNI: done in 0.00113613 secs using 275.9% CPU
Optimizing NNI: done in 0.00203398 secs using 247.8% CPU
Optimizing NNI: done in 0.00227907 secs using 275.2% CPU
Optimizing NNI: done in 0.00216063 secs using 283.7% CPU
Optimizing NNI: done in 0.00203385 secs using 296.7% CPU
Optimizing NNI: done in 0.0021927 secs using 282.3% CPU
Iteration 20 / LogL: -561.044 / Time: 0h:0m:25s
Finish initializing candidate tree set (7)
Current best tree score: -561.044 / CPU time: 0.060
Number of iterations: 20
--------------------------------------------------------------------
|               OPTIMIZING CANDIDATE TREE SET                      |
--------------------------------------------------------------------
Optimizing NNI: done in 0.00116178 secs using 272.1% CPU
Optimizing NNI: done in 0.00207603 secs using 292.7% CPU
Optimizing NNI: done in 0.00131001 secs using 252.6% CPU
Optimizing NNI: done in 0.00205936 secs using 292.7% CPU
Optimizing NNI: done in 0.00318072 secs using 288.6% CPU
Optimizing NNI: done in 0.00182912 secs using 318.4% CPU
Optimizing NNI: done in 0.0029998 secs using 286.1% CPU
Optimizing NNI: done in 0.00111447 secs using 279.2% CPU
Optimizing NNI: done in 0.0030447 secs using 264.1% CPU
Optimizing NNI: done in 0.00232771 secs using 271.5% CPU
Iteration 30 / LogL: -561.045 / Time: 0h:0m:25s (0h:0m:0s left)
Optimizing NNI: done in 0.00315438 secs using 258.7% CPU
Optimizing NNI: done in 0.00111587 secs using 279% CPU
Optimizing NNI: done in 0.00112308 secs using 277.8% CPU
Optimizing NNI: done in 0.00112121 secs using 456.7% CPU
Optimizing NNI: done in 0.00231651 secs using 229.7% CPU
Optimizing NNI: done in 0.00459189 secs using 317.2% CPU
Optimizing NNI: done in 0.00194884 secs using 305.2% CPU
Optimizing NNI: done in 0.00217407 secs using 236.4% CPU
Optimizing NNI: done in 0.0029331 secs using 270.3% CPU
Optimizing NNI: done in 0.00109817 secs using 282% CPU
Iteration 40 / LogL: -561.044 / Time: 0h:0m:25s (0h:0m:0s left)
Optimizing NNI: done in 0.00117702 secs using 269.7% CPU
Optimizing NNI: done in 0.00134986 secs using 324.6% CPU
Optimizing NNI: done in 0.0011712 secs using 270.6% CPU
Optimizing NNI: done in 0.00187264 secs using 313.4% CPU
Optimizing NNI: done in 0.00109051 secs using 283.3% CPU
Optimizing NNI: done in 0.00296974 secs using 301% CPU
Optimizing NNI: done in 0.00234219 secs using 270.6% CPU
Optimizing NNI: done in 0.00106729 secs using 287.2% CPU
Optimizing NNI: done in 0.00295228 secs using 202.1% CPU
Optimizing NNI: done in 0.00119214 secs using 267.4% CPU
Iteration 50 / LogL: -561.044 / Time: 0h:0m:25s (0h:0m:0s left)
Optimizing NNI: done in 0.00340014 secs using 335.2% CPU
Optimizing NNI: done in 0.00312075 secs using 260.1% CPU
Optimizing NNI: done in 0.00199912 secs using 250.2% CPU
Optimizing NNI: done in 0.00213174 secs using 287.5% CPU
Optimizing NNI: done in 0.00106858 secs using 287% CPU
Optimizing NNI: done in 0.00227899 secs using 319.3% CPU
Optimizing NNI: done in 0.00128425 secs using 255.2% CPU
Optimizing NNI: done in 0.00116923 secs using 270.8% CPU
Optimizing NNI: done in 0.00237894 secs using 266.6% CPU
Optimizing NNI: done in 0.00208026 secs using 244.3% CPU
Iteration 60 / LogL: -561.044 / Time: 0h:0m:25s (0h:0m:0s left)
Optimizing NNI: done in 0.00186433 secs using 261% CPU
Optimizing NNI: done in 0.00091478 secs using 318.4% CPU
UPDATE BEST LOG-LIKELIHOOD: -561.044
Optimizing NNI: done in 0.00234694 secs using 355.5% CPU
Optimizing NNI: done in 0.00318529 secs using 288.3% CPU
Optimizing NNI: done in 0.00141573 secs using 235.8% CPU
Optimizing NNI: done in 0.00348744 secs using 243.3% CPU
Optimizing NNI: done in 0.00204281 secs using 295.6% CPU
Optimizing NNI: done in 0.000972884 secs using 305.4% CPU
Optimizing NNI: done in 0.00196687 secs using 303.2% CPU
Optimizing NNI: done in 0.0021209 secs using 286.8% CPU
Iteration 70 / LogL: -561.044 / Time: 0h:0m:25s (0h:0m:0s left)
Optimizing NNI: done in 0.00195935 secs using 304.1% CPU
Optimizing NNI: done in 0.00107022 secs using 286.8% CPU
Optimizing NNI: done in 0.00211455 secs using 289% CPU
Optimizing NNI: done in 0.00222882 secs using 279.4% CPU
Optimizing NNI: done in 0.00384767 secs using 281.2% CPU
Optimizing NNI: done in 0.00182532 secs using 209.7% CPU
Optimizing NNI: done in 0.001882 secs using 312.5% CPU
Optimizing NNI: done in 0.00326192 secs using 314.8% CPU
Optimizing NNI: done in 0.00121916 secs using 261.3% CPU
Optimizing NNI: done in 0.00113682 secs using 275.6% CPU
Iteration 80 / LogL: -561.044 / Time: 0h:0m:25s (0h:0m:0s left)
Optimizing NNI: done in 0.00111686 secs using 279% CPU
Optimizing NNI: done in 0.00107962 secs using 285.3% CPU
Optimizing NNI: done in 0.00109555 secs using 191.2% CPU
Optimizing NNI: done in 0.00105676 secs using 289.3% CPU
Optimizing NNI: done in 0.00122336 secs using 260.9% CPU
Optimizing NNI: done in 0.001104 secs using 462.1% CPU
Optimizing NNI: done in 0.00108045 secs using 193.6% CPU
Optimizing NNI: done in 0.0023132 secs using 229.4% CPU
Optimizing NNI: done in 0.00113753 secs using 275.5% CPU
Optimizing NNI: done in 0.0018848 secs using 206.2% CPU
Iteration 90 / LogL: -561.045 / Time: 0h:0m:25s (0h:0m:0s left)
Optimizing NNI: done in 0.00321835 secs using 347.6% CPU
Optimizing NNI: done in 0.00216452 secs using 284.7% CPU
Optimizing NNI: done in 0.00110564 secs using 280.8% CPU
Optimizing NNI: done in 0.00232436 secs using 358.1% CPU
Optimizing NNI: done in 0.00104185 secs using 291.9% CPU
Optimizing NNI: done in 0.00310403 secs using 293.2% CPU
Optimizing NNI: done in 0.00195277 secs using 304.7% CPU
Optimizing NNI: done in 0.000838088 secs using 338.6% CPU
Optimizing NNI: done in 0.0041375 secs using 269.2% CPU
Optimizing NNI: done in 0.00219504 secs using 326.9% CPU
Iteration 100 / LogL: -564.349 / Time: 0h:0m:25s (0h:0m:0s left)
Optimizing NNI: done in 0.00239757 secs using 224.9% CPU
Optimizing NNI: done in 0.00192334 secs using 307.6% CPU
Refining ufboot trees with NNI 1 branch...
Optimizing NNI: done in 0.000400559 secs using 98.36% CPU
Optimizing NNI: done in 0.000386767 secs using 99.03% CPU
WARNING: 3 threads for alignment length 21 will slow down analysis
Optimizing NNI: done in 0.000383643 secs using 108.4% CPU
Optimizing NNI: done in 0.000186562 secs using 98.09% CPU
Optimizing NNI: done in 0.00039991 secs using 98.27% CPU
Optimizing NNI: done in 0.000379423 secs using 99.62% CPU
Optimizing NNI: done in 0.000360659 secs using 99.82% CPU
Optimizing NNI: done in 0.000354619 secs using 98.42% CPU
Optimizing NNI: done in 0.000349023 secs using 99.13% CPU
Optimizing NNI: done in 0.000387665 secs using 98.8% CPU
Optimizing NNI: done in 0.000237471 secs using 99.38% CPU
Optimizing NNI: done in 0.000386439 secs using 617.4% CPU
Optimizing NNI: done in 0.000342951 secs using 682.6% CPU
Optimizing NNI: done in 0.000224799 secs using 989.3% CPU
Optimizing NNI: done in 0.000385165 secs using 619% CPU
Optimizing NNI: done in 0.000301177 secs using 99.28% CPU
Optimizing NNI: done in 0.00039449 secs using 99.62% CPU
Optimizing NNI: done in 0.000476239 secs using 432.8% CPU
Optimizing NNI: done in 0.000483787 secs using 99.42% CPU
Optimizing NNI: done in 0.000218058 secs using 566.4% CPU
Optimizing NNI: done in 0.000374021 secs using 98.12% CPU
Optimizing NNI: done in 0.000273853 secs using 371% CPU
Optimizing NNI: done in 0.000271401 secs using 99.48% CPU
Optimizing NNI: done in 0.000385411 secs using 99.63% CPU
Optimizing NNI: done in 0.000277899 secs using 99.32% CPU
Optimizing NNI: done in 0.00029955 secs using 767.2% CPU
Optimizing NNI: done in 0.000354066 secs using 664.6% CPU
Optimizing NNI: done in 0.000371797 secs using 99.52% CPU
Optimizing NNI: done in 0.000232947 secs using 99.16% CPU
Optimizing NNI: done in 0.000416143 secs using 574.6% CPU
Optimizing NNI: done in 0.000353799 secs using 98.64% CPU
Optimizing NNI: done in 0.000385434 secs using 98.85% CPU
Optimizing NNI: done in 0.00039549 secs using 605.6% CPU
Optimizing NNI: done in 0.000447609 secs using 98.08% CPU
Optimizing NNI: done in 0.000385888 secs using 617.8% CPU
Optimizing NNI: done in 0.000289041 secs using 99.64% CPU
Optimizing NNI: done in 0.000393621 secs using 404.7% CPU
Optimizing NNI: done in 0.000342967 secs using 99.72% CPU
Optimizing NNI: done in 0.000387865 secs using 363.8% CPU
Optimizing NNI: done in 0.000320035 secs using 97.8% CPU
Optimizing NNI: done in 0.000350819 secs using 99.48% CPU
Optimizing NNI: done in 0.000400224 secs using 98.2% CPU
Optimizing NNI: done in 0.000395977 secs using 602.6% CPU
Optimizing NNI: done in 0.000366752 secs using 644.8% CPU
Optimizing NNI: done in 0.000418718 secs using 99.35% CPU
Optimizing NNI: done in 0.000319251 secs using 728% CPU
Optimizing NNI: done in 0.00035218 secs using 99.38% CPU
Optimizing NNI: done in 0.000270876 secs using 99.68% CPU
Optimizing NNI: done in 0.000429525 secs using 99.64% CPU
Optimizing NNI: done in 0.000410629 secs using 99.6% CPU
Optimizing NNI: done in 0.000368095 secs using 99.97% CPU
Optimizing NNI: done in 0.000506687 secs using 494.6% CPU
Optimizing NNI: done in 0.000321897 secs using 721.3% CPU
Optimizing NNI: done in 0.000331338 secs using 703.8% CPU
Optimizing NNI: done in 0.000439161 secs using 555.8% CPU
Optimizing NNI: done in 0.000419136 secs using 170.4% CPU
Optimizing NNI: done in 0.000407243 secs using 591% CPU
Optimizing NNI: done in 0.000343315 secs using 99.62% CPU
Optimizing NNI: done in 0.00032188 secs using 99.73% CPU
Optimizing NNI: done in 0.000340653 secs using 99.81% CPU
Optimizing NNI: done in 0.000388399 secs using 99.9% CPU
Optimizing NNI: done in 0.000273501 secs using 831.4% CPU
Optimizing NNI: done in 0.000393345 secs using 608.6% CPU
Optimizing NNI: done in 0.000388446 secs using 99.63% CPU
Optimizing NNI: done in 0.000358112 secs using 99.69% CPU
Optimizing NNI: done in 0.00039385 secs using 99.53% CPU
Optimizing NNI: done in 0.000379909 secs using 626.5% CPU
Optimizing NNI: done in 0.000333222 secs using 699.8% CPU
Optimizing NNI: done in 0.00040236 secs using 352.2% CPU
Optimizing NNI: done in 0.000372262 secs using 98.05% CPU
Optimizing NNI: done in 0.000350271 secs using 99.64% CPU
Optimizing NNI: done in 0.00034778 secs using 99.78% CPU
Optimizing NNI: done in 0.000341515 secs using 99.85% CPU
Optimizing NNI: done in 0.00036585 secs using 99.77% CPU
Optimizing NNI: done in 0.000385431 secs using 99.89% CPU
Optimizing NNI: done in 0.000419042 secs using 577% CPU
Optimizing NNI: done in 0.000373059 secs using 99.72% CPU
Optimizing NNI: done in 0.000263397 secs using 859.2% CPU
Optimizing NNI: done in 0.000332801 secs using 99.76% CPU
Optimizing NNI: done in 0.00032028 secs using 99.6% CPU
Optimizing NNI: done in 0.000413759 secs using 99.57% CPU
Optimizing NNI: done in 0.00051222 secs using 98% CPU
Optimizing NNI: done in 0.000341649 secs using 99.81% CPU
Optimizing NNI: done in 0.000350936 secs using 669.9% CPU
Optimizing NNI: done in 0.00035508 secs using 99.7% CPU
Optimizing NNI: done in 0.000433369 secs using 561.2% CPU
Optimizing NNI: done in 0.000400096 secs using 99.73% CPU
Optimizing NNI: done in 0.000382941 secs using 99.75% CPU
Optimizing NNI: done in 0.00037075 secs using 99.8% CPU
Optimizing NNI: done in 0.000369034 secs using 99.72% CPU
Optimizing NNI: done in 0.000381675 secs using 99.82% CPU
Optimizing NNI: done in 0.000398512 secs using 99.62% CPU
Optimizing NNI: done in 0.000403015 secs using 99.75% CPU
Optimizing NNI: done in 0.000496144 secs using 99.57% CPU
Optimizing NNI: done in 0.000298743 secs using 87.7% CPU
Optimizing NNI: done in 0.000302438 secs using 98.2% CPU
Optimizing NNI: done in 0.000364597 secs using 99.84% CPU
Optimizing NNI: done in 0.00034678 secs using 675.9% CPU
Optimizing NNI: done in 0.000321464 secs using 99.54% CPU
Optimizing NNI: done in 0.000304371 secs using 99.22% CPU
100 samples done
Optimizing NNI: done in 0.000500062 secs using 99.19% CPU
Optimizing NNI: done in 0.000215276 secs using 98.94% CPU
Optimizing NNI: done in 0.000459952 secs using 98.05% CPU
Optimizing NNI: done in 0.00037756 secs using 99.59% CPU
Optimizing NNI: done in 0.000536879 secs using 98.9% CPU
Optimizing NNI: done in 0.000476126 secs using 511.8% CPU
Optimizing NNI: done in 0.000435548 secs using 559.1% CPU
Optimizing NNI: done in 0.00051344 secs using 296.6% CPU
Optimizing NNI: done in 0.000236949 secs using 97.91% CPU
Optimizing NNI: done in 0.000537126 secs using 472.3% CPU
Optimizing NNI: done in 0.00042958 secs using 565.4% CPU
Optimizing NNI: done in 0.000437877 secs using 555.9% CPU
Optimizing NNI: done in 0.000341571 secs using 685.4% CPU
Optimizing NNI: done in 0.000232066 secs using 99.54% CPU
Optimizing NNI: done in 0.00041226 secs using 584.8% CPU
Optimizing NNI: done in 0.000398203 secs using 601.5% CPU
Optimizing NNI: done in 0.000429581 secs using 565.4% CPU
Optimizing NNI: done in 0.000381711 secs using 99.81% CPU
Optimizing NNI: done in 0.00036448 secs using 99.59% CPU
Optimizing NNI: done in 0.000335594 secs using 97.44% CPU
Optimizing NNI: done in 0.000477896 secs using 517.5% CPU
Optimizing NNI: done in 0.000307787 secs using 99.09% CPU
Optimizing NNI: done in 0.000411505 secs using 345.3% CPU
Optimizing NNI: done in 0.000378333 secs using 98.06% CPU
Optimizing NNI: done in 0.000360718 secs using 654.3% CPU
Optimizing NNI: done in 0.000247241 secs using 99.5% CPU
Optimizing NNI: done in 0.000398872 secs using 600.9% CPU
Optimizing NNI: done in 0.000276791 secs using 821.9% CPU
Optimizing NNI: done in 0.000270626 secs using 99.4% CPU
Optimizing NNI: done in 0.000423741 secs using 99.59% CPU
Optimizing NNI: done in 0.000292869 secs using 99.36% CPU
Optimizing NNI: done in 0.00040598 secs using 99.51% CPU
Optimizing NNI: done in 0.00041157 secs using 99.86% CPU
Optimizing NNI: done in 0.000390437 secs using 99.89% CPU
Optimizing NNI: done in 0.000369449 secs using 641% CPU
Optimizing NNI: done in 0.000271993 secs using 99.63% CPU
Optimizing NNI: done in 0.000484837 secs using 99.62% CPU
Optimizing NNI: done in 0.000364456 secs using 99.33% CPU
Optimizing NNI: done in 0.000380951 secs using 97.91% CPU
Optimizing NNI: done in 0.000408255 secs using 98.22% CPU
Optimizing NNI: done in 0.000250531 secs using 97.79% CPU
Optimizing NNI: done in 0.000466813 secs using 98.11% CPU
Optimizing NNI: done in 0.000328769 secs using 98.25% CPU
Optimizing NNI: done in 0.000470725 secs using 524.3% CPU
Optimizing NNI: done in 0.000389354 secs using 99.65% CPU
Optimizing NNI: done in 0.000404503 secs using 594.6% CPU
Optimizing NNI: done in 0.000428386 secs using 566.3% CPU
Optimizing NNI: done in 0.0004558 secs using 538.4% CPU
Optimizing NNI: done in 0.000371246 secs using 99.93% CPU
Optimizing NNI: done in 0.000364334 secs using 99.63% CPU
Optimizing NNI: done in 0.000233629 secs using 98.02% CPU
Optimizing NNI: done in 0.000351227 secs using 98.23% CPU
Optimizing NNI: done in 0.000390072 secs using 99.73% CPU
Optimizing NNI: done in 0.000353451 secs using 665.4% CPU
Optimizing NNI: done in 0.000258476 secs using 99.82% CPU
Optimizing NNI: done in 0.000393699 secs using 99.82% CPU
Optimizing NNI: done in 0.000346242 secs using 99.64% CPU
Optimizing NNI: done in 0.000370005 secs using 99.73% CPU
Optimizing NNI: done in 0.000365971 secs using 646.2% CPU
Optimizing NNI: done in 0.000374498 secs using 99.6% CPU
Optimizing NNI: done in 0.000400731 secs using 598.9% CPU
Optimizing NNI: done in 0.000337514 secs using 98.37% CPU
Optimizing NNI: done in 0.000384167 secs using 99.44% CPU
Optimizing NNI: done in 0.000244369 secs using 97.8% CPU
Optimizing NNI: done in 0.000455759 secs using 99.18% CPU
Optimizing NNI: done in 0.0002172 secs using 99.45% CPU
Optimizing NNI: done in 0.00045979 secs using 502.8% CPU
Optimizing NNI: done in 0.000426762 secs using 99.35% CPU
Optimizing NNI: done in 0.000417989 secs using 578.2% CPU
Optimizing NNI: done in 0.000499197 secs using 200.3% CPU
Optimizing NNI: done in 0.000384652 secs using 99.83% CPU
Optimizing NNI: done in 0.000439853 secs using 330.6% CPU
Optimizing NNI: done in 0.000310054 secs using 99.34% CPU
Optimizing NNI: done in 0.000400496 secs using 99.38% CPU
Optimizing NNI: done in 0.000414323 secs using 99.44% CPU
Optimizing NNI: done in 0.000421824 secs using 99.09% CPU
Optimizing NNI: done in 0.000342787 secs using 99.48% CPU
Optimizing NNI: done in 0.000379682 secs using 99.56% CPU
Optimizing NNI: done in 0.000363745 secs using 99.8% CPU
Optimizing NNI: done in 0.000322089 secs using 99.66% CPU
Optimizing NNI: done in 0.00038197 secs using 99.75% CPU
Optimizing NNI: done in 0.000342098 secs using 99.39% CPU
Optimizing NNI: done in 0.000346031 secs using 98.26% CPU
Optimizing NNI: done in 0.000346327 secs using 99.62% CPU
Optimizing NNI: done in 0.000352823 secs using 99.77% CPU
Optimizing NNI: done in 0.000414502 secs using 582.4% CPU
Optimizing NNI: done in 0.000381162 secs using 624.9% CPU
Optimizing NNI: done in 0.000349018 secs using 99.71% CPU
Optimizing NNI: done in 0.000427534 secs using 98.24% CPU
Optimizing NNI: done in 0.000345115 secs using 99.68% CPU
Optimizing NNI: done in 0.000394944 secs using 100% CPU
Optimizing NNI: done in 0.000336006 secs using 98.21% CPU
Optimizing NNI: done in 0.000363073 secs using 99.43% CPU
Optimizing NNI: done in 0.000332777 secs using 99.77% CPU
Optimizing NNI: done in 0.000410491 secs using 98.18% CPU
Optimizing NNI: done in 0.000273738 secs using 92.06% CPU
Optimizing NNI: done in 0.000390783 secs using 99.54% CPU
Optimizing NNI: done in 0.000375168 secs using 632.8% CPU
Optimizing NNI: done in 0.000208708 secs using 99.66% CPU
Optimizing NNI: done in 0.000311418 secs using 99.87% CPU
200 samples done
Optimizing NNI: done in 0.000365097 secs using 99.7% CPU
Optimizing NNI: done in 0.000337907 secs using 99.73% CPU
Optimizing NNI: done in 0.000340552 secs using 99.84% CPU
Optimizing NNI: done in 0.000388981 secs using 613.9% CPU
Optimizing NNI: done in 0.000342674 secs using 683.2% CPU
Optimizing NNI: done in 0.000347951 secs using 674.8% CPU
Optimizing NNI: done in 0.000386022 secs using 618.1% CPU
Optimizing NNI: done in 0.000389416 secs using 613.2% CPU
Optimizing NNI: done in 0.000334022 secs using 99.69% CPU
Optimizing NNI: done in 0.00042763 secs using 99.62% CPU
Optimizing NNI: done in 0.000305153 secs using 99.62% CPU
Optimizing NNI: done in 0.000420031 secs using 575.9% CPU
Optimizing NNI: done in 0.000378652 secs using 99.83% CPU
Optimizing NNI: done in 0.000355908 secs using 99.74% CPU
Optimizing NNI: done in 0.000363426 secs using 99.61% CPU
Optimizing NNI: done in 0.000425529 secs using 99.64% CPU
Optimizing NNI: done in 0.000335965 secs using 99.71% CPU
Optimizing NNI: done in 0.000336971 secs using 98.23% CPU
Optimizing NNI: done in 0.000373321 secs using 99.91% CPU
Optimizing NNI: done in 0.000416308 secs using 99.69% CPU
Optimizing NNI: done in 0.000430099 secs using 99.28% CPU
Optimizing NNI: done in 0.000494541 secs using 504.7% CPU
Optimizing NNI: done in 0.000422914 secs using 572.2% CPU
Optimizing NNI: done in 0.000399729 secs using 99.82% CPU
Optimizing NNI: done in 0.000408401 secs using 99.66% CPU
Optimizing NNI: done in 0.000368822 secs using 98.42% CPU
Optimizing NNI: done in 0.000280544 secs using 99.45% CPU
Optimizing NNI: done in 0.000420148 secs using 265.6% CPU
Optimizing NNI: done in 0.000434919 secs using 334.5% CPU
Optimizing NNI: done in 0.00032463 secs using 99.5% CPU
Optimizing NNI: done in 0.000215491 secs using 98.38% CPU
Optimizing NNI: done in 0.000376789 secs using 99.53% CPU
Optimizing NNI: done in 0.00034191 secs using 99.44% CPU
Optimizing NNI: done in 0.00041426 secs using 98.97% CPU
Optimizing NNI: done in 0.000414883 secs using 581.9% CPU
Optimizing NNI: done in 0.0003808 secs using 620.5% CPU
Optimizing NNI: done in 0.000337184 secs using 692.8% CPU
Optimizing NNI: done in 0.000316071 secs using 732.4% CPU
Optimizing NNI: done in 0.000402728 secs using 596.2% CPU
Optimizing NNI: done in 0.000414393 secs using 582.3% CPU
Optimizing NNI: done in 0.00039376 secs using 356.8% CPU
Optimizing NNI: done in 0.00037736 secs using 629.9% CPU
Optimizing NNI: done in 0.000448004 secs using 546.2% CPU
Optimizing NNI: done in 0.000337414 secs using 692.6% CPU
Optimizing NNI: done in 0.000259495 secs using 869.8% CPU
Optimizing NNI: done in 0.000386234 secs using 617.5% CPU
Optimizing NNI: done in 0.000270389 secs using 99.49% CPU
Optimizing NNI: done in 0.000322202 secs using 99.63% CPU
Optimizing NNI: done in 0.000312292 secs using 99.91% CPU
Optimizing NNI: done in 0.000388001 secs using 99.74% CPU
Optimizing NNI: done in 0.000426721 secs using 568.3% CPU
Optimizing NNI: done in 0.000245289 secs using 914.8% CPU
Optimizing NNI: done in 0.000336806 secs using 693.6% CPU
Optimizing NNI: done in 0.000398414 secs using 601.6% CPU
Optimizing NNI: done in 0.000248792 secs using 903.6% CPU
Optimizing NNI: done in 0.000355367 secs using 662.4% CPU
Optimizing NNI: done in 0.000486905 secs using 510.6% CPU
Optimizing NNI: done in 0.0003939 secs using 99.77% CPU
Optimizing NNI: done in 0.000397534 secs using 603% CPU
Optimizing NNI: done in 0.000357807 secs using 98.1% CPU
Optimizing NNI: done in 0.000436978 secs using 557% CPU
Optimizing NNI: done in 0.000436172 secs using 99.5% CPU
Optimizing NNI: done in 0.000313316 secs using 737.9% CPU
Optimizing NNI: done in 0.000347133 secs using 675% CPU
Optimizing NNI: done in 0.000263301 secs using 859.5% CPU
Optimizing NNI: done in 0.000389547 secs using 613.3% CPU
Optimizing NNI: done in 0.000253386 secs using 99.45% CPU
Optimizing NNI: done in 0.000385097 secs using 619.1% CPU
Optimizing NNI: done in 0.000344877 secs using 680% CPU
Optimizing NNI: done in 0.000376849 secs using 99.77% CPU
Optimizing NNI: done in 0.000337214 secs using 99.64% CPU
Optimizing NNI: done in 0.000217108 secs using 99.49% CPU
Optimizing NNI: done in 0.000389875 secs using 99.78% CPU
Optimizing NNI: done in 0.000338983 secs using 97.94% CPU
Optimizing NNI: done in 0.000374553 secs using 99.59% CPU
Optimizing NNI: done in 0.000340314 secs using 99.32% CPU
Optimizing NNI: done in 0.000326424 secs using 99.56% CPU
Optimizing NNI: done in 0.000424798 secs using 98.87% CPU
Optimizing NNI: done in 0.000392225 secs using 609.6% CPU
Optimizing NNI: done in 0.000327548 secs using 710.4% CPU
Optimizing NNI: done in 0.000448157 secs using 99.74% CPU
Optimizing NNI: done in 0.000328841 secs using 99.74% CPU
Optimizing NNI: done in 0.000349639 secs using 99.82% CPU
Optimizing NNI: done in 0.000394076 secs using 607.5% CPU
Optimizing NNI: done in 0.000358883 secs using 99.75% CPU
Optimizing NNI: done in 0.000242461 secs using 98.16% CPU
Optimizing NNI: done in 0.00034404 secs using 99.41% CPU
Optimizing NNI: done in 0.000314767 secs using 98.8% CPU
Optimizing NNI: done in 0.000385731 secs using 99.55% CPU
Optimizing NNI: done in 0.000314117 secs using 98.69% CPU
Optimizing NNI: done in 0.000330424 secs using 705.5% CPU
Optimizing NNI: done in 0.000384555 secs using 619.9% CPU
Optimizing NNI: done in 0.000368514 secs using 642.6% CPU
Optimizing NNI: done in 0.00033454 secs using 99.84% CPU
Optimizing NNI: done in 0.000217585 secs using 99.27% CPU
Optimizing NNI: done in 0.000354201 secs using 99.66% CPU
Optimizing NNI: done in 0.000350069 secs using 99.69% CPU
Optimizing NNI: done in 0.000413255 secs using 99.7% CPU
Optimizing NNI: done in 0.000403816 secs using 351.2% CPU
Optimizing NNI: done in 0.00043174 secs using 98.21% CPU
300 samples done
Optimizing NNI: done in 0.000490622 secs using 99.47% CPU
Optimizing NNI: done in 0.00035572 secs using 662% CPU
Optimizing NNI: done in 0.000445917 secs using 99.57% CPU
Optimizing NNI: done in 0.000335792 secs using 695.1% CPU
Optimizing NNI: done in 0.000284109 secs using 97.85% CPU
Optimizing NNI: done in 0.000395526 secs using 99.87% CPU
Optimizing NNI: done in 0.000375922 secs using 99.75% CPU
Optimizing NNI: done in 0.000402401 secs using 99.4% CPU
Optimizing NNI: done in 0.000353344 secs using 665.6% CPU
Optimizing NNI: done in 0.000418996 secs using 577.1% CPU
Optimizing NNI: done in 0.000262206 secs using 99.16% CPU
Optimizing NNI: done in 0.000346974 secs using 99.72% CPU
Optimizing NNI: done in 0.00034429 secs using 99.63% CPU
Optimizing NNI: done in 0.000325589 secs using 99.2% CPU
Optimizing NNI: done in 0.000474665 secs using 521.6% CPU
Optimizing NNI: done in 0.000357422 secs using 659.4% CPU
Optimizing NNI: done in 0.000313414 secs using 99.55% CPU
Optimizing NNI: done in 0.000236968 secs using 99.59% CPU
Optimizing NNI: done in 0.000376559 secs using 99.59% CPU
Optimizing NNI: done in 0.000311606 secs using 99.81% CPU
Optimizing NNI: done in 0.000363478 secs using 99.59% CPU
Optimizing NNI: done in 0.000359302 secs using 99.92% CPU
Optimizing NNI: done in 0.000366742 secs using 99.8% CPU
Optimizing NNI: done in 0.000364905 secs using 99.75% CPU
Optimizing NNI: done in 0.000444119 secs using 99.52% CPU
Optimizing NNI: done in 0.000350183 secs using 670.2% CPU
Optimizing NNI: done in 0.00037883 secs using 627.7% CPU
Optimizing NNI: done in 0.000383614 secs using 364.2% CPU
Optimizing NNI: done in 0.000391995 secs using 610.5% CPU
Optimizing NNI: done in 0.000348705 secs using 673.3% CPU
Optimizing NNI: done in 0.000365961 secs using 645.7% CPU
Optimizing NNI: done in 0.000383179 secs using 98.91% CPU
Optimizing NNI: done in 0.00035285 secs using 99.48% CPU
Optimizing NNI: done in 0.000246531 secs using 99.38% CPU
Optimizing NNI: done in 0.000372143 secs using 99.69% CPU
Optimizing NNI: done in 0.000400152 secs using 599.8% CPU
Optimizing NNI: done in 0.000346232 secs using 677% CPU
Optimizing NNI: done in 0.00040033 secs using 599.5% CPU
Optimizing NNI: done in 0.000400887 secs using 99.53% CPU
Optimizing NNI: done in 0.000358586 secs using 657.6% CPU
Optimizing NNI: done in 0.000313344 secs using 99.89% CPU
Optimizing NNI: done in 0.000317017 secs using 98.42% CPU
Optimizing NNI: done in 0.000220658 secs using 99.7% CPU
Optimizing NNI: done in 0.000332937 secs using 700.4% CPU
Optimizing NNI: done in 0.000343623 secs using 682.1% CPU
Optimizing NNI: done in 0.000399475 secs using 600.8% CPU
Optimizing NNI: done in 0.000325327 secs using 99.59% CPU
Optimizing NNI: done in 0.000348055 secs using 99.7% CPU
Optimizing NNI: done in 0.000323477 secs using 99.85% CPU
Optimizing NNI: done in 0.000386039 secs using 99.73% CPU
Optimizing NNI: done in 0.000325297 secs using 99.91% CPU
Optimizing NNI: done in 0.000360039 secs using 655.8% CPU
Optimizing NNI: done in 0.000379649 secs using 626.6% CPU
Optimizing NNI: done in 0.000295459 secs using 776.4% CPU
Optimizing NNI: done in 0.000332465 secs using 701.7% CPU
Optimizing NNI: done in 0.000286837 secs using 99.71% CPU
Optimizing NNI: done in 0.000454819 secs using 99.6% CPU
Optimizing NNI: done in 0.000362711 secs using 651.2% CPU
Optimizing NNI: done in 0.000238263 secs using 99.89% CPU
Optimizing NNI: done in 0.000372167 secs using 99.96% CPU
Optimizing NNI: done in 0.000258836 secs using 99.68% CPU
Optimizing NNI: done in 0.000389135 secs using 99.71% CPU
Optimizing NNI: done in 0.000323584 secs using 99.51% CPU
Optimizing NNI: done in 0.000339583 secs using 99.53% CPU
Optimizing NNI: done in 0.000457532 secs using 99.88% CPU
Optimizing NNI: done in 0.000446243 secs using 326.7% CPU
Optimizing NNI: done in 0.000385945 secs using 618.2% CPU
Optimizing NNI: done in 0.000396359 secs using 99.66% CPU
Optimizing NNI: done in 0.000370972 secs using 99.74% CPU
Optimizing NNI: done in 0.000389074 secs using 99.72% CPU
Optimizing NNI: done in 0.000244442 secs using 99% CPU
Optimizing NNI: done in 0.000322674 secs using 99.48% CPU
Optimizing NNI: done in 0.000329193 secs using 408% CPU
Optimizing NNI: done in 0.000333921 secs using 698.7% CPU
Optimizing NNI: done in 0.000249399 secs using 99.84% CPU
Optimizing NNI: done in 0.000391573 secs using 610.6% CPU
Optimizing NNI: done in 0.000377441 secs using 99.88% CPU
Optimizing NNI: done in 0.000363619 secs using 99.83% CPU
Optimizing NNI: done in 0.000358802 secs using 99.78% CPU
Optimizing NNI: done in 0.00030539 secs using 99.54% CPU
Optimizing NNI: done in 0.00040414 secs using 594.3% CPU
Optimizing NNI: done in 0.000362548 secs using 99.85% CPU
Optimizing NNI: done in 0.000327805 secs using 99.75% CPU
Optimizing NNI: done in 0.000376048 secs using 99.72% CPU
Optimizing NNI: done in 0.000363755 secs using 99.52% CPU
Optimizing NNI: done in 0.000342003 secs using 99.71% CPU
Optimizing NNI: done in 0.000303847 secs using 99.72% CPU
Optimizing NNI: done in 0.00036233 secs using 99.63% CPU
Optimizing NNI: done in 0.000276351 secs using 98.06% CPU
Optimizing NNI: done in 0.000327411 secs using 99.26% CPU
Optimizing NNI: done in 0.000297334 secs using 99.55% CPU
Optimizing NNI: done in 0.000187721 secs using 99.62% CPU
Optimizing NNI: done in 0.000353668 secs using 665% CPU
Optimizing NNI: done in 0.00022782 secs using 812.9% CPU
Optimizing NNI: done in 0.000371349 secs using 638.5% CPU
Optimizing NNI: done in 0.000280559 secs using 813% CPU
Optimizing NNI: done in 0.000310613 secs using 744% CPU
Optimizing NNI: done in 0.000368959 secs using 642.1% CPU
Optimizing NNI: done in 0.000385145 secs using 99.96% CPU
Optimizing NNI: done in 0.000340826 secs using 99.46% CPU
400 samples done
Optimizing NNI: done in 0.000371787 secs using 99.52% CPU
Optimizing NNI: done in 0.000359587 secs using 99.84% CPU
Optimizing NNI: done in 0.000308209 secs using 99.61% CPU
Optimizing NNI: done in 0.00038391 secs using 99.76% CPU
Optimizing NNI: done in 0.000373002 secs using 99.73% CPU
Optimizing NNI: done in 0.00039208 secs using 99.72% CPU
Optimizing NNI: done in 0.000422825 secs using 572.6% CPU
Optimizing NNI: done in 0.000383298 secs using 622% CPU
Optimizing NNI: done in 0.000418355 secs using 578% CPU
Optimizing NNI: done in 0.000267725 secs using 99.36% CPU
Optimizing NNI: done in 0.000251875 secs using 893.7% CPU
Optimizing NNI: done in 0.000351345 secs using 668.9% CPU
Optimizing NNI: done in 0.000392543 secs using 609.6% CPU
Optimizing NNI: done in 0.000363429 secs using 99.88% CPU
Optimizing NNI: done in 0.000368987 secs using 99.73% CPU
Optimizing NNI: done in 0.000347167 secs using 99.95% CPU
Optimizing NNI: done in 0.000371608 secs using 99.84% CPU
Optimizing NNI: done in 0.000329206 secs using 99.63% CPU
Optimizing NNI: done in 0.000329246 secs using 99.93% CPU
Optimizing NNI: done in 0.000361287 secs using 99.64% CPU
Optimizing NNI: done in 0.000373168 secs using 99.69% CPU
Optimizing NNI: done in 0.000356626 secs using 99.82% CPU
Optimizing NNI: done in 0.000365086 secs using 647.2% CPU
Optimizing NNI: done in 0.000383375 secs using 621.6% CPU
Optimizing NNI: done in 0.00041543 secs using 581.3% CPU
Optimizing NNI: done in 0.000440387 secs using 553.8% CPU
Optimizing NNI: done in 0.000334932 secs using 402.5% CPU
Optimizing NNI: done in 0.000353601 secs using 98.13% CPU
Optimizing NNI: done in 0.000361847 secs using 99.21% CPU
Optimizing NNI: done in 0.000349891 secs using 99.46% CPU
Optimizing NNI: done in 0.000311573 secs using 98.21% CPU
Optimizing NNI: done in 0.000334726 secs using 99.78% CPU
Optimizing NNI: done in 0.000340688 secs using 686.8% CPU
Optimizing NNI: done in 0.000264076 secs using 99.21% CPU
Optimizing NNI: done in 0.000363853 secs using 99.77% CPU
Optimizing NNI: done in 0.000412953 secs using 584.3% CPU
Optimizing NNI: done in 0.000355631 secs using 659.4% CPU
Optimizing NNI: done in 0.000239014 secs using 99.58% CPU
Optimizing NNI: done in 0.000337088 secs using 99.97% CPU
Optimizing NNI: done in 0.000363316 secs using 99.91% CPU
Optimizing NNI: done in 0.000338871 secs using 99.74% CPU
Optimizing NNI: done in 0.000369022 secs using 99.72% CPU
Optimizing NNI: done in 0.000454009 secs using 98.24% CPU
Optimizing NNI: done in 0.000339719 secs using 99.79% CPU
Optimizing NNI: done in 0.000416974 secs using 98.09% CPU
Optimizing NNI: done in 0.000410351 secs using 346.8% CPU
Optimizing NNI: done in 0.00037997 secs using 98.17% CPU
Optimizing NNI: done in 0.000346068 secs using 99.69% CPU
Optimizing NNI: done in 0.000361445 secs using 99.88% CPU
Optimizing NNI: done in 0.000333673 secs using 698.9% CPU
Optimizing NNI: done in 0.000372588 secs using 636.9% CPU
Optimizing NNI: done in 0.00024538 secs using 99.44% CPU
Optimizing NNI: done in 0.000378245 secs using 628.7% CPU
Optimizing NNI: done in 0.000354632 secs using 663.8% CPU
Optimizing NNI: done in 0.000327393 secs using 99.57% CPU
Optimizing NNI: done in 0.000380313 secs using 99.92% CPU
Optimizing NNI: done in 0.000321059 secs using 99.67% CPU
Optimizing NNI: done in 0.000411318 secs using 97.98% CPU
Optimizing NNI: done in 0.000387879 secs using 99.52% CPU
Optimizing NNI: done in 0.000362149 secs using 99.41% CPU
Optimizing NNI: done in 0.000389925 secs using 98.48% CPU
Optimizing NNI: done in 0.000350752 secs using 99.79% CPU
Optimizing NNI: done in 0.000458574 secs using 536% CPU
Optimizing NNI: done in 0.000362101 secs using 99.7% CPU
Optimizing NNI: done in 0.000328416 secs using 99.57% CPU
Optimizing NNI: done in 0.000354508 secs using 99.86% CPU
Optimizing NNI: done in 0.000269985 secs using 99.64% CPU
Optimizing NNI: done in 0.000421212 secs using 99.47% CPU
Optimizing NNI: done in 0.000369557 secs using 640.8% CPU
Optimizing NNI: done in 0.000324215 secs using 99.63% CPU
Optimizing NNI: done in 0.000335144 secs using 99.66% CPU
Optimizing NNI: done in 0.000376462 secs using 630.9% CPU
Optimizing NNI: done in 0.00037592 secs using 631.5% CPU
Optimizing NNI: done in 0.000392595 secs using 98.32% CPU
Optimizing NNI: done in 0.000316588 secs using 99.5% CPU
Optimizing NNI: done in 0.000232321 secs using 98.14% CPU
Optimizing NNI: done in 0.00034914 secs using 98.81% CPU
Optimizing NNI: done in 0.000435712 secs using 549.9% CPU
Optimizing NNI: done in 0.000361689 secs using 99.81% CPU
Optimizing NNI: done in 0.000344908 secs using 679.6% CPU
Optimizing NNI: done in 0.000246721 secs using 99.3% CPU
Optimizing NNI: done in 0.000271001 secs using 100% CPU
Optimizing NNI: done in 0.000379607 secs using 99.84% CPU
Optimizing NNI: done in 0.000414801 secs using 99.81% CPU
Optimizing NNI: done in 0.000319046 secs using 99.67% CPU
Optimizing NNI: done in 0.000445194 secs using 549.6% CPU
Optimizing NNI: done in 0.000510104 secs using 491.9% CPU
Optimizing NNI: done in 0.000353012 secs using 99.71% CPU
Optimizing NNI: done in 0.000433521 secs using 99.65% CPU
Optimizing NNI: done in 0.000350868 secs using 99.75% CPU
Optimizing NNI: done in 0.000242523 secs using 99.78% CPU
Optimizing NNI: done in 0.000315725 secs using 99.77% CPU
Optimizing NNI: done in 0.000342744 secs using 99.78% CPU
Optimizing NNI: done in 0.00031164 secs using 99.79% CPU
Optimizing NNI: done in 0.000299449 secs using 98.18% CPU
Optimizing NNI: done in 0.000456739 secs using 99.62% CPU
Optimizing NNI: done in 0.000400603 secs using 99.35% CPU
Optimizing NNI: done in 0.000292889 secs using 99.7% CPU
Optimizing NNI: done in 0.000258695 secs using 99.34% CPU
Optimizing NNI: done in 0.000248001 secs using 99.6% CPU
500 samples done
Optimizing NNI: done in 0.000356909 secs using 658.4% CPU
Optimizing NNI: done in 0.000380176 secs using 99.69% CPU
Optimizing NNI: done in 0.00034932 secs using 99.91% CPU
Optimizing NNI: done in 0.000365588 secs using 99.84% CPU
Optimizing NNI: done in 0.000408783 secs using 96.14% CPU
Optimizing NNI: done in 0.000276587 secs using 822.9% CPU
Optimizing NNI: done in 0.000351052 secs using 669.1% CPU
Optimizing NNI: done in 0.000342871 secs using 683.3% CPU
Optimizing NNI: done in 0.000313548 secs using 422.3% CPU
Optimizing NNI: done in 0.000372427 secs using 637.2% CPU
Optimizing NNI: done in 0.000299427 secs using 99.52% CPU
WARNING: 3 threads for alignment length 23 will slow down analysis
Optimizing NNI: done in 0.000364926 secs using 109.3% CPU
Optimizing NNI: done in 0.000233453 secs using 98.52% CPU
Optimizing NNI: done in 0.000440739 secs using 553.4% CPU
Optimizing NNI: done in 0.000409417 secs using 582.8% CPU
Optimizing NNI: done in 0.000343344 secs using 394.9% CPU
Optimizing NNI: done in 0.000403263 secs using 595.9% CPU
Optimizing NNI: done in 0.00026739 secs using 98.36% CPU
Optimizing NNI: done in 0.000320425 secs using 724% CPU
Optimizing NNI: done in 0.000368703 secs using 642.3% CPU
Optimizing NNI: done in 0.000339003 secs using 99.7% CPU
Optimizing NNI: done in 0.000319366 secs using 99.89% CPU
Optimizing NNI: done in 0.000345787 secs using 99.77% CPU
Optimizing NNI: done in 0.000359862 secs using 99.76% CPU
Optimizing NNI: done in 0.000341615 secs using 99.82% CPU
Optimizing NNI: done in 0.000335731 secs using 99.78% CPU
Optimizing NNI: done in 0.000317233 secs using 99.93% CPU
Optimizing NNI: done in 0.000402814 secs using 100% CPU
Optimizing NNI: done in 0.000341413 secs using 99.88% CPU
Optimizing NNI: done in 0.000229073 secs using 99.53% CPU
Optimizing NNI: done in 0.000324175 secs using 99.64% CPU
Optimizing NNI: done in 0.000381957 secs using 99.75% CPU
Optimizing NNI: done in 0.000364619 secs using 99.83% CPU
Optimizing NNI: done in 0.000322894 secs using 719.4% CPU
Optimizing NNI: done in 0.000373067 secs using 371.8% CPU
Optimizing NNI: done in 0.000487055 secs using 510.4% CPU
Optimizing NNI: done in 0.000348147 secs using 99.67% CPU
Optimizing NNI: done in 0.000267805 secs using 846.1% CPU
Optimizing NNI: done in 0.000367673 secs using 99.54% CPU
Optimizing NNI: done in 0.00053893 secs using 385.8% CPU
Optimizing NNI: done in 0.000339459 secs using 99.86% CPU
Optimizing NNI: done in 0.000351925 secs using 95.19% CPU
Optimizing NNI: done in 0.000367157 secs using 99.96% CPU
Optimizing NNI: done in 0.000238671 secs using 99.3% CPU
Optimizing NNI: done in 0.00032617 secs using 99.64% CPU
Optimizing NNI: done in 0.000314032 secs using 736.9% CPU
Optimizing NNI: done in 0.00041627 secs using 99.69% CPU
Optimizing NNI: done in 0.000408819 secs using 589.3% CPU
Optimizing NNI: done in 0.000400384 secs using 600.4% CPU
Optimizing NNI: done in 0.000328632 secs using 99.81% CPU
Optimizing NNI: done in 0.000347384 secs using 99.6% CPU
Optimizing NNI: done in 0.000344047 secs using 99.7% CPU
Optimizing NNI: done in 0.000366245 secs using 99.66% CPU
Optimizing NNI: done in 0.000334653 secs using 99.51% CPU
Optimizing NNI: done in 0.000317705 secs using 98.52% CPU
Optimizing NNI: done in 0.000361867 secs using 99.76% CPU
Optimizing NNI: done in 0.000323246 secs using 718.3% CPU
Optimizing NNI: done in 0.000381946 secs using 623.4% CPU
Optimizing NNI: done in 0.000430133 secs using 564.5% CPU
Optimizing NNI: done in 0.000258738 secs using 872.7% CPU
Optimizing NNI: done in 0.000389464 secs using 613.4% CPU
Optimizing NNI: done in 0.00032519 secs using 714.4% CPU
Optimizing NNI: done in 0.000407683 secs using 589.9% CPU
Optimizing NNI: done in 0.000383271 secs using 621.8% CPU
Optimizing NNI: done in 0.000362361 secs using 651.6% CPU
Optimizing NNI: done in 0.000229625 secs using 99.29% CPU
Optimizing NNI: done in 0.000385062 secs using 99.46% CPU
Optimizing NNI: done in 0.000362227 secs using 99.39% CPU
Optimizing NNI: done in 0.000453419 secs using 99.69% CPU
Optimizing NNI: done in 0.000409798 secs using 99.81% CPU
Optimizing NNI: done in 0.000347038 secs using 99.7% CPU
Optimizing NNI: done in 0.000384655 secs using 99.83% CPU
Optimizing NNI: done in 0.000284686 secs using 99.76% CPU
Optimizing NNI: done in 0.000333471 secs using 99.56% CPU
Optimizing NNI: done in 0.000473365 secs using 99.71% CPU
Optimizing NNI: done in 0.000512867 secs using 489.8% CPU
Optimizing NNI: done in 0.000402552 secs using 596.7% CPU
Optimizing NNI: done in 0.000344976 secs using 99.72% CPU
Optimizing NNI: done in 0.000439826 secs using 99.58% CPU
Optimizing NNI: done in 0.000360296 secs using 99.64% CPU
Optimizing NNI: done in 0.000283905 secs using 97.92% CPU
Optimizing NNI: done in 0.00043214 secs using 562.5% CPU
Optimizing NNI: done in 0.000440815 secs using 99.59% CPU
Optimizing NNI: done in 0.00031996 secs using 99.39% CPU
Optimizing NNI: done in 0.000425656 secs using 99.61% CPU
Optimizing NNI: done in 0.00038458 secs using 98.29% CPU
Optimizing NNI: done in 0.000386794 secs using 616.3% CPU
Optimizing NNI: done in 0.000312557 secs using 99.82% CPU
Optimizing NNI: done in 0.000396203 secs using 99.44% CPU
Optimizing NNI: done in 0.000329388 secs using 99.58% CPU
Optimizing NNI: done in 0.000372931 secs using 99.48% CPU
Optimizing NNI: done in 0.000322254 secs using 99.92% CPU
Optimizing NNI: done in 0.000381843 secs using 99.78% CPU
Optimizing NNI: done in 0.000423515 secs using 338.1% CPU
Optimizing NNI: done in 0.000339357 secs using 689.2% CPU
Optimizing NNI: done in 0.000353549 secs using 665.8% CPU
Optimizing NNI: done in 0.000413717 secs using 583.5% CPU
Optimizing NNI: done in 0.000402427 secs using 596.4% CPU
Optimizing NNI: done in 0.00041595 secs using 99.53% CPU
Optimizing NNI: done in 0.000392617 secs using 98.06% CPU
600 samples done
Optimizing NNI: done in 0.000306748 secs using 751.4% CPU
Optimizing NNI: done in 0.000341941 secs using 99.72% CPU
Optimizing NNI: done in 0.000412867 secs using 584.2% CPU
Optimizing NNI: done in 0.000368643 secs using 99.83% CPU
Optimizing NNI: done in 0.00031938 secs using 725.8% CPU
Optimizing NNI: done in 0.000217922 secs using 99.58% CPU
Optimizing NNI: done in 0.000353315 secs using 99.34% CPU
Optimizing NNI: done in 0.000423103 secs using 99.74% CPU
Optimizing NNI: done in 0.000392024 secs using 99.48% CPU
Optimizing NNI: done in 0.000382105 secs using 98.14% CPU
Optimizing NNI: done in 0.000406747 secs using 591.3% CPU
Optimizing NNI: done in 0.000375699 secs using 99.81% CPU
Optimizing NNI: done in 0.000221067 secs using 98.16% CPU
Optimizing NNI: done in 0.000430991 secs using 563.6% CPU
Optimizing NNI: done in 0.000373505 secs using 635.3% CPU
Optimizing NNI: done in 0.000524335 secs using 99.75% CPU
Optimizing NNI: done in 0.000432064 secs using 99.75% CPU
Optimizing NNI: done in 0.000382942 secs using 99.75% CPU
Optimizing NNI: done in 0.00037067 secs using 99.55% CPU
Optimizing NNI: done in 0.000402201 secs using 99.7% CPU
Optimizing NNI: done in 0.00032711 secs using 711.4% CPU
Optimizing NNI: done in 0.000363895 secs using 99.75% CPU
Optimizing NNI: done in 0.000424816 secs using 99.57% CPU
Optimizing NNI: done in 0.000394722 secs using 606.5% CPU
Optimizing NNI: done in 0.000353673 secs using 99.81% CPU
Optimizing NNI: done in 0.000337115 secs using 692.9% CPU
Optimizing NNI: done in 0.000433514 secs using 99.65% CPU
Optimizing NNI: done in 0.000320852 secs using 99.73% CPU
Optimizing NNI: done in 0.000354291 secs using 99.64% CPU
Optimizing NNI: done in 0.000380272 secs using 99.67% CPU
Optimizing NNI: done in 0.00042261 secs using 573.3% CPU
Optimizing NNI: done in 0.000361823 secs using 652.5% CPU
Optimizing NNI: done in 0.000335813 secs using 99.76% CPU
Optimizing NNI: done in 0.000354491 secs using 664.3% CPU
Optimizing NNI: done in 0.000359637 secs using 656.2% CPU
Optimizing NNI: done in 0.000343002 secs using 683.1% CPU
Optimizing NNI: done in 0.000312552 secs using 740.4% CPU
Optimizing NNI: done in 0.000352208 secs using 667.8% CPU
Optimizing NNI: done in 0.000342489 secs using 99.86% CPU
Optimizing NNI: done in 0.000287146 secs using 99.6% CPU
Optimizing NNI: done in 0.000380376 secs using 99.64% CPU
Optimizing NNI: done in 0.000331717 secs using 99.78% CPU
Optimizing NNI: done in 0.000446161 secs using 99.74% CPU
Optimizing NNI: done in 0.000354841 secs using 99.48% CPU
Optimizing NNI: done in 0.000222086 secs using 99.51% CPU
Optimizing NNI: done in 0.000542413 secs using 468.5% CPU
Optimizing NNI: done in 0.000381491 secs using 99.87% CPU
Optimizing NNI: done in 0.000312553 secs using 99.82% CPU
Optimizing NNI: done in 0.000386579 secs using 99.85% CPU
Optimizing NNI: done in 0.000298588 secs using 99.8% CPU
Optimizing NNI: done in 0.000373703 secs using 99.54% CPU
Optimizing NNI: done in 0.000383854 secs using 99.78% CPU
Optimizing NNI: done in 0.000405275 secs using 99.69% CPU
Optimizing NNI: done in 0.000191199 secs using 99.37% CPU
Optimizing NNI: done in 0.00036204 secs using 99.71% CPU
Optimizing NNI: done in 0.000469583 secs using 99.88% CPU
Optimizing NNI: done in 0.00038945 secs using 99.63% CPU
Optimizing NNI: done in 0.000255365 secs using 99.47% CPU
Optimizing NNI: done in 0.00023744 secs using 99.81% CPU
Optimizing NNI: done in 0.000369895 secs using 640.2% CPU
Optimizing NNI: done in 0.000353855 secs using 664.7% CPU
Optimizing NNI: done in 0.000333882 secs using 99.74% CPU
Optimizing NNI: done in 0.00038122 secs using 99.94% CPU
Optimizing NNI: done in 0.000355168 secs using 99.95% CPU
Optimizing NNI: done in 0.000436412 secs using 99.68% CPU
Optimizing NNI: done in 0.000420741 secs using 575.2% CPU
Optimizing NNI: done in 0.000408932 secs using 589.1% CPU
Optimizing NNI: done in 0.000315496 secs using 733.8% CPU
Optimizing NNI: done in 0.000384846 secs using 99.78% CPU
Optimizing NNI: done in 0.000357063 secs using 99.7% CPU
Optimizing NNI: done in 0.00025822 secs using 99.53% CPU
Optimizing NNI: done in 0.000319318 secs using 99.9% CPU
Optimizing NNI: done in 0.000321956 secs using 99.7% CPU
Optimizing NNI: done in 0.000380245 secs using 99.94% CPU
Optimizing NNI: done in 0.00023854 secs using 98.1% CPU
Optimizing NNI: done in 0.000336668 secs using 99.5% CPU
Optimizing NNI: done in 0.00038555 secs using 99.6% CPU
Optimizing NNI: done in 0.000374734 secs using 99.8% CPU
Optimizing NNI: done in 0.000249289 secs using 99.48% CPU
Optimizing NNI: done in 0.000303677 secs using 98.79% CPU
Optimizing NNI: done in 0.000306385 secs using 429.9% CPU
Optimizing NNI: done in 0.000247092 secs using 98.75% CPU
Optimizing NNI: done in 0.00044207 secs using 98.85% CPU
Optimizing NNI: done in 0.000344995 secs using 99.71% CPU
Optimizing NNI: done in 0.000302673 secs using 98.79% CPU
Optimizing NNI: done in 0.000372828 secs using 99.51% CPU
Optimizing NNI: done in 0.000272668 secs using 99.76% CPU
Optimizing NNI: done in 0.00037594 secs using 99.48% CPU
Optimizing NNI: done in 0.000327654 secs using 99.8% CPU
Optimizing NNI: done in 0.000377759 secs using 99.53% CPU
Optimizing NNI: done in 0.000385952 secs using 98.98% CPU
Optimizing NNI: done in 0.000376736 secs using 630.1% CPU
Optimizing NNI: done in 0.000329285 secs using 99.91% CPU
Optimizing NNI: done in 0.000362175 secs using 99.68% CPU
Optimizing NNI: done in 0.000441144 secs using 98.38% CPU
Optimizing NNI: done in 0.000375863 secs using 99.77% CPU
Optimizing NNI: done in 0.000348347 secs using 99.04% CPU
Optimizing NNI: done in 0.000399268 secs using 601.4% CPU
Optimizing NNI: done in 0.000367774 secs using 643.3% CPU
Optimizing NNI: done in 0.000387464 secs using 99.62% CPU
700 samples done
Optimizing NNI: done in 0.000380744 secs using 99.8% CPU
Optimizing NNI: done in 0.000396942 secs using 99.76% CPU
Optimizing NNI: done in 0.000247492 secs using 99.4% CPU
Optimizing NNI: done in 0.000253342 secs using 99.87% CPU
Optimizing NNI: done in 0.00039353 secs using 99.87% CPU
Optimizing NNI: done in 0.000477768 secs using 99.63% CPU
Optimizing NNI: done in 0.000255228 secs using 99.52% CPU
Optimizing NNI: done in 0.000314506 secs using 99.2% CPU
Optimizing NNI: done in 0.000341027 secs using 99.41% CPU
Optimizing NNI: done in 0.000353513 secs using 665.6% CPU
Optimizing NNI: done in 0.000382201 secs using 364.7% CPU
Optimizing NNI: done in 0.000453749 secs using 540.4% CPU
Optimizing NNI: done in 0.000367171 secs using 644.4% CPU
Optimizing NNI: done in 0.000367516 secs using 643.8% CPU
Optimizing NNI: done in 0.000334799 secs using 99.76% CPU
Optimizing NNI: done in 0.00036386 secs using 99.76% CPU
Optimizing NNI: done in 0.000385088 secs using 619.3% CPU
Optimizing NNI: done in 0.000323445 secs using 98.32% CPU
Optimizing NNI: done in 0.000392225 secs using 99.43% CPU
Optimizing NNI: done in 0.000386602 secs using 99.33% CPU
Optimizing NNI: done in 0.000313958 secs using 99.06% CPU
Optimizing NNI: done in 0.000477484 secs using 518.3% CPU
Optimizing NNI: done in 0.000429737 secs using 99.6% CPU
Optimizing NNI: done in 0.000344962 secs using 99.14% CPU
Optimizing NNI: done in 0.000338345 secs using 399.3% CPU
Optimizing NNI: done in 0.000343239 secs using 98.18% CPU
Optimizing NNI: done in 0.000339075 secs using 98.8% CPU
Optimizing NNI: done in 0.000233189 secs using 99.92% CPU
Optimizing NNI: done in 0.000238978 secs using 99.59% CPU
Optimizing NNI: done in 0.000391191 secs using 611% CPU
Optimizing NNI: done in 0.000375116 secs using 98.64% CPU
Optimizing NNI: done in 0.000359385 secs using 99.89% CPU
Optimizing NNI: done in 0.000246912 secs using 99.63% CPU
Optimizing NNI: done in 0.000375089 secs using 632.9% CPU
Optimizing NNI: done in 0.000370997 secs using 638.8% CPU
Optimizing NNI: done in 0.000379087 secs using 99.98% CPU
Optimizing NNI: done in 0.000372566 secs using 99.85% CPU
Optimizing NNI: done in 0.000462083 secs using 532.4% CPU
Optimizing NNI: done in 0.000380155 secs using 99.7% CPU
Optimizing NNI: done in 0.000317619 secs using 98.23% CPU
Optimizing NNI: done in 0.000421703 secs using 98.65% CPU
Optimizing NNI: done in 0.000301128 secs using 98.3% CPU
Optimizing NNI: done in 0.000335657 secs using 99.51% CPU
Optimizing NNI: done in 0.000400465 secs using 99.88% CPU
Optimizing NNI: done in 0.000242161 secs using 99.52% CPU
Optimizing NNI: done in 0.000356225 secs using 99.66% CPU
Optimizing NNI: done in 0.000250742 secs using 99.7% CPU
Optimizing NNI: done in 0.000366408 secs using 99.89% CPU
Optimizing NNI: done in 0.000441909 secs using 552.6% CPU
Optimizing NNI: done in 0.000384378 secs using 620.7% CPU
Optimizing NNI: done in 0.000328669 secs using 708.3% CPU
Optimizing NNI: done in 0.00036935 secs using 99.63% CPU
Optimizing NNI: done in 0.000232051 secs using 98.25% CPU
Optimizing NNI: done in 0.000321734 secs using 99.15% CPU
Optimizing NNI: done in 0.000310174 secs using 99.94% CPU
Optimizing NNI: done in 0.000338681 secs using 99.8% CPU
Optimizing NNI: done in 0.000348525 secs using 97.27% CPU
Optimizing NNI: done in 0.000273558 secs using 99.8% CPU
Optimizing NNI: done in 0.00025486 secs using 99.27% CPU
Optimizing NNI: done in 0.000315622 secs using 99.8% CPU
Optimizing NNI: done in 0.000350492 secs using 99.57% CPU
Optimizing NNI: done in 0.00034369 secs using 99.8% CPU
Optimizing NNI: done in 0.00035419 secs using 99.95% CPU
Optimizing NNI: done in 0.000330813 secs using 99.75% CPU
Optimizing NNI: done in 0.000388477 secs using 99.62% CPU
Optimizing NNI: done in 0.000395308 secs using 605.6% CPU
Optimizing NNI: done in 0.000361148 secs using 653.5% CPU
Optimizing NNI: done in 0.00038068 secs using 99.56% CPU
Optimizing NNI: done in 0.000255797 secs using 99.69% CPU
Optimizing NNI: done in 0.000617439 secs using 423.5% CPU
Optimizing NNI: done in 0.000367546 secs using 642.9% CPU
Optimizing NNI: done in 0.000403958 secs using 594.9% CPU
Optimizing NNI: done in 0.000461186 secs using 533.4% CPU
Optimizing NNI: done in 0.000394551 secs using 99.86% CPU
Optimizing NNI: done in 0.000337056 secs using 99.69% CPU
Optimizing NNI: done in 0.00041576 secs using 98.13% CPU
Optimizing NNI: done in 0.000457894 secs using 536.4% CPU
Optimizing NNI: done in 0.000372333 secs using 99.91% CPU
Optimizing NNI: done in 0.000400534 secs using 599% CPU
Optimizing NNI: done in 0.000441287 secs using 99.48% CPU
Optimizing NNI: done in 0.000453248 secs using 542.1% CPU
Optimizing NNI: done in 0.000430362 secs using 99.92% CPU
Optimizing NNI: done in 0.000319746 secs using 99.45% CPU
Optimizing NNI: done in 0.000308787 secs using 427.8% CPU
Optimizing NNI: done in 0.000335587 secs using 98.04% CPU
Optimizing NNI: done in 0.000351528 secs using 97.86% CPU
Optimizing NNI: done in 0.000384133 secs using 620.4% CPU
Optimizing NNI: done in 0.000378695 secs using 627.9% CPU
Optimizing NNI: done in 0.000443576 secs using 98.07% CPU
Optimizing NNI: done in 0.000377228 secs using 99.41% CPU
Optimizing NNI: done in 0.000421674 secs using 572.2% CPU
Optimizing NNI: done in 0.000359443 secs using 99.6% CPU
Optimizing NNI: done in 0.000257378 secs using 99.46% CPU
Optimizing NNI: done in 0.000486996 secs using 510.1% CPU
Optimizing NNI: done in 0.000541793 secs using 99.67% CPU
Optimizing NNI: done in 0.000403423 secs using 99.9% CPU
Optimizing NNI: done in 0.00039708 secs using 602.9% CPU
Optimizing NNI: done in 0.000459156 secs using 99.75% CPU
Optimizing NNI: done in 0.000300687 secs using 99.44% CPU
Optimizing NNI: done in 0.000421459 secs using 99.65% CPU
800 samples done
Optimizing NNI: done in 0.000408842 secs using 589.2% CPU
Optimizing NNI: done in 0.000241406 secs using 928.7% CPU
Optimizing NNI: done in 0.00037038 secs using 640.7% CPU
Optimizing NNI: done in 0.000360775 secs using 99.51% CPU
Optimizing NNI: done in 0.000450888 secs using 543.4% CPU
Optimizing NNI: done in 0.000284652 secs using 801.7% CPU
Optimizing NNI: done in 0.000345631 secs using 99.82% CPU
Optimizing NNI: done in 0.000501158 secs using 498.6% CPU
Optimizing NNI: done in 0.000349866 secs using 99.75% CPU
Optimizing NNI: done in 0.00048469 secs using 99.86% CPU
Optimizing NNI: done in 0.000355717 secs using 99.8% CPU
Optimizing NNI: done in 0.000214888 secs using 99.59% CPU
Optimizing NNI: done in 0.000408182 secs using 99.71% CPU
Optimizing NNI: done in 0.000394095 secs using 99.72% CPU
Optimizing NNI: done in 0.000384373 secs using 99.64% CPU
Optimizing NNI: done in 0.000357857 secs using 99.76% CPU
Optimizing NNI: done in 0.000310072 secs using 99.65% CPU
Optimizing NNI: done in 0.000426662 secs using 99.84% CPU
Optimizing NNI: done in 0.000400094 secs using 599.6% CPU
Optimizing NNI: done in 0.000331685 secs using 703.1% CPU
Optimizing NNI: done in 0.000399608 secs using 600.6% CPU
Optimizing NNI: done in 0.000359548 secs using 99.57% CPU
Optimizing NNI: done in 0.000357277 secs using 99.64% CPU
Optimizing NNI: done in 0.000395821 secs using 99.79% CPU
Optimizing NNI: done in 0.000337471 secs using 99.86% CPU
Optimizing NNI: done in 0.00043586 secs using 558.4% CPU
Optimizing NNI: done in 0.000447289 secs using 539.5% CPU
Optimizing NNI: done in 0.000343893 secs using 681.3% CPU
Optimizing NNI: done in 0.000429184 secs using 565.7% CPU
Optimizing NNI: done in 0.000432787 secs using 561.7% CPU
Optimizing NNI: done in 0.000302583 secs using 759.8% CPU
Optimizing NNI: done in 0.00037088 secs using 372.6% CPU
Optimizing NNI: done in 0.000348534 secs using 673.7% CPU
Optimizing NNI: done in 0.000248763 secs using 903.3% CPU
Optimizing NNI: done in 0.00036007 secs using 655.2% CPU
Optimizing NNI: done in 0.000349491 secs using 672.4% CPU
Optimizing NNI: done in 0.00033125 secs using 99.02% CPU
Optimizing NNI: done in 0.000252413 secs using 99.44% CPU
Optimizing NNI: done in 0.000318959 secs using 99.7% CPU
Optimizing NNI: done in 0.000321487 secs using 99.54% CPU
Optimizing NNI: done in 0.00039249 secs using 98.09% CPU
Optimizing NNI: done in 0.000357942 secs using 99.74% CPU
Optimizing NNI: done in 0.000333198 secs using 99.64% CPU
Optimizing NNI: done in 0.000250599 secs using 99.36% CPU
Optimizing NNI: done in 0.000357916 secs using 99.74% CPU
Optimizing NNI: done in 0.00034062 secs using 99.82% CPU
Optimizing NNI: done in 0.000232394 secs using 99.83% CPU
Optimizing NNI: done in 0.000402153 secs using 597.3% CPU
Optimizing NNI: done in 0.000359717 secs using 656.1% CPU
Optimizing NNI: done in 0.000412766 secs using 584.6% CPU
Optimizing NNI: done in 0.000389855 secs using 612.8% CPU
Optimizing NNI: done in 0.000331793 secs using 99.76% CPU
Optimizing NNI: done in 0.000352401 secs using 667.7% CPU
Optimizing NNI: done in 0.000322723 secs using 413.7% CPU
Optimizing NNI: done in 0.000365119 secs using 98.32% CPU
Optimizing NNI: done in 0.000398762 secs using 601.4% CPU
Optimizing NNI: done in 0.000248145 secs using 99.54% CPU
Optimizing NNI: done in 0.000384192 secs using 99.69% CPU
Optimizing NNI: done in 0.000244274 secs using 99.48% CPU
Optimizing NNI: done in 0.000333866 secs using 690.1% CPU
Optimizing NNI: done in 0.000426374 secs using 568.7% CPU
Optimizing NNI: done in 0.000354366 secs using 663.7% CPU
Optimizing NNI: done in 0.000326383 secs using 98.96% CPU
Optimizing NNI: done in 0.000360981 secs using 99.45% CPU
Optimizing NNI: done in 0.000528223 secs using 290.8% CPU
Optimizing NNI: done in 0.000372186 secs using 636.2% CPU
Optimizing NNI: done in 0.000318533 secs using 99.52% CPU
Optimizing NNI: done in 0.0004645 secs using 529.6% CPU
Optimizing NNI: done in 0.000436149 secs using 99.51% CPU
Optimizing NNI: done in 0.000379747 secs using 99.54% CPU
Optimizing NNI: done in 0.000340629 secs using 686.7% CPU
Optimizing NNI: done in 0.000370937 secs using 99.75% CPU
Optimizing NNI: done in 0.00043329 secs using 561.1% CPU
Optimizing NNI: done in 0.000438644 secs using 555.3% CPU
Optimizing NNI: done in 0.000444805 secs using 549.2% CPU
Optimizing NNI: done in 0.000497062 secs using 99.79% CPU
Optimizing NNI: done in 0.000417107 secs using 578.3% CPU
Optimizing NNI: done in 0.000376847 secs using 99.51% CPU
Optimizing NNI: done in 0.000487358 secs using 98.9% CPU
Optimizing NNI: done in 0.000364856 secs using 647.7% CPU
Optimizing NNI: done in 0.000361274 secs using 99.65% CPU
Optimizing NNI: done in 0.000393556 secs using 99.35% CPU
Optimizing NNI: done in 0.000382803 secs using 99.53% CPU
Optimizing NNI: done in 0.000386483 secs using 99.62% CPU
Optimizing NNI: done in 0.000512294 secs using 296.7% CPU
Optimizing NNI: done in 0.000368224 secs using 642.8% CPU
Optimizing NNI: done in 0.000394018 secs using 356.1% CPU
Optimizing NNI: done in 0.000303525 secs using 98.84% CPU
Optimizing NNI: done in 0.000360468 secs using 98.21% CPU
Optimizing NNI: done in 0.000401053 secs using 598.2% CPU
Optimizing NNI: done in 0.000366653 secs using 98.19% CPU
Optimizing NNI: done in 0.000408504 secs using 589% CPU
Optimizing NNI: done in 0.000435481 secs using 558.5% CPU
Optimizing NNI: done in 0.000478062 secs using 517.9% CPU
Optimizing NNI: done in 0.000495571 secs using 499.8% CPU
Optimizing NNI: done in 0.000427532 secs using 99.64% CPU
Optimizing NNI: done in 0.000331814 secs using 99.75% CPU
Optimizing NNI: done in 0.000372335 secs using 99.64% CPU
Optimizing NNI: done in 0.000385724 secs using 618.3% CPU
Optimizing NNI: done in 0.000345335 secs using 678.8% CPU
900 samples done
Optimizing NNI: done in 0.000371078 secs using 638.9% CPU
Optimizing NNI: done in 0.000380075 secs using 625.9% CPU
Optimizing NNI: done in 0.000402802 secs using 99.8% CPU
Optimizing NNI: done in 0.000341153 secs using 99.66% CPU
Optimizing NNI: done in 0.000369841 secs using 99.77% CPU
Optimizing NNI: done in 0.000392638 secs using 99.58% CPU
Optimizing NNI: done in 0.000344338 secs using 99.61% CPU
Optimizing NNI: done in 0.000316652 secs using 99.79% CPU
Optimizing NNI: done in 0.000395648 secs using 99.58% CPU
Optimizing NNI: done in 0.00039154 secs using 99.61% CPU
Optimizing NNI: done in 0.000440048 secs using 99.53% CPU
Optimizing NNI: done in 0.000395804 secs using 99.54% CPU
Optimizing NNI: done in 0.000378988 secs using 627.5% CPU
Optimizing NNI: done in 0.000358031 secs using 99.71% CPU
Optimizing NNI: done in 0.000398233 secs using 602.2% CPU
Optimizing NNI: done in 0.000386166 secs using 99.7% CPU
Optimizing NNI: done in 0.000327939 secs using 99.71% CPU
Optimizing NNI: done in 0.000257634 secs using 99.37% CPU
Optimizing NNI: done in 0.000319403 secs using 99.56% CPU
Optimizing NNI: done in 0.000327406 secs using 99.88% CPU
Optimizing NNI: done in 0.000327431 secs using 99.56% CPU
Optimizing NNI: done in 0.000379256 secs using 627% CPU
Optimizing NNI: done in 0.000315036 secs using 99.67% CPU
Optimizing NNI: done in 0.000393458 secs using 99.88% CPU
Optimizing NNI: done in 0.00031287 secs using 738.6% CPU
Optimizing NNI: done in 0.000360527 secs using 99.58% CPU
Optimizing NNI: done in 0.000340952 secs using 99.72% CPU
Optimizing NNI: done in 0.000209864 secs using 100.1% CPU
Optimizing NNI: done in 0.000281361 secs using 99.52% CPU
Optimizing NNI: done in 0.000407505 secs using 349% CPU
Optimizing NNI: done in 0.000375489 secs using 632.5% CPU
Optimizing NNI: done in 0.000365523 secs using 376.7% CPU
Optimizing NNI: done in 0.00048958 secs using 508.6% CPU
Optimizing NNI: done in 0.000190685 secs using 98.07% CPU
Optimizing NNI: done in 0.000361483 secs using 99.87% CPU
Optimizing NNI: done in 0.000407453 secs using 590% CPU
Optimizing NNI: done in 0.000292369 secs using 784.3% CPU
Optimizing NNI: done in 0.000470194 secs using 524.9% CPU
Optimizing NNI: done in 0.000489848 secs using 298.7% CPU
Optimizing NNI: done in 0.000348872 secs using 99.46% CPU
Optimizing NNI: done in 0.000249408 secs using 99.84% CPU
Optimizing NNI: done in 0.000410965 secs using 99.28% CPU
Optimizing NNI: done in 0.000293924 secs using 780.1% CPU
Optimizing NNI: done in 0.000444359 secs using 99.24% CPU
Optimizing NNI: done in 0.000406609 secs using 582.6% CPU
Optimizing NNI: done in 0.000521771 secs using 198.6% CPU
Optimizing NNI: done in 0.000445729 secs using 133.3% CPU
Optimizing NNI: done in 0.000406195 secs using 97.98% CPU
Optimizing NNI: done in 0.000334591 secs using 98.33% CPU
Optimizing NNI: done in 0.000319631 secs using 99.8% CPU
Optimizing NNI: done in 0.000410115 secs using 586.9% CPU
Optimizing NNI: done in 0.00033394 secs using 99.42% CPU
Optimizing NNI: done in 0.000371056 secs using 99.72% CPU
Optimizing NNI: done in 0.000378062 secs using 628.2% CPU
Optimizing NNI: done in 0.000413377 secs using 583.5% CPU
Optimizing NNI: done in 0.000487367 secs using 98.28% CPU
Optimizing NNI: done in 0.000367804 secs using 643.3% CPU
Optimizing NNI: done in 0.000387009 secs using 99.74% CPU
Optimizing NNI: done in 0.000472533 secs using 99.68% CPU
Optimizing NNI: done in 0.000310786 secs using 742.6% CPU
Optimizing NNI: done in 0.000309105 secs using 99.64% CPU
Optimizing NNI: done in 0.000387504 secs using 99.87% CPU
Optimizing NNI: done in 0.000420422 secs using 575.6% CPU
Optimizing NNI: done in 0.000349025 secs using 672.7% CPU
Optimizing NNI: done in 0.000397359 secs using 99.66% CPU
Optimizing NNI: done in 0.000359612 secs using 98.16% CPU
Optimizing NNI: done in 0.000362566 secs using 99.29% CPU
Optimizing NNI: done in 0.000345953 secs using 99.44% CPU
Optimizing NNI: done in 0.000410995 secs using 99.03% CPU
Optimizing NNI: done in 0.000381679 secs using 623.8% CPU
Optimizing NNI: done in 0.000391318 secs using 99.66% CPU
Optimizing NNI: done in 0.00050046 secs using 83.12% CPU
Optimizing NNI: done in 0.000377136 secs using 99.96% CPU
Optimizing NNI: done in 0.000284332 secs using 455.1% CPU
Optimizing NNI: done in 0.000366223 secs using 98.3% CPU
Optimizing NNI: done in 0.000385269 secs using 99.67% CPU
Optimizing NNI: done in 0.000367085 secs using 99.7% CPU
Optimizing NNI: done in 0.000251723 secs using 99.71% CPU
Optimizing NNI: done in 0.000315126 secs using 99.64% CPU
Optimizing NNI: done in 0.000385797 secs using 99.28% CPU
Optimizing NNI: done in 0.000320203 secs using 99.62% CPU
Optimizing NNI: done in 0.000238058 secs using 99.56% CPU
Optimizing NNI: done in 0.000389278 secs using 99.67% CPU
Optimizing NNI: done in 0.000299689 secs using 99.77% CPU
Optimizing NNI: done in 0.000346045 secs using 99.7% CPU
Optimizing NNI: done in 0.000404709 secs using 99.82% CPU
Optimizing NNI: done in 0.000321019 secs using 99.68% CPU
Optimizing NNI: done in 0.000436629 secs using 551% CPU
Optimizing NNI: done in 0.000416259 secs using 580.6% CPU
Optimizing NNI: done in 0.000331755 secs using 702.6% CPU
Optimizing NNI: done in 0.000470154 secs using 525.1% CPU
Optimizing NNI: done in 0.00024431 secs using 99.46% CPU
Optimizing NNI: done in 0.00034934 secs using 99.9% CPU
Optimizing NNI: done in 0.000418073 secs using 99.74% CPU
Optimizing NNI: done in 0.00033132 secs using 99.6% CPU
Optimizing NNI: done in 0.000398661 secs using 353.9% CPU
Optimizing NNI: done in 0.000340894 secs using 98.27% CPU
Optimizing NNI: done in 0.000380381 secs using 99.11% CPU
Optimizing NNI: done in 0.000430533 secs using 98.95% CPU
Optimizing NNI: done in 0.00038724 secs using 99.16% CPU
1000 samples done
Total 866 ufboot trees refined
TREE SEARCH COMPLETED AFTER 102 ITERATIONS / Time: 0h:0m:28s

--------------------------------------------------------------------
|                    FINALIZING TREE SEARCH                        |
--------------------------------------------------------------------
Performs final model parameters optimization
Estimate model parameters (epsilon = 0.010)
1. Initial log-likelihood: -561.044
Optimal log-likelihood: -561.044
Parameters optimization took 1 rounds (0.000 sec)
BEST SCORE FOUND : -561.044
Creating bootstrap support values...
Split supports printed to NEXUS file 10_alignment_files/sampleD_part2_alignment.afa.splits.nex
Total tree length: 0.059

Total number of iterations: 102
CPU time used for tree search: 10.801 sec (0h:0m:10s)
Wall-clock time used for tree search: 3.647 sec (0h:0m:3s)
Total CPU time used: 68.461 sec (0h:1m:8s)
Total wall-clock time used: 28.807 sec (0h:0m:28s)
UFBoot trees printed to 10_alignment_files/sampleD_part2_alignment.afa.ufboot

Computing bootstrap consensus tree...
Reading input file 10_alignment_files/sampleD_part2_alignment.afa.splits.nex...
7 taxa and 30 splits.
Consensus tree written to 10_alignment_files/sampleD_part2_alignment.afa.contree
Reading input trees file 10_alignment_files/sampleD_part2_alignment.afa.contree
Log-likelihood of consensus tree: -561.046

Analysis results written to: 
  IQ-TREE report:                10_alignment_files/sampleD_part2_alignment.afa.iqtree
  Maximum-likelihood tree:       10_alignment_files/sampleD_part2_alignment.afa.treefile
  Likelihood distances:          10_alignment_files/sampleD_part2_alignment.afa.mldist

Ultrafast bootstrap approximation results written to:
  Split support values:          10_alignment_files/sampleD_part2_alignment.afa.splits.nex
  Consensus tree:                10_alignment_files/sampleD_part2_alignment.afa.contree
  UFBoot trees:                  10_alignment_files/sampleD_part2_alignment.afa.ufboot
  Screen log file:               10_alignment_files/sampleD_part2_alignment.afa.log

Date and Time: Sun Nov 23 17:09:03 2025
