IQ-TREE version 3.0.1 for Linux x86 64-bit built Jul  9 2025
Developed by Bui Quang Minh, Thomas Wong, Nhan Ly-Trong, Huaiyan Ren
Contributed by Lam-Tung Nguyen, Dominik Schrempf, Chris Bielow,
Olga Chernomor, Michael Woodhams, Diep Thi Hoang, Heiko Schmidt

Host:    thecomputer2 (AVX512, FMA3, 31 GB RAM)
Command: iqtree3 -s 10_alignment_files/sampleC_part3_alignment.afa -m MFP -B 1000 -bnni -T AUTO -redo
Seed:    844675 (Using SPRNG - Scalable Parallel Random Number Generator)
Time:    Sun Nov 23 17:07:34 2025
Kernel:  AVX+FMA - auto-detect threads (8 CPU cores detected)

Reading alignment file 10_alignment_files/sampleC_part3_alignment.afa ... Fasta format detected
Reading fasta file: done in 0.000107218 secs using 98.86% CPU
Alignment most likely contains protein sequences
Constructing alignment: done in 0.00026407 secs using 242.7% CPU
WARNING: 15 sites contain only gaps or ambiguous characters.
Alignment has 16 sequences with 167 columns, 58 distinct patterns
12 parsimony-informative, 1 singleton sites, 154 constant sites
                                         Gap/Ambiguity  Composition  p-value
Analyzing sequences: done in 2.0835e-05 secs using 91.19% CPU
   1  AP012949.1_Sarda_orientalis               22.16%    passed    100.00%
   2  NC_021392.1_Scomberomorus_munroi          22.16%    passed    100.00%
   3  NC_021391.1_Scomberomorus_semifasciatus   22.16%    passed    100.00%
   4  NC_005313.1_Auxis_rochei                  20.96%    passed    100.00%
   5  KU955343.1_Thunnus_atlanticus             20.96%    passed    100.00%
   6  GU799568.1_Thunnus_tonggol                20.96%    passed    100.00%
   7  KR023718.1_Thunnus_alalunga               20.96%    passed    100.00%
   8  KM588080.1_Thunnus_albacares              20.96%    passed    100.00%
   9  JN086149.1_Thunnus_thynnus                20.96%    passed    100.00%
  10  JN086150.1_Thunnus_maccoyii               20.96%    passed    100.00%
  11  NC_016420.1_Scomberomorus_niphonius       20.96%    passed    100.00%
  12  NC_013485.1_Rastrelliger_brachysoma       20.96%    passed    100.00%
  13  OM460829.1_Rastrelliger_kanagurta         20.96%    passed    100.00%
  14  sampleC_part3                             17.96%    passed     55.95%
  15  NC_052756.1_Sarda_sarda                   21.56%    passed    100.00%
  16  GU256524.1_Thunnus_orientalis             21.56%    passed    100.00%
****  TOTAL                                     21.07%  0 sequences failed composition chi2 test (p-value<5%; df=19)
NOTE: NC_021391.1_Scomberomorus_semifasciatus is identical to NC_021392.1_Scomberomorus_munroi but kept for subsequent analysis
NOTE: KU955343.1_Thunnus_atlanticus is identical to NC_005313.1_Auxis_rochei but kept for subsequent analysis
NOTE: OM460829.1_Rastrelliger_kanagurta is identical to NC_013485.1_Rastrelliger_brachysoma but kept for subsequent analysis
NOTE: GU256524.1_Thunnus_orientalis is identical to NC_052756.1_Sarda_sarda but kept for subsequent analysis
Checking for duplicate sequences: done in 0.00265307 secs using 679.5% CPU
Identifying sites to remove: done in 0.000100143 secs using 171.8% CPU
NOTE: 5 identical sequences (see below) will be ignored for subsequent analysis
NOTE: GU799568.1_Thunnus_tonggol (identical to NC_005313.1_Auxis_rochei) is ignored but added at the end
NOTE: KR023718.1_Thunnus_alalunga (identical to NC_005313.1_Auxis_rochei) is ignored but added at the end
NOTE: KM588080.1_Thunnus_albacares (identical to NC_005313.1_Auxis_rochei) is ignored but added at the end
NOTE: JN086149.1_Thunnus_thynnus (identical to NC_005313.1_Auxis_rochei) is ignored but added at the end
NOTE: JN086150.1_Thunnus_maccoyii (identical to NC_005313.1_Auxis_rochei) is ignored but added at the end
Alignment was printed to 10_alignment_files/sampleC_part3_alignment.afa.uniqueseq.phy

For your convenience alignment with unique sequences printed to 10_alignment_files/sampleC_part3_alignment.afa.uniqueseq.phy


Create initial parsimony tree by phylogenetic likelihood library (PLL)... 0.002 seconds
Measuring multi-threading efficiency up to 8 CPU cores
Increase to 10 rounds for branch lengths
1349 trees examined
Threads: 1 / Time: 8.004 sec / Speedup: 1.000 / Efficiency: 100% / LogL: -623
Threads: 2 / Time: 5.451 sec / Speedup: 1.468 / Efficiency: 73% / LogL: -623
Threads: 3 / Time: 4.640 sec / Speedup: 1.725 / Efficiency: 57% / LogL: -623
Threads: 4 / Time: 4.420 sec / Speedup: 1.811 / Efficiency: 45% / LogL: -623
Determining AUTO threadcount: done in 22.517 secs using 222.5% CPU
BEST NUMBER OF THREADS: 3

Perform fast likelihood tree search using LG+I+G model...
Estimate model parameters (epsilon = 5.000)
Perform nearest neighbor interchange...
Optimizing NNI: done in 0.00473514 secs using 267.7% CPU
Estimate model parameters (epsilon = 1.000)
1. Initial log-likelihood: -553.772
Optimal log-likelihood: -553.772
Proportion of invariable sites: 0.460
Gamma shape alpha: 0.410
Parameters optimization took 1 rounds (0.005 sec)
Time for fast ML tree search: 0.018 seconds

NOTE: ModelFinder requires 1 MB RAM!
ModelFinder will test up to 1232 protein models (sample size: 167 epsilon: 0.100) ...
 No. Model         -LnL         df  AIC          AICc         BIC
WARNING: Number of threads seems too high for short alignments. Use -T AUTO to determine best number of threads.
  1  LG            556.268      19  1150.535     1155.705     1209.777
WARNING: Number of threads seems too high for short alignments. Use -T AUTO to determine best number of threads.
  2  LG+I          553.769      20  1147.538     1153.292     1209.898
WARNING: Number of threads seems too high for short alignments. Use -T AUTO to determine best number of threads.
  3  LG+G4         553.776      20  1147.552     1153.306     1209.912
WARNING: Number of threads seems too high for short alignments. Use -T AUTO to determine best number of threads.
  4  LG+I+G4       553.772      21  1149.543     1155.915     1215.021
WARNING: Number of threads seems too high for short alignments. Use -T AUTO to determine best number of threads.
  5  LG+R2         554.608      21  1151.216     1157.588     1216.693
WARNING: Number of threads seems too high for short alignments. Use -T AUTO to determine best number of threads.
  6  LG+R3         554.066      23  1154.132     1161.852     1225.846
WARNING: Number of threads seems too high for short alignments. Use -T AUTO to determine best number of threads.
 14  LG+I+R2       553.798      22  1151.595     1158.623     1220.191
WARNING: Number of threads seems too high for short alignments. Use -T AUTO to determine best number of threads.
 15  LG+I+R3       553.885      24  1155.770     1164.221     1230.602
WARNING: Number of threads seems too high for short alignments. Use -T AUTO to determine best number of threads.
 23  LG+F          531.156      38  1138.311     1161.467     1256.795
WARNING: Number of threads seems too high for short alignments. Use -T AUTO to determine best number of threads.
 24  LG+F+I        528.548      39  1135.096     1159.663     1256.697
WARNING: Number of threads seems too high for short alignments. Use -T AUTO to determine best number of threads.
 25  LG+F+G4       528.561      39  1135.121     1159.688     1256.723
WARNING: Number of threads seems too high for short alignments. Use -T AUTO to determine best number of threads.
 26  LG+F+I+G4     528.503      40  1137.006     1163.038     1261.726
WARNING: Number of threads seems too high for short alignments. Use -T AUTO to determine best number of threads.
 27  LG+F+R2       529.403      40  1138.805     1164.837     1263.525
WARNING: Number of threads seems too high for short alignments. Use -T AUTO to determine best number of threads.
 45  WAG           553.259      19  1144.519     1149.689     1203.761
WARNING: Number of threads seems too high for short alignments. Use -T AUTO to determine best number of threads.
 46  WAG+I         550.700      20  1141.401     1147.154     1203.761
WARNING: Number of threads seems too high for short alignments. Use -T AUTO to determine best number of threads.
 47  WAG+G4        550.713      20  1141.426     1147.180     1203.786
WARNING: Number of threads seems too high for short alignments. Use -T AUTO to determine best number of threads.
 48  WAG+I+G4      550.714      21  1143.429     1149.801     1208.907
WARNING: Number of threads seems too high for short alignments. Use -T AUTO to determine best number of threads.
 49  WAG+R2        551.486      21  1144.972     1151.344     1210.450
WARNING: Number of threads seems too high for short alignments. Use -T AUTO to determine best number of threads.
 67  WAG+F         531.773      38  1139.547     1162.703     1258.030
WARNING: Number of threads seems too high for short alignments. Use -T AUTO to determine best number of threads.
 68  WAG+F+I       529.166      39  1136.333     1160.900     1257.934
WARNING: Number of threads seems too high for short alignments. Use -T AUTO to determine best number of threads.
 69  WAG+F+G4      529.182      39  1136.364     1160.931     1257.966
WARNING: Number of threads seems too high for short alignments. Use -T AUTO to determine best number of threads.
 70  WAG+F+I+G4    529.118      40  1138.235     1164.267     1262.955
WARNING: Number of threads seems too high for short alignments. Use -T AUTO to determine best number of threads.
 71  WAG+F+R2      529.928      40  1139.856     1165.888     1264.576
WARNING: Number of threads seems too high for short alignments. Use -T AUTO to determine best number of threads.
 89  JTT           553.314      19  1144.629     1149.799     1203.871
WARNING: Number of threads seems too high for short alignments. Use -T AUTO to determine best number of threads.
 90  JTT+I         550.906      20  1141.813     1147.566     1204.172
WARNING: Number of threads seems too high for short alignments. Use -T AUTO to determine best number of threads.
 91  JTT+G4        550.907      20  1141.814     1147.567     1204.174
WARNING: Number of threads seems too high for short alignments. Use -T AUTO to determine best number of threads.
 92  JTT+I+G4      550.827      21  1143.654     1150.026     1209.132
WARNING: Number of threads seems too high for short alignments. Use -T AUTO to determine best number of threads.
 93  JTT+R2        551.496      21  1144.993     1151.365     1210.471
WARNING: Number of threads seems too high for short alignments. Use -T AUTO to determine best number of threads.
111  JTT+F         530.030      38  1136.059     1159.215     1254.543
WARNING: Number of threads seems too high for short alignments. Use -T AUTO to determine best number of threads.
112  JTT+F+I       527.739      39  1133.477     1158.044     1255.079
WARNING: Number of threads seems too high for short alignments. Use -T AUTO to determine best number of threads.
113  JTT+F+G4      527.727      39  1133.453     1158.020     1255.055
WARNING: Number of threads seems too high for short alignments. Use -T AUTO to determine best number of threads.
114  JTT+F+I+G4    527.615      40  1135.230     1161.262     1259.950
WARNING: Number of threads seems too high for short alignments. Use -T AUTO to determine best number of threads.
115  JTT+F+R2      528.218      40  1136.435     1162.467     1261.155
WARNING: Number of threads seems too high for short alignments. Use -T AUTO to determine best number of threads.
133  Q.PFAM        555.072      19  1148.143     1153.314     1207.385
WARNING: Number of threads seems too high for short alignments. Use -T AUTO to determine best number of threads.
134  Q.PFAM+I      552.650      20  1145.300     1151.053     1207.660
WARNING: Number of threads seems too high for short alignments. Use -T AUTO to determine best number of threads.
135  Q.PFAM+G4     552.652      20  1145.305     1151.058     1207.664
WARNING: Number of threads seems too high for short alignments. Use -T AUTO to determine best number of threads.
136  Q.PFAM+I+G4   552.635      21  1147.271     1153.643     1212.748
WARNING: Number of threads seems too high for short alignments. Use -T AUTO to determine best number of threads.
137  Q.PFAM+R2     553.167      21  1148.333     1154.706     1213.811
WARNING: Number of threads seems too high for short alignments. Use -T AUTO to determine best number of threads.
155  Q.PFAM+F      531.475      38  1138.949     1162.105     1257.433
WARNING: Number of threads seems too high for short alignments. Use -T AUTO to determine best number of threads.
156  Q.PFAM+F+I    528.927      39  1135.854     1160.420     1257.455
WARNING: Number of threads seems too high for short alignments. Use -T AUTO to determine best number of threads.
157  Q.PFAM+F+G4   528.933      39  1135.866     1160.433     1257.468
WARNING: Number of threads seems too high for short alignments. Use -T AUTO to determine best number of threads.
158  Q.PFAM+F+I+G4 528.855      40  1137.709     1163.741     1262.429
WARNING: Number of threads seems too high for short alignments. Use -T AUTO to determine best number of threads.
159  Q.PFAM+F+R2   529.452      40  1138.905     1164.936     1263.624
WARNING: Number of threads seems too high for short alignments. Use -T AUTO to determine best number of threads.
177  Q.BIRD        558.957      19  1155.915     1161.085     1215.157
WARNING: Number of threads seems too high for short alignments. Use -T AUTO to determine best number of threads.
178  Q.BIRD+I      555.853      20  1151.705     1157.459     1214.065
WARNING: Number of threads seems too high for short alignments. Use -T AUTO to determine best number of threads.
179  Q.BIRD+G4     555.881      20  1151.763     1157.516     1214.123
WARNING: Number of threads seems too high for short alignments. Use -T AUTO to determine best number of threads.
180  Q.BIRD+I+G4   555.497      21  1152.994     1159.366     1218.472
WARNING: Number of threads seems too high for short alignments. Use -T AUTO to determine best number of threads.
181  Q.BIRD+R2     556.459      21  1154.918     1161.291     1220.396
WARNING: Number of threads seems too high for short alignments. Use -T AUTO to determine best number of threads.
199  Q.BIRD+F      530.642      38  1137.285     1160.441     1255.769
WARNING: Number of threads seems too high for short alignments. Use -T AUTO to determine best number of threads.
200  Q.BIRD+F+I    527.768      39  1133.536     1158.103     1255.138
WARNING: Number of threads seems too high for short alignments. Use -T AUTO to determine best number of threads.
201  Q.BIRD+F+G4   527.719      39  1133.437     1158.004     1255.039
WARNING: Number of threads seems too high for short alignments. Use -T AUTO to determine best number of threads.
202  Q.BIRD+F+I+G4 527.341      40  1134.682     1160.714     1259.402
WARNING: Number of threads seems too high for short alignments. Use -T AUTO to determine best number of threads.
203  Q.BIRD+F+R2   528.151      40  1136.302     1162.334     1261.022
WARNING: Number of threads seems too high for short alignments. Use -T AUTO to determine best number of threads.
221  Q.MAMMAL      559.261      19  1156.523     1161.693     1215.765
WARNING: Number of threads seems too high for short alignments. Use -T AUTO to determine best number of threads.
222  Q.MAMMAL+I    556.586      20  1153.171     1158.925     1215.531
WARNING: Number of threads seems too high for short alignments. Use -T AUTO to determine best number of threads.
223  Q.MAMMAL+G4   556.593      20  1153.186     1158.940     1215.546
WARNING: Number of threads seems too high for short alignments. Use -T AUTO to determine best number of threads.
224  Q.MAMMAL+I+G4 556.362      21  1154.725     1161.097     1220.203
WARNING: Number of threads seems too high for short alignments. Use -T AUTO to determine best number of threads.
225  Q.MAMMAL+R2   556.940      21  1155.880     1162.253     1221.358
WARNING: Number of threads seems too high for short alignments. Use -T AUTO to determine best number of threads.
243  Q.MAMMAL+F    530.265      38  1136.530     1159.687     1255.014
WARNING: Number of threads seems too high for short alignments. Use -T AUTO to determine best number of threads.
244  Q.MAMMAL+F+I  527.683      39  1133.366     1157.933     1254.968
WARNING: Number of threads seems too high for short alignments. Use -T AUTO to determine best number of threads.
245  Q.MAMMAL+F+G4 527.651      39  1133.302     1157.869     1254.903
WARNING: Number of threads seems too high for short alignments. Use -T AUTO to determine best number of threads.
246  Q.MAMMAL+F+I+G4 527.385      40  1134.770     1160.802     1259.490
WARNING: Number of threads seems too high for short alignments. Use -T AUTO to determine best number of threads.
247  Q.MAMMAL+F+R2 527.923      40  1135.847     1161.878     1260.566
WARNING: Number of threads seems too high for short alignments. Use -T AUTO to determine best number of threads.
265  Q.INSECT      562.176      19  1162.351     1167.521     1221.593
WARNING: Number of threads seems too high for short alignments. Use -T AUTO to determine best number of threads.
266  Q.INSECT+I    559.740      20  1159.479     1165.233     1221.839
WARNING: Number of threads seems too high for short alignments. Use -T AUTO to determine best number of threads.
267  Q.INSECT+G4   559.744      20  1159.488     1165.241     1221.848
WARNING: Number of threads seems too high for short alignments. Use -T AUTO to determine best number of threads.
268  Q.INSECT+I+G4 559.710      21  1161.420     1167.793     1226.898
WARNING: Number of threads seems too high for short alignments. Use -T AUTO to determine best number of threads.
269  Q.INSECT+R2   559.959      21  1161.918     1168.291     1227.396
WARNING: Number of threads seems too high for short alignments. Use -T AUTO to determine best number of threads.
287  Q.INSECT+F    530.788      38  1137.577     1160.733     1256.060
WARNING: Number of threads seems too high for short alignments. Use -T AUTO to determine best number of threads.
288  Q.INSECT+F+I  528.169      39  1134.337     1158.904     1255.939
WARNING: Number of threads seems too high for short alignments. Use -T AUTO to determine best number of threads.
289  Q.INSECT+F+G4 528.184      39  1134.367     1158.934     1255.969
WARNING: Number of threads seems too high for short alignments. Use -T AUTO to determine best number of threads.
290  Q.INSECT+F+I+G4 528.099      40  1136.199     1162.231     1260.919
WARNING: Number of threads seems too high for short alignments. Use -T AUTO to determine best number of threads.
291  Q.INSECT+F+R2 528.411      40  1136.821     1162.853     1261.541
WARNING: Number of threads seems too high for short alignments. Use -T AUTO to determine best number of threads.
309  Q.PLANT       555.761      19  1149.522     1154.693     1208.764
WARNING: Number of threads seems too high for short alignments. Use -T AUTO to determine best number of threads.
310  Q.PLANT+I     552.947      20  1145.894     1151.647     1208.253
WARNING: Number of threads seems too high for short alignments. Use -T AUTO to determine best number of threads.
311  Q.PLANT+G4    552.980      20  1145.959     1151.713     1208.319
WARNING: Number of threads seems too high for short alignments. Use -T AUTO to determine best number of threads.
312  Q.PLANT+I+G4  552.750      21  1147.501     1153.873     1212.979
WARNING: Number of threads seems too high for short alignments. Use -T AUTO to determine best number of threads.
313  Q.PLANT+R2    553.208      21  1148.415     1154.788     1213.893
WARNING: Number of threads seems too high for short alignments. Use -T AUTO to determine best number of threads.
331  Q.PLANT+F     531.777      38  1139.554     1162.710     1258.038
WARNING: Number of threads seems too high for short alignments. Use -T AUTO to determine best number of threads.
332  Q.PLANT+F+I   528.987      39  1135.974     1160.541     1257.576
WARNING: Number of threads seems too high for short alignments. Use -T AUTO to determine best number of threads.
333  Q.PLANT+F+G4  529.010      39  1136.021     1160.588     1257.622
WARNING: Number of threads seems too high for short alignments. Use -T AUTO to determine best number of threads.
334  Q.PLANT+F+I+G4 528.758      40  1137.517     1163.549     1262.237
WARNING: Number of threads seems too high for short alignments. Use -T AUTO to determine best number of threads.
335  Q.PLANT+F+R2  529.186      40  1138.371     1164.403     1263.091
WARNING: Number of threads seems too high for short alignments. Use -T AUTO to determine best number of threads.
353  Q.YEAST       561.755      19  1161.511     1166.681     1220.753
WARNING: Number of threads seems too high for short alignments. Use -T AUTO to determine best number of threads.
354  Q.YEAST+I     559.491      20  1158.982     1164.735     1221.342
WARNING: Number of threads seems too high for short alignments. Use -T AUTO to determine best number of threads.
355  Q.YEAST+G4    559.491      20  1158.981     1164.735     1221.341
WARNING: Number of threads seems too high for short alignments. Use -T AUTO to determine best number of threads.
356  Q.YEAST+I+G4  559.493      21  1160.986     1167.358     1226.464
WARNING: Number of threads seems too high for short alignments. Use -T AUTO to determine best number of threads.
357  Q.YEAST+R2    559.550      21  1161.100     1167.473     1226.578
WARNING: Number of threads seems too high for short alignments. Use -T AUTO to determine best number of threads.
375  Q.YEAST+F     529.871      38  1135.742     1158.899     1254.226
WARNING: Number of threads seems too high for short alignments. Use -T AUTO to determine best number of threads.
376  Q.YEAST+F+I   527.477      39  1132.953     1157.520     1254.555
WARNING: Number of threads seems too high for short alignments. Use -T AUTO to determine best number of threads.
377  Q.YEAST+F+G4  527.477      39  1132.955     1157.521     1254.556
WARNING: Number of threads seems too high for short alignments. Use -T AUTO to determine best number of threads.
378  Q.YEAST+F+I+G4 527.427      40  1134.855     1160.887     1259.575
WARNING: Number of threads seems too high for short alignments. Use -T AUTO to determine best number of threads.
379  Q.YEAST+F+R2  527.546      40  1135.092     1161.124     1259.812
WARNING: Number of threads seems too high for short alignments. Use -T AUTO to determine best number of threads.
397  JTTDCMUT      553.404      19  1144.808     1149.978     1204.050
WARNING: Number of threads seems too high for short alignments. Use -T AUTO to determine best number of threads.
398  JTTDCMUT+I    550.983      20  1141.966     1147.719     1204.326
WARNING: Number of threads seems too high for short alignments. Use -T AUTO to determine best number of threads.
399  JTTDCMUT+G4   550.984      20  1141.969     1147.722     1204.328
WARNING: Number of threads seems too high for short alignments. Use -T AUTO to determine best number of threads.
400  JTTDCMUT+I+G4 550.908      21  1143.815     1150.188     1209.293
WARNING: Number of threads seems too high for short alignments. Use -T AUTO to determine best number of threads.
401  JTTDCMUT+R2   551.046      21  1144.092     1150.464     1209.569
WARNING: Number of threads seems too high for short alignments. Use -T AUTO to determine best number of threads.
419  JTTDCMUT+F    530.153      38  1136.306     1159.463     1254.790
WARNING: Number of threads seems too high for short alignments. Use -T AUTO to determine best number of threads.
420  JTTDCMUT+F+I  527.844      39  1133.687     1158.254     1255.289
WARNING: Number of threads seems too high for short alignments. Use -T AUTO to determine best number of threads.
421  JTTDCMUT+F+G4 527.834      39  1133.667     1158.234     1255.269
WARNING: Number of threads seems too high for short alignments. Use -T AUTO to determine best number of threads.
422  JTTDCMUT+F+I+G4 527.723      40  1135.445     1161.477     1260.165
WARNING: Number of threads seems too high for short alignments. Use -T AUTO to determine best number of threads.
423  JTTDCMUT+F+R2 527.876      40  1135.751     1161.783     1260.471
WARNING: Number of threads seems too high for short alignments. Use -T AUTO to determine best number of threads.
441  DCMUT         555.589      19  1149.179     1154.349     1208.420
WARNING: Number of threads seems too high for short alignments. Use -T AUTO to determine best number of threads.
442  DCMUT+I       553.139      20  1146.278     1152.032     1208.638
WARNING: Number of threads seems too high for short alignments. Use -T AUTO to determine best number of threads.
443  DCMUT+G4      553.140      20  1146.280     1152.034     1208.640
WARNING: Number of threads seems too high for short alignments. Use -T AUTO to determine best number of threads.
444  DCMUT+I+G4    553.165      21  1148.330     1154.703     1213.808
WARNING: Number of threads seems too high for short alignments. Use -T AUTO to determine best number of threads.
445  DCMUT+R2      553.179      21  1148.358     1154.730     1213.836
WARNING: Number of threads seems too high for short alignments. Use -T AUTO to determine best number of threads.
463  DCMUT+F       529.122      38  1134.244     1157.400     1252.728
WARNING: Number of threads seems too high for short alignments. Use -T AUTO to determine best number of threads.
464  DCMUT+F+I     526.901      39  1131.803     1156.369     1253.404
WARNING: Number of threads seems too high for short alignments. Use -T AUTO to determine best number of threads.
465  DCMUT+F+G4    526.897      39  1131.793     1156.360     1253.395
WARNING: Number of threads seems too high for short alignments. Use -T AUTO to determine best number of threads.
466  DCMUT+F+I+G4  526.856      40  1133.712     1159.743     1258.431
WARNING: Number of threads seems too high for short alignments. Use -T AUTO to determine best number of threads.
467  DCMUT+F+R2    526.913      40  1133.825     1159.857     1258.545
WARNING: Number of threads seems too high for short alignments. Use -T AUTO to determine best number of threads.
485  VT            554.744      19  1147.487     1152.657     1206.729
WARNING: Number of threads seems too high for short alignments. Use -T AUTO to determine best number of threads.
486  VT+I          552.512      20  1145.024     1150.777     1207.383
WARNING: Number of threads seems too high for short alignments. Use -T AUTO to determine best number of threads.
487  VT+G4         552.512      20  1145.024     1150.777     1207.384
WARNING: Number of threads seems too high for short alignments. Use -T AUTO to determine best number of threads.
488  VT+I+G4       552.534      21  1147.068     1153.440     1212.546
WARNING: Number of threads seems too high for short alignments. Use -T AUTO to determine best number of threads.
489  VT+R2         552.526      21  1147.053     1153.425     1212.530
WARNING: Number of threads seems too high for short alignments. Use -T AUTO to determine best number of threads.
507  VT+F          530.940      38  1137.879     1161.036     1256.363
WARNING: Number of threads seems too high for short alignments. Use -T AUTO to determine best number of threads.
508  VT+F+I        528.708      39  1135.415     1159.982     1257.017
WARNING: Number of threads seems too high for short alignments. Use -T AUTO to determine best number of threads.
509  VT+F+G4       528.707      39  1135.413     1159.980     1257.015
WARNING: Number of threads seems too high for short alignments. Use -T AUTO to determine best number of threads.
510  VT+F+I+G4     528.688      40  1137.376     1163.408     1262.096
WARNING: Number of threads seems too high for short alignments. Use -T AUTO to determine best number of threads.
511  VT+F+R2       528.718      40  1137.437     1163.468     1262.156
WARNING: Number of threads seems too high for short alignments. Use -T AUTO to determine best number of threads.
529  PMB           550.705      19  1139.411     1144.581     1198.653
WARNING: Number of threads seems too high for short alignments. Use -T AUTO to determine best number of threads.
530  PMB+I         548.367      20  1136.734     1142.487     1199.094
WARNING: Number of threads seems too high for short alignments. Use -T AUTO to determine best number of threads.
531  PMB+G4        548.368      20  1136.736     1142.490     1199.096
WARNING: Number of threads seems too high for short alignments. Use -T AUTO to determine best number of threads.
532  PMB+I+G4      548.395      21  1138.790     1145.162     1204.268
WARNING: Number of threads seems too high for short alignments. Use -T AUTO to determine best number of threads.
533  PMB+R2        548.386      21  1138.772     1145.144     1204.250
WARNING: Number of threads seems too high for short alignments. Use -T AUTO to determine best number of threads.
551  PMB+F         532.944      38  1141.888     1165.044     1260.371
WARNING: Number of threads seems too high for short alignments. Use -T AUTO to determine best number of threads.
552  PMB+F+I       530.496      39  1138.991     1163.558     1260.593
WARNING: Number of threads seems too high for short alignments. Use -T AUTO to determine best number of threads.
553  PMB+F+G4      530.500      39  1139.000     1163.567     1260.602
WARNING: Number of threads seems too high for short alignments. Use -T AUTO to determine best number of threads.
554  PMB+F+I+G4    530.483      40  1140.966     1166.998     1265.686
WARNING: Number of threads seems too high for short alignments. Use -T AUTO to determine best number of threads.
555  PMB+F+R2      530.518      40  1141.037     1167.068     1265.756
WARNING: Number of threads seems too high for short alignments. Use -T AUTO to determine best number of threads.
573  BLOSUM62      552.640      19  1143.279     1148.449     1202.521
WARNING: Number of threads seems too high for short alignments. Use -T AUTO to determine best number of threads.
574  BLOSUM62+I    550.343      20  1140.686     1146.440     1203.046
WARNING: Number of threads seems too high for short alignments. Use -T AUTO to determine best number of threads.
575  BLOSUM62+G4   550.343      20  1140.687     1146.440     1203.047
WARNING: Number of threads seems too high for short alignments. Use -T AUTO to determine best number of threads.
576  BLOSUM62+I+G4 550.383      21  1142.767     1149.139     1208.245
WARNING: Number of threads seems too high for short alignments. Use -T AUTO to determine best number of threads.
577  BLOSUM62+R2   550.350      21  1142.701     1149.073     1208.179
WARNING: Number of threads seems too high for short alignments. Use -T AUTO to determine best number of threads.
595  BLOSUM62+F    532.123      38  1140.245     1163.401     1258.729
WARNING: Number of threads seems too high for short alignments. Use -T AUTO to determine best number of threads.
596  BLOSUM62+F+I  529.712      39  1137.424     1161.991     1259.026
WARNING: Number of threads seems too high for short alignments. Use -T AUTO to determine best number of threads.
597  BLOSUM62+F+G4 529.714      39  1137.429     1161.996     1259.031
WARNING: Number of threads seems too high for short alignments. Use -T AUTO to determine best number of threads.
598  BLOSUM62+F+I+G4 529.719      40  1139.439     1165.471     1264.159
WARNING: Number of threads seems too high for short alignments. Use -T AUTO to determine best number of threads.
599  BLOSUM62+F+R2 529.724      40  1139.447     1165.479     1264.167
WARNING: Number of threads seems too high for short alignments. Use -T AUTO to determine best number of threads.
617  DAYHOFF       555.590      19  1149.180     1154.350     1208.422
WARNING: Number of threads seems too high for short alignments. Use -T AUTO to determine best number of threads.
618  DAYHOFF+I     553.134      20  1146.268     1152.022     1208.628
WARNING: Number of threads seems too high for short alignments. Use -T AUTO to determine best number of threads.
619  DAYHOFF+G4    553.135      20  1146.270     1152.024     1208.630
WARNING: Number of threads seems too high for short alignments. Use -T AUTO to determine best number of threads.
620  DAYHOFF+I+G4  553.159      21  1148.318     1154.691     1213.796
WARNING: Number of threads seems too high for short alignments. Use -T AUTO to determine best number of threads.
621  DAYHOFF+R2    553.141      21  1148.282     1154.654     1213.759
WARNING: Number of threads seems too high for short alignments. Use -T AUTO to determine best number of threads.
639  DAYHOFF+F     529.120      38  1134.240     1157.396     1252.724
WARNING: Number of threads seems too high for short alignments. Use -T AUTO to determine best number of threads.
640  DAYHOFF+F+I   526.897      39  1131.794     1156.361     1253.396
WARNING: Number of threads seems too high for short alignments. Use -T AUTO to determine best number of threads.
641  DAYHOFF+F+G4  526.892      39  1131.784     1156.351     1253.386
WARNING: Number of threads seems too high for short alignments. Use -T AUTO to determine best number of threads.
642  DAYHOFF+F+I+G4 526.850      40  1133.701     1159.733     1258.421
WARNING: Number of threads seems too high for short alignments. Use -T AUTO to determine best number of threads.
643  DAYHOFF+F+R2  526.897      40  1133.794     1159.826     1258.514
WARNING: Number of threads seems too high for short alignments. Use -T AUTO to determine best number of threads.
661  MTREV         546.004      19  1130.007     1135.177     1189.249
WARNING: Number of threads seems too high for short alignments. Use -T AUTO to determine best number of threads.
662  MTREV+I       543.889      20  1127.778     1133.531     1190.138
WARNING: Number of threads seems too high for short alignments. Use -T AUTO to determine best number of threads.
663  MTREV+G4      543.859      20  1127.718     1133.471     1190.078
WARNING: Number of threads seems too high for short alignments. Use -T AUTO to determine best number of threads.
664  MTREV+I+G4    543.771      21  1129.541     1135.914     1195.019
WARNING: Number of threads seems too high for short alignments. Use -T AUTO to determine best number of threads.
665  MTREV+R2      543.897      21  1129.794     1136.167     1195.272
WARNING: Number of threads seems too high for short alignments. Use -T AUTO to determine best number of threads.
683  MTREV+F       529.352      38  1134.704     1157.860     1253.188
WARNING: Number of threads seems too high for short alignments. Use -T AUTO to determine best number of threads.
684  MTREV+F+I     527.047      39  1132.094     1156.661     1253.696
WARNING: Number of threads seems too high for short alignments. Use -T AUTO to determine best number of threads.
685  MTREV+F+G4    527.026      39  1132.053     1156.620     1253.654
WARNING: Number of threads seems too high for short alignments. Use -T AUTO to determine best number of threads.
686  MTREV+F+I+G4  526.922      40  1133.844     1159.876     1258.564
WARNING: Number of threads seems too high for short alignments. Use -T AUTO to determine best number of threads.
687  MTREV+F+R2    527.047      40  1134.095     1160.127     1258.815
WARNING: Number of threads seems too high for short alignments. Use -T AUTO to determine best number of threads.
705  MTART         544.743      19  1127.486     1132.656     1186.728
WARNING: Number of threads seems too high for short alignments. Use -T AUTO to determine best number of threads.
706  MTART+I       542.345      20  1124.690     1130.443     1187.049
WARNING: Number of threads seems too high for short alignments. Use -T AUTO to determine best number of threads.
707  MTART+G4      542.322      20  1124.644     1130.397     1187.003
WARNING: Number of threads seems too high for short alignments. Use -T AUTO to determine best number of threads.
708  MTART+I+G4    542.203      21  1126.405     1132.778     1191.883
WARNING: Number of threads seems too high for short alignments. Use -T AUTO to determine best number of threads.
709  MTART+R2      542.345      21  1126.690     1133.062     1192.168
WARNING: Number of threads seems too high for short alignments. Use -T AUTO to determine best number of threads.
727  MTART+F       530.671      38  1137.342     1160.498     1255.826
WARNING: Number of threads seems too high for short alignments. Use -T AUTO to determine best number of threads.
728  MTART+F+I     528.173      39  1134.347     1158.914     1255.948
WARNING: Number of threads seems too high for short alignments. Use -T AUTO to determine best number of threads.
729  MTART+F+G4    528.153      39  1134.307     1158.873     1255.908
WARNING: Number of threads seems too high for short alignments. Use -T AUTO to determine best number of threads.
730  MTART+F+I+G4  528.026      40  1136.053     1162.084     1260.772
WARNING: Number of threads seems too high for short alignments. Use -T AUTO to determine best number of threads.
731  MTART+F+R2    528.173      40  1136.347     1162.379     1261.067
WARNING: Number of threads seems too high for short alignments. Use -T AUTO to determine best number of threads.
749  MTZOA         536.985      19  1111.970     1117.140     1171.212
WARNING: Number of threads seems too high for short alignments. Use -T AUTO to determine best number of threads.
750  MTZOA+I       534.947      20  1109.894     1115.647     1172.254
WARNING: Number of threads seems too high for short alignments. Use -T AUTO to determine best number of threads.
751  MTZOA+G4      534.916      20  1109.833     1115.586     1172.193
WARNING: Number of threads seems too high for short alignments. Use -T AUTO to determine best number of threads.
752  MTZOA+I+G4    534.849      21  1111.697     1118.069     1177.175
WARNING: Number of threads seems too high for short alignments. Use -T AUTO to determine best number of threads.
753  MTZOA+R2      534.964      21  1111.928     1118.300     1177.406
WARNING: Number of threads seems too high for short alignments. Use -T AUTO to determine best number of threads.
771  MTZOA+F       528.219      38  1132.437     1155.593     1250.921
WARNING: Number of threads seems too high for short alignments. Use -T AUTO to determine best number of threads.
772  MTZOA+F+I     526.074      39  1130.147     1154.714     1251.749
WARNING: Number of threads seems too high for short alignments. Use -T AUTO to determine best number of threads.
773  MTZOA+F+G4    526.046      39  1130.092     1154.659     1251.694
WARNING: Number of threads seems too high for short alignments. Use -T AUTO to determine best number of threads.
774  MTZOA+F+I+G4  525.970      40  1131.940     1157.972     1256.660
WARNING: Number of threads seems too high for short alignments. Use -T AUTO to determine best number of threads.
775  MTZOA+F+R2    526.079      40  1132.159     1158.191     1256.879
WARNING: Number of threads seems too high for short alignments. Use -T AUTO to determine best number of threads.
793  MTMET         549.889      19  1137.779     1142.949     1197.020
WARNING: Number of threads seems too high for short alignments. Use -T AUTO to determine best number of threads.
794  MTMET+I       548.150      20  1136.300     1142.054     1198.660
WARNING: Number of threads seems too high for short alignments. Use -T AUTO to determine best number of threads.
795  MTMET+G4      548.104      20  1136.208     1141.962     1198.568
WARNING: Number of threads seems too high for short alignments. Use -T AUTO to determine best number of threads.
796  MTMET+I+G4    548.047      21  1138.094     1144.467     1203.572
WARNING: Number of threads seems too high for short alignments. Use -T AUTO to determine best number of threads.
797  MTMET+R2      548.191      21  1138.381     1144.754     1203.859
WARNING: Number of threads seems too high for short alignments. Use -T AUTO to determine best number of threads.
815  MTMET+F       526.247      38  1128.493     1151.650     1246.977
WARNING: Number of threads seems too high for short alignments. Use -T AUTO to determine best number of threads.
816  MTMET+F+I     524.451      39  1126.902     1151.469     1248.504
WARNING: Number of threads seems too high for short alignments. Use -T AUTO to determine best number of threads.
817  MTMET+F+G4    524.404      39  1126.808     1151.375     1248.410
WARNING: Number of threads seems too high for short alignments. Use -T AUTO to determine best number of threads.
818  MTMET+F+I+G4  524.341      40  1128.682     1154.714     1253.402
WARNING: Number of threads seems too high for short alignments. Use -T AUTO to determine best number of threads.
819  MTMET+F+R2    524.477      40  1128.954     1154.986     1253.674
WARNING: Number of threads seems too high for short alignments. Use -T AUTO to determine best number of threads.
837  MTVER         550.520      19  1139.040     1144.210     1198.282
WARNING: Number of threads seems too high for short alignments. Use -T AUTO to determine best number of threads.
838  MTVER+I       548.573      20  1137.145     1142.899     1199.505
WARNING: Number of threads seems too high for short alignments. Use -T AUTO to determine best number of threads.
839  MTVER+G4      548.487      20  1136.974     1142.728     1199.334
WARNING: Number of threads seems too high for short alignments. Use -T AUTO to determine best number of threads.
840  MTVER+I+G4    548.344      21  1138.687     1145.059     1204.165
WARNING: Number of threads seems too high for short alignments. Use -T AUTO to determine best number of threads.
841  MTVER+R2      548.583      21  1139.167     1145.539     1204.645
WARNING: Number of threads seems too high for short alignments. Use -T AUTO to determine best number of threads.
859  MTVER+F       528.680      38  1133.361     1156.517     1251.844
WARNING: Number of threads seems too high for short alignments. Use -T AUTO to determine best number of threads.
860  MTVER+F+I     526.360      39  1130.719     1155.286     1252.321
WARNING: Number of threads seems too high for short alignments. Use -T AUTO to determine best number of threads.
861  MTVER+F+G4    526.307      39  1130.615     1155.182     1252.217
WARNING: Number of threads seems too high for short alignments. Use -T AUTO to determine best number of threads.
862  MTVER+F+I+G4  526.094      40  1132.187     1158.219     1256.907
WARNING: Number of threads seems too high for short alignments. Use -T AUTO to determine best number of threads.
863  MTVER+F+R2    526.364      40  1132.729     1158.761     1257.449
WARNING: Number of threads seems too high for short alignments. Use -T AUTO to determine best number of threads.
881  MTINV         560.827      19  1159.655     1164.825     1218.896
WARNING: Number of threads seems too high for short alignments. Use -T AUTO to determine best number of threads.
882  MTINV+I       558.975      20  1157.949     1163.702     1220.309
WARNING: Number of threads seems too high for short alignments. Use -T AUTO to determine best number of threads.
883  MTINV+G4      558.959      20  1157.917     1163.671     1220.277
WARNING: Number of threads seems too high for short alignments. Use -T AUTO to determine best number of threads.
884  MTINV+I+G4    558.931      21  1159.863     1166.235     1225.341
WARNING: Number of threads seems too high for short alignments. Use -T AUTO to determine best number of threads.
885  MTINV+R2      558.982      21  1159.964     1166.337     1225.442
WARNING: Number of threads seems too high for short alignments. Use -T AUTO to determine best number of threads.
903  MTINV+F       526.891      38  1129.781     1152.938     1248.265
WARNING: Number of threads seems too high for short alignments. Use -T AUTO to determine best number of threads.
904  MTINV+F+I     525.023      39  1128.047     1152.613     1249.648
WARNING: Number of threads seems too high for short alignments. Use -T AUTO to determine best number of threads.
905  MTINV+F+G4    525.008      39  1128.017     1152.584     1249.618
WARNING: Number of threads seems too high for short alignments. Use -T AUTO to determine best number of threads.
906  MTINV+F+I+G4  524.983      40  1129.966     1155.998     1254.686
WARNING: Number of threads seems too high for short alignments. Use -T AUTO to determine best number of threads.
907  MTINV+F+R2    525.029      40  1130.059     1156.091     1254.779
WARNING: Number of threads seems too high for short alignments. Use -T AUTO to determine best number of threads.
925  MTMAM         547.204      19  1132.409     1137.579     1191.651
WARNING: Number of threads seems too high for short alignments. Use -T AUTO to determine best number of threads.
926  MTMAM+I       545.137      20  1130.274     1136.027     1192.634
WARNING: Number of threads seems too high for short alignments. Use -T AUTO to determine best number of threads.
927  MTMAM+G4      545.034      20  1130.069     1135.822     1192.429
WARNING: Number of threads seems too high for short alignments. Use -T AUTO to determine best number of threads.
928  MTMAM+I+G4    544.859      21  1131.719     1138.091     1197.197
WARNING: Number of threads seems too high for short alignments. Use -T AUTO to determine best number of threads.
929  MTMAM+R2      545.143      21  1132.286     1138.659     1197.764
WARNING: Number of threads seems too high for short alignments. Use -T AUTO to determine best number of threads.
947  MTMAM+F       531.314      38  1138.627     1161.784     1257.111
WARNING: Number of threads seems too high for short alignments. Use -T AUTO to determine best number of threads.
948  MTMAM+F+I     528.864      39  1135.728     1160.295     1257.330
WARNING: Number of threads seems too high for short alignments. Use -T AUTO to determine best number of threads.
949  MTMAM+F+G4    528.808      39  1135.617     1160.184     1257.219
WARNING: Number of threads seems too high for short alignments. Use -T AUTO to determine best number of threads.
950  MTMAM+F+I+G4  528.588      40  1137.175     1163.207     1261.895
WARNING: Number of threads seems too high for short alignments. Use -T AUTO to determine best number of threads.
951  MTMAM+F+R2    528.871      40  1137.743     1163.774     1262.462
WARNING: Number of threads seems too high for short alignments. Use -T AUTO to determine best number of threads.
969  FLAVI         559.882      19  1157.763     1162.933     1217.005
WARNING: Number of threads seems too high for short alignments. Use -T AUTO to determine best number of threads.
970  FLAVI+I       554.197      20  1148.394     1154.147     1210.754
WARNING: Number of threads seems too high for short alignments. Use -T AUTO to determine best number of threads.
971  FLAVI+G4      554.509      20  1149.019     1154.772     1211.379
WARNING: Number of threads seems too high for short alignments. Use -T AUTO to determine best number of threads.
972  FLAVI+I+G4    553.527      21  1149.054     1155.426     1214.532
WARNING: Number of threads seems too high for short alignments. Use -T AUTO to determine best number of threads.
973  FLAVI+R2      554.355      21  1150.709     1157.082     1216.187
WARNING: Number of threads seems too high for short alignments. Use -T AUTO to determine best number of threads.
991  FLAVI+F       539.443      38  1154.887     1178.043     1273.370
WARNING: Number of threads seems too high for short alignments. Use -T AUTO to determine best number of threads.
992  FLAVI+F+I     533.718      39  1145.436     1170.003     1267.038
WARNING: Number of threads seems too high for short alignments. Use -T AUTO to determine best number of threads.
993  FLAVI+F+G4    534.058      39  1146.116     1170.683     1267.718
WARNING: Number of threads seems too high for short alignments. Use -T AUTO to determine best number of threads.
994  FLAVI+F+I+G4  533.033      40  1146.065     1172.097     1270.785
WARNING: Number of threads seems too high for short alignments. Use -T AUTO to determine best number of threads.
995  FLAVI+F+R2    533.774      40  1147.549     1173.580     1272.268
WARNING: Number of threads seems too high for short alignments. Use -T AUTO to determine best number of threads.
1013  HIVB          565.602      19  1169.204     1174.374     1228.446
WARNING: Number of threads seems too high for short alignments. Use -T AUTO to determine best number of threads.
1014  HIVB+I        560.568      20  1161.137     1166.890     1223.496
WARNING: Number of threads seems too high for short alignments. Use -T AUTO to determine best number of threads.
1015  HIVB+G4       560.913      20  1161.825     1167.579     1224.185
WARNING: Number of threads seems too high for short alignments. Use -T AUTO to determine best number of threads.
1016  HIVB+I+G4     560.109      21  1162.218     1168.591     1227.696
WARNING: Number of threads seems too high for short alignments. Use -T AUTO to determine best number of threads.
1017  HIVB+R2       560.605      21  1163.210     1169.582     1228.688
WARNING: Number of threads seems too high for short alignments. Use -T AUTO to determine best number of threads.
1035  HIVB+F        535.047      38  1146.094     1169.250     1264.577
WARNING: Number of threads seems too high for short alignments. Use -T AUTO to determine best number of threads.
1036  HIVB+F+I      530.462      39  1138.925     1163.492     1260.527
WARNING: Number of threads seems too high for short alignments. Use -T AUTO to determine best number of threads.
1037  HIVB+F+G4     530.674      39  1139.349     1163.916     1260.951
WARNING: Number of threads seems too high for short alignments. Use -T AUTO to determine best number of threads.
1038  HIVB+F+I+G4   529.948      40  1139.897     1165.929     1264.617
WARNING: Number of threads seems too high for short alignments. Use -T AUTO to determine best number of threads.
1039  HIVB+F+R2     530.465      40  1140.929     1166.961     1265.649
WARNING: Number of threads seems too high for short alignments. Use -T AUTO to determine best number of threads.
1057  HIVW          577.682      19  1193.365     1198.535     1252.606
WARNING: Number of threads seems too high for short alignments. Use -T AUTO to determine best number of threads.
1058  HIVW+I        571.002      20  1182.004     1187.757     1244.364
WARNING: Number of threads seems too high for short alignments. Use -T AUTO to determine best number of threads.
1059  HIVW+G4       571.565      20  1183.129     1188.883     1245.489
WARNING: Number of threads seems too high for short alignments. Use -T AUTO to determine best number of threads.
1060  HIVW+I+G4     570.607      21  1183.214     1189.586     1248.692
WARNING: Number of threads seems too high for short alignments. Use -T AUTO to determine best number of threads.
1061  HIVW+R2       571.041      21  1184.082     1190.454     1249.560
WARNING: Number of threads seems too high for short alignments. Use -T AUTO to determine best number of threads.
1079  HIVW+F        536.592      38  1149.184     1172.340     1267.668
WARNING: Number of threads seems too high for short alignments. Use -T AUTO to determine best number of threads.
1080  HIVW+F+I      531.139      39  1140.277     1164.844     1261.879
WARNING: Number of threads seems too high for short alignments. Use -T AUTO to determine best number of threads.
1081  HIVW+F+G4     531.408      39  1140.816     1165.383     1262.418
WARNING: Number of threads seems too high for short alignments. Use -T AUTO to determine best number of threads.
1082  HIVW+F+I+G4   530.597      40  1141.194     1167.226     1265.914
WARNING: Number of threads seems too high for short alignments. Use -T AUTO to determine best number of threads.
1083  HIVW+F+R2     531.139      40  1142.277     1168.309     1266.997
WARNING: Number of threads seems too high for short alignments. Use -T AUTO to determine best number of threads.
1101  FLU           559.773      19  1157.546     1162.716     1216.788
WARNING: Number of threads seems too high for short alignments. Use -T AUTO to determine best number of threads.
1102  FLU+I         556.993      20  1153.986     1159.740     1216.346
WARNING: Number of threads seems too high for short alignments. Use -T AUTO to determine best number of threads.
1103  FLU+G4        557.009      20  1154.018     1159.772     1216.378
WARNING: Number of threads seems too high for short alignments. Use -T AUTO to determine best number of threads.
1104  FLU+I+G4      556.805      21  1155.610     1161.983     1221.088
WARNING: Number of threads seems too high for short alignments. Use -T AUTO to determine best number of threads.
1105  FLU+R2        557.059      21  1156.119     1162.491     1221.596
WARNING: Number of threads seems too high for short alignments. Use -T AUTO to determine best number of threads.
1123  FLU+F         530.033      38  1136.065     1159.222     1254.549
WARNING: Number of threads seems too high for short alignments. Use -T AUTO to determine best number of threads.
1124  FLU+F+I       527.283      39  1132.565     1157.132     1254.167
WARNING: Number of threads seems too high for short alignments. Use -T AUTO to determine best number of threads.
1125  FLU+F+G4      527.272      39  1132.544     1157.111     1254.146
WARNING: Number of threads seems too high for short alignments. Use -T AUTO to determine best number of threads.
1126  FLU+F+I+G4    527.011      40  1134.022     1160.053     1258.741
WARNING: Number of threads seems too high for short alignments. Use -T AUTO to determine best number of threads.
1127  FLU+F+R2      527.348      40  1134.697     1160.728     1259.416
WARNING: Number of threads seems too high for short alignments. Use -T AUTO to determine best number of threads.
1145  RTREV         560.773      19  1159.547     1164.717     1218.789
WARNING: Number of threads seems too high for short alignments. Use -T AUTO to determine best number of threads.
1146  RTREV+I       558.158      20  1156.316     1162.069     1218.676
WARNING: Number of threads seems too high for short alignments. Use -T AUTO to determine best number of threads.
1147  RTREV+G4      558.171      20  1156.342     1162.095     1218.702
WARNING: Number of threads seems too high for short alignments. Use -T AUTO to determine best number of threads.
1148  RTREV+I+G4    558.174      21  1158.348     1164.721     1223.826
WARNING: Number of threads seems too high for short alignments. Use -T AUTO to determine best number of threads.
1149  RTREV+R2      558.181      21  1158.362     1164.734     1223.840
WARNING: Number of threads seems too high for short alignments. Use -T AUTO to determine best number of threads.
1167  RTREV+F       531.717      38  1139.433     1162.589     1257.917
WARNING: Number of threads seems too high for short alignments. Use -T AUTO to determine best number of threads.
1168  RTREV+F+I     528.876      39  1135.753     1160.320     1257.355
WARNING: Number of threads seems too high for short alignments. Use -T AUTO to determine best number of threads.
1169  RTREV+F+G4    528.912      39  1135.824     1160.391     1257.426
WARNING: Number of threads seems too high for short alignments. Use -T AUTO to determine best number of threads.
1170  RTREV+F+I+G4  528.846      40  1137.691     1163.723     1262.411
WARNING: Number of threads seems too high for short alignments. Use -T AUTO to determine best number of threads.
1171  RTREV+F+R2    528.881      40  1137.762     1163.793     1262.481
WARNING: Number of threads seems too high for short alignments. Use -T AUTO to determine best number of threads.
1189  CPREV         548.547      19  1135.094     1140.264     1194.336
WARNING: Number of threads seems too high for short alignments. Use -T AUTO to determine best number of threads.
1190  CPREV+I       545.923      20  1131.846     1137.600     1194.206
WARNING: Number of threads seems too high for short alignments. Use -T AUTO to determine best number of threads.
1191  CPREV+G4      545.933      20  1131.866     1137.619     1194.226
WARNING: Number of threads seems too high for short alignments. Use -T AUTO to determine best number of threads.
1192  CPREV+I+G4    545.935      21  1133.870     1140.242     1199.348
WARNING: Number of threads seems too high for short alignments. Use -T AUTO to determine best number of threads.
1193  CPREV+R2      545.939      21  1133.879     1140.251     1199.357
WARNING: Number of threads seems too high for short alignments. Use -T AUTO to determine best number of threads.
1211  CPREV+F       529.955      38  1135.910     1159.067     1254.394
WARNING: Number of threads seems too high for short alignments. Use -T AUTO to determine best number of threads.
1212  CPREV+F+I     527.447      39  1132.894     1157.461     1254.495
WARNING: Number of threads seems too high for short alignments. Use -T AUTO to determine best number of threads.
1213  CPREV+F+G4    527.449      39  1132.899     1157.465     1254.500
WARNING: Number of threads seems too high for short alignments. Use -T AUTO to determine best number of threads.
1214  CPREV+F+I+G4  527.416      40  1134.832     1160.864     1259.552
WARNING: Number of threads seems too high for short alignments. Use -T AUTO to determine best number of threads.
1215  CPREV+F+R2    527.468      40  1134.936     1160.968     1259.656
Akaike Information Criterion:           MTZOA+G4
Corrected Akaike Information Criterion: MTZOA+G4
Bayesian Information Criterion:         MTZOA
Best-fit model: MTZOA chosen according to BIC

All model information printed to 10_alignment_files/sampleC_part3_alignment.afa.model.gz
CPU time for ModelFinder: 53.978 seconds (0h:0m:53s)
Wall-clock time for ModelFinder: 23.808 seconds (0h:0m:23s)
Generating 1000 samples for ultrafast bootstrap (seed: 844675)...

NOTE: 0 MB RAM (0 GB) is required!
WARNING: Number of threads seems too high for short alignments. Use -T AUTO to determine best number of threads.
Estimate model parameters (epsilon = 0.100)
1. Initial log-likelihood: -537.072
Optimal log-likelihood: -536.985
Parameters optimization took 1 rounds (0.001 sec)
Wrote distance file to... 
Computing ML distances based on estimated model parameters...
Calculating distance matrix: done in 0.00237458 secs using 314.1% CPU
Computing ML distances took 0.002431 sec (of wall-clock time) 0.007519 sec (of CPU time)
Setting up auxiliary I and S matrices: done in 0.000146927 secs using 211.7% CPU
Constructing RapidNJ tree: done in 0.00214757 secs using 245.3% CPU
Computing RapidNJ tree took 0.002424 sec (of wall-clock time) 0.005800 sec (of CPU time)
Log-likelihood of RapidNJ tree: -537.815
--------------------------------------------------------------------
|             INITIALIZING CANDIDATE TREE SET                      |
--------------------------------------------------------------------
Generating 98 parsimony trees... 0.026 second
Computing log-likelihood of 98 initial trees ... 0.042 seconds
Current best score: -536.985

Do NNI search on 20 best initial trees
Optimizing NNI: done in 0.00315301 secs using 195.1% CPU
Estimate model parameters (epsilon = 0.100)
BETTER TREE FOUND at iteration 1: -536.985
Optimizing NNI: done in 0.00245499 secs using 303.7% CPU
Optimizing NNI: done in 0.00323574 secs using 283.5% CPU
Optimizing NNI: done in 0.00315715 secs using 289.9% CPU
Optimizing NNI: done in 0.00233765 secs using 271% CPU
Optimizing NNI: done in 0.00244961 secs using 263.2% CPU
Optimizing NNI: done in 0.00245694 secs using 301.5% CPU
Optimizing NNI: done in 0.00238341 secs using 267.6% CPU
Optimizing NNI: done in 0.00239618 secs using 266.9% CPU
Optimizing NNI: done in 0.00356766 secs using 268.3% CPU
Iteration 10 / LogL: -536.985 / Time: 0h:0m:23s
Optimizing NNI: done in 0.00303175 secs using 296.8% CPU
Optimizing NNI: done in 0.00280062 secs using 278.4% CPU
Optimizing NNI: done in 0.00267856 secs using 249.2% CPU
Optimizing NNI: done in 0.00256415 secs using 295.1% CPU
Optimizing NNI: done in 0.00249534 secs using 340.4% CPU
Optimizing NNI: done in 0.00266766 secs using 324.9% CPU
Optimizing NNI: done in 0.00290353 secs using 306.6% CPU
Optimizing NNI: done in 0.00279469 secs using 277.8% CPU
Optimizing NNI: done in 0.00273313 secs using 319.5% CPU
Optimizing NNI: done in 0.00250212 secs using 339.8% CPU
Iteration 20 / LogL: -536.985 / Time: 0h:0m:23s
Finish initializing candidate tree set (17)
Current best tree score: -536.985 / CPU time: 0.132
Number of iterations: 20
--------------------------------------------------------------------
|               OPTIMIZING CANDIDATE TREE SET                      |
--------------------------------------------------------------------
Optimizing NNI: done in 0.0071328 secs using 282.2% CPU
Optimizing NNI: done in 0.00525219 secs using 327.7% CPU
Optimizing NNI: done in 0.00680045 secs using 291.2% CPU
Optimizing NNI: done in 0.00486416 secs using 284.3% CPU
Optimizing NNI: done in 0.00679143 secs using 276.6% CPU
Optimizing NNI: done in 0.00673874 secs using 307.5% CPU
Optimizing NNI: done in 0.00506428 secs using 297.3% CPU
Optimizing NNI: done in 0.00638316 secs using 272.3% CPU
Optimizing NNI: done in 0.00479056 secs using 307.9% CPU
Optimizing NNI: done in 0.0137008 secs using 297.1% CPU
Iteration 30 / LogL: -536.986 / Time: 0h:0m:24s (0h:0m:0s left)
Optimizing NNI: done in 0.00278327 secs using 315.6% CPU
Optimizing NNI: done in 0.00545057 secs using 283.4% CPU
Optimizing NNI: done in 0.00573539 secs using 308.6% CPU
Optimizing NNI: done in 0.00711136 secs using 282.7% CPU
Optimizing NNI: done in 0.00489548 secs using 304.2% CPU
Optimizing NNI: done in 0.00486725 secs using 284.9% CPU
Optimizing NNI: done in 0.00515128 secs using 332.9% CPU
Optimizing NNI: done in 0.00726991 secs using 278.3% CPU
Optimizing NNI: done in 0.00512632 secs using 295% CPU
Optimizing NNI: done in 0.00588455 secs using 269.3% CPU
Iteration 40 / LogL: -536.986 / Time: 0h:0m:24s (0h:0m:0s left)
Optimizing NNI: done in 0.00837201 secs using 291.1% CPU
Optimizing NNI: done in 0.00521678 secs using 233.5% CPU
Optimizing NNI: done in 0.00976036 secs using 304.8% CPU
Optimizing NNI: done in 0.00501405 secs using 278.8% CPU
Optimizing NNI: done in 0.00452439 secs using 319.8% CPU
Optimizing NNI: done in 0.00576501 secs using 273.4% CPU
Optimizing NNI: done in 0.00523258 secs using 291% CPU
Optimizing NNI: done in 0.00906917 secs using 287.5% CPU
Optimizing NNI: done in 0.0048629 secs using 303.7% CPU
Optimizing NNI: done in 0.0057862 secs using 289.1% CPU
Iteration 50 / LogL: -536.985 / Time: 0h:0m:24s (0h:0m:0s left)
Optimizing NNI: done in 0.00417735 secs using 291.4% CPU
Optimizing NNI: done in 0.00664711 secs using 310.6% CPU
Optimizing NNI: done in 0.00467877 secs using 269.6% CPU
Optimizing NNI: done in 0.00661325 secs using 278.8% CPU
Optimizing NNI: done in 0.0100571 secs using 298.8% CPU
Optimizing NNI: done in 0.00259471 secs using 331.1% CPU
UPDATE BEST LOG-LIKELIHOOD: -536.985
Optimizing NNI: done in 0.00461923 secs using 273.2% CPU
Optimizing NNI: done in 0.00509946 secs using 275.7% CPU
Optimizing NNI: done in 0.0043971 secs using 281.8% CPU
Optimizing NNI: done in 0.00930259 secs using 282.8% CPU
Iteration 60 / LogL: -536.986 / Time: 0h:0m:24s (0h:0m:0s left)
Optimizing NNI: done in 0.00490081 secs using 263.1% CPU
Optimizing NNI: done in 0.00584071 secs using 288.3% CPU
Optimizing NNI: done in 0.0106177 secs using 288% CPU
Optimizing NNI: done in 0.00623959 secs using 292.2% CPU
Optimizing NNI: done in 0.00870169 secs using 306.6% CPU
Optimizing NNI: done in 0.00422781 secs using 289.2% CPU
Optimizing NNI: done in 0.00560479 secs using 313.2% CPU
Optimizing NNI: done in 0.0047032 secs using 291.3% CPU
Optimizing NNI: done in 0.0117485 secs using 303.9% CPU
Optimizing NNI: done in 0.00628853 secs using 274.8% CPU
Iteration 70 / LogL: -536.985 / Time: 0h:0m:24s (0h:0m:0s left)
Optimizing NNI: done in 0.00255802 secs using 334.4% CPU
Optimizing NNI: done in 0.00491679 secs using 303.2% CPU
UPDATE BEST LOG-LIKELIHOOD: -536.985
Optimizing NNI: done in 0.0073313 secs using 290.9% CPU
Optimizing NNI: done in 0.00627881 secs using 274.6% CPU
Optimizing NNI: done in 0.00461844 secs using 273.2% CPU
Optimizing NNI: done in 0.0154314 secs using 307.2% CPU
Estimate model parameters (epsilon = 0.100)
BETTER TREE FOUND at iteration 76: -534.788
Optimizing NNI: done in 0.005585 secs using 296.4% CPU
Optimizing NNI: done in 0.00994518 secs using 301.1% CPU
Optimizing NNI: done in 0.0102398 secs using 304.8% CPU
Optimizing NNI: done in 0.0039959 secs using 299.9% CPU
Iteration 80 / LogL: -534.788 / Time: 0h:0m:24s (0h:0m:0s left)
Optimizing NNI: done in 0.00478181 secs using 307.7% CPU
Optimizing NNI: done in 0.00461963 secs using 273.1% CPU
Optimizing NNI: done in 0.00648161 secs using 285.1% CPU
Optimizing NNI: done in 0.0119201 secs using 301% CPU
Optimizing NNI: done in 0.011964 secs using 291.9% CPU
Optimizing NNI: done in 0.00925314 secs using 294.5% CPU
Optimizing NNI: done in 0.00558562 secs using 314.8% CPU
Optimizing NNI: done in 0.00829235 secs using 279% CPU
Optimizing NNI: done in 0.00793826 secs using 288.4% CPU
UPDATE BEST LOG-LIKELIHOOD: -534.788
Optimizing NNI: done in 0.0053299 secs using 306.5% CPU
Iteration 90 / LogL: -539.830 / Time: 0h:0m:24s (0h:0m:0s left)
Optimizing NNI: done in 0.00452776 secs using 275.9% CPU
Optimizing NNI: done in 0.016754 secs using 278.8% CPU
Optimizing NNI: done in 0.00476596 secs using 309.7% CPU
Optimizing NNI: done in 0.00444979 secs using 324.6% CPU
Optimizing NNI: done in 0.00630138 secs using 290.4% CPU
Optimizing NNI: done in 0.00881818 secs using 280.9% CPU
Optimizing NNI: done in 0.0118364 secs using 301.1% CPU
UPDATE BEST LOG-LIKELIHOOD: -534.788
Optimizing NNI: done in 0.00762024 secs using 309.7% CPU
Optimizing NNI: done in 0.0108348 secs using 229.1% CPU
Optimizing NNI: done in 0.00631996 secs using 253.1% CPU
Iteration 100 / LogL: -534.788 / Time: 0h:0m:24s (0h:0m:0s left)
Optimizing NNI: done in 0.0158998 secs using 293.1% CPU
UPDATE BEST LOG-LIKELIHOOD: -534.788
Optimizing NNI: done in 0.0102454 secs using 290.9% CPU
Optimizing NNI: done in 0.00882655 secs using 268.3% CPU
Optimizing NNI: done in 0.00555367 secs using 305.2% CPU
Optimizing NNI: done in 0.00761113 secs using 268.1% CPU
Optimizing NNI: done in 0.0113423 secs using 283.7% CPU
UPDATE BEST LOG-LIKELIHOOD: -534.788
Optimizing NNI: done in 0.0028045 secs using 313.8% CPU
Optimizing NNI: done in 0.00405172 secs using 297.3% CPU
Optimizing NNI: done in 0.00918489 secs using 284.2% CPU
Optimizing NNI: done in 0.00260458 secs using 292% CPU
Iteration 110 / LogL: -534.788 / Time: 0h:0m:24s (0h:0m:0s left)
Optimizing NNI: done in 0.00537299 secs using 266.7% CPU
Optimizing NNI: done in 0.00262643 secs using 328.4% CPU
Optimizing NNI: done in 0.0048827 secs using 304.7% CPU
Optimizing NNI: done in 0.00656941 secs using 281.4% CPU
Optimizing NNI: done in 0.0106875 secs using 287.1% CPU
Optimizing NNI: done in 0.00208751 secs using 289.9% CPU
Optimizing NNI: done in 0.00575589 secs using 273.6% CPU
Optimizing NNI: done in 0.0043688 secs using 260.3% CPU
Optimizing NNI: done in 0.00287291 secs using 307.3% CPU
Optimizing NNI: done in 0.00685142 secs using 275% CPU
Iteration 120 / LogL: -534.788 / Time: 0h:0m:24s (0h:0m:0s left)
Optimizing NNI: done in 0.00524821 secs using 252.4% CPU
Optimizing NNI: done in 0.00848455 secs using 300.3% CPU
Optimizing NNI: done in 0.00394414 secs using 302.8% CPU
Optimizing NNI: done in 0.00715333 secs using 295.6% CPU
Optimizing NNI: done in 0.00466199 secs using 314.4% CPU
Optimizing NNI: done in 0.0046625 secs using 292.1% CPU
Optimizing NNI: done in 0.00491977 secs using 292.4% CPU
Optimizing NNI: done in 0.00469668 secs using 312.8% CPU
Optimizing NNI: done in 0.0055557 secs using 279.3% CPU
Optimizing NNI: done in 0.00916497 secs using 285.6% CPU
Iteration 130 / LogL: -534.788 / Time: 0h:0m:25s (0h:0m:0s left)
Optimizing NNI: done in 0.00362206 secs using 265.5% CPU
Optimizing NNI: done in 0.00236833 secs using 268.8% CPU
Optimizing NNI: done in 0.00533265 secs using 287.5% CPU
Optimizing NNI: done in 0.00671062 secs using 308.6% CPU
Optimizing NNI: done in 0.00361065 secs using 321.5% CPU
Optimizing NNI: done in 0.00350321 secs using 328.2% CPU
Optimizing NNI: done in 0.00521558 secs using 291.9% CPU
Optimizing NNI: done in 0.00712992 secs using 282.3% CPU
Optimizing NNI: done in 0.00900967 secs using 299.2% CPU
Optimizing NNI: done in 0.00382662 secs using 308.9% CPU
Iteration 140 / LogL: -534.788 / Time: 0h:0m:25s (0h:0m:0s left)
Optimizing NNI: done in 0.00920729 secs using 295.4% CPU
Optimizing NNI: done in 0.00450866 secs using 277.4% CPU
Optimizing NNI: done in 0.00698858 secs using 285.7% CPU
Optimizing NNI: done in 0.00637972 secs using 288% CPU
UPDATE BEST LOG-LIKELIHOOD: -534.788
Optimizing NNI: done in 0.00410632 secs using 294.8% CPU
Optimizing NNI: done in 0.00448608 secs using 278.3% CPU
Optimizing NNI: done in 0.00758133 secs using 297.7% CPU
Optimizing NNI: done in 0.00239738 secs using 348.9% CPU
Optimizing NNI: done in 0.00725768 secs using 265.3% CPU
Optimizing NNI: done in 0.0074446 secs using 300.9% CPU
Iteration 150 / LogL: -534.788 / Time: 0h:0m:25s (0h:0m:0s left)
Optimizing NNI: done in 0.0052343 secs using 290.7% CPU
Optimizing NNI: done in 0.00259047 secs using 254.3% CPU
Optimizing NNI: done in 0.00270833 secs using 318.4% CPU
Optimizing NNI: done in 0.00370391 secs using 315.9% CPU
Optimizing NNI: done in 0.0161048 secs using 292.1% CPU
UPDATE BEST LOG-LIKELIHOOD: -534.788
Optimizing NNI: done in 0.00440276 secs using 258.9% CPU
Optimizing NNI: done in 0.00473269 secs using 290.2% CPU
Optimizing NNI: done in 0.00471091 secs using 312.2% CPU
Optimizing NNI: done in 0.0126698 secs using 288.9% CPU
Optimizing NNI: done in 0.00947216 secs using 278.1% CPU
Iteration 160 / LogL: -534.801 / Time: 0h:0m:25s (0h:0m:0s left)
Optimizing NNI: done in 0.0076893 secs using 295.1% CPU
Optimizing NNI: done in 0.00605202 secs using 265.1% CPU
Optimizing NNI: done in 0.00702407 secs using 270.7% CPU
Optimizing NNI: done in 0.00684651 secs using 304.4% CPU
Optimizing NNI: done in 0.0086641 secs using 295.8% CPU
Optimizing NNI: done in 0.0055911 secs using 314.6% CPU
UPDATE BEST LOG-LIKELIHOOD: -534.788
Optimizing NNI: done in 0.00520262 secs using 272.7% CPU
Optimizing NNI: done in 0.00377897 secs using 285.4% CPU
Optimizing NNI: done in 0.0071235 secs using 296.4% CPU
Optimizing NNI: done in 0.0124147 secs using 309.1% CPU
Iteration 170 / LogL: -534.788 / Time: 0h:0m:25s (0h:0m:0s left)
Optimizing NNI: done in 0.0024184 secs using 348% CPU
Optimizing NNI: done in 0.00942512 secs using 311.7% CPU
Optimizing NNI: done in 0.00971846 secs using 295.5% CPU
Optimizing NNI: done in 0.00424604 secs using 335.2% CPU
Optimizing NNI: done in 0.00452081 secs using 276.8% CPU
Optimizing NNI: done in 0.00856311 secs using 309.6% CPU
Optimizing NNI: done in 0.00403314 secs using 269.5% CPU
Refining ufboot trees with NNI 1 branch...
Optimizing NNI: done in 0.000825017 secs using 99.63% CPU
Optimizing NNI: done in 0.000649892 secs using 407% CPU
Optimizing NNI: done in 0.000936836 secs using 313.2% CPU
Optimizing NNI: done in 0.000727104 secs using 374.8% CPU
Optimizing NNI: done in 0.000925103 secs using 316.1% CPU
Optimizing NNI: done in 0.000885618 secs using 325.2% CPU
Optimizing NNI: done in 0.000851483 secs using 334.4% CPU
Optimizing NNI: done in 0.000817209 secs using 344.6% CPU
Optimizing NNI: done in 0.00090333 secs using 315.4% CPU
Optimizing NNI: done in 0.000938866 secs using 312.8% CPU
Optimizing NNI: done in 0.000831025 secs using 220.5% CPU
Optimizing NNI: done in 0.000844926 secs using 336.4% CPU
Optimizing NNI: done in 0.000535422 secs using 473.1% CPU
Optimizing NNI: done in 0.00105239 secs using 289.6% CPU
Optimizing NNI: done in 0.00072896 secs using 374% CPU
Optimizing NNI: done in 0.00154354 secs using 359% CPU
Optimizing NNI: done in 0.000914316 secs using 318.1% CPU
Optimizing NNI: done in 0.000837238 secs using 338.7% CPU
Optimizing NNI: done in 0.000757648 secs using 363.9% CPU
Optimizing NNI: done in 0.00126726 secs using 257.6% CPU
Optimizing NNI: done in 0.000821856 secs using 342.9% CPU
Optimizing NNI: done in 0.000942387 secs using 311.9% CPU
Optimizing NNI: done in 0.000827011 secs using 341.8% CPU
Optimizing NNI: done in 0.00096545 secs using 307% CPU
Optimizing NNI: done in 0.000798744 secs using 350% CPU
Optimizing NNI: done in 0.00104754 secs using 290.9% CPU
Optimizing NNI: done in 0.000607467 secs using 99.59% CPU
Optimizing NNI: done in 0.00147668 secs using 235.4% CPU
Optimizing NNI: done in 0.000873456 secs using 328.5% CPU
Optimizing NNI: done in 0.000984767 secs using 303% CPU
Optimizing NNI: done in 0.000812816 secs using 345.8% CPU
Optimizing NNI: done in 0.0012605 secs using 258.2% CPU
Optimizing NNI: done in 0.00101099 secs using 297.4% CPU
Optimizing NNI: done in 0.000825538 secs using 341.8% CPU
Optimizing NNI: done in 0.000923872 secs using 208.4% CPU
Optimizing NNI: done in 0.000976422 secs using 304.3% CPU
Optimizing NNI: done in 0.00090346 secs using 317.1% CPU
Optimizing NNI: done in 0.000862864 secs using 331.6% CPU
Optimizing NNI: done in 0.000913116 secs using 318.5% CPU
Optimizing NNI: done in 0.000897654 secs using 322.4% CPU
Optimizing NNI: done in 0.000774608 secs using 229.4% CPU
Optimizing NNI: done in 0.00103609 secs using 292.7% CPU
Optimizing NNI: done in 0.00103156 secs using 293.3% CPU
Optimizing NNI: done in 0.000876522 secs using 327.8% CPU
Optimizing NNI: done in 0.000823378 secs using 342.7% CPU
Optimizing NNI: done in 0.000985253 secs using 298.3% CPU
Optimizing NNI: done in 0.000988491 secs using 302.2% CPU
Optimizing NNI: done in 0.000951783 secs using 309.8% CPU
Optimizing NNI: done in 0.000819441 secs using 343.9% CPU
Optimizing NNI: done in 0.00121571 secs using 428.6% CPU
Optimizing NNI: done in 0.000614597 secs using 99.74% CPU
Optimizing NNI: done in 0.00100285 secs using 299.2% CPU
Optimizing NNI: done in 0.000933406 secs using 314.2% CPU
Optimizing NNI: done in 0.000993975 secs using 301% CPU
Optimizing NNI: done in 0.000986292 secs using 298.9% CPU
Optimizing NNI: done in 0.000833124 secs using 98.78% CPU
Optimizing NNI: done in 0.00120253 secs using 266.4% CPU
Optimizing NNI: done in 0.00101904 secs using 296.2% CPU
Optimizing NNI: done in 0.000870837 secs using 329.5% CPU
Optimizing NNI: done in 0.000564597 secs using 454% CPU
Optimizing NNI: done in 0.00208399 secs using 291.7% CPU
Optimizing NNI: done in 0.000927895 secs using 315.3% CPU
Optimizing NNI: done in 0.000841111 secs using 219.1% CPU
Optimizing NNI: done in 0.00113258 secs using 276% CPU
Optimizing NNI: done in 0.000895761 secs using 323.1% CPU
Optimizing NNI: done in 0.000659559 secs using 99.76% CPU
Optimizing NNI: done in 0.000949542 secs using 310.6% CPU
Optimizing NNI: done in 0.000848542 secs using 335.5% CPU
Optimizing NNI: done in 0.000918728 secs using 317.5% CPU
Optimizing NNI: done in 0.000803225 secs using 348.6% CPU
Optimizing NNI: done in 0.0009691 secs using 198.1% CPU
Optimizing NNI: done in 0.000751613 secs using 365.6% CPU
Optimizing NNI: done in 0.00096049 secs using 308.1% CPU
Optimizing NNI: done in 0.000899062 secs using 322.3% CPU
Optimizing NNI: done in 0.000831505 secs using 340.3% CPU
Optimizing NNI: done in 0.000721267 secs using 377.1% CPU
Optimizing NNI: done in 0.000811461 secs using 346.3% CPU
Optimizing NNI: done in 0.00079584 secs using 351.1% CPU
Optimizing NNI: done in 0.00084644 secs using 335.8% CPU
Optimizing NNI: done in 0.000820449 secs using 343.1% CPU
Optimizing NNI: done in 0.000799335 secs using 99.83% CPU
Optimizing NNI: done in 0.000770191 secs using 99.85% CPU
Optimizing NNI: done in 0.00115861 secs using 272.2% CPU
Optimizing NNI: done in 0.000870456 secs using 329.5% CPU
Optimizing NNI: done in 0.0008806 secs using 327.2% CPU
Optimizing NNI: done in 0.000835692 secs using 339% CPU
Optimizing NNI: done in 0.000882373 secs using 326.4% CPU
Optimizing NNI: done in 0.000756106 secs using 365.3% CPU
Optimizing NNI: done in 0.000873251 secs using 99.63% CPU
Optimizing NNI: done in 0.00122626 secs using 262.4% CPU
Optimizing NNI: done in 0.000621063 secs using 421.7% CPU
Optimizing NNI: done in 0.000765057 secs using 361.4% CPU
Optimizing NNI: done in 0.000864408 secs using 331.3% CPU
Optimizing NNI: done in 0.000976213 secs using 202.2% CPU
Optimizing NNI: done in 0.000955197 secs using 99.56% CPU
Optimizing NNI: done in 0.000818382 secs using 344.2% CPU
Optimizing NNI: done in 0.000871888 secs using 328.9% CPU
Optimizing NNI: done in 0.00119195 secs using 260% CPU
Optimizing NNI: done in 0.000752838 secs using 233.6% CPU
Optimizing NNI: done in 0.000850469 secs using 334.9% CPU
100 samples done
Optimizing NNI: done in 0.000937258 secs using 312.8% CPU
Optimizing NNI: done in 0.000973271 secs using 202.8% CPU
Optimizing NNI: done in 0.000763385 secs using 99.82% CPU
Optimizing NNI: done in 0.00103742 secs using 196.4% CPU
Optimizing NNI: done in 0.00084208 secs using 99.04% CPU
Optimizing NNI: done in 0.000827883 secs using 221% CPU
Optimizing NNI: done in 0.000841429 secs using 337.5% CPU
Optimizing NNI: done in 0.000915163 secs using 99.87% CPU
Optimizing NNI: done in 0.00102974 secs using 293.8% CPU
Optimizing NNI: done in 0.000957222 secs using 99.45% CPU
Optimizing NNI: done in 0.000881432 secs using 213.6% CPU
Optimizing NNI: done in 0.00123387 secs using 261.5% CPU
Optimizing NNI: done in 0.000931408 secs using 310.5% CPU
Optimizing NNI: done in 0.000804669 secs using 348.2% CPU
Optimizing NNI: done in 0.000755581 secs using 364.8% CPU
Optimizing NNI: done in 0.00118019 secs using 184.7% CPU
Optimizing NNI: done in 0.000808736 secs using 223.9% CPU
Optimizing NNI: done in 0.00084681 secs using 336.2% CPU
Optimizing NNI: done in 0.00106689 secs using 287% CPU
Optimizing NNI: done in 0.000955193 secs using 309% CPU
Optimizing NNI: done in 0.000855058 secs using 333.5% CPU
Optimizing NNI: done in 0.00131007 secs using 252.4% CPU
Optimizing NNI: done in 0.000957945 secs using 308.5% CPU
Optimizing NNI: done in 0.000921197 secs using 316.7% CPU
Optimizing NNI: done in 0.000934651 secs using 313.9% CPU
Optimizing NNI: done in 0.00105452 secs using 194.6% CPU
Optimizing NNI: done in 0.000894202 secs using 323.4% CPU
Optimizing NNI: done in 0.000892073 secs using 323.9% CPU
Optimizing NNI: done in 0.000920296 secs using 317.1% CPU
Optimizing NNI: done in 0.00122523 secs using 262.6% CPU
Optimizing NNI: done in 0.000850641 secs using 334.8% CPU
Optimizing NNI: done in 0.000923588 secs using 316.4% CPU
Optimizing NNI: done in 0.000972814 secs using 305.5% CPU
Optimizing NNI: done in 0.000903328 secs using 321.1% CPU
Optimizing NNI: done in 0.000778894 secs using 356.4% CPU
Optimizing NNI: done in 0.00075699 secs using 99.87% CPU
Optimizing NNI: done in 0.00110433 secs using 280.4% CPU
Optimizing NNI: done in 0.00242632 secs using 223.6% CPU
Optimizing NNI: done in 0.000787742 secs using 353.8% CPU
Optimizing NNI: done in 0.00097932 secs using 304% CPU
Optimizing NNI: done in 0.000895341 secs using 322.8% CPU
Optimizing NNI: done in 0.000904999 secs using 320.7% CPU
Optimizing NNI: done in 0.000905999 secs using 320.8% CPU
Optimizing NNI: done in 0.000832811 secs using 339.3% CPU
Optimizing NNI: done in 0.00103 secs using 294.1% CPU
Optimizing NNI: done in 0.000835201 secs using 339.2% CPU
Optimizing NNI: done in 0.00058325 secs using 99.96% CPU
Optimizing NNI: done in 0.00323345 secs using 283.4% CPU
Optimizing NNI: done in 0.000862025 secs using 331.8% CPU
Optimizing NNI: done in 0.00076288 secs using 362% CPU
Optimizing NNI: done in 0.000953772 secs using 309.5% CPU
Optimizing NNI: done in 0.000836299 secs using 339% CPU
Optimizing NNI: done in 0.000896204 secs using 322.8% CPU
Optimizing NNI: done in 0.000871002 secs using 329.4% CPU
Optimizing NNI: done in 0.000850315 secs using 334.7% CPU
Optimizing NNI: done in 0.000971496 secs using 305.6% CPU
Optimizing NNI: done in 0.000886696 secs using 99.81% CPU
Optimizing NNI: done in 0.00167587 secs using 338.3% CPU
Optimizing NNI: done in 0.000802129 secs using 348.8% CPU
Optimizing NNI: done in 0.00131598 secs using 249.2% CPU
Optimizing NNI: done in 0.000557011 secs using 458.7% CPU
Optimizing NNI: done in 0.000886968 secs using 99.78% CPU
Optimizing NNI: done in 0.000875447 secs using 328.3% CPU
Optimizing NNI: done in 0.00079285 secs using 352% CPU
Optimizing NNI: done in 0.000823666 secs using 342.4% CPU
Optimizing NNI: done in 0.00104977 secs using 290.5% CPU
Optimizing NNI: done in 0.000911048 secs using 319.4% CPU
Optimizing NNI: done in 0.00155555 secs using 293.3% CPU
Optimizing NNI: done in 0.000920348 secs using 316.9% CPU
Optimizing NNI: done in 0.00110994 secs using 279.8% CPU
Optimizing NNI: done in 0.000826993 secs using 341.7% CPU
Optimizing NNI: done in 0.00120927 secs using 265% CPU
Optimizing NNI: done in 0.000938124 secs using 313% CPU
Optimizing NNI: done in 0.000882687 secs using 326.4% CPU
Optimizing NNI: done in 0.00058382 secs using 442.6% CPU
Optimizing NNI: done in 0.000997463 secs using 295.8% CPU
Optimizing NNI: done in 0.00094755 secs using 205.1% CPU
Optimizing NNI: done in 0.000918291 secs using 317.8% CPU
Optimizing NNI: done in 0.000934706 secs using 314.2% CPU
Optimizing NNI: done in 0.000980586 secs using 303.6% CPU
Optimizing NNI: done in 0.00241137 secs using 348.7% CPU
Optimizing NNI: done in 0.000808512 secs using 345.9% CPU
Optimizing NNI: done in 0.000831645 secs using 340.2% CPU
Optimizing NNI: done in 0.00101558 secs using 296.7% CPU
Optimizing NNI: done in 0.000856136 secs using 333.4% CPU
Optimizing NNI: done in 0.00270086 secs using 322% CPU
Optimizing NNI: done in 0.000792912 secs using 351.7% CPU
Optimizing NNI: done in 0.000771349 secs using 359.2% CPU
Optimizing NNI: done in 0.000920859 secs using 317.3% CPU
Optimizing NNI: done in 0.000989352 secs using 298.1% CPU
Optimizing NNI: done in 0.000965357 secs using 306.9% CPU
Optimizing NNI: done in 0.000840465 secs using 337.8% CPU
Optimizing NNI: done in 0.00138991 secs using 243.6% CPU
Optimizing NNI: done in 0.000873212 secs using 328.6% CPU
Optimizing NNI: done in 0.000931061 secs using 314.6% CPU
Optimizing NNI: done in 0.000911623 secs using 319.3% CPU
Optimizing NNI: done in 0.000835183 secs using 220.1% CPU
Optimizing NNI: done in 0.000953293 secs using 309.5% CPU
Optimizing NNI: done in 0.00090092 secs using 95.68% CPU
Optimizing NNI: done in 0.000964193 secs using 307.4% CPU
200 samples done
Optimizing NNI: done in 0.00213385 secs using 240.5% CPU
Optimizing NNI: done in 0.000823515 secs using 342.6% CPU
Optimizing NNI: done in 0.00095388 secs using 309.4% CPU
Optimizing NNI: done in 0.00095965 secs using 303.5% CPU
Optimizing NNI: done in 0.000909706 secs using 319.7% CPU
Optimizing NNI: done in 0.00112685 secs using 277.2% CPU
Optimizing NNI: done in 0.000961113 secs using 307.8% CPU
Optimizing NNI: done in 0.000931101 secs using 314.5% CPU
Optimizing NNI: done in 0.000919978 secs using 317.3% CPU
Optimizing NNI: done in 0.000816926 secs using 344.5% CPU
Optimizing NNI: done in 0.000953923 secs using 309% CPU
Optimizing NNI: done in 0.000893899 secs using 323.4% CPU
Optimizing NNI: done in 0.000977981 secs using 304.1% CPU
Optimizing NNI: done in 0.00113674 secs using 275.8% CPU
Optimizing NNI: done in 0.000927696 secs using 315.2% CPU
Optimizing NNI: done in 0.000930074 secs using 314.9% CPU
Optimizing NNI: done in 0.000869227 secs using 329.8% CPU
Optimizing NNI: done in 0.000883335 secs using 326.2% CPU
Optimizing NNI: done in 0.000943428 secs using 99.74% CPU
Optimizing NNI: done in 0.000901391 secs using 321.6% CPU
Optimizing NNI: done in 0.00103625 secs using 292.7% CPU
Optimizing NNI: done in 0.000811461 secs using 346.2% CPU
Optimizing NNI: done in 0.000549791 secs using 463.4% CPU
Optimizing NNI: done in 0.000865061 secs using 331.1% CPU
Optimizing NNI: done in 0.000918285 secs using 316.9% CPU
Optimizing NNI: done in 0.000702698 secs using 99.76% CPU
Optimizing NNI: done in 0.000706389 secs using 382.8% CPU
Optimizing NNI: done in 0.000762838 secs using 361.8% CPU
Optimizing NNI: done in 0.00100494 secs using 298.7% CPU
Optimizing NNI: done in 0.000804192 secs using 348.4% CPU
Optimizing NNI: done in 0.000972564 secs using 305.5% CPU
Optimizing NNI: done in 0.000872026 secs using 328.4% CPU
Optimizing NNI: done in 0.00101984 secs using 295.6% CPU
Optimizing NNI: done in 0.000876441 secs using 328% CPU
Optimizing NNI: done in 0.000954142 secs using 309.5% CPU
Optimizing NNI: done in 0.000895271 secs using 323% CPU
Optimizing NNI: done in 0.000864167 secs using 331.4% CPU
Optimizing NNI: done in 0.000786764 secs using 354.1% CPU
Optimizing NNI: done in 0.0011432 secs using 274.4% CPU
Optimizing NNI: done in 0.000561344 secs using 455.7% CPU
Optimizing NNI: done in 0.000883971 secs using 326.3% CPU
Optimizing NNI: done in 0.000835494 secs using 337.2% CPU
Optimizing NNI: done in 0.000908404 secs using 319.9% CPU
Optimizing NNI: done in 0.000837772 secs using 338.4% CPU
Optimizing NNI: done in 0.000981345 secs using 303.5% CPU
Optimizing NNI: done in 0.00101426 secs using 296.3% CPU
Optimizing NNI: done in 0.000632253 secs using 99.49% CPU
Optimizing NNI: done in 0.000901347 secs using 321.6% CPU
Optimizing NNI: done in 0.00102113 secs using 295.8% CPU
Optimizing NNI: done in 0.000796009 secs using 350.9% CPU
Optimizing NNI: done in 0.000811022 secs using 99.38% CPU
Optimizing NNI: done in 0.000715042 secs using 379.7% CPU
Optimizing NNI: done in 0.000927563 secs using 315.3% CPU
Optimizing NNI: done in 0.000573005 secs using 99.82% CPU
Optimizing NNI: done in 0.000997154 secs using 300.4% CPU
Optimizing NNI: done in 0.000899944 secs using 322.2% CPU
Optimizing NNI: done in 0.00105465 secs using 475.2% CPU
Optimizing NNI: done in 0.000919252 secs using 317.3% CPU
Optimizing NNI: done in 0.000825273 secs using 342.3% CPU
Optimizing NNI: done in 0.000956781 secs using 308% CPU
Optimizing NNI: done in 0.00140433 secs using 242.2% CPU
Optimizing NNI: done in 0.00174672 secs using 272.1% CPU
Optimizing NNI: done in 0.000930946 secs using 314.2% CPU
Optimizing NNI: done in 0.000931312 secs using 207.2% CPU
Optimizing NNI: done in 0.00106458 secs using 475.6% CPU
Optimizing NNI: done in 0.000797398 secs using 350.6% CPU
Optimizing NNI: done in 0.000956262 secs using 98.72% CPU
Optimizing NNI: done in 0.000925812 secs using 315.8% CPU
Optimizing NNI: done in 0.00101188 secs using 289.5% CPU
Optimizing NNI: done in 0.000965724 secs using 304.5% CPU
Optimizing NNI: done in 0.000849431 secs using 94.89% CPU
Optimizing NNI: done in 0.000605501 secs using 430.1% CPU
Optimizing NNI: done in 0.000835863 secs using 339.2% CPU
Optimizing NNI: done in 0.000935326 secs using 313.6% CPU
Optimizing NNI: done in 0.000980431 secs using 303.9% CPU
Optimizing NNI: done in 0.00101369 secs using 297.1% CPU
Optimizing NNI: done in 0.00117291 secs using 440.4% CPU
Optimizing NNI: done in 0.00174808 secs using 271.4% CPU
Optimizing NNI: done in 0.000999863 secs using 299.9% CPU
Optimizing NNI: done in 0.000772472 secs using 358.7% CPU
Optimizing NNI: done in 0.00109042 secs using 282.9% CPU
Optimizing NNI: done in 0.000903283 secs using 321.4% CPU
Optimizing NNI: done in 0.000806263 secs using 347.9% CPU
Optimizing NNI: done in 0.000851499 secs using 334.7% CPU
Optimizing NNI: done in 0.000805921 secs using 347.9% CPU
Optimizing NNI: done in 0.000808139 secs using 347.1% CPU
Optimizing NNI: done in 0.00102422 secs using 295.2% CPU
Optimizing NNI: done in 0.000757229 secs using 363.7% CPU
Optimizing NNI: done in 0.00096517 secs using 306.3% CPU
Optimizing NNI: done in 0.00194748 secs using 305.2% CPU
Optimizing NNI: done in 0.000923683 secs using 316.5% CPU
Optimizing NNI: done in 0.000596428 secs using 99.59% CPU
Optimizing NNI: done in 0.000873412 secs using 328.7% CPU
Optimizing NNI: done in 0.000525179 secs using 480% CPU
Optimizing NNI: done in 0.000843688 secs using 336.7% CPU
Optimizing NNI: done in 0.00117034 secs using 441.2% CPU
Optimizing NNI: done in 0.000933237 secs using 207.8% CPU
Optimizing NNI: done in 0.000843715 secs using 337% CPU
Optimizing NNI: done in 0.00133277 secs using 250.1% CPU
Optimizing NNI: done in 0.000645761 secs using 99.57% CPU
300 samples done
Optimizing NNI: done in 0.00105729 secs using 285.1% CPU
Optimizing NNI: done in 0.000826853 secs using 341.7% CPU
Optimizing NNI: done in 0.000850147 secs using 335.1% CPU
Optimizing NNI: done in 0.000929445 secs using 136.5% CPU
Optimizing NNI: done in 0.00059596 secs using 435.3% CPU
Optimizing NNI: done in 0.000894247 secs using 323.6% CPU
Optimizing NNI: done in 0.000766294 secs using 360.8% CPU
Optimizing NNI: done in 0.000800674 secs using 349.5% CPU
Optimizing NNI: done in 0.000898222 secs using 322.4% CPU
Optimizing NNI: done in 0.00157466 secs using 226.9% CPU
Optimizing NNI: done in 0.00128918 secs using 254.4% CPU
Optimizing NNI: done in 0.000607277 secs using 429% CPU
Optimizing NNI: done in 0.000995078 secs using 300.8% CPU
Optimizing NNI: done in 0.00143414 secs using 379.3% CPU
Optimizing NNI: done in 0.00103381 secs using 293.2% CPU
Optimizing NNI: done in 0.000873146 secs using 327.7% CPU
Optimizing NNI: done in 0.000902642 secs using 321.4% CPU
Optimizing NNI: done in 0.000934333 secs using 98.68% CPU
Optimizing NNI: done in 0.00088492 secs using 98.65% CPU
Optimizing NNI: done in 0.000814923 secs using 99.76% CPU
Optimizing NNI: done in 0.000905476 secs using 320.7% CPU
Optimizing NNI: done in 0.000971272 secs using 305.9% CPU
Optimizing NNI: done in 0.000819969 secs using 343.7% CPU
Optimizing NNI: done in 0.00202044 secs using 297.9% CPU
Optimizing NNI: done in 0.000802237 secs using 224.9% CPU
Optimizing NNI: done in 0.000823131 secs using 342.8% CPU
Optimizing NNI: done in 0.000815521 secs using 99.32% CPU
Optimizing NNI: done in 0.00194455 secs using 305.6% CPU
Optimizing NNI: done in 0.00230803 secs using 271.4% CPU
Optimizing NNI: done in 0.000810482 secs using 346.5% CPU
Optimizing NNI: done in 0.000816324 secs using 344.8% CPU
Optimizing NNI: done in 0.000999737 secs using 300% CPU
Optimizing NNI: done in 0.00106206 secs using 288.2% CPU
Optimizing NNI: done in 0.000822339 secs using 342.9% CPU
Optimizing NNI: done in 0.000800399 secs using 225.1% CPU
Optimizing NNI: done in 0.000865504 secs using 331.3% CPU
Optimizing NNI: done in 0.00110836 secs using 280.4% CPU
Optimizing NNI: done in 0.000913257 secs using 318.9% CPU
Optimizing NNI: done in 0.000687446 secs using 390.9% CPU
Optimizing NNI: done in 0.000829945 secs using 341% CPU
Optimizing NNI: done in 0.0011541 secs using 360.8% CPU
Optimizing NNI: done in 0.000966245 secs using 306.9% CPU
Optimizing NNI: done in 0.000800464 secs using 349.5% CPU
Optimizing NNI: done in 0.000839464 secs using 219.2% CPU
Optimizing NNI: done in 0.0010503 secs using 290.2% CPU
Optimizing NNI: done in 0.000965553 secs using 306.8% CPU
Optimizing NNI: done in 0.000901275 secs using 321.8% CPU
Optimizing NNI: done in 0.000926347 secs using 311.1% CPU
Optimizing NNI: done in 0.000778535 secs using 356.8% CPU
Optimizing NNI: done in 0.000965909 secs using 306.9% CPU
Optimizing NNI: done in 0.000923485 secs using 316.4% CPU
Optimizing NNI: done in 0.000955463 secs using 309% CPU
Optimizing NNI: done in 0.000915549 secs using 318.2% CPU
Optimizing NNI: done in 0.000804487 secs using 348.4% CPU
Optimizing NNI: done in 0.00087014 secs using 329.9% CPU
Optimizing NNI: done in 0.000931692 secs using 314.3% CPU
Optimizing NNI: done in 0.000793805 secs using 99.77% CPU
Optimizing NNI: done in 0.000818894 secs using 344.1% CPU
Optimizing NNI: done in 0.00081726 secs using 344.4% CPU
Optimizing NNI: done in 0.000906813 secs using 320.5% CPU
Optimizing NNI: done in 0.000897449 secs using 322.7% CPU
Optimizing NNI: done in 0.000673359 secs using 397% CPU
Optimizing NNI: done in 0.000808209 secs using 347.2% CPU
Optimizing NNI: done in 0.000979601 secs using 304.1% CPU
Optimizing NNI: done in 0.000926968 secs using 315.3% CPU
Optimizing NNI: done in 0.000820371 secs using 99.71% CPU
Optimizing NNI: done in 0.001133 secs using 276.3% CPU
Optimizing NNI: done in 0.00142737 secs using 380% CPU
Optimizing NNI: done in 0.00087547 secs using 328.2% CPU
Optimizing NNI: done in 0.000917012 secs using 209.8% CPU
Optimizing NNI: done in 0.00109425 secs using 282.3% CPU
Optimizing NNI: done in 0.000869348 secs using 215% CPU
Optimizing NNI: done in 0.000806005 secs using 347.9% CPU
Optimizing NNI: done in 0.0010929 secs using 282.9% CPU
Optimizing NNI: done in 0.000970143 secs using 302.2% CPU
Optimizing NNI: done in 0.000504767 secs using 495.9% CPU
Optimizing NNI: done in 0.000875675 secs using 328.4% CPU
Optimizing NNI: done in 0.000765498 secs using 360.3% CPU
Optimizing NNI: done in 0.000883754 secs using 326% CPU
Optimizing NNI: done in 0.000866338 secs using 99.61% CPU
Optimizing NNI: done in 0.00079787 secs using 226.4% CPU
Optimizing NNI: done in 0.000875715 secs using 328.1% CPU
Optimizing NNI: done in 0.000906353 secs using 320.4% CPU
Optimizing NNI: done in 0.000741437 secs using 369.8% CPU
Optimizing NNI: done in 0.000798178 secs using 350.4% CPU
Optimizing NNI: done in 0.00088181 secs using 326.5% CPU
Optimizing NNI: done in 0.000839502 secs using 337.9% CPU
Optimizing NNI: done in 0.000928158 secs using 315.5% CPU
Optimizing NNI: done in 0.000862778 secs using 331.6% CPU
Optimizing NNI: done in 0.000914636 secs using 318.4% CPU
Optimizing NNI: done in 0.000566467 secs using 99.56% CPU
Optimizing NNI: done in 0.000779739 secs using 356.1% CPU
Optimizing NNI: done in 0.000971188 secs using 347.7% CPU
Optimizing NNI: done in 0.000780928 secs using 355.9% CPU
Optimizing NNI: done in 0.000825963 secs using 341.9% CPU
Optimizing NNI: done in 0.00091469 secs using 318.5% CPU
Optimizing NNI: done in 0.00108241 secs using 284.4% CPU
Optimizing NNI: done in 0.000946786 secs using 310.9% CPU
Optimizing NNI: done in 0.000833416 secs using 339.8% CPU
Optimizing NNI: done in 0.0010122 secs using 199.3% CPU
400 samples done
Optimizing NNI: done in 0.000924123 secs using 99.01% CPU
Optimizing NNI: done in 0.000784738 secs using 99.91% CPU
Optimizing NNI: done in 0.000988196 secs using 302.2% CPU
Optimizing NNI: done in 0.00102798 secs using 294.2% CPU
Optimizing NNI: done in 0.000814932 secs using 345.2% CPU
Optimizing NNI: done in 0.000959326 secs using 308.4% CPU
Optimizing NNI: done in 0.000883089 secs using 325.9% CPU
Optimizing NNI: done in 0.000609611 secs using 98.59% CPU
Optimizing NNI: done in 0.000871413 secs using 329.4% CPU
Optimizing NNI: done in 0.000998585 secs using 300.4% CPU
Optimizing NNI: done in 0.00154528 secs using 229.4% CPU
Optimizing NNI: done in 0.000782082 secs using 355.6% CPU
Optimizing NNI: done in 0.00107596 secs using 285.8% CPU
Optimizing NNI: done in 0.000893167 secs using 323.6% CPU
Optimizing NNI: done in 0.000887156 secs using 325.1% CPU
Optimizing NNI: done in 0.000876246 secs using 327.9% CPU
Optimizing NNI: done in 0.00125884 secs using 258.7% CPU
Optimizing NNI: done in 0.00094547 secs using 311.3% CPU
Optimizing NNI: done in 0.000823566 secs using 221.8% CPU
Optimizing NNI: done in 0.000672881 secs using 396.9% CPU
Optimizing NNI: done in 0.00112336 secs using 277.9% CPU
Optimizing NNI: done in 0.000857279 secs using 333.1% CPU
Optimizing NNI: done in 0.00095419 secs using 307.8% CPU
Optimizing NNI: done in 0.00135788 secs using 246.8% CPU
Optimizing NNI: done in 0.000775491 secs using 99.42% CPU
Optimizing NNI: done in 0.000981986 secs using 303.4% CPU
Optimizing NNI: done in 0.000759127 secs using 363.6% CPU
Optimizing NNI: done in 0.000840712 secs using 337.7% CPU
Optimizing NNI: done in 0.000878332 secs using 327.4% CPU
Optimizing NNI: done in 0.000725224 secs using 375.5% CPU
Optimizing NNI: done in 0.00128468 secs using 411.5% CPU
Optimizing NNI: done in 0.000780479 secs using 355.8% CPU
Optimizing NNI: done in 0.00104109 secs using 291.8% CPU
Optimizing NNI: done in 0.000837734 secs using 98.72% CPU
Optimizing NNI: done in 0.00110353 secs using 281% CPU
Optimizing NNI: done in 0.00096461 secs using 306.9% CPU
Optimizing NNI: done in 0.0010026 secs using 299.3% CPU
Optimizing NNI: done in 0.00112865 secs using 277.2% CPU
Optimizing NNI: done in 0.000988146 secs using 201.8% CPU
Optimizing NNI: done in 0.000812941 secs using 345.9% CPU
Optimizing NNI: done in 0.000840422 secs using 337.7% CPU
Optimizing NNI: done in 0.000854355 secs using 333.8% CPU
Optimizing NNI: done in 0.000888839 secs using 324.8% CPU
Optimizing NNI: done in 0.000916583 secs using 210.1% CPU
Optimizing NNI: done in 0.000920503 secs using 317.2% CPU
Optimizing NNI: done in 0.000843581 secs using 98.98% CPU
Optimizing NNI: done in 0.000996504 secs using 300.6% CPU
Optimizing NNI: done in 0.000722852 secs using 376.3% CPU
Optimizing NNI: done in 0.00193385 secs using 277.2% CPU
Optimizing NNI: done in 0.000912793 secs using 317.2% CPU
Optimizing NNI: done in 0.000875832 secs using 328.1% CPU
Optimizing NNI: done in 0.000814218 secs using 345.5% CPU
Optimizing NNI: done in 0.00106674 secs using 273.3% CPU
Optimizing NNI: done in 0.000862804 secs using 331.5% CPU
Optimizing NNI: done in 0.000929152 secs using 315.1% CPU
Optimizing NNI: done in 0.000922582 secs using 318.5% CPU
Optimizing NNI: done in 0.000801149 secs using 349.6% CPU
Optimizing NNI: done in 0.000891384 secs using 324.2% CPU
Optimizing NNI: done in 0.000831383 secs using 340.3% CPU
Optimizing NNI: done in 0.000927353 secs using 315.4% CPU
Optimizing NNI: done in 0.00100112 secs using 299.6% CPU
Optimizing NNI: done in 0.000983117 secs using 88.49% CPU
Optimizing NNI: done in 0.000894801 secs using 323.2% CPU
Optimizing NNI: done in 0.000893245 secs using 323.7% CPU
Optimizing NNI: done in 0.000869254 secs using 329.8% CPU
Optimizing NNI: done in 0.000581912 secs using 443.4% CPU
Optimizing NNI: done in 0.000865618 secs using 215.8% CPU
Optimizing NNI: done in 0.000903025 secs using 321.1% CPU
Optimizing NNI: done in 0.000817105 secs using 344.6% CPU
Optimizing NNI: done in 0.000799772 secs using 349.8% CPU
Optimizing NNI: done in 0.00100914 secs using 194.3% CPU
Optimizing NNI: done in 0.0010001 secs using 299.9% CPU
Optimizing NNI: done in 0.000919276 secs using 317.4% CPU
Optimizing NNI: done in 0.000735233 secs using 369.8% CPU
Optimizing NNI: done in 0.000852248 secs using 334.5% CPU
Optimizing NNI: done in 0.00168181 secs using 218.9% CPU
Optimizing NNI: done in 0.0009535 secs using 306.7% CPU
Optimizing NNI: done in 0.00108447 secs using 279.7% CPU
Optimizing NNI: done in 0.000857115 secs using 333.1% CPU
Optimizing NNI: done in 0.000992694 secs using 290.8% CPU
Optimizing NNI: done in 0.00083354 secs using 339.3% CPU
Optimizing NNI: done in 0.000933726 secs using 313.9% CPU
Optimizing NNI: done in 0.00185975 secs using 314.8% CPU
Optimizing NNI: done in 0.000669409 secs using 398.7% CPU
Optimizing NNI: done in 0.000912421 secs using 318.8% CPU
Optimizing NNI: done in 0.000969549 secs using 306.1% CPU
Optimizing NNI: done in 0.00127002 secs using 414.8% CPU
Optimizing NNI: done in 0.000875195 secs using 99.75% CPU
Optimizing NNI: done in 0.000873757 secs using 327.8% CPU
Optimizing NNI: done in 0.00095074 secs using 309.7% CPU
Optimizing NNI: done in 0.00110621 secs using 279.7% CPU
Optimizing NNI: done in 0.00087549 secs using 328.3% CPU
Optimizing NNI: done in 0.000855476 secs using 333.6% CPU
Optimizing NNI: done in 0.000977059 secs using 304.5% CPU
Optimizing NNI: done in 0.000962951 secs using 199.5% CPU
Optimizing NNI: done in 0.000766601 secs using 99.14% CPU
Optimizing NNI: done in 0.000911471 secs using 319.3% CPU
Optimizing NNI: done in 0.000918071 secs using 317.8% CPU
Optimizing NNI: done in 0.000927017 secs using 315.6% CPU
Optimizing NNI: done in 0.000919508 secs using 98.86% CPU
500 samples done
Optimizing NNI: done in 0.000877611 secs using 327.6% CPU
Optimizing NNI: done in 0.000870791 secs using 329.4% CPU
Optimizing NNI: done in 0.000835662 secs using 339.1% CPU
Optimizing NNI: done in 0.000825026 secs using 342.3% CPU
Optimizing NNI: done in 0.00094286 secs using 311.9% CPU
Optimizing NNI: done in 0.000969142 secs using 306% CPU
Optimizing NNI: done in 0.000812558 secs using 99.81% CPU
Optimizing NNI: done in 0.000860642 secs using 217% CPU
Optimizing NNI: done in 0.000846114 secs using 336.1% CPU
Optimizing NNI: done in 0.000852947 secs using 334.1% CPU
Optimizing NNI: done in 0.0009291 secs using 306.2% CPU
Optimizing NNI: done in 0.000938658 secs using 99.82% CPU
Optimizing NNI: done in 0.00177143 secs using 323.4% CPU
Optimizing NNI: done in 0.000941617 secs using 312.1% CPU
Optimizing NNI: done in 0.00088352 secs using 326.1% CPU
Optimizing NNI: done in 0.000824381 secs using 342.2% CPU
Optimizing NNI: done in 0.0015503 secs using 357.9% CPU
Optimizing NNI: done in 0.000900932 secs using 321.7% CPU
Optimizing NNI: done in 0.000872672 secs using 328.9% CPU
Optimizing NNI: done in 0.000880419 secs using 326.9% CPU
Optimizing NNI: done in 0.00087301 secs using 215.7% CPU
Optimizing NNI: done in 0.000849219 secs using 335.4% CPU
Optimizing NNI: done in 0.000920764 secs using 316.9% CPU
Optimizing NNI: done in 0.000783268 secs using 355.2% CPU
Optimizing NNI: done in 0.000880862 secs using 327% CPU
Optimizing NNI: done in 0.000609384 secs using 428.1% CPU
Optimizing NNI: done in 0.000859335 secs using 332.5% CPU
Optimizing NNI: done in 0.000852286 secs using 334.4% CPU
Optimizing NNI: done in 0.000824543 secs using 99.93% CPU
Optimizing NNI: done in 0.000981337 secs using 364.5% CPU
Optimizing NNI: done in 0.000833587 secs using 274.1% CPU
Optimizing NNI: done in 0.000922691 secs using 316.6% CPU
Optimizing NNI: done in 0.000592824 secs using 437.4% CPU
Optimizing NNI: done in 0.000978018 secs using 293.3% CPU
Optimizing NNI: done in 0.000858242 secs using 332.9% CPU
Optimizing NNI: done in 0.00087184 secs using 329.2% CPU
Optimizing NNI: done in 0.000936722 secs using 311.2% CPU
Optimizing NNI: done in 0.000890029 secs using 324.5% CPU
Optimizing NNI: done in 0.000576083 secs using 447.2% CPU
Optimizing NNI: done in 0.000740622 secs using 99.78% CPU
Optimizing NNI: done in 0.000864838 secs using 330.8% CPU
Optimizing NNI: done in 0.00085869 secs using 332.6% CPU
Optimizing NNI: done in 0.000976007 secs using 99.69% CPU
Optimizing NNI: done in 0.000895498 secs using 322.9% CPU
Optimizing NNI: done in 0.000881896 secs using 326.5% CPU
Optimizing NNI: done in 0.000825416 secs using 99.34% CPU
Optimizing NNI: done in 0.000856811 secs using 333.4% CPU
Optimizing NNI: done in 0.000900513 secs using 321.7% CPU
Optimizing NNI: done in 0.00106806 secs using 286.9% CPU
Optimizing NNI: done in 0.000955753 secs using 309.1% CPU
Optimizing NNI: done in 0.00081844 secs using 99.58% CPU
Optimizing NNI: done in 0.00106158 secs using 287.9% CPU
Optimizing NNI: done in 0.000818015 secs using 344.5% CPU
Optimizing NNI: done in 0.000870982 secs using 329.3% CPU
Optimizing NNI: done in 0.000833418 secs using 339.8% CPU
Optimizing NNI: done in 0.00121336 secs using 348% CPU
Optimizing NNI: done in 0.000983156 secs using 303.3% CPU
Optimizing NNI: done in 0.000843255 secs using 337% CPU
Optimizing NNI: done in 0.000969838 secs using 305.9% CPU
Optimizing NNI: done in 0.000869264 secs using 329.7% CPU
Optimizing NNI: done in 0.000810356 secs using 99.59% CPU
Optimizing NNI: done in 0.000849659 secs using 335.2% CPU
Optimizing NNI: done in 0.00109064 secs using 283% CPU
Optimizing NNI: done in 0.000927061 secs using 315.6% CPU
Optimizing NNI: done in 0.000534039 secs using 474.3% CPU
Optimizing NNI: done in 0.000881073 secs using 326.9% CPU
Optimizing NNI: done in 0.00116301 secs using 185.6% CPU
Optimizing NNI: done in 0.00100253 secs using 298.9% CPU
Optimizing NNI: done in 0.00097645 secs using 304.7% CPU
Optimizing NNI: done in 0.00110249 secs using 462.7% CPU
Optimizing NNI: done in 0.00071965 secs using 377.7% CPU
Optimizing NNI: done in 0.000788926 secs using 353.3% CPU
Optimizing NNI: done in 0.000903394 secs using 321.6% CPU
Optimizing NNI: done in 0.000860605 secs using 331.9% CPU
Optimizing NNI: done in 0.000881455 secs using 326.6% CPU
Optimizing NNI: done in 0.00120779 secs using 265.5% CPU
Optimizing NNI: done in 0.000876329 secs using 328.2% CPU
Optimizing NNI: done in 0.000954387 secs using 309.1% CPU
Optimizing NNI: done in 0.00086696 secs using 99.77% CPU
Optimizing NNI: done in 0.000826734 secs using 341.8% CPU
Optimizing NNI: done in 0.000971908 secs using 305.7% CPU
Optimizing NNI: done in 0.000837445 secs using 220.2% CPU
Optimizing NNI: done in 0.000795867 secs using 225.8% CPU
Optimizing NNI: done in 0.000722827 secs using 376.6% CPU
Optimizing NNI: done in 0.000917916 secs using 317.2% CPU
Optimizing NNI: done in 0.000897284 secs using 322.5% CPU
Optimizing NNI: done in 0.000915059 secs using 318.2% CPU
Optimizing NNI: done in 0.000850022 secs using 99.17% CPU
Optimizing NNI: done in 0.00095054 secs using 205.8% CPU
Optimizing NNI: done in 0.000872868 secs using 328.8% CPU
Optimizing NNI: done in 0.000853266 secs using 334.2% CPU
Optimizing NNI: done in 0.00105455 secs using 289.3% CPU
Optimizing NNI: done in 0.00104081 secs using 292% CPU
Optimizing NNI: done in 0.00111936 secs using 278.5% CPU
Optimizing NNI: done in 0.000995532 secs using 300.5% CPU
Optimizing NNI: done in 0.00104296 secs using 291.4% CPU
Optimizing NNI: done in 0.000918018 secs using 98.58% CPU
Optimizing NNI: done in 0.000913062 secs using 318.5% CPU
Optimizing NNI: done in 0.00100697 secs using 298.3% CPU
Optimizing NNI: done in 0.000974983 secs using 304.5% CPU
600 samples done
Optimizing NNI: done in 0.00110959 secs using 279.9% CPU
Optimizing NNI: done in 0.00110849 secs using 335.7% CPU
Optimizing NNI: done in 0.00102696 secs using 293.9% CPU
Optimizing NNI: done in 0.000837851 secs using 338.5% CPU
Optimizing NNI: done in 0.000935116 secs using 313.7% CPU
Optimizing NNI: done in 0.000883957 secs using 324% CPU
Optimizing NNI: done in 0.000750051 secs using 366.1% CPU
Optimizing NNI: done in 0.000852811 secs using 334.3% CPU
Optimizing NNI: done in 0.00154744 secs using 358.2% CPU
Optimizing NNI: done in 0.00081541 secs using 344.9% CPU
Optimizing NNI: done in 0.00090739 secs using 99.85% CPU
Optimizing NNI: done in 0.000898576 secs using 322.5% CPU
Optimizing NNI: done in 0.00086993 secs using 329.6% CPU
Optimizing NNI: done in 0.000686156 secs using 99.69% CPU
Optimizing NNI: done in 0.000865333 secs using 98.34% CPU
Optimizing NNI: done in 0.000918564 secs using 317.8% CPU
Optimizing NNI: done in 0.000823457 secs using 341.9% CPU
Optimizing NNI: done in 0.000826232 secs using 341.9% CPU
Optimizing NNI: done in 0.000629264 secs using 417.5% CPU
Optimizing NNI: done in 0.00313953 secs using 354.7% CPU
Optimizing NNI: done in 0.000862947 secs using 331.5% CPU
Optimizing NNI: done in 0.000990279 secs using 301.8% CPU
Optimizing NNI: done in 0.000817882 secs using 222.9% CPU
Optimizing NNI: done in 0.000722903 secs using 238.5% CPU
Optimizing NNI: done in 0.000959687 secs using 308.2% CPU
Optimizing NNI: done in 0.000985801 secs using 302.9% CPU
Optimizing NNI: done in 0.000800651 secs using 349.5% CPU
Optimizing NNI: done in 0.00095908 secs using 308.1% CPU
Optimizing NNI: done in 0.000848677 secs using 99.57% CPU
Optimizing NNI: done in 0.000557319 secs using 98.51% CPU
Optimizing NNI: done in 0.000915133 secs using 318.4% CPU
Optimizing NNI: done in 0.00097272 secs using 305.4% CPU
Optimizing NNI: done in 0.000582562 secs using 443.4% CPU
Optimizing NNI: done in 0.000794377 secs using 226.2% CPU
Optimizing NNI: done in 0.000971408 secs using 305.5% CPU
Optimizing NNI: done in 0.000859226 secs using 332.9% CPU
Optimizing NNI: done in 0.000801355 secs using 349.7% CPU
Optimizing NNI: done in 0.000805468 secs using 99.2% CPU
Optimizing NNI: done in 0.000988553 secs using 302% CPU
Optimizing NNI: done in 0.000882791 secs using 326.7% CPU
Optimizing NNI: done in 0.00082614 secs using 342.1% CPU
Optimizing NNI: done in 0.000631312 secs using 416.9% CPU
Optimizing NNI: done in 0.000913423 secs using 318.4% CPU
Optimizing NNI: done in 0.000897646 secs using 322.7% CPU
Optimizing NNI: done in 0.00123178 secs using 424.6% CPU
Optimizing NNI: done in 0.00085201 secs using 334.5% CPU
Optimizing NNI: done in 0.00076579 secs using 99.77% CPU
Optimizing NNI: done in 0.000640183 secs using 98.72% CPU
Optimizing NNI: done in 0.000811681 secs using 346.4% CPU
Optimizing NNI: done in 0.000883848 secs using 326% CPU
Optimizing NNI: done in 0.000886837 secs using 325.3% CPU
Optimizing NNI: done in 0.000857736 secs using 332.7% CPU
Optimizing NNI: done in 0.000892557 secs using 323.9% CPU
Optimizing NNI: done in 0.000914549 secs using 318.4% CPU
Optimizing NNI: done in 0.000870064 secs using 215.2% CPU
Optimizing NNI: done in 0.000613928 secs using 425% CPU
Optimizing NNI: done in 0.000919653 secs using 317.5% CPU
Optimizing NNI: done in 0.000961237 secs using 307.8% CPU
Optimizing NNI: done in 0.000752014 secs using 99.73% CPU
Optimizing NNI: done in 0.000835058 secs using 99.87% CPU
Optimizing NNI: done in 0.000911585 secs using 319.2% CPU
Optimizing NNI: done in 0.000845 secs using 336.6% CPU
Optimizing NNI: done in 0.000974091 secs using 305% CPU
Optimizing NNI: done in 0.000908043 secs using 320.2% CPU
Optimizing NNI: done in 0.00100805 secs using 298.5% CPU
Optimizing NNI: done in 0.00104018 secs using 292.2% CPU
Optimizing NNI: done in 0.000885611 secs using 325.3% CPU
Optimizing NNI: done in 0.000549733 secs using 99.32% CPU
Optimizing NNI: done in 0.000904166 secs using 321.3% CPU
Optimizing NNI: done in 0.000813026 secs using 345.7% CPU
Optimizing NNI: done in 0.000776878 secs using 357.2% CPU
Optimizing NNI: done in 0.000857888 secs using 332.9% CPU
Optimizing NNI: done in 0.000711755 secs using 99.89% CPU
Optimizing NNI: done in 0.000864757 secs using 331% CPU
Optimizing NNI: done in 0.000808955 secs using 223.6% CPU
Optimizing NNI: done in 0.00101209 secs using 198.6% CPU
Optimizing NNI: done in 0.000922282 secs using 316.5% CPU
Optimizing NNI: done in 0.000914829 secs using 99.69% CPU
Optimizing NNI: done in 0.000652706 secs using 253.9% CPU
Optimizing NNI: done in 0.00114987 secs using 273.9% CPU
Optimizing NNI: done in 0.00090054 secs using 321.7% CPU
Optimizing NNI: done in 0.000675211 secs using 396% CPU
Optimizing NNI: done in 0.000656199 secs using 404.5% CPU
Optimizing NNI: done in 0.000983522 secs using 302.8% CPU
Optimizing NNI: done in 0.000885655 secs using 325.5% CPU
Optimizing NNI: done in 0.000822309 secs using 343.1% CPU
Optimizing NNI: done in 0.000809719 secs using 347% CPU
Optimizing NNI: done in 0.000883332 secs using 326% CPU
Optimizing NNI: done in 0.000822273 secs using 221.7% CPU
Optimizing NNI: done in 0.000866637 secs using 330.5% CPU
Optimizing NNI: done in 0.000864666 secs using 99.34% CPU
Optimizing NNI: done in 0.000957669 secs using 98.68% CPU
Optimizing NNI: done in 0.000844642 secs using 336.6% CPU
Optimizing NNI: done in 0.000802493 secs using 349% CPU
Optimizing NNI: done in 0.00103469 secs using 292.6% CPU
Optimizing NNI: done in 0.000900764 secs using 321.8% CPU
Optimizing NNI: done in 0.000781168 secs using 99.85% CPU
Optimizing NNI: done in 0.00127123 secs using 410.4% CPU
Optimizing NNI: done in 0.0010059 secs using 243.9% CPU
Optimizing NNI: done in 0.000857417 secs using 99.83% CPU
700 samples done
Optimizing NNI: done in 0.000903002 secs using 321.4% CPU
Optimizing NNI: done in 0.000897954 secs using 324% CPU
Optimizing NNI: done in 0.000909578 secs using 319.6% CPU
Optimizing NNI: done in 0.00088406 secs using 325.9% CPU
Optimizing NNI: done in 0.000798982 secs using 99.63% CPU
Optimizing NNI: done in 0.00104404 secs using 291.1% CPU
Optimizing NNI: done in 0.00105067 secs using 290% CPU
Optimizing NNI: done in 0.000967862 secs using 306.6% CPU
Optimizing NNI: done in 0.00110947 secs using 280% CPU
Optimizing NNI: done in 0.000904729 secs using 320.6% CPU
Optimizing NNI: done in 0.000886511 secs using 325.4% CPU
Optimizing NNI: done in 0.00118006 secs using 269.2% CPU
Optimizing NNI: done in 0.000680566 secs using 393.5% CPU
Optimizing NNI: done in 0.000910551 secs using 319.3% CPU
Optimizing NNI: done in 0.000844455 secs using 99.83% CPU
Optimizing NNI: done in 0.000876453 secs using 99.72% CPU
Optimizing NNI: done in 0.000904174 secs using 286% CPU
Optimizing NNI: done in 0.000846411 secs using 336% CPU
Optimizing NNI: done in 0.000952017 secs using 310.1% CPU
Optimizing NNI: done in 0.00102615 secs using 294.6% CPU
Optimizing NNI: done in 0.000877636 secs using 327.8% CPU
Optimizing NNI: done in 0.000812282 secs using 346.3% CPU
Optimizing NNI: done in 0.000806669 secs using 347.1% CPU
Optimizing NNI: done in 0.000882547 secs using 326.1% CPU
Optimizing NNI: done in 0.000929384 secs using 315% CPU
Optimizing NNI: done in 0.000806726 secs using 347.9% CPU
Optimizing NNI: done in 0.000863986 secs using 330.9% CPU
Optimizing NNI: done in 0.000899217 secs using 322.3% CPU
Optimizing NNI: done in 0.000785496 secs using 354.4% CPU
Optimizing NNI: done in 0.000900379 secs using 321.8% CPU
Optimizing NNI: done in 0.00084338 secs using 337% CPU
Optimizing NNI: done in 0.000823396 secs using 342.7% CPU
Optimizing NNI: done in 0.000908194 secs using 319.9% CPU
Optimizing NNI: done in 0.000999036 secs using 299.8% CPU
Optimizing NNI: done in 0.000956026 secs using 309% CPU
Optimizing NNI: done in 0.000913056 secs using 210.1% CPU
Optimizing NNI: done in 0.00182153 secs using 319.3% CPU
Optimizing NNI: done in 0.000889606 secs using 324.6% CPU
Optimizing NNI: done in 0.000631518 secs using 258.7% CPU
Optimizing NNI: done in 0.000918048 secs using 317.5% CPU
Optimizing NNI: done in 0.000951056 secs using 310% CPU
Optimizing NNI: done in 0.000707262 secs using 242.3% CPU
Optimizing NNI: done in 0.000673836 secs using 396.7% CPU
Optimizing NNI: done in 0.000967048 secs using 306.4% CPU
Optimizing NNI: done in 0.00102128 secs using 295.6% CPU
Optimizing NNI: done in 0.000874663 secs using 328.4% CPU
Optimizing NNI: done in 0.000914348 secs using 209.5% CPU
Optimizing NNI: done in 0.000993872 secs using 301.1% CPU
Optimizing NNI: done in 0.000859826 secs using 332.5% CPU
Optimizing NNI: done in 0.00117527 secs using 269.9% CPU
Optimizing NNI: done in 0.000862766 secs using 331.4% CPU
Optimizing NNI: done in 0.000933231 secs using 315.7% CPU
Optimizing NNI: done in 0.000860092 secs using 333.8% CPU
Optimizing NNI: done in 0.000858 secs using 332.8% CPU
Optimizing NNI: done in 0.000743697 secs using 368.8% CPU
Optimizing NNI: done in 0.000774673 secs using 358.1% CPU
Optimizing NNI: done in 0.000784731 secs using 228.1% CPU
Optimizing NNI: done in 0.00225689 secs using 365.5% CPU
Optimizing NNI: done in 0.000844154 secs using 336.5% CPU
Optimizing NNI: done in 0.000927421 secs using 315.6% CPU
Optimizing NNI: done in 0.000976174 secs using 304.6% CPU
Optimizing NNI: done in 0.000981647 secs using 303.5% CPU
Optimizing NNI: done in 0.000641226 secs using 257% CPU
Optimizing NNI: done in 0.000860417 secs using 332.4% CPU
Optimizing NNI: done in 0.000955193 secs using 308.8% CPU
Optimizing NNI: done in 0.000799402 secs using 349.9% CPU
Optimizing NNI: done in 0.000917706 secs using 318% CPU
Optimizing NNI: done in 0.000582238 secs using 443.3% CPU
Optimizing NNI: done in 0.000842561 secs using 336.5% CPU
Optimizing NNI: done in 0.000870186 secs using 329.5% CPU
Optimizing NNI: done in 0.000795934 secs using 351% CPU
Optimizing NNI: done in 0.000491695 secs using 506.4% CPU
Optimizing NNI: done in 0.0010547 secs using 194.7% CPU
Optimizing NNI: done in 0.00198815 secs using 301% CPU
Optimizing NNI: done in 0.000830122 secs using 340.9% CPU
Optimizing NNI: done in 0.000992936 secs using 300.7% CPU
Optimizing NNI: done in 0.000975407 secs using 304.9% CPU
Optimizing NNI: done in 0.000776236 secs using 357.4% CPU
Optimizing NNI: done in 0.000757149 secs using 364.1% CPU
Optimizing NNI: done in 0.00120702 secs using 431.1% CPU
Optimizing NNI: done in 0.000820644 secs using 343.1% CPU
Optimizing NNI: done in 0.000638378 secs using 412.9% CPU
Optimizing NNI: done in 0.000970696 secs using 204.3% CPU
Optimizing NNI: done in 0.000890305 secs using 324.3% CPU
Optimizing NNI: done in 0.000955716 secs using 99.4% CPU
Optimizing NNI: done in 0.000865753 secs using 330.7% CPU
Optimizing NNI: done in 0.000883994 secs using 325.7% CPU
Optimizing NNI: done in 0.00106182 secs using 288% CPU
Optimizing NNI: done in 0.000915116 secs using 318.2% CPU
Optimizing NNI: done in 0.000902222 secs using 321.9% CPU
Optimizing NNI: done in 0.000953436 secs using 309.6% CPU
Optimizing NNI: done in 0.000784006 secs using 354.7% CPU
Optimizing NNI: done in 0.000587851 secs using 270.6% CPU
Optimizing NNI: done in 0.000922366 secs using 315.9% CPU
Optimizing NNI: done in 0.000814682 secs using 345% CPU
Optimizing NNI: done in 0.000825557 secs using 342% CPU
Optimizing NNI: done in 0.000828713 secs using 341.1% CPU
Optimizing NNI: done in 0.00124239 secs using 260.5% CPU
Optimizing NNI: done in 0.000905471 secs using 320.5% CPU
Optimizing NNI: done in 0.000927171 secs using 315.6% CPU
800 samples done
Optimizing NNI: done in 0.000837311 secs using 338.5% CPU
Optimizing NNI: done in 0.000597089 secs using 99.48% CPU
Optimizing NNI: done in 0.000909322 secs using 99.74% CPU
Optimizing NNI: done in 0.000817965 secs using 341.8% CPU
Optimizing NNI: done in 0.000832773 secs using 339.1% CPU
Optimizing NNI: done in 0.000917551 secs using 318.2% CPU
Optimizing NNI: done in 0.000873608 secs using 328.9% CPU
Optimizing NNI: done in 0.000977999 secs using 202.6% CPU
Optimizing NNI: done in 0.00105523 secs using 194.6% CPU
Optimizing NNI: done in 0.000822489 secs using 343.1% CPU
Optimizing NNI: done in 0.000827953 secs using 341.3% CPU
Optimizing NNI: done in 0.000834735 secs using 99.19% CPU
Optimizing NNI: done in 0.0014977 secs using 366.8% CPU
Optimizing NNI: done in 0.000906604 secs using 320.8% CPU
Optimizing NNI: done in 0.00103433 secs using 197.1% CPU
Optimizing NNI: done in 0.0024463 secs using 304.3% CPU
Optimizing NNI: done in 0.000839475 secs using 99.47% CPU
Optimizing NNI: done in 0.00088643 secs using 325.5% CPU
Optimizing NNI: done in 0.00106651 secs using 287.3% CPU
Optimizing NNI: done in 0.000894743 secs using 99.92% CPU
Optimizing NNI: done in 0.000864505 secs using 331.2% CPU
Optimizing NNI: done in 0.000854087 secs using 334.3% CPU
Optimizing NNI: done in 0.000835113 secs using 338.9% CPU
Optimizing NNI: done in 0.000877534 secs using 99.83% CPU
Optimizing NNI: done in 0.000870411 secs using 329.6% CPU
Optimizing NNI: done in 0.000945444 secs using 99.53% CPU
Optimizing NNI: done in 0.00087678 secs using 327.7% CPU
Optimizing NNI: done in 0.000936465 secs using 99.84% CPU
Optimizing NNI: done in 0.00095018 secs using 271.6% CPU
Optimizing NNI: done in 0.000849264 secs using 232.4% CPU
Optimizing NNI: done in 0.000877126 secs using 327.7% CPU
Optimizing NNI: done in 0.000810712 secs using 346.4% CPU
Optimizing NNI: done in 0.000796455 secs using 351.1% CPU
Optimizing NNI: done in 0.000843657 secs using 336.7% CPU
Optimizing NNI: done in 0.000797954 secs using 350.4% CPU
Optimizing NNI: done in 0.000807849 secs using 347.3% CPU
Optimizing NNI: done in 0.000796569 secs using 99.55% CPU
Optimizing NNI: done in 0.000929738 secs using 207.8% CPU
Optimizing NNI: done in 0.000973414 secs using 203.3% CPU
Optimizing NNI: done in 0.000894739 secs using 323.4% CPU
Optimizing NNI: done in 0.000888007 secs using 99.1% CPU
Optimizing NNI: done in 0.000934897 secs using 313.5% CPU
Optimizing NNI: done in 0.000924944 secs using 316.1% CPU
Optimizing NNI: done in 0.000829001 secs using 341.1% CPU
Optimizing NNI: done in 0.00127594 secs using 256.1% CPU
Optimizing NNI: done in 0.000819694 secs using 343.7% CPU
Optimizing NNI: done in 0.00054574 secs using 466.2% CPU
Optimizing NNI: done in 0.00089782 secs using 322.8% CPU
Optimizing NNI: done in 0.00104195 secs using 291.8% CPU
Optimizing NNI: done in 0.000898831 secs using 98.68% CPU
Optimizing NNI: done in 0.00100474 secs using 298.9% CPU
Optimizing NNI: done in 0.00108802 secs using 283.5% CPU
Optimizing NNI: done in 0.000836136 secs using 220.4% CPU
Optimizing NNI: done in 0.000915673 secs using 318.2% CPU
Optimizing NNI: done in 0.000852214 secs using 98.8% CPU
Optimizing NNI: done in 0.000835861 secs using 338.7% CPU
Optimizing NNI: done in 0.000959835 secs using 308.1% CPU
Optimizing NNI: done in 0.000837855 secs using 338.5% CPU
Optimizing NNI: done in 0.000820056 secs using 343.8% CPU
Optimizing NNI: done in 0.000911087 secs using 319.2% CPU
Optimizing NNI: done in 0.000933695 secs using 232.1% CPU
Optimizing NNI: done in 0.000617092 secs using 98.85% CPU
Optimizing NNI: done in 0.000699886 secs using 99.73% CPU
Optimizing NNI: done in 0.00104674 secs using 290.6% CPU
Optimizing NNI: done in 0.000910098 secs using 319.5% CPU
Optimizing NNI: done in 0.00080832 secs using 347.4% CPU
Optimizing NNI: done in 0.00122431 secs using 263% CPU
Optimizing NNI: done in 0.00198883 secs using 250.7% CPU
Optimizing NNI: done in 0.000879121 secs using 327.3% CPU
Optimizing NNI: done in 0.000897622 secs using 322.6% CPU
Optimizing NNI: done in 0.00115374 secs using 272.7% CPU
Optimizing NNI: done in 0.00201742 secs using 298.1% CPU
Optimizing NNI: done in 0.000894088 secs using 323.8% CPU
Optimizing NNI: done in 0.00111388 secs using 279.2% CPU
Optimizing NNI: done in 0.000936917 secs using 313.4% CPU
Optimizing NNI: done in 0.000915013 secs using 99.89% CPU
Optimizing NNI: done in 0.0010671 secs using 287.5% CPU
Optimizing NNI: done in 0.000954786 secs using 309.2% CPU
Optimizing NNI: done in 0.000940746 secs using 99.81% CPU
Optimizing NNI: done in 0.000917384 secs using 318% CPU
Optimizing NNI: done in 0.000896284 secs using 322.7% CPU
Optimizing NNI: done in 0.000798089 secs using 99.24% CPU
Optimizing NNI: done in 0.000881934 secs using 326.6% CPU
Optimizing NNI: done in 0.000820866 secs using 343.4% CPU
Optimizing NNI: done in 0.000969765 secs using 305.8% CPU
Optimizing NNI: done in 0.000623436 secs using 420.4% CPU
Optimizing NNI: done in 0.000821167 secs using 99.74% CPU
Optimizing NNI: done in 0.00090337 secs using 321.4% CPU
Optimizing NNI: done in 0.00112304 secs using 277.9% CPU
Optimizing NNI: done in 0.000819302 secs using 344% CPU
Optimizing NNI: done in 0.000953529 secs using 309.6% CPU
Optimizing NNI: done in 0.000641659 secs using 411% CPU
Optimizing NNI: done in 0.00218855 secs using 282.5% CPU
Optimizing NNI: done in 0.000888772 secs using 324.8% CPU
Optimizing NNI: done in 0.00108448 secs using 284.2% CPU
Optimizing NNI: done in 0.00108196 secs using 328.9% CPU
Optimizing NNI: done in 0.000887747 secs using 325% CPU
Optimizing NNI: done in 0.000815886 secs using 99.89% CPU
Optimizing NNI: done in 0.000658232 secs using 99.66% CPU
Optimizing NNI: done in 0.000837325 secs using 338.7% CPU
900 samples done
Optimizing NNI: done in 0.000870418 secs using 329.4% CPU
Optimizing NNI: done in 0.000753238 secs using 99.84% CPU
Optimizing NNI: done in 0.000990391 secs using 301.6% CPU
Optimizing NNI: done in 0.000993638 secs using 301.2% CPU
Optimizing NNI: done in 0.000738867 secs using 370.7% CPU
Optimizing NNI: done in 0.000805175 secs using 348.1% CPU
Optimizing NNI: done in 0.000902765 secs using 321.2% CPU
Optimizing NNI: done in 0.00081761 secs using 344.3% CPU
Optimizing NNI: done in 0.000977048 secs using 304.6% CPU
Optimizing NNI: done in 0.000952316 secs using 310% CPU
Optimizing NNI: done in 0.000904041 secs using 321% CPU
Optimizing NNI: done in 0.000926734 secs using 209.3% CPU
Optimizing NNI: done in 0.000854948 secs using 333.8% CPU
Optimizing NNI: done in 0.000887009 secs using 325.6% CPU
Optimizing NNI: done in 0.000836273 secs using 339% CPU
Optimizing NNI: done in 0.00171482 secs using 275% CPU
Optimizing NNI: done in 0.00147577 secs using 234.9% CPU
Optimizing NNI: done in 0.000829456 secs using 340.6% CPU
Optimizing NNI: done in 0.00071301 secs using 380.2% CPU
Optimizing NNI: done in 0.000947429 secs using 310.8% CPU
Optimizing NNI: done in 0.000626601 secs using 418.9% CPU
Optimizing NNI: done in 0.00151054 secs using 298.9% CPU
Optimizing NNI: done in 0.000794801 secs using 98.52% CPU
Optimizing NNI: done in 0.00090873 secs using 210% CPU
Optimizing NNI: done in 0.000940207 secs using 312.1% CPU
Optimizing NNI: done in 0.00106279 secs using 288% CPU
Optimizing NNI: done in 0.000853547 secs using 334.3% CPU
Optimizing NNI: done in 0.000858046 secs using 333.1% CPU
Optimizing NNI: done in 0.000822428 secs using 342.4% CPU
Optimizing NNI: done in 0.000808229 secs using 347.2% CPU
Optimizing NNI: done in 0.000839634 secs using 338% CPU
Optimizing NNI: done in 0.00084839 secs using 335.8% CPU
Optimizing NNI: done in 0.00088931 secs using 324.5% CPU
Optimizing NNI: done in 0.000823833 secs using 99.66% CPU
Optimizing NNI: done in 0.000779436 secs using 356.4% CPU
Optimizing NNI: done in 0.000691458 secs using 98.78% CPU
Optimizing NNI: done in 0.00103959 secs using 292.1% CPU
Optimizing NNI: done in 0.000577518 secs using 99.39% CPU
Optimizing NNI: done in 0.000726805 secs using 375.1% CPU
Optimizing NNI: done in 0.000909252 secs using 319.8% CPU
Optimizing NNI: done in 0.000900761 secs using 321.7% CPU
Optimizing NNI: done in 0.00139509 secs using 243.2% CPU
Optimizing NNI: done in 0.000828624 secs using 99.68% CPU
Optimizing NNI: done in 0.000895831 secs using 212.3% CPU
Optimizing NNI: done in 0.000905956 secs using 320.5% CPU
Optimizing NNI: done in 0.000937334 secs using 313.1% CPU
Optimizing NNI: done in 0.00107446 secs using 286.2% CPU
Optimizing NNI: done in 0.00121037 secs using 264.5% CPU
Optimizing NNI: done in 0.000948097 secs using 310.6% CPU
Optimizing NNI: done in 0.000808318 secs using 347.3% CPU
Optimizing NNI: done in 0.00153414 secs using 230.2% CPU
Optimizing NNI: done in 0.00115638 secs using 445.5% CPU
Optimizing NNI: done in 0.000649571 secs using 97.91% CPU
Optimizing NNI: done in 0.000780086 secs using 356% CPU
Optimizing NNI: done in 0.00090761 secs using 320.4% CPU
Optimizing NNI: done in 0.000816374 secs using 222.6% CPU
Optimizing NNI: done in 0.000918715 secs using 208.9% CPU
Optimizing NNI: done in 0.000805462 secs using 224.5% CPU
Optimizing NNI: done in 0.00101324 secs using 297.2% CPU
Optimizing NNI: done in 0.000988965 secs using 301.9% CPU
Optimizing NNI: done in 0.000975874 secs using 304.8% CPU
Optimizing NNI: done in 0.000647531 secs using 408.8% CPU
Optimizing NNI: done in 0.00092351 secs using 316% CPU
Optimizing NNI: done in 0.00107535 secs using 285.8% CPU
Optimizing NNI: done in 0.000748253 secs using 367% CPU
Optimizing NNI: done in 0.000924896 secs using 315.7% CPU
Optimizing NNI: done in 0.000827559 secs using 341.4% CPU
Optimizing NNI: done in 0.00092976 secs using 315% CPU
Optimizing NNI: done in 0.00200162 secs using 299.5% CPU
Optimizing NNI: done in 0.000905434 secs using 320.6% CPU
Optimizing NNI: done in 0.001159 secs using 272.4% CPU
Optimizing NNI: done in 0.000992731 secs using 301.3% CPU
Optimizing NNI: done in 0.000916077 secs using 318.1% CPU
Optimizing NNI: done in 0.00092612 secs using 315.4% CPU
Optimizing NNI: done in 0.00095353 secs using 309.5% CPU
Optimizing NNI: done in 0.000847751 secs using 218.2% CPU
Optimizing NNI: done in 0.00250319 secs using 219.5% CPU
Optimizing NNI: done in 0.000825716 secs using 342.1% CPU
Optimizing NNI: done in 0.000882819 secs using 326.1% CPU
Optimizing NNI: done in 0.000847242 secs using 335.4% CPU
Optimizing NNI: done in 0.00100811 secs using 298.1% CPU
Optimizing NNI: done in 0.00142111 secs using 240.4% CPU
Optimizing NNI: done in 0.00089164 secs using 324% CPU
Optimizing NNI: done in 0.000798069 secs using 350.3% CPU
Optimizing NNI: done in 0.00073407 secs using 372.4% CPU
Optimizing NNI: done in 0.00107703 secs using 285.3% CPU
Optimizing NNI: done in 0.000900417 secs using 322% CPU
Optimizing NNI: done in 0.00072276 secs using 376.5% CPU
Optimizing NNI: done in 0.00079833 secs using 99.58% CPU
Optimizing NNI: done in 0.000980778 secs using 303.8% CPU
Optimizing NNI: done in 0.000888667 secs using 325% CPU
Optimizing NNI: done in 0.000861321 secs using 331.9% CPU
Optimizing NNI: done in 0.0017854 secs using 323.9% CPU
Optimizing NNI: done in 0.000888276 secs using 212.4% CPU
Optimizing NNI: done in 0.000840974 secs using 99.17% CPU
Optimizing NNI: done in 0.000949038 secs using 99.79% CPU
Optimizing NNI: done in 0.000821806 secs using 343.3% CPU
Optimizing NNI: done in 0.000974204 secs using 201.8% CPU
Optimizing NNI: done in 0.00094471 secs using 311.5% CPU
Optimizing NNI: done in 0.00121035 secs using 264.6% CPU
1000 samples done
Total 929 ufboot trees refined
TREE SEARCH COMPLETED AFTER 177 ITERATIONS / Time: 0h:0m:30s

--------------------------------------------------------------------
|                    FINALIZING TREE SEARCH                        |
--------------------------------------------------------------------
Performs final model parameters optimization
Estimate model parameters (epsilon = 0.010)
1. Initial log-likelihood: -534.788
Optimal log-likelihood: -534.788
Parameters optimization took 1 rounds (0.001 sec)
BEST SCORE FOUND : -534.788
Creating bootstrap support values...
Split supports printed to NEXUS file 10_alignment_files/sampleC_part3_alignment.afa.splits.nex
Total tree length: 0.135

Total number of iterations: 177
CPU time used for tree search: 18.564 sec (0h:0m:18s)
Wall-clock time used for tree search: 6.307 sec (0h:0m:6s)
Total CPU time used: 72.691 sec (0h:1m:12s)
Total wall-clock time used: 30.168 sec (0h:0m:30s)
UFBoot trees printed to 10_alignment_files/sampleC_part3_alignment.afa.ufboot

Computing bootstrap consensus tree...
Reading input file 10_alignment_files/sampleC_part3_alignment.afa.splits.nex...
11 taxa and 110 splits.
Consensus tree written to 10_alignment_files/sampleC_part3_alignment.afa.contree
Reading input trees file 10_alignment_files/sampleC_part3_alignment.afa.contree
Log-likelihood of consensus tree: -536.785

Analysis results written to: 
  IQ-TREE report:                10_alignment_files/sampleC_part3_alignment.afa.iqtree
  Maximum-likelihood tree:       10_alignment_files/sampleC_part3_alignment.afa.treefile
  Likelihood distances:          10_alignment_files/sampleC_part3_alignment.afa.mldist

Ultrafast bootstrap approximation results written to:
  Split support values:          10_alignment_files/sampleC_part3_alignment.afa.splits.nex
  Consensus tree:                10_alignment_files/sampleC_part3_alignment.afa.contree
  UFBoot trees:                  10_alignment_files/sampleC_part3_alignment.afa.ufboot
  Screen log file:               10_alignment_files/sampleC_part3_alignment.afa.log

Date and Time: Sun Nov 23 17:08:05 2025
